data;horario;n_da_ocorrencia;tipo_de_ocorrencia;km;trecho;sentido;tipo_de_acidente;automovel;bicicleta;caminhao;moto;onibus;outros;tracao_animal;transporte_de_cargas_especiais;trator_maquinas;utilitarios;ilesos;levemente_feridos;moderadamente_feridos;gravemente_feridos;mortos
12/03/2010;21:58:00;1573;sem vítima;805;BR-040/MG;Sul;Colisão Lateral;1;;1;;;;;;;;2;;;;
12/03/2010;05:23:00;1442;sem vítima;824;BR-040/MG;Sul;Colisão Traseira;1;;;;;1;;;;;2;;;;
12/03/2010;08:16:00;1451;sem vítima;123;BR-040/RJ;Sul;Colisão Traseira;1;;1;;;;;;;;2;;;;
12/03/2010;17:07:00;1532;sem vítima;124;BR-040/RJ;Norte;Colisão Lateral;1;;1;;;;;;;;2;;;;
13/03/2010;17:57:00;1700;com vítima;50;BR-040/RJ;Norte;Queda de Moto;;;;1;;;;;;;0;;1;;
13/03/2010;21:39:00;1729;sem vítima;52;BR-040/RJ;Norte;Derrapagem;1;;;;;;;;;;1;;;;
13/03/2010;01:33:00;1586;com vítima;53;BR-040/RJ;Norte;Queda de Moto;;;1;;;;;;;;0;;;1;
13/03/2010;13:28:00;1658;com vítima;65;BR-040/RJ;Norte;Choque - Objeto Fixo;1;;;;;;;;;;0;1;;;
13/03/2010;22:17:00;1732;sem vítima;85;BR-040/RJ;Sul;Choque - Objeto Fixo;1;;;;;;;;;;1;;;;
13/03/2010;09:34:00;1622;sem vítima;104;BR-040/RJ;Norte;Colisão Traseira;;;1;;1;;;;;;2;;;;
13/03/2010;14:48:00;1670;sem vítima;104;BR-040/RJ;Norte;Colisão Lateral;2;;;;;;;;;;2;;;;
13/03/2010;09:27:00;1619;sem vítima;114;BR-040/RJ;Sul;;1;;;;;;;;;;1;;;;
13/03/2010;12:10:00;1646;sem vítima;121;BR-040/RJ;Sul;Colisão Lateral;1;;1;;;;;;;;2;;;;
13/03/2010;22:23:00;1733;sem vítima;121;BR-040/RJ;Sul;Colisão Traseira;2;;;;;;;;;;2;;;;
13/03/2010;18:34:00;1708;sem vítima;123;BR-040/RJ;Norte;Colisão Lateral;1;;;;;1;;;;;2;;;;
14/03/2010;19:01:00;1829;sem vítima;6;BR-040/RJ;Norte;Choque - Objeto Fixo;1;;;;;;;;;;1;;;;
14/03/2010;15:51:00;1801;com vítima;24;BR-040/RJ;Norte;Capotamento;1;;;;;;;;;;0;1;;;
14/03/2010;15:50:00;1800;sem vítima;44;BR-040/RJ;Norte;;;;;;;;;;;;0;;;;
14/03/2010;21:29:00;1859;com vítima;73;BR-040/RJ;Sul;Capotamento;1;;;;;;;;;;0;1;;;
14/03/2010;21:16:00;1857;sem vítima;91;BR-040/RJ;Sul;Choque - Objeto Fixo;1;;;;;;;;;;1;;;;
14/03/2010;23:39:00;1872;sem vítima;94;BR-040/RJ;Norte;Derrapagem;1;;;;;;;;;;1;;;;
14/03/2010;18:19:00;1823;sem vítima;109;BR-040/RJ;Sul;Colisão Traseira;1;;1;;;;;;;;2;;;;
14/03/2010;07:30:00;1748;com vítima;111;BR-040/RJ;Sul;;;;;1;;;;;;;0;2;;;
14/03/2010;10:20:00;1761;sem vítima;781;BR-040/MG;Sul;Choque - Objeto Fixo;1;;;;;;;;;;1;;;;
14/03/2010;06:40:00;1745;com vítima;796;BR-040/MG;Norte;Derrapagem;1;;;;;;;;;;0;3;1;;
14/03/2010;19:30:00;1844;sem vítima;119;BR-040/RJ;Sul;;2;;;;;;;;;;2;;;;
14/03/2010;11:28:00;1766;sem vítima;124;BR-040/RJ;Norte;;1;;;;;1;;;;;2;;;;
15/03/2010;06:38:00;1897;com vítima;73;BR-040/RJ;Norte;Colisão Frontal;1;;1;;;;;;;;1;1;;;
15/03/2010;06:15:00;1895;sem vítima;83;BR-040/RJ;Norte;Capotamento;1;;;;;;;;;;3;;;;
15/03/2010;09:41:00;1916;sem vítima;99;BR-040/RJ;Norte;Choque - Objeto Fixo;1;;;;;;;;;;1;;;;
15/03/2010;14:00:00;1958;sem vítima;109;BR-040/RJ;Norte;;1;;1;;;;;;;;2;;;;
15/03/2010;00:07:00;1875;sem vítima;114;BR-040/RJ;Sul;Colisão Traseira;2;;;;;;;;;;2;;;;
15/03/2010;07:12:00;1902;com vítima;118;BR-040/RJ;Sul;Queda de Moto;;;;1;;;;;;;0;1;;;
15/03/2010;11:47:00;1933;sem vítima;119;BR-040/RJ;Sul;;2;;1;;;;;;;;3;;;;
15/03/2010;11:14:00;1927;sem vítima;122;BR-040/RJ;Sul;;1;;;;;;;;;;1;;;;
15/03/2010;17:29:00;1991;sem vítima;122;BR-040/RJ;Sul;Colisão Traseira;1;;1;;;;;;;;2;;;;
15/03/2010;09:43:00;1917;sem vítima;123;BR-040/RJ;Sul;;1;;1;;;;;;;;2;;;;
15/03/2010;08:50:00;1922;sem vítima;124;BR-040/RJ;Sul;Capotamento;1;;;;;;;;;;1;;;;
16/03/2010;16:50:00;2123;sem vítima;30;BR-040/RJ;Norte;Derrapagem;1;;;;;;;;;;1;;;;
16/03/2010;15:38:00;2115;sem vítima;31;BR-040/RJ;Norte;;1;;;;;;;;;;1;;;;
16/03/2010;11:39:00;2079;sem vítima;33;BR-040/RJ;Norte;Choque - Objeto Fixo;1;;;;;;;;;;1;;;;
16/03/2010;01:45:00;2032;sem vítima;67;BR-040/RJ;Sul;Choque - Objeto Fixo;;;1;;;;;;;;1;;;;
16/03/2010;16:50:00;2126;sem vítima;80;BR-040/RJ;Sul;Choque - Objeto Fixo;1;;;;;;;;;;1;;;;
16/03/2010;15:02:00;2111;sem vítima;85;BR-040/RJ;Sul;;1;;;;;;;;;;1;;;;
16/03/2010;11:49:00;2082;sem vítima;92;BR-040/RJ;Sul;Derrapagem;1;;;;;;;;;;1;;;;
16/03/2010;12:40:00;2093;sem vítima;94;BR-040/RJ;Sul;Choque - Objeto Fixo;1;;;;;;;;;;1;;;;
16/03/2010;18:00:00;2136;sem vítima;94;BR-040/RJ;Sul;Choque - Objeto Fixo;1;;;;;;;;;;1;;;;
16/03/2010;17:29:00;2128;com vítima;99;BR-040/RJ;Sul;Choque - Objeto Fixo;1;;;;;;;;;;0;;;1;
16/03/2010;14:50:00;2110;sem vítima;105;BR-040/RJ;Norte;Colisão Traseira;2;;;;;;;;;;2;;;;
16/03/2010;22:51:00;2165;sem vítima;787;BR-040/MG;Norte;Choque - Objeto Fixo;1;;;;;;;;;;1;;;;
16/03/2010;08:11:00;2053;com vítima;122;BR-040/RJ;Sul;Queda de Moto;;;;1;;;;;;;0;;1;;
16/03/2010;08:49:00;2059;sem vítima;123;BR-040/RJ;Sul;;;;2;;;;;;;;2;;;;
16/03/2010;10:53:00;2073;sem vítima;123;BR-040/RJ;Sul;Colisão Traseira;1;;1;;;;;;;;2;;;;
16/03/2010;18:17:00;2138;sem vítima;123;BR-040/RJ;Norte;;1;;1;;;;;;;;2;;;;
16/03/2010;23:24:00;2168;sem vítima;123;BR-040/RJ;Norte;Choque - Objeto Fixo;1;;;;;;;;;;1;;;;
16/03/2010;12:24:00;2089;sem vítima;124;BR-040/RJ;Sul;Colisão Lateral;1;;1;;;;;;;;2;;;;
16/03/2010;19:02:00;2143;com vítima;124;BR-040/RJ;Norte;Colisão Traseira;1;;1;;;;;;;;0;4;;;
17/03/2010;14:50:00;2241;sem vítima;34;BR-040/RJ;Norte;Choque - Objeto Fixo;1;;;;;;;;;;1;;;;
17/03/2010;20:42:00;2269;sem vítima;59;BR-040/RJ;Norte;Atropelamento - Pedestre;;;;;;1;;;;;2;;;;
17/03/2010;12:39:00;2230;com vítima;62;BR-040/RJ;Sul;Choque - Objeto Fixo;;;1;;;;;;;;0;;1;;
17/03/2010;16:29:00;2247;sem vítima;78;BR-040/RJ;Sul;Choque - Objeto Fixo;1;;;;;;;;;;1;;;;
17/03/2010;08:30:00;2205;sem vítima;83;BR-040/RJ;Norte;Derrapagem;1;;;;;;;;;;1;;;;
17/03/2010;02:24:00;2179;sem vítima;93;BR-040/RJ;Sul;Choque - Objeto Fixo;;;1;;;;;;;;1;;;;
17/03/2010;07:20:00;2195;sem vítima;94;BR-040/RJ;Norte;Choque - Objeto Fixo;1;;;;;;;;;;1;;;;
17/03/2010;12:34:00;2229;sem vítima;109;BR-040/RJ;Sul;Colisão Lateral;1;;1;;;;;;;;2;;;;
17/03/2010;09:30:00;2211;com vítima;123;BR-040/RJ;Sul;Colisão Lateral;1;;;1;;;;;;;1;1;;;
17/03/2010;08:17:00;2202;com vítima;124;BR-040/RJ;Sul;Colisão Traseira;1;;;1;;;;;;;1;;1;;
18/03/2010;14:13:00;2364;sem vítima;109;BR-040/RJ;Norte;Colisão Lateral;2;;;;;;;;;;2;;;;
18/03/2010;06:54:00;2299;sem vítima;114;BR-040/RJ;Sul;Colisão Traseira;1;;1;;;;;;;;2;;;;
18/03/2010;18:44:00;2400;com vítima;122;BR-040/RJ;Norte;Colisão Transversal;2;;;;;;;;;;1;;1;;
18/03/2010;08:55:00;2312;sem vítima;124;BR-040/RJ;Sul;Colisão Lateral;1;;1;;;;;;;;2;;;;
19/03/2010;18:23:00;2540;sem vítima;113;BR-040/RJ;Norte;Colisão Traseira;2;;;;;;;;;;2;;;;
19/03/2010;01:36:00;2429;sem vítima;780;BR-040/MG;Norte;Atropelamento - Animal;;;1;;;;;;;;1;;;;
19/03/2010;22:22:00;2585;sem vítima;780;BR-040/MG;Sul;Colisão Traseira;2;;;;;;;;;;2;;;;
19/03/2010;19:46:00;2561;sem vítima;799;BR-040/MG;Norte;Colisão Lateral;2;;;;;;;;;;2;;;;
19/03/2010;13:44:00;2493;sem vítima;122;BR-040/RJ;Sul;Colisão Traseira;1;;;;;1;;;;;2;;;;
20/03/2010;22:09:00;2726;sem vítima;4;BR-040/RJ;Norte;Choque - Objeto Fixo;1;;;;;;;;;;1;;;;
20/03/2010;03:35:00;2606;com vítima;71;BR-040/RJ;Sul;Choque - Objeto Fixo;;;1;;;;;;;;0;1;;;
20/03/2010;00:44:00;2598;sem vítima;102;BR-040/RJ;Norte;Choque - Objeto Fixo;1;;;;;;;;;;1;;;;
20/03/2010;12:20:00;2663;sem vítima;104;BR-040/RJ;Norte;;2;;;;;;;;;;2;;;;
20/03/2010;00:36:00;2597;com vítima;105;BR-040/RJ;Sul;Atropelamento - Pedestre;;;;;;1;;;;;1;;;;1
20/03/2010;21:58:00;2722;com vítima;110;BR-040/RJ;Sul;Choque - Objeto Fixo;1;;;;;;;;;;0;1;;;
20/03/2010;09:56:00;2637;sem vítima;783;BR-040/MG;Norte;;1;;;;;;;;;;2;;;;
20/03/2010;17:19:00;2699;com vítima;785;BR-040/MG;Norte;Choque - Objeto Fixo;1;;;;;;;;;;2;1;;;
20/03/2010;22:30:00;2729;com vítima;122;BR-040/RJ;Sul;Queda de Moto;;;;1;;;;;;;0;;;1;
20/03/2010;04:36:00;2608;sem vítima;123;BR-040/RJ;Sul;Choque - Objeto Fixo;1;;;;;;;;;;1;;;;
20/03/2010;11:23:00;2651;sem vítima;123;BR-040/RJ;Sul;Colisão Transversal;1;;1;;;;;;;;2;;;;
21/03/2010;18:25:00;2813;sem vítima;0;BR-040/RJ;Norte;Choque - Objeto Fixo;1;;;;;;;;;;1;;;;
21/03/2010;19:01:00;2820;sem vítima;15;BR-040/RJ;Sul;Choque - Objeto Fixo;1;;;;;;;;;;1;;;;
21/03/2010;18:41:00;2818;sem vítima;17;BR-040/RJ;Sul;Choque - Objeto Fixo;1;;;;;;;;;;1;;;;
21/03/2010;18:49:00;2822;sem vítima;17;BR-040/RJ;Sul;Choque - Objeto Fixo;1;;;;;;;;;;1;;;;
21/03/2010;18:40:00;2821;sem vítima;66;BR-040/RJ;Norte;Colisão Traseira;2;;;;;;;;;;2;;;;
21/03/2010;13:49:00;2782;sem vítima;73;BR-040/RJ;Sul;Choque - Objeto Fixo;1;;;;;;;;;;1;;;;
21/03/2010;18:05:00;2811;sem vítima;73;BR-040/RJ;Sul;Derrapagem;1;;;;;;;;;;1;;;;
21/03/2010;19:18:00;2824;sem vítima;84;BR-040/RJ;Sul;Choque - Objeto Fixo;1;;;;;;;;;;1;;;;
21/03/2010;20:52:00;2839;sem vítima;91;BR-040/RJ;Norte;Derrapagem;1;;;;;;;;;;1;;;;
21/03/2010;17:35:00;2805;sem vítima;93;BR-040/RJ;Sul;Choque - Objeto Fixo;1;;;;;;;;;;1;;;;
21/03/2010;18:37:00;2816;sem vítima;110;BR-040/RJ;Sul;Engavetamento;3;;;;;;;;;;3;;;;
21/03/2010;20:27:00;2834;sem vítima;113;BR-040/RJ;Norte;Colisão Traseira;2;;;;;;;;;;2;;;;
21/03/2010;18:29:00;2814;sem vítima;781;BR-040/MG;Sul;Choque - Objeto Fixo;1;;;;;;;;;;1;;;;
21/03/2010;16:35:00;2793;sem vítima;799;BR-040/MG;Norte;Derrapagem;1;;;;;;;;;;2;;;;
21/03/2010;08:48:00;2749;com vítima;819;BR-040/MG;Sul;Derrapagem;1;;;;;;;;;;3;1;;;
22/03/2010;05:57:00;2854;com vítima;81;BR-040/RJ;Sul;Choque - Objeto Fixo;1;;;;;;;;;;0;1;;;
22/03/2010;02:49:00;2849;com vítima;86;BR-040/RJ;Norte;Queda de Moto;;;;1;;;;;;;0;1;;;
22/03/2010;18:13:00;2956;sem vítima;97;BR-040/RJ;Sul;Derrapagem;1;;;;;;;;;;1;;;;
22/03/2010;20:09:00;2969;sem vítima;105;BR-040/RJ;Sul;;1;;;1;;;;;;;2;;;;
22/03/2010;23:36:00;2983;com vítima;784;BR-040/MG;Norte;Tombamento;;;1;;;;;;;;0;1;;;
22/03/2010;12:55:00;2913;com vítima;805;BR-040/MG;Norte;Capotamento;1;;;;;;;;;;0;1;;;
22/03/2010;09:45:00;2891;sem vítima;123;BR-040/RJ;Sul;Colisão Lateral;1;;1;;;;;;;;2;;;;
22/03/2010;09:45:00;2893;sem vítima;123;BR-040/RJ;Sul;Colisão Lateral;1;;;;;1;;;;;2;;;;
22/03/2010;10:07:00;2896;sem vítima;123;BR-040/RJ;Sul;Colisão Traseira;1;;1;;;;;;;;2;;;;
22/03/2010;19:07:00;2963;com vítima;124;BR-040/RJ;Sul;Colisão Lateral;;;1;1;;;;;;;1;1;;;
22/03/2010;18:45:00;2964;com vítima;125;BR-040/RJ;Sul;Engavetamento;1;;3;;;1;;;;;3;2;;;
23/03/2010;17:34:00;3090;sem vítima;9;BR-040/RJ;Norte;Choque - Objeto Fixo;;;1;;;1;;;;;2;;;;
23/03/2010;17:50:00;3091;sem vítima;78;BR-040/RJ;Sul;Choque - Objeto Fixo;1;;;;;;;;;;1;;;;
23/03/2010;16:20:00;3079;sem vítima;83;BR-040/RJ;Norte;Choque - Objeto Fixo;1;;;;;;;;;;1;;;;
23/03/2010;13:56:00;3052;sem vítima;84;BR-040/RJ;Sul;Choque - Objeto Fixo;1;;;;;;;;;;1;;;;
23/03/2010;16:27:00;3080;sem vítima;84;BR-040/RJ;Sul;Choque - Objeto Fixo;1;;;;;;;;;;1;;;;
23/03/2010;16:23:00;3074;sem vítima;93;BR-040/RJ;Sul;Choque - Objeto Fixo;1;;;;;;;;;;1;;;;
23/03/2010;22:34:00;3114;com vítima;112;BR-040/RJ;Sul;Capotamento;1;;;;;;;;;;0;;2;;
23/03/2010;22:14:00;3113;sem vítima;119;BR-040/RJ;Sul;Queda de Moto;;;;1;;;;;;;1;;;;
23/03/2010;11:35:00;3037;sem vítima;120;BR-040/RJ;Sul;Colisão Traseira;1;;1;;;;;;;;2;;;;
23/03/2010;07:15:00;3000;sem vítima;122;BR-040/RJ;Sul;Engavetamento;2;;1;;;;;;;;3;;;;
23/03/2010;19:48:00;3104;sem vítima;122;BR-040/RJ;Sul;Colisão Traseira;1;;;;;1;;;;;2;;;;
23/03/2010;21:08:00;3109;com vítima;123;BR-040/RJ;Norte;Colisão Lateral;1;;;1;;;;;;;2;1;;;
24/03/2010;14:49:00;3186;sem vítima;102;BR-040/RJ;Norte;;2;;;;;;;;;;2;;;;
24/03/2010;01:09:00;3124;sem vítima;104;BR-040/RJ;Sul;Choque - Objeto Fixo;1;;;;;;;;;;1;;;;
24/03/2010;18:05:00;3210;sem vítima;114;BR-040/RJ;Sul;Colisão Lateral;1;;1;;;;;;;;2;;;;
24/03/2010;21:23:00;3236;com vítima;117;BR-040/RJ;Norte;Capotamento;1;;;;;;;;;;0;;1;;
24/03/2010;13:07:00;3171;com vítima;820;BR-040/MG;Norte;Colisão Traseira;;;2;;;;;;;;1;;1;;
25/03/2010;20:53:00;3347;com vítima;26;BR-040/RJ;Norte;Queda de Moto;;;;1;;;;;;;0;;1;;
25/03/2010;10:15:00;3280;sem vítima;85;BR-040/RJ;Norte;Colisão Traseira;2;;;;;;;;;;2;;;;
25/03/2010;16:53:00;3323;sem vítima;111;BR-040/RJ;Sul;Colisão Traseira;2;;;;;;;;;;2;;;;
25/03/2010;19:37:00;3340;com vítima;115;BR-040/RJ;Norte;Colisão Lateral;1;;;1;;;;;;;1;;1;;
25/03/2010;14:56:00;3311;sem vítima;119;BR-040/RJ;Norte;Colisão Lateral;;;2;;;;;;;;2;;;;
26/03/2010;05:26:00;3377;sem vítima;91;BR-040/RJ;Sul;Choque - Objeto Fixo;1;;;;;;;;;;1;;;;
26/03/2010;08:52:00;3397;com vítima;102;BR-040/RJ;Norte;Colisão Traseira;1;;;;1;;;;;;1;3;1;;
26/03/2010;04:21:00;3373;com vítima;108;BR-040/RJ;Sul;Colisão Traseira;1;;;1;;;;;;;1;;;1;
26/03/2010;20:15:00;3492;sem vítima;109;BR-040/RJ;Sul;Colisão Traseira;1;;;;;1;;;;;2;;;;
26/03/2010;18:27:00;3477;com vítima;115;BR-040/RJ;Norte;Queda de Moto;;;;1;;;;;;;0;;1;;
26/03/2010;18:39:00;3478;sem vítima;116;BR-040/RJ;Norte;Colisão Traseira;2;;;;;;;;;;2;;;;
26/03/2010;06:34:00;3380;sem vítima;118;BR-040/RJ;Sul;Colisão Lateral;1;;1;;;;;;;;2;;;;
26/03/2010;23:18:00;3506;com vítima;118;BR-040/RJ;Sul;Capotamento;1;;;;;;;;;;0;;5;;
26/03/2010;14:10:00;3433;com vítima;121;BR-040/RJ;Sul;Colisão Lateral;1;;;1;;;;;;;1;;1;;
26/03/2010;17:52:00;3471;sem vítima;121;BR-040/RJ;Sul;Colisão Traseira;;;2;;;;;;;;2;;;;
26/03/2010;07:40:00;3387;sem vítima;122;BR-040/RJ;Sul;Colisão Lateral;1;;1;;;;;;;;2;;;;
27/03/2010;06:28:00;3522;com vítima;32;BR-040/RJ;Norte;Capotamento;1;;;;;;;;;;0;1;;;
27/03/2010;08:23:00;3535;sem vítima;93;BR-040/RJ;Sul;Engavetamento;3;;;;;;;;;;3;;;;
27/03/2010;13:38:00;3574;sem vítima;110;BR-040/RJ;Norte;Colisão Traseira;1;;1;;;;;;;;2;;;;
27/03/2010;15:18:00;3584;sem vítima;111;BR-040/RJ;Norte;Colisão Lateral;2;;;;;;;;;;2;;;;
27/03/2010;13:26:00;3572;sem vítima;116;BR-040/RJ;Norte;Colisão Traseira;2;;;;;;;;;;2;;;;
27/03/2010;07:19:00;3528;sem vítima;802;BR-040/MG;Sul;Choque - Objeto Fixo;1;;;;;;;;;;1;;;;
27/03/2010;16:04:00;3585;com vítima;807;BR-040/MG;Norte;Choque - Objeto Fixo;1;;;;;;;;;;0;1;;;
27/03/2010;20:43:00;3634;com vítima;124;BR-040/RJ;Sul;Queda de Moto;;;;1;;;;;;;0;1;;;
28/03/2010;23:52:00;3767;com vítima;69;BR-040/RJ;Norte;Capotamento;1;;;;;;;;;;0;;1;;
28/03/2010;16:49:00;3729;com vítima;85;BR-040/RJ;Norte;Queda de Moto;;;;1;;;;;;;0;1;;;
28/03/2010;16:58:00;3730;com vítima;85;BR-040/RJ;Norte;Queda de Moto;;;;1;;;;;;;0;;1;;
28/03/2010;06:22:00;3659;sem vítima;94;BR-040/RJ;Norte;;1;;;;;;;;;;1;;;;
28/03/2010;15:42:00;3719;com vítima;104;BR-040/RJ;Norte;Colisão Lateral;3;;;;;;;;;;0;3;;;
28/03/2010;15:37:00;3717;com vítima;111;BR-040/RJ;Sul;Engavetamento;1;;;;;2;;;;;2;2;;;
28/03/2010;17:26:00;3735;sem vítima;113;BR-040/RJ;Norte;Colisão Traseira;2;;;;;;;;;;2;;;;
28/03/2010;18:45:00;3742;sem vítima;113;BR-040/RJ;Norte;Colisão Traseira;2;;;;;;;;;;2;;;;
28/03/2010;17:00:00;3732;sem vítima;799;BR-040/MG;Sul;Choque - Objeto Fixo;1;;;;;;;;;;1;;;;
28/03/2010;08:35:00;3671;com vítima;827;BR-040/MG;Sul;Derrapagem;1;;;;;;;;;;0;1;;;
29/03/2010;16:36:00;3855;sem vítima;11;BR-040/RJ;Sul;Tombamento;1;;;;;;;;;;1;;;;
29/03/2010;16:38:00;3856;sem vítima;73;BR-040/RJ;Norte;Capotamento;1;;;;;;;;;;2;;;;
29/03/2010;23:47:00;3904;com vítima;109;BR-040/RJ;Norte;Choque - Objeto Fixo;2;;;;;;;;;;1;1;;;
29/03/2010;14:02:00;3832;sem vítima;110;BR-040/RJ;Norte;;1;;;;;;;;;;1;;;;
29/03/2010;15:47:00;3847;sem vítima;785;BR-040/MG;Norte;Choque - Objeto Fixo;1;;;;;;;;;;1;;;;
29/03/2010;20:06:00;3881;com vítima;118;BR-040/RJ;Sul;Atropelamento - Pedestre;;;;;;1;;;;;1;2;;;
29/03/2010;22:30:00;3894;sem vítima;806;BR-040/MG;Norte;Derrapagem;1;;;;;;;;;;1;;;;
29/03/2010;05:06:00;3779;com vítima;819;BR-040/MG;Norte;Tombamento;;;1;;;;;;;;0;;1;;
29/03/2010;20:51:00;3886;com vítima;121;BR-040/RJ;Norte;Colisão Lateral;1;;1;;;;;;;;1;1;;;
29/03/2010;03:23:00;3776;sem vítima;123;BR-040/RJ;Sul;Choque - Objeto Fixo;1;;;;;;;;;;1;;;;
29/03/2010;12:49:00;3828;sem vítima;123;BR-040/RJ;Sul;Colisão Traseira;;;1;;;1;;;;;2;;;;
29/03/2010;10:29:00;3805;sem vítima;124;BR-040/RJ;Sul;Colisão Lateral;1;;1;;;;;;;;2;;;;
30/03/2010;12:23:00;3973;com vítima;24;BR-040/RJ;Norte;Tombamento;;;1;;;;;;;;0;1;;;
30/03/2010;06:02:00;3927;com vítima;32;BR-040/RJ;Sul;Tombamento;;;1;;;;;;;;0;1;;;
30/03/2010;07:18:00;3933;sem vítima;78;BR-040/RJ;Sul;Choque - Objeto Fixo;1;;;;;;;;;;1;;;;
30/03/2010;03:21:00;3918;sem vítima;80;BR-040/RJ;Sul;Derrapagem;1;;;;;;;;;;1;;;;
30/03/2010;02:58:00;3916;sem vítima;92;BR-040/RJ;Sul;Derrapagem;1;;;;;;;;;;1;;;;
30/03/2010;23:42:00;4034;sem vítima;94;BR-040/RJ;Norte;Choque - Objeto Fixo;1;;;;;;;;;;1;;;;
30/03/2010;10:05:00;3952;com vítima;97;BR-040/RJ;Norte;Choque - Objeto Fixo;1;;;;;;;;;;0;;1;;
30/03/2010;22:00:00;4026;sem vítima;115;BR-040/RJ;Sul;Derrapagem;1;;;;;;;;;;1;;;;
30/03/2010;00:15:00;3908;sem vítima;780;BR-040/MG;Sul;Atropelamento - Animal;;;1;;;;;;;;1;;;;
30/03/2010;00:15:00;3912;sem vítima;780;BR-040/MG;Norte;Atropelamento - Animal;;;1;;;;;;;;1;;;;
30/03/2010;09:25:00;3949;com vítima;119;BR-040/RJ;Sul;Colisão Frontal;;;1;1;;;;;;;2;;1;;
31/03/2010;16:40:00;4118;sem vítima;25;BR-040/RJ;Sul;Colisão Traseira;2;;;;;;;;;;2;;;;
31/03/2010;05:05:00;4045;sem vítima;74;BR-040/RJ;Norte;Choque - Objeto Fixo;1;;;;;;;;;;1;;;;
31/03/2010;14:49:00;4103;sem vítima;78;BR-040/RJ;Sul;Choque - Objeto Fixo;1;;;;;;;;;;1;;;;
31/03/2010;07:51:00;4060;com vítima;79;BR-040/RJ;Sul;Queda de Moto;;;;1;;;;;;;0;;;1;
31/03/2010;11:35:00;4088;com vítima;87;BR-040/RJ;Sul;Tombamento;;;1;;;;;;;;0;;1;;
31/03/2010;09:40:00;4076;sem vítima;104;BR-040/RJ;Norte;Colisão Lateral;1;;1;;;;;;;;2;;;;
31/03/2010;05:58:00;4047;sem vítima;106;BR-040/RJ;Sul;Colisão Traseira;2;;;;;;;;;;2;;;;
31/03/2010;07:16:00;4055;sem vítima;113;BR-040/RJ;Sul;Engavetamento;2;;1;;;;;;;;3;;;;
31/03/2010;17:48:00;4127;sem vítima;114;BR-040/RJ;Sul;Derrapagem;1;;;;;;;;;;1;;;;
31/03/2010;00:03:00;4035;sem vítima;115;BR-040/RJ;Norte;Derrapagem;1;;;;;;;;;;1;;;;
31/03/2010;07:17:00;4052;sem vítima;777;BR-040/MG;Norte;Atropelamento - Pedestre;1;1;;;;;;;;;2;;;;
01/04/2010;15:30:00;97;sem vítima;39;BR-040/RJ;Norte;Derrapagem;2;;;;;;;;;;9;;;;
01/04/2010;14:36:00;85;com vítima;43;BR-040/RJ;Norte;Choque - Objeto Fixo;1;;;;;;;;;;2;1;;;
01/04/2010;14:53:00;88;com vítima;44;BR-040/RJ;Norte;Capotamento;1;;;;;;;;;;2;1;;;
01/04/2010;13:04:00;67;sem vítima;45;BR-040/RJ;Norte;Colisão Traseira;2;;;;;;;;;;2;;;;
01/04/2010;14:45:00;90;sem vítima;49;BR-040/RJ;Norte;Choque - Objeto Fixo;1;;;;;;;;;;1;;;;
01/04/2010;16:47:00;110;sem vítima;78;BR-040/RJ;Sul;Derrapagem;1;;;;;;;;;;1;;;;
01/04/2010;16:19:00;104;com vítima;79;BR-040/RJ;Norte;Derrapagem;1;;;;;;;;;;0;4;;;
01/04/2010;21:58:00;159;sem vítima;783;BR-040/MG;Norte;Derrapagem;;;1;;;;;;;;1;;;;
01/04/2010;21:20:00;150;sem vítima;815;BR-040/MG;Sul;Choque - Objeto Fixo;1;;;;;;;;;;4;;;;
01/04/2010;05:22:00;21;com vítima;823;BR-040/MG;Norte;Colisão Traseira;1;;1;;;;;;;;7;5;2;;
01/04/2010;15:18:00;95;sem vítima;826;BR-040/MG;Norte;Tombamento;;;1;;;;;;;;1;;;;
01/04/2010;16:22:00;105;com vítima;94;BR-040/RJ;Sul;Choque - Objeto Fixo;1;;;;;;;;;;0;2;;;
01/04/2010;22:39:00;163;sem vítima;111;BR-040/RJ;Norte;Colisão Traseira;1;;;;;1;;;;;2;;;;
01/04/2010;05:59:00;24;com vítima;114;BR-040/RJ;Norte;Queda de Moto;;;;1;;;;;;;0;1;1;;
01/04/2010;15:45:00;102;sem vítima;119;BR-040/RJ;Sul;Colisão Traseira;1;;;;1;;;;;;2;;;;
01/04/2010;04:05:00;16;sem vítima;124;BR-040/RJ;Sul;Choque - Objeto Fixo;1;;;;;;;;;;1;;;;
01/04/2010;05:24:00;22;sem vítima;124;BR-040/RJ;Sul;Colisão Traseira;;;2;;;;;;;;2;;;;
01/04/2010;04:20:00;25;sem vítima;124;BR-040/RJ;Sul;Colisão Lateral;1;;;;;1;;;;;2;;;;
02/04/2010;18:16:00;276;sem vítima;76;BR-040/RJ;Norte;Colisão Lateral;2;;;;;;;;;;2;;;;
02/04/2010;22:09:00;292;sem vítima;114;BR-040/RJ;Sul;Choque - Objeto Fixo;1;;;;;;;;;;1;;;;
02/04/2010;22:33:00;293;com vítima;119;BR-040/RJ;Norte;Capotamento;1;;;;;;;;;;0;1;;;
02/04/2010;02:11:00;176;sem vítima;120;BR-040/RJ;Norte;Choque - Objeto Fixo;1;;;;;;;;;;1;;;;