data;horario;n_da_ocorrencia;tipo_de_ocorrencia;km;trecho;sentido;tipo_de_acidente;automovel;bicicleta;caminhao;moto;onibus;outros;tracao_animal;transporte_de_cargas_especiais;trator_maquinas;utilitarios;ilesos;levemente_feridos;moderadamente_feridos;gravemente_feridos;mortos
17/05/2010;06:33:00;2046;sem vítima;123;BR-040/RJ;Sul;Colisão Lateral;1;;;;1;;;;;;2;;;;
17/05/2010;10:00:00;2065;sem vítima;124;BR-040/RJ;Norte;Colisão Lateral;1;;1;;;;;;;;2;;;;
18/05/2010;07:00:00;2168;com vítima;34;BR-040/RJ;Norte;Tombamento;;;1;;;;;;;;0;;1;;
18/05/2010;05:16:00;2159;sem vítima;64;BR-040/RJ;Sul;Choque - Objeto Fixo;1;;;;;;;;;;1;;;;
18/05/2010;13:05:00;2205;sem vítima;78;BR-040/RJ;Sul;Choque - Objeto Fixo;1;;;;;;;;;;1;;;;
18/05/2010;05:04:00;2158;sem vítima;824;BR-040/MG;Norte;Derrapagem;;;1;;;;;;;;1;;;;
18/05/2010;19:20:00;2246;sem vítima;105;BR-040/RJ;Norte;Choque - Objeto Fixo;1;;;;;;;;;;1;;;;
18/05/2010;09:43:00;2185;sem vítima;118;BR-040/RJ;Norte;Colisão Transversal;2;;;;;;;;;;2;;;;
18/05/2010;07:55:00;2174;sem vítima;122;BR-040/RJ;Norte;Colisão Traseira;1;;;;1;;;;;;2;;;;
18/05/2010;18:37:00;2243;sem vítima;124;BR-040/RJ;Norte;Colisão Lateral;1;;1;;;;;;;;2;;;;
19/05/2010;21:46:00;2358;com vítima;50;BR-040/RJ;Norte;Colisão Traseira;1;;1;;;;;;;;1;;3;1;
19/05/2010;21:19:00;2353;sem vítima;67;BR-040/RJ;Norte;Derrapagem;1;;;;;;;;;;1;;;;
19/05/2010;21:09:00;2351;sem vítima;97;BR-040/RJ;Norte;Choque - Objeto Fixo;1;;;;;;;;;;1;;;;
19/05/2010;08:34:00;2291;com vítima;101;BR-040/RJ;Sul;Capotamento;1;;;;;;;;;;0;2;;;
19/05/2010;06:25:00;2281;com vítima;102;BR-040/RJ;Sul;Queda de Moto;;;;1;;;;;;;0;;1;;
19/05/2010;18:15:00;2335;com vítima;110;BR-040/RJ;Sul;Colisão Traseira;1;;1;;;;;;;;1;;1;;
19/05/2010;21:46:00;2359;com vítima;114;BR-040/RJ;Norte;Choque - Objeto Fixo;1;;;;;;;;;;0;;2;;
19/05/2010;18:20:00;2336;sem vítima;119;BR-040/RJ;Sul;Colisão Traseira;1;;;;;1;;;;;2;;;;
19/05/2010;18:39:00;2340;sem vítima;119;BR-040/RJ;Sul;Colisão Traseira;2;;;;;;;;;;2;;;;
19/05/2010;18:41:00;2341;sem vítima;121;BR-040/RJ;Norte;Colisão Traseira;2;;;;;;;;;;2;;;;
19/05/2010;07:05:00;2282;sem vítima;124;BR-040/RJ;Sul;Colisão Lateral;1;;;;1;;;;;;2;;;;
20/05/2010;12:17:00;2423;com vítima;85;BR-040/RJ;Sul;Colisão Traseira;1;;1;;;;;;;;2;1;;;
20/05/2010;16:31:00;2453;com vítima;94;BR-040/RJ;Sul;Capotamento;1;;;;;;;;;;0;3;;;
20/05/2010;17:38:00;2460;sem vítima;116;BR-040/RJ;Sul;Colisão Lateral;1;;1;;;;;;;;2;;;;
21/05/2010;22:06:00;2600;sem vítima;83;BR-040/RJ;Norte;Colisão Lateral;1;;1;;;;;;;;2;;;;
21/05/2010;18:43:00;2579;sem vítima;112;BR-040/RJ;Norte;Colisão Traseira;2;;;;;;;;;;2;;;;
21/05/2010;19:00:00;2587;com vítima;112;BR-040/RJ;Norte;Engavetamento;3;;;;;;;;;;2;2;;;
21/05/2010;21:13:00;2596;sem vítima;113;BR-040/RJ;Norte;Choque - Objeto Fixo;;;;;1;;;;;;1;;;;
21/05/2010;18:24:00;2578;sem vítima;114;BR-040/RJ;Sul;Choque - Objeto Fixo;1;;;;;;;;;;1;;;;
21/05/2010;18:44:00;2580;sem vítima;115;BR-040/RJ;Norte;Colisão Traseira;2;;;;;;;;;;2;;;;
21/05/2010;18:52:00;2584;sem vítima;115;BR-040/RJ;Norte;Engavetamento;4;;;;;;;;;;4;;;;
21/05/2010;17:34:00;2570;sem vítima;120;BR-040/RJ;Norte;Queda de Moto;;;;1;;;;;;;1;;;;
21/05/2010;07:43:00;2512;sem vítima;124;BR-040/RJ;Sul;Colisão Lateral;1;;1;;;;;;;;2;;;;
22/05/2010;05:16:00;2623;sem vítima;37;BR-040/RJ;Norte;Derrapagem;1;;;;;;;;;;1;;;;
22/05/2010;05:51:00;2626;com vítima;792;BR-040/MG;Sul;Choque - Objeto Fixo;1;;;;;;;;;;0;2;;;
22/05/2010;01:04:00;2610;sem vítima;85;BR-040/RJ;Norte;Derrapagem;1;;;;;;;;;;1;;;;
22/05/2010;06:40:00;2630;sem vítima;85;BR-040/RJ;Norte;Derrapagem;1;;;;;;;;;;1;;;;
22/05/2010;17:48:00;2711;com vítima;104;BR-040/RJ;Norte;Queda de Moto;;;;1;;;;;;;0;;2;;
22/05/2010;04:34:00;2619;com vítima;109;BR-040/RJ;Sul;Colisão Traseira;1;;;;1;;;;;;1;;2;;
22/05/2010;03:49:00;2617;sem vítima;114;BR-040/RJ;Sul;Derrapagem;1;;;;;;;;;;1;;;;
22/05/2010;13:37:00;2673;sem vítima;114;BR-040/RJ;Norte;Colisão Traseira;;;;;1;1;;;;;2;;;;
22/05/2010;12:28:00;2666;sem vítima;124;BR-040/RJ;Sul;Choque - Objeto Fixo;1;;;;;;;;;;1;;;;
23/05/2010;17:08:00;2821;com vítima;54;BR-040/RJ;Norte;Queda de Moto;;;;1;;;;;;;0;;;1;1
23/05/2010;20:28:00;2842;sem vítima;68;BR-040/RJ;Sul;Colisão Transversal;1;;1;;;;;;;;2;;;;
23/05/2010;00:01:00;2744;sem vítima;81;BR-040/RJ;Sul;Choque - Objeto Fixo;1;;;;;;;;;;1;;;;
23/05/2010;19:06:00;2834;com vítima;827;BR-040/MG;Norte;Outros;1;;;;;;;;;;0;;2;;
23/05/2010;18:40:00;2831;sem vítima;107;BR-040/RJ;Norte;Colisão Traseira;2;;;;;;;;;;2;;;;
23/05/2010;18:40:00;2829;sem vítima;116;BR-040/RJ;Norte;Derrapagem;1;;;;;;;;;;1;;;;
23/05/2010;18:05:00;2827;sem vítima;120;BR-040/RJ;Sul;Choque - Objeto Fixo;1;;;;;;;;;;1;;;;
24/05/2010;09:35:00;2892;com vítima;94;BR-040/RJ;Sul;Tombamento;;;1;;;;;;;;0;1;;;
24/05/2010;10:09:00;2898;sem vítima;105;BR-040/RJ;Norte;Engavetamento;3;;;;;;;;;;3;;;;
24/05/2010;05:15:00;2867;com vítima;116;BR-040/RJ;Norte;Colisão Lateral;;;;1;;1;;;;;1;;1;;
24/05/2010;17:12:00;2945;sem vítima;117;BR-040/RJ;Norte;Colisão Traseira;2;;;;;;;;;;2;;;;
24/05/2010;17:26:00;2947;com vítima;120;BR-040/RJ;Norte;Engavetamento;3;;;;;;;;;;5;;1;;
24/05/2010;17:36:00;2948;sem vítima;120;BR-040/RJ;Norte;Choque - Objeto Fixo;;;1;;;;;;;;1;;;;
24/05/2010;08:32:00;2882;sem vítima;122;BR-040/RJ;Sul;Colisão Traseira;1;;1;;;;;;;;2;;;;
24/05/2010;16:43:00;2940;sem vítima;123;BR-040/RJ;Sul;Colisão Traseira;2;;;;;;;;;;2;;;;
25/05/2010;18:40:00;3048;sem vítima;84;BR-040/RJ;Norte;Choque - Objeto Fixo;1;;;;;;;;;;1;;;;
25/05/2010;11:26:00;3005;com vítima;93;BR-040/RJ;Sul;Engavetamento;3;;4;;;;;;;;6;;;1;
25/05/2010;16:08:00;3027;sem vítima;105;BR-040/RJ;Sul;Colisão Traseira;2;;;;;;;;;;2;;;;
25/05/2010;19:26:00;3051;sem vítima;115;BR-040/RJ;Norte;Colisão Lateral;1;;;;;1;;;;;2;;;;
25/05/2010;13:40:00;3016;sem vítima;121;BR-040/RJ;Norte;Engavetamento;2;;1;;;;;;;;3;;;;
25/05/2010;10:31:00;3001;sem vítima;122;BR-040/RJ;Sul;Colisão Traseira;;;1;;1;;;;;;2;;;;
26/05/2010;07:18:00;3085;com vítima;0;BR-040/RJ;Norte;Capotamento;1;;;;;;;;;;0;1;;;
26/05/2010;21:58:00;3173;sem vítima;62;BR-040/RJ;Norte;Colisão Frontal;2;;;;;;;;;;2;;;;
26/05/2010;17:39:00;3149;com vítima;72;BR-040/RJ;Norte;Capotamento;1;;;;;;;;;;0;2;;;
26/05/2010;23:14:00;3177;sem vítima;79;BR-040/RJ;Norte;Choque - Objeto Fixo;1;;;;;;;;;;1;;;;
26/05/2010;02:03:00;3071;sem vítima;91;BR-040/RJ;Norte;Derrapagem;1;;;;;;;;;;1;;;;
26/05/2010;12:31:00;3119;sem vítima;99;BR-040/RJ;Norte;Choque - Objeto Fixo;1;;;;;;;;;;1;;;;
26/05/2010;10:53:00;3107;sem vítima;114;BR-040/RJ;Sul;Capotamento;1;;;;;;;;;;1;;;;
26/05/2010;13:51:00;3128;sem vítima;119;BR-040/RJ;Norte;Engavetamento;1;;1;;1;;;;;;3;;;;
26/05/2010;09:39:00;3096;sem vítima;120;BR-040/RJ;Sul;Colisão Lateral;1;;1;;;;;;;;2;;;;
26/05/2010;05:52:00;3079;sem vítima;123;BR-040/RJ;Sul;Colisão Traseira;2;;;;;;;;;;2;;;;
26/05/2010;10:15:00;3103;sem vítima;124;BR-040/RJ;Sul;Colisão Lateral;1;;1;;;;;;;;2;;;;
27/05/2010;14:45:00;3237;sem vítima;77;BR-040/RJ;Sul;Choque - Objeto Fixo;1;;;;;;;;;;1;;;;
27/05/2010;22:39:00;3286;sem vítima;79;BR-040/RJ;Sul;Derrapagem;1;;;;;;;;;;1;;;;
27/05/2010;21:06:00;3277;sem vítima;82;BR-040/RJ;Norte;Derrapagem;1;;;;;;;;;;1;;;;
27/05/2010;07:00:00;3193;com vítima;84;BR-040/RJ;Norte;Choque - Objeto Fixo;1;;;;;;;;;;0;2;;;
27/05/2010;15:23:00;3245;sem vítima;84;BR-040/RJ;Norte;Choque - Objeto Fixo;;;1;;;;;;;;1;;;;
27/05/2010;22:33:00;3284;com vítima;825;BR-040/MG;Sul;Choque - Objeto Fixo;;;1;;;;;;;;0;;1;;
27/05/2010;12:28:00;3224;com vítima;85;BR-040/RJ;Sul;Choque - Objeto Fixo;1;;;;;;;;;;3;2;;;
27/05/2010;13:32:00;3229;sem vítima;87;BR-040/RJ;Norte;Colisão Traseira;1;;;;;1;;;;;2;;;;
27/05/2010;08:10:00;3199;sem vítima;92;BR-040/RJ;Sul;Choque - Objeto Fixo;1;;;;;;;;;;1;;;;
27/05/2010;05:06:00;3186;sem vítima;94;BR-040/RJ;Norte;Choque - Objeto Fixo;1;;;;;;;;;;1;;;;
27/05/2010;13:47:00;3232;com vítima;109;BR-040/RJ;Norte;Colisão Lateral;1;;1;;;;;;;;2;1;;;
27/05/2010;07:56:00;3197;com vítima;112;BR-040/RJ;Sul;Capotamento;1;;;;;;;;;;0;1;;;
27/05/2010;03:25:00;3184;sem vítima;115;BR-040/RJ;Norte;Colisão Lateral;2;;;;;;;;;;2;;;;
27/05/2010;10:25:00;3212;com vítima;118;BR-040/RJ;Sul;Capotamento;1;;;;;;;;;;0;;;;1
27/05/2010;19:19:00;3269;sem vítima;123;BR-040/RJ;Norte;Colisão Traseira;1;;;;1;;;;;;2;;;;
27/05/2010;06:30:00;3192;sem vítima;125;BR-040/RJ;Sul;Colisão Lateral;1;;;;1;;;;;;2;;;;
28/05/2010;22:18:00;3410;sem vítima;13;BR-040/RJ;Norte;Choque - Objeto Fixo;1;;;;;;;;;;1;;;;
28/05/2010;03:55:00;3295;com vítima;14;BR-040/RJ;Sul;Choque - Objeto Fixo;1;;;;;;;;;;0;1;1;;
28/05/2010;06:09:00;3298;sem vítima;22;BR-040/RJ;Sul;Choque - Objeto Fixo;1;;;;;;;;;;1;;;;
28/05/2010;07:30:00;3308;com vítima;68;BR-040/RJ;Sul;Capotamento;1;;;;;;;;;;0;2;;;
28/05/2010;07:13:00;3303;com vítima;73;BR-040/RJ;Norte;Choque - Objeto Fixo;1;;;;;;;;;;1;1;;;
28/05/2010;06:36:00;3300;sem vítima;80;BR-040/RJ;Sul;Derrapagem;1;;;;;;;;;;1;;;;
28/05/2010;10:34:00;3329;sem vítima;89;BR-040/RJ;Sul;Choque - Objeto Fixo;1;;;;;;;;;;1;;;;
28/05/2010;11:55:00;3336;sem vítima;90;BR-040/RJ;Norte;Colisão Lateral;1;;1;;;;;;;;2;;;;
28/05/2010;21:04:00;3402;com vítima;94;BR-040/RJ;Sul;Tombamento;;;1;;;;;;;;0;;;1;
28/05/2010;09:58:00;3326;sem vítima;97;BR-040/RJ;Norte;Derrapagem;1;;;;;;;;;;1;;;;
28/05/2010;10:50:00;3331;com vítima;109;BR-040/RJ;Norte;Choque - Objeto Fixo;1;;;;;;;;;;0;1;;;
28/05/2010;16:10:00;3363;sem vítima;121;BR-040/RJ;Sul;Colisão Lateral;1;;;;1;;;;;;2;;;;
28/05/2010;13:18:00;3343;sem vítima;124;BR-040/RJ;Sul;Colisão Lateral;1;;1;;;;;;;;2;;;;
29/05/2010;06:53:00;3443;sem vítima;44;BR-040/RJ;Sul;Colisão Lateral;1;;1;;;;;;;;2;;;;
29/05/2010;15:37:00;3496;sem vítima;65;BR-040/RJ;Norte;Choque - Objeto Fixo;1;;;;;;;;;;1;;;;
29/05/2010;17:00:00;3506;sem vítima;102;BR-040/RJ;Norte;Choque - Objeto Fixo;1;;;;;;;;;;1;;;;
29/05/2010;18:54:00;3516;com vítima;106;BR-040/RJ;Sul;Atropelamento - Pedestre;;;;;;1;;;;;1;1;;1;
29/05/2010;03:53:00;3435;sem vítima;109;BR-040/RJ;Sul;Tombamento;1;;;;;;;;;;1;;;;
29/05/2010;06:49:00;3442;sem vítima;113;BR-040/RJ;Sul;Colisão Traseira;1;;;;;1;;;;;2;;;;
30/05/2010;06:43:00;3561;sem vítima;21;BR-040/RJ;Norte;Derrapagem;;;1;;;;;;;;1;;;;
30/05/2010;10:44:00;3581;com vítima;43;BR-040/RJ;Sul;Choque - Objeto Fixo;1;;;;;;;;;;1;1;;;
30/05/2010;10:40:00;3582;com vítima;56;BR-040/RJ;Sul;Queda de Moto;;;;1;;;;;;;0;;;1;
30/05/2010;05:37:00;3553;sem vítima;78;BR-040/RJ;Sul;Derrapagem;1;;;;;;;;;;1;;;;
30/05/2010;18:55:00;3643;sem vítima;782;BR-040/MG;Norte;Atropelamento - Animal;1;;;;;;;;;;1;;;;
30/05/2010;09:53:00;3574;com vítima;93;BR-040/RJ;Norte;Capotamento;1;;;;;;;;;;0;1;;;
30/05/2010;02:09:00;3549;com vítima;105;BR-040/RJ;Norte;Queda de Moto;;;;1;;;;;;;0;2;;;
31/05/2010;23:41:00;3761;sem vítima;14;BR-040/RJ;Norte;Colisão Traseira;;;1;;;1;;;;;2;;;;
31/05/2010;00:59:00;3664;sem vítima;37;BR-040/RJ;Norte;Choque - Objeto Fixo;1;;;;;;;;;;1;;;;
31/05/2010;17:18:00;3727;com vítima;73;BR-040/RJ;Sul;Capotamento;1;;;;;;;;;;0;;1;;
31/05/2010;09:11:00;3683;sem vítima;80;BR-040/RJ;Norte;Derrapagem;1;;;;;;;;;;1;;;;
31/05/2010;14:58:00;3711;sem vítima;81;BR-040/RJ;Sul;Colisão Traseira;1;;1;;;;;;;;2;;;;
31/05/2010;10:55:00;3691;sem vítima;82;BR-040/RJ;Norte;Choque - Objeto Fixo;1;;;;;;;;;;1;;;;
31/05/2010;22:13:00;3757;com vítima;109;BR-040/RJ;Sul;Choque - Objeto Fixo;1;;;;;;;;;;1;;2;;
31/05/2010;06:04:00;3669;sem vítima;121;BR-040/RJ;Sul;Engavetamento;3;;;;;;;;;;3;;;;
31/05/2010;18:32:00;3735;sem vítima;123;BR-040/RJ;Norte;Colisão Traseira;1;;;;;1;;;;;2;;;;
01/06/2010;17:40:00;108;sem vítima;2;BR-040/RJ;Norte;Choque - Objeto Fixo;1;;;;;;;;;;1;;;;
01/06/2010;08:57:00;29;com vítima;43;BR-040/RJ;Norte;Tombamento;;;1;;;;;;;;0;;1;;
01/06/2010;12:17:00;60;com vítima;62;BR-040/RJ;Sul;Queda de Moto;;;;1;;;;;;;0;;1;;
01/06/2010;10:50:00;54;sem vítima;69;BR-040/RJ;Norte;Choque - Objeto Fixo;1;;;;;;;;;;1;;;;
01/06/2010;11:54:00;58;sem vítima;83;BR-040/RJ;Sul;Choque - Objeto Fixo;1;;;;;;;;;;1;;;;
01/06/2010;11:09:00;52;sem vítima;84;BR-040/RJ;Norte;Choque - Objeto Fixo;1;;;;;;;;;;1;;;;
01/06/2010;00:23:00;1;sem vítima;820;BR-040/MG;Norte;Colisão Traseira;;;2;;;;;;;;3;;;;
01/06/2010;08:30:00;26;com vítima;92;BR-040/RJ;Sul;Choque - Objeto Fixo;1;;;;;;;;;;0;1;;;
01/06/2010;07:55:00;22;sem vítima;94;BR-040/RJ;Norte;Choque - Objeto Fixo;1;;;;;;;;;;1;;;;
01/06/2010;17:47:00;109;com vítima;109;BR-040/RJ;Norte;Queda de Moto;1;;;2;;;;;;;1;1;1;;
01/06/2010;17:50:00;110;com vítima;120;BR-040/RJ;Norte;Queda de Moto;;;;1;;;;;;;0;1;;;
01/06/2010;12:07:00;59;sem vítima;123;BR-040/RJ;Sul;Colisão Lateral;1;;1;;;;;;;;2;;;;
02/06/2010;18:44:00;234;com vítima;19;BR-040/RJ;Norte;Colisão Traseira;;;2;;;;;;;;0;;2;;
02/06/2010;23:28:00;267;sem vítima;39;BR-040/RJ;Norte;Derrapagem;1;;;;;;;;;;1;;;;
02/06/2010;14:40:00;202;com vítima;64;BR-040/RJ;Norte;Choque - Objeto Fixo;1;;;;;;;;;;0;1;1;;
02/06/2010;15:17:00;205;sem vítima;85;BR-040/RJ;Norte;Capotamento;1;;;;;;;;;;1;;;;
02/06/2010;07:58:00;160;sem vítima;109;BR-040/RJ;Norte;Colisão Traseira;2;;;;;;;;;;2;;;;
02/06/2010;09:10:00;170;sem vítima;110;BR-040/RJ;Sul;Atropelamento - Animal;1;;;;;;;;;;1;;;;
02/06/2010;22:45:00;263;com vítima;117;BR-040/RJ;Sul;Capotamento;1;;;;;;;;;;0;;;1;
02/06/2010;11:53:00;181;sem vítima;121;BR-040/RJ;Sul;Colisão Traseira;1;;1;;;;;;;;2;;;;
02/06/2010;18:45:00;237;sem vítima;124;BR-040/RJ;Sul;Colisão Traseira;1;;1;;;;;;;;2;;;;
03/06/2010;07:08:00;293;sem vítima;74;BR-040/RJ;Norte;Choque - Objeto Fixo;1;;;;;;;;;;1;;;;
03/06/2010;15:25:00;348;sem vítima;80;BR-040/RJ;Sul;Choque - Objeto Fixo;1;;;;;;;;;;1;;;;
03/06/2010;00:21:00;271;sem vítima;84;BR-040/RJ;Norte;Derrapagem;1;;;;;;;;;;1;;;;
03/06/2010;15:32:00;349;com vítima;84;BR-040/RJ;Norte;Choque - Objeto Fixo;1;;;;;;;;;;0;1;;;
03/06/2010;16:38:00;362;sem vítima;84;BR-040/RJ;Sul;Choque - Objeto Fixo;1;;;;;;;;;;1;;;;
03/06/2010;22:51:00;396;com vítima;799;BR-040/MG;Sul;Derrapagem;1;;;;;;;;;;0;1;;;
03/06/2010;13:18:00;335;sem vítima;94;BR-040/RJ;Sul;Choque - Objeto Fixo;1;;;;;;;;;;1;;;;
03/06/2010;16:30:00;363;sem vítima;96;BR-040/RJ;Norte;Derrapagem;1;;;;;;;;;;1;;;;
03/06/2010;06:02:00;283;com vítima;111;BR-040/RJ;Norte;Engavetamento;2;;1;;;;;;;;2;;1;;
04/06/2010;04:29:00;407;com vítima;43;BR-040/RJ;Sul;Colisão Traseira;2;;;;;;;;;;3;1;1;;
04/06/2010;07:17:00;415;sem vítima;83;BR-040/RJ;Norte;Choque - Objeto Fixo;1;;;;;;;;;;1;;;;
04/06/2010;11:22:00;439;sem vítima;83;BR-040/RJ;Norte;Colisão Lateral;1;;1;;;;;;;;2;;;;
04/06/2010;14:04:00;455;com vítima;94;BR-040/RJ;Sul;Capotamento;1;;;;;;;;;;0;;4;;
04/06/2010;13:48:00;453;sem vítima;107;BR-040/RJ;Sul;Colisão Lateral;1;;;;1;;;;;;2;;;;
04/06/2010;19:37:00;499;sem vítima;120;BR-040/RJ;Sul;Colisão Traseira;1;;1;;;;;;;;2;;;;
04/06/2010;23:08:00;517;com vítima;121;BR-040/RJ;Norte;Engavetamento;3;;;;;;;;;;2;;2;;
04/06/2010;14:55:00;462;sem vítima;122;BR-040/RJ;Norte;Colisão Traseira;1;;1;;;;;;;;2;;;;
05/06/2010;19:18:00;624;sem vítima;24;BR-040/RJ;Norte;Choque - Objeto Fixo;1;;;;;;;;;;1;;;;
05/06/2010;11:27:00;578;com vítima;32;BR-040/RJ;Sul;Capotamento;1;;;;;;;;;;0;3;1;;
05/06/2010;09:49:00;569;sem vítima;33;BR-040/RJ;Norte;Derrapagem;1;;;;;;;;;;1;;;;
05/06/2010;12:34:00;587;sem vítima;60;BR-040/RJ;Norte;Choque - Objeto Fixo;1;;;;;;;;;;1;;;;
05/06/2010;15:43:00;605;sem vítima;75;BR-040/RJ;Norte;Derrapagem;1;;;;;;;;;;1;;;;
05/06/2010;19:09:00;623;sem vítima;82;BR-040/RJ;Norte;Choque - Objeto Fixo;1;;;;;;;;;;1;;;;
05/06/2010;07:59:00;557;sem vítima;84;BR-040/RJ;Sul;Choque - Objeto Fixo;1;;;;;;;;;;1;;;;
05/06/2010;19:29:00;628;sem vítima;85;BR-040/RJ;Norte;Choque - Objeto Fixo;1;;;;;;;;;;1;;;;
05/06/2010;12:40:00;588;sem vítima;87;BR-040/RJ;Norte;Colisão Lateral;2;;;;;;;;;;2;;;;
05/06/2010;17:25:00;615;sem vítima;89;BR-040/RJ;Sul;Choque - Objeto Fixo;1;;;;;;;;;;1;;;;
05/06/2010;08:08:00;560;sem vítima;91;BR-040/RJ;Norte;Choque - Objeto Fixo;1;;;;;;;;;;1;;;;
05/06/2010;20:13:00;637;com vítima;92;BR-040/RJ;Sul;Capotamento;1;;;;;;;;;;0;2;1;;
05/06/2010;08:12:00;561;com vítima;93;BR-040/RJ;Sul;Capotamento;1;;;;;;;;;;0;;1;;
05/06/2010;08:12:00;568;com vítima;93;BR-040/RJ;Sul;Capotamento;1;;;;;;;;;;0;1;;;
05/06/2010;08:07:00;559;sem vítima;96;BR-040/RJ;Norte;Choque - Objeto Fixo;1;;;;;;;;;;1;;;;
05/06/2010;00:56:00;523;sem vítima;112;BR-040/RJ;Sul;Choque - Objeto Fixo;1;;;;;;;;;;1;;;;
05/06/2010;02:29:00;527;com vítima;115;BR-040/RJ;Sul;Atropelamento - Animal;1;;;;;;;;;;0;;2;;
05/06/2010;05:12:00;537;sem vítima;117;BR-040/RJ;Norte;Colisão Traseira;2;;;;;;;;;;2;;;;
05/06/2010;06:30:00;545;sem vítima;121;BR-040/RJ;Norte;Atropelamento - Animal;1;;;;;;;;;;1;;;;
05/06/2010;20:20:00;638;sem vítima;123;BR-040/RJ;Sul;Colisão Lateral;2;;;;;;;;;;2;;;;
06/06/2010;06:05:00;667;sem vítima;62;BR-040/RJ;Sul;Colisão Frontal;2;;;;;;;;;;2;;;;
06/06/2010;18:38:00;740;com vítima;66;BR-040/RJ;Norte;Capotamento;1;;;;;;;;;;0;;2;;
06/06/2010;01:27:00;658;sem vítima;77;BR-040/RJ;Sul;Derrapagem;1;;;;;;;;;;1;;;;
06/06/2010;14:00:00;695;sem vítima;79;BR-040/RJ;Sul;Choque - Objeto Fixo;1;;;;;;;;;;1;;;;
06/06/2010;16:06:00;712;sem vítima;811;BR-040/MG;Norte;Derrapagem;1;;;;;;;;;;2;;;;
06/06/2010;18:18:00;736;sem vítima;110;BR-040/RJ;Norte;Choque - Objeto Fixo;1;;;;;;;;;;1;;;;
06/06/2010;19:09:00;744;sem vítima;110;BR-040/RJ;Norte;Colisão Lateral;2;;;;;;;;;;2;;;;
06/06/2010;22:52:00;770;com vítima;120;BR-040/RJ;Norte;Colisão Traseira;2;;;;;;;;;;1;3;;;
06/06/2010;18:19:00;737;sem vítima;121;BR-040/RJ;Norte;Colisão Traseira;2;;;;;;;;;;2;;;;
07/06/2010;15:09:00;869;com vítima;84;BR-040/RJ;Sul;Capotamento;1;;;;;;;;;;1;1;;;
07/06/2010;20:24:00;908;sem vítima;111;BR-040/RJ;Norte;Colisão Traseira;1;;1;;;;;;;;3;;;;
07/06/2010;18:55:00;898;sem vítima;123;BR-040/RJ;Sul;Colisão Traseira;2;;;;;;;;;;2;;;;
08/06/2010;06:32:00;936;sem vítima;63;BR-040/RJ;Norte;Derrapagem;;;1;;;;;;;;1;;;;
08/06/2010;13:00:00;977;com vítima;65;BR-040/RJ;Norte;Derrapagem;1;;;;;;;;;;0;1;;;
08/06/2010;04:57:00;930;sem vítima;72;BR-040/RJ;Norte;Choque - Objeto Fixo;1;;;;;;;;;;1;;;;
08/06/2010;10:40:00;964;sem vítima;116;BR-040/RJ;Sul;Colisão Traseira;1;;;;;1;;;;;2;;;;
08/06/2010;06:25:00;935;sem vítima;123;BR-040/RJ;Sul;Colisão Lateral;1;;1;;;;;;;;2;;;;
09/06/2010;16:03:00;1125;sem vítima;73;BR-040/RJ;Sul;Choque - Objeto Fixo;1;;;;;;;;;;1;;;;
09/06/2010;16:55:00;1133;sem vítima;102;BR-040/RJ;Sul;Colisão Traseira;2;;;;;;;;;;2;;;;
09/06/2010;22:55:00;1161;sem vítima;112;BR-040/RJ;Norte;Choque - Objeto Fixo;1;;;;;;;;;;1;;;;
09/06/2010;13:03:00;1104;com vítima;114;BR-040/RJ;Sul;Tombamento;1;;;;;;;;;;0;1;1;;
09/06/2010;07:32:00;1063;sem vítima;121;BR-040/RJ;Sul;Colisão Traseira;1;;1;;;;;;;;2;;;;
09/06/2010;12:45:00;1100;sem vítima;121;BR-040/RJ;Norte;Colisão Traseira;2;;;;;;;;;;2;;;;
09/06/2010;16:37:00;1129;sem vítima;121;BR-040/RJ;Norte;Colisão Traseira;1;;1;;;;;;;;2;;;;
09/06/2010;20:05:00;1145;sem vítima;123;BR-040/RJ;Norte;Colisão Lateral;1;;1;;;;;;;;2;;;;
09/06/2010;08:48:00;1070;com vítima;124;BR-040/RJ;Sul;Atropelamento - Pedestre;;;1;1;;;;;;;2;;1;;
09/06/2010;17:50:00;1135;sem vítima;124;BR-040/RJ;Norte;Colisão Traseira;2;;;;;;;;;;2;;;;
09/06/2010;06:45:00;1061;sem vítima;125;BR-040/RJ;Sul;Colisão Lateral;1;;;;1;;;;;;2;;;;
10/06/2010;14:34:00;1232;sem vítima;74;BR-040/RJ;Sul;Choque - Objeto Fixo;1;;;;;;;;;;1;;;;
10/06/2010;09:50:00;1203;sem vítima;816;BR-040/MG;Norte;Colisão Lateral;1;;1;;;;;;;;2;;;;
10/06/2010;15:12:00;1234;sem vítima;823;BR-040/MG;Norte;Colisão Traseira;;;2;;;;;;;;2;;;;
10/06/2010;06:57:00;1187;com vítima;97;BR-040/RJ;Norte;Queda de Moto;;;;1;;;;;;;0;1;;;
10/06/2010;07:53:00;1195;com vítima;109;BR-040/RJ;Norte;Outros;;1;1;;;;;;;;1;1;;;
10/06/2010;06:32:00;1182;sem vítima;110;BR-040/RJ;Sul;Colisão Traseira;2;;;;;;;;;;2;;;;
10/06/2010;06:44:00;1183;sem vítima;120;BR-040/RJ;Sul;Colisão Traseira;1;;1;;;;;;;;2;;;;