data;horario;n_da_ocorrencia;tipo_de_ocorrencia;km;trecho;sentido;tipo_de_acidente;automovel;bicicleta;caminhao;moto;onibus;outros;tracao_animal;transporte_de_cargas_especiais;trator_maquinas;utilitarios;ilesos;levemente_feridos;moderadamente_feridos;gravemente_feridos;mortos
18/08/2010;18:04:00;2369;sem vítima;120;BR-040/RJ;Norte;Engavetamento;4;;;;;;;;;;4;;;;
18/08/2010;06:08:00;2279;sem vítima;122;BR-040/RJ;Sul;Colisão Transversal;1;;1;;;;;;;;2;;;;
18/08/2010;17:50:00;2365;sem vítima;123;BR-040/RJ;Sul;Colisão Lateral;2;;;;;;;;;;2;;;;
18/08/2010;14:29:00;2344;sem vítima;124;BR-040/RJ;Norte;Colisão Traseira;1;;1;;;;;;;;2;;;;
18/08/2010;20:30:00;2392;sem vítima;124;BR-040/RJ;Norte;Colisão Lateral;1;;1;;;;;;;;2;;;;
19/08/2010;03:08:00;2414;com vítima;76;BR-040/RJ;Sul;Derrapagem;;;1;;;;;;;;0;1;;;
19/08/2010;14:20:00;2482;sem vítima;780;BR-040/MG;Sul;Colisão Lateral;2;;;;;;;;;;2;;;;
19/08/2010;23:51:00;2555;com vítima;820;BR-040/MG;Sul;Tombamento;1;;;;;;;;;;1;1;;;
19/08/2010;20:39:00;2545;sem vítima;114;BR-040/RJ;Norte;Colisão Traseira;2;;;;;;;;;;2;;;;
19/08/2010;19:50:00;2536;sem vítima;115;BR-040/RJ;Norte;Choque - Objeto Fixo;1;;;;;;;;;;1;;;;
19/08/2010;04:38:00;2418;sem vítima;121;BR-040/RJ;Norte;Derrapagem;1;;;;;;;;;;1;;;;
20/08/2010;10:37:00;2596;sem vítima;45;BR-040/RJ;Norte;Colisão Traseira;2;;;;;;;;;;2;;;;
20/08/2010;22:44:00;2700;com vítima;46;BR-040/RJ;Norte;Choque - Objeto Fixo;1;;;;;;;;;;0;1;;;
20/08/2010;21:47:00;2694;com vítima;64;BR-040/RJ;Norte;Atropelamento - Animal;2;;;;;;;;;;2;1;;;
20/08/2010;20:17:00;2684;sem vítima;74;BR-040/RJ;Norte;Colisão Traseira;1;;1;;;;;;;;2;;;;
20/08/2010;23:43:00;2706;com vítima;793;BR-040/MG;Sul;Tombamento;;;1;;;;;;;;0;;;1;
20/08/2010;06:12:00;2568;sem vítima;815;BR-040/MG;Sul;Colisão Lateral;1;;1;;;;;;;;2;;;;
20/08/2010;17:53:00;2662;sem vítima;94;BR-040/RJ;Norte;Colisão Traseira;1;;1;;;;;;;;2;;;;
20/08/2010;10:48:00;2600;sem vítima;96;BR-040/RJ;Norte;Choque - Objeto Fixo;1;;;;;;;;;;1;;;;
20/08/2010;08:26:00;2580;sem vítima;111;BR-040/RJ;Sul;Choque - Objeto Fixo;1;;;;;;;;;;1;;;;
20/08/2010;12:57:00;2616;sem vítima;119;BR-040/RJ;Sul;Tombamento;;;1;;;;;;;;3;;;;
20/08/2010;17:38:00;2658;com vítima;119;BR-040/RJ;Norte;Capotamento;1;;;;;;;;;;0;1;;;
20/08/2010;21:56:00;2695;com vítima;124;BR-040/RJ;Sul;Atropelamento - Pedestre;;1;;;;1;;;;;1;;;;1
21/08/2010;07:18:00;2726;sem vítima;73;BR-040/RJ;Sul;Derrapagem;1;;;;;;;;;;1;;;;
21/08/2010;02:55:00;2714;sem vítima;81;BR-040/RJ;Norte;Choque - Objeto Fixo;1;;;;;;;;;;1;;;;
21/08/2010;16:48:00;2784;com vítima;91;BR-040/RJ;Sul;Capotamento;1;;;;;;;;;;0;;1;;
21/08/2010;16:48:00;2785;com vítima;104;BR-040/RJ;Sul;Engavetamento;2;;1;;;;;;;;2;2;;;
21/08/2010;05:54:00;2722;com vítima;117;BR-040/RJ;Norte;Colisão Traseira;1;;1;;;;;;;;1;;2;2;
22/08/2010;11:17:00;2868;com vítima;18;BR-040/RJ;Norte;Colisão Lateral;1;;;1;;;;;;;1;;1;;
22/08/2010;01:07:00;2827;sem vítima;787;BR-040/MG;Sul;Atropelamento - Animal;1;;;;;;;;;;1;;;;
22/08/2010;12:01:00;2870;com vítima;793;BR-040/MG;Norte;Capotamento;1;;;;;;;;;;0;1;;;
22/08/2010;06:41:00;2841;sem vítima;102;BR-040/RJ;Sul;Choque - Objeto Fixo;1;;;;;;;;;;1;;;;
22/08/2010;02:57:00;2831;com vítima;105;BR-040/RJ;Norte;Colisão Frontal;;;;1;;1;;;;;1;1;;;
22/08/2010;06:01:00;2840;sem vítima;110;BR-040/RJ;Sul;Choque - Objeto Fixo;1;;;;;;;;;;1;;;;
22/08/2010;20:09:00;2939;sem vítima;117;BR-040/RJ;Sul;Choque - Objeto Fixo;1;;;;;;;;;;1;;;;
22/08/2010;04:21:00;2834;sem vítima;120;BR-040/RJ;Sul;Choque - Objeto Fixo;1;;;;;;;;;;1;;;;
23/08/2010;06:44:00;2978;sem vítima;45;BR-040/RJ;Sul;Colisão Lateral;1;;1;;;;;;;;2;;;;
23/08/2010;10:15:00;2997;sem vítima;54;BR-040/RJ;Norte;Choque - Objeto Fixo;1;;;;;;;;;;1;;;;
23/08/2010;18:50:00;3070;sem vítima;78;BR-040/RJ;Sul;Derrapagem;1;;;;;;;;;;1;;;;
23/08/2010;02:51:00;2968;sem vítima;92;BR-040/RJ;Norte;Choque - Objeto Fixo;1;;;;;;;;;;1;;;;
23/08/2010;15:58:00;3043;sem vítima;109;BR-040/RJ;Norte;Colisão Traseira;2;;;;;;;;;;2;;;;
23/08/2010;05:40:00;2972;com vítima;115;BR-040/RJ;Sul;Engavetamento;3;;1;;;;;;;;2;5;;;
23/08/2010;05:40:00;2979;sem vítima;115;BR-040/RJ;Sul;Engavetamento;3;;;;;;;;;;3;;;;
23/08/2010;09:26:00;2992;sem vítima;122;BR-040/RJ;Sul;Colisão Lateral;1;;1;;;;;;;;2;;;;
23/08/2010;06:00:00;2975;sem vítima;123;BR-040/RJ;Norte;Colisão Lateral;1;;1;;;;;;;;2;;;;
24/08/2010;11:22:00;3136;sem vítima;34;BR-040/RJ;Sul;Choque - Objeto Fixo;1;;;;;;;;;;1;;;;
24/08/2010;16:09:00;3169;sem vítima;38;BR-040/RJ;Sul;Colisão Lateral;1;;1;;;;;;;;2;;;;
24/08/2010;19:15:00;3189;sem vítima;90;BR-040/RJ;Norte;Colisão Lateral;;;2;;;;;;;;2;;;;
24/08/2010;16:21:00;3170;sem vítima;91;BR-040/RJ;Norte;Engavetamento;4;;;;;;;;;;4;;;;
24/08/2010;17:39:00;3180;sem vítima;97;BR-040/RJ;Sul;Choque - Objeto Fixo;1;;;;;;;;;;1;;;;
24/08/2010;10:50:00;3129;sem vítima;104;BR-040/RJ;Norte;Colisão Lateral;;;2;;;;;;;;2;;;;
24/08/2010;12:04:00;3140;com vítima;107;BR-040/RJ;Sul;Atropelamento - Pedestre;;1;;;1;;;;;;1;;1;;
24/08/2010;15:17:00;3163;com vítima;109;BR-040/RJ;Sul;Colisão Lateral;;;2;;;;;;;;1;2;;1;
24/08/2010;17:55:00;3175;sem vítima;122;BR-040/RJ;Norte;Choque - Objeto Fixo;;;1;;;;;;;;1;;;;
24/08/2010;16:58:00;3173;sem vítima;124;BR-040/RJ;Sul;Colisão Lateral;2;;;;;;;;;;2;;;;
24/08/2010;22:05:00;3204;sem vítima;124;BR-040/RJ;Norte;Choque - Objeto Fixo;1;;1;;;;;;;;2;;;;
25/08/2010;10:11:00;3247;com vítima;78;BR-040/RJ;Sul;Tombamento;;;1;;;;;;;;0;1;;;
25/08/2010;16:19:00;3300;com vítima;118;BR-040/RJ;Sul;Atropelamento - Animal;1;;;;;;;;;;0;;1;;
25/08/2010;19:38:00;3323;sem vítima;119;BR-040/RJ;Norte;Colisão Traseira;;;;;1;1;;;;;2;;;;
25/08/2010;07:20:00;3228;com vítima;123;BR-040/RJ;Sul;Colisão Traseira;1;;;1;;;;;;;1;;1;;
25/08/2010;06:56:00;3225;sem vítima;124;BR-040/RJ;Sul;Choque - Objeto Fixo;1;;;;;;;;;;1;;;;
25/08/2010;16:21:00;3301;sem vítima;124;BR-040/RJ;Sul;Colisão Lateral;1;;;;;1;;;;;2;;;;
26/08/2010;16:34:00;3445;com vítima;79;BR-040/RJ;Norte;Capotamento;1;;;;;;;;;;0;;1;;
26/08/2010;10:44:00;3401;sem vítima;89;BR-040/RJ;Norte;Choque - Objeto Fixo;1;;;;;;;;;;1;;;;
26/08/2010;15:41:00;3435;com vítima;96;BR-040/RJ;Norte;Choque - Objeto Fixo;1;;;;;;;;;;0;1;;;
26/08/2010;07:16:00;3366;sem vítima;121;BR-040/RJ;Sul;Queda de Moto;;;;1;;;;;;;1;;;;
26/08/2010;19:35:00;3470;sem vítima;122;BR-040/RJ;Norte;Engavetamento;3;;;;;;;;;;3;;;;
26/08/2010;23:20:00;3492;com vítima;122;BR-040/RJ;Norte;Colisão Traseira;;;1;1;;;;;;;1;1;;;
26/08/2010;09:12:00;3382;sem vítima;124;BR-040/RJ;Sul;Colisão Lateral;;;;;;2;;;;;2;;;;
27/08/2010;06:11:00;3512;com vítima;59;BR-040/RJ;Norte;Queda de Moto;;;;1;;;;;;;0;2;;;
27/08/2010;03:00:00;3502;sem vítima;61;BR-040/RJ;Norte;Derrapagem;1;;;;;;;;;;1;;;;
27/08/2010;00:45:00;3500;sem vítima;786;BR-040/MG;Norte;Atropelamento - Animal;;;;;1;;;;;;1;;;;
27/08/2010;04:03:00;3506;sem vítima;88;BR-040/RJ;Norte;Choque - Objeto Fixo;1;;;;;;;;;;1;;;;
27/08/2010;08:08:00;3526;com vítima;99;BR-040/RJ;Norte;Queda de Moto;;;;1;;;;;;;0;;1;;
27/08/2010;17:00:00;3598;sem vítima;121;BR-040/RJ;Sul;Colisão Lateral;1;;;;1;;;;;;2;;;;
27/08/2010;06:02:00;3510;com vítima;122;BR-040/RJ;Sul;Atropelamento - Pedestre;;;;;;1;;;;;1;;1;;
27/08/2010;08:35:00;3532;sem vítima;122;BR-040/RJ;Sul;Colisão Traseira;1;;1;;;;;;;;2;;;;
27/08/2010;08:50:00;3533;sem vítima;122;BR-040/RJ;Sul;Colisão Traseira;;;2;;;;;;;;2;;;;
28/08/2010;16:07:00;3732;sem vítima;18;BR-040/RJ;Norte;Choque - Objeto Fixo;1;;;;;;;;;;3;;;;
28/08/2010;04:08:00;3663;com vítima;50;BR-040/RJ;Norte;Derrapagem;1;;;;;;;;;;0;3;;;
28/08/2010;08:26:00;3673;com vítima;66;BR-040/RJ;Sul;Tombamento;;;1;;;;;;;;0;;3;;
28/08/2010;09:02:00;3678;sem vítima;71;BR-040/RJ;Norte;Choque - Objeto Fixo;1;;;;;;;;;;1;;;;
28/08/2010;10:00:00;3691;com vítima;780;BR-040/MG;Sul;Choque - Objeto Fixo;1;;;;;;;;;;0;2;;;
28/08/2010;16:12:00;3733;com vítima;110;BR-040/RJ;Norte;Atropelamento - Pedestre;;;;;;;;;;;0;;;2;
28/08/2010;17:20:00;3737;sem vítima;112;BR-040/RJ;Norte;Engavetamento;3;;;;;;;;;;3;;;;
28/08/2010;05:27:00;3660;sem vítima;123;BR-040/RJ;Norte;Choque - Objeto Fixo;1;;;;;;;;;;1;;;;
29/08/2010;20:36:00;3868;com vítima;799;BR-040/MG;Norte;Choque - Objeto Fixo;2;;;;;;;;;;3;1;1;;
29/08/2010;11:50:00;3815;com vítima;815;BR-040/MG;Norte;Derrapagem;1;;;;;;;;;;0;;1;;
29/08/2010;00:33:00;3780;com vítima;85;BR-040/RJ;Sul;Choque - Objeto Fixo;1;;;;;;;;;;0;2;;;
29/08/2010;20:44:00;3870;sem vítima;114;BR-040/RJ;Sul;Colisão Traseira;2;;;;;;;;;;2;;;;
30/08/2010;21:02:00;4025;sem vítima;82;BR-040/RJ;Norte;Choque - Objeto Fixo;1;;;;;;;;;;1;;;;
30/08/2010;00:08:00;3896;sem vítima;786;BR-040/MG;Sul;Atropelamento - Animal;;;;;1;;;;;;1;;;;
30/08/2010;08:49:00;3924;sem vítima;791;BR-040/MG;Sul;Choque - Objeto Fixo;1;;;;;;;;;;1;;;;
30/08/2010;07:51:00;3917;com vítima;122;BR-040/RJ;Sul;Queda de Moto;;;;1;;;;;;;0;;1;;
31/08/2010;08:57:00;4071;sem vítima;22;BR-040/RJ;Norte;Queda de Moto;;;;1;;;;;;;1;;;;
31/08/2010;14:57:00;4100;sem vítima;62;BR-040/RJ;Sul;Tombamento;;;1;;;;;;;;1;;;;
31/08/2010;19:11:00;4133;com vítima;67;BR-040/RJ;Norte;Colisão Traseira;2;;;;;;;;;;1;;2;;
31/08/2010;07:12:00;4049;com vítima;787;BR-040/MG;Norte;Derrapagem;;;1;;;;;;;;0;1;1;;
31/08/2010;22:23:00;4146;com vítima;85;BR-040/RJ;Norte;Choque - Objeto Fixo;1;;;;;;;;;;0;1;;;
31/08/2010;08:02:00;4056;sem vítima;100;BR-040/RJ;Norte;Colisão Traseira;2;;;;;;;;;;2;;;;
31/08/2010;08:54:00;4069;sem vítima;112;BR-040/RJ;Norte;Choque - Objeto Fixo;1;;;;;;;;;;1;;;;
31/08/2010;16:01:00;4110;sem vítima;122;BR-040/RJ;Norte;Colisão Lateral;1;;1;;;;;;;;2;;;;
31/08/2010;06:36:00;4046;sem vítima;123;BR-040/RJ;Sul;Colisão Lateral;1;;1;;;;;;;;2;;;;
01/09/2010;00:41:00;1;com vítima;24;BR-040/RJ;Sul;Capotamento;1;;;;;;;;;;0;1;1;;
01/09/2010;16:15:00;78;sem vítima;89;BR-040/RJ;Sul;Choque - Objeto Fixo;1;;;;;;;;;;1;;;;
01/09/2010;11:10:00;47;com vítima;98;BR-040/RJ;Norte;Queda de Moto;;;;1;;;;;;;0;1;;;
01/09/2010;14:16:00;68;sem vítima;105;BR-040/RJ;Norte;Choque - Objeto Fixo;1;;;;;;;;;;1;;;;
01/09/2010;12:29:00;56;sem vítima;114;BR-040/RJ;Norte;Tombamento;;;1;;;;;;;;1;;;;
01/09/2010;16:09:00;76;sem vítima;114;BR-040/RJ;Norte;Colisão Lateral;1;;1;;;;;;;;2;;;;
01/09/2010;09:40:00;34;sem vítima;118;BR-040/RJ;Sul;Colisão Lateral;2;;;;;;;;;;2;;;;
01/09/2010;11:48:00;52;com vítima;122;BR-040/RJ;Sul;Engavetamento;1;;1;;1;;;;;;2;1;;;
02/09/2010;07:45:00;151;sem vítima;84;BR-040/RJ;Norte;Choque - Objeto Fixo;1;;;;;;;;;;1;;;;
02/09/2010;05:28:00;141;com vítima;94;BR-040/RJ;Sul;Capotamento;1;;;;;;;;;;0;1;1;;
02/09/2010;18:42:00;239;sem vítima;114;BR-040/RJ;Norte;Engavetamento;3;;;;;;;;;;3;;;;
02/09/2010;19:10:00;244;sem vítima;115;BR-040/RJ;Norte;Colisão Traseira;2;;;;;;;;;;2;;;;
02/09/2010;10:27:00;175;sem vítima;122;BR-040/RJ;Sul;Colisão Traseira;1;;1;;;;;;;;2;;;;
02/09/2010;18:56:00;241;com vítima;123;BR-040/RJ;Sul;Atropelamento - Pedestre;1;;;;;;;;;;1;;1;;
02/09/2010;19:35:00;247;sem vítima;123;BR-040/RJ;Sul;Colisão Traseira;1;;1;;;;;;;;2;;;;
03/09/2010;14:57:00;363;sem vítima;17;BR-040/RJ;Sul;Choque - Objeto Fixo;1;;;;;;;;;;1;;;;
03/09/2010;22:14:00;445;sem vítima;31;BR-040/RJ;Sul;Choque - Objeto Fixo;1;;;;;;;;;;1;;;;
03/09/2010;19:00:00;412;com vítima;39;BR-040/RJ;Norte;Queda de Moto;;;;1;;;;;;;0;1;;;
03/09/2010;15:01:00;362;com vítima;85;BR-040/RJ;Sul;Choque - Objeto Fixo;1;;;;;;;;;;0;2;;;
03/09/2010;02:38:00;278;sem vítima;95;BR-040/RJ;Sul;Derrapagem;;;1;;;;;;;;1;;;;
03/09/2010;06:11:00;288;sem vítima;98;BR-040/RJ;Norte;Choque - Objeto Fixo;1;;;;;;;;;;1;;;;
03/09/2010;13:42:00;348;sem vítima;99;BR-040/RJ;Norte;Choque - Objeto Fixo;1;;;;;;;;;;1;;;;
03/09/2010;17:50:00;397;sem vítima;105;BR-040/RJ;Sul;Colisão Traseira;2;;;;;;;;;;2;;;;
03/09/2010;02:54:00;280;sem vítima;110;BR-040/RJ;Sul;Derrapagem;1;;;;;;;;;;1;;;;
03/09/2010;03:13:00;281;com vítima;111;BR-040/RJ;Norte;Colisão Traseira;2;;;;;;;;;;1;3;;;
03/09/2010;06:32:00;290;com vítima;112;BR-040/RJ;Sul;Colisão Traseira;2;;;;;;;;;;0;3;;;
03/09/2010;07:29:00;294;sem vítima;112;BR-040/RJ;Sul;Colisão Traseira;2;;;;;;;;;;2;;;;
03/09/2010;21:45:00;439;sem vítima;114;BR-040/RJ;Sul;Colisão Lateral;2;;1;;;;;;;;3;;;;
03/09/2010;09:25:00;310;sem vítima;118;BR-040/RJ;Sul;Colisão Lateral;1;;1;;;;;;;;2;;;;
03/09/2010;08:02:00;298;sem vítima;120;BR-040/RJ;Sul;Colisão Lateral;1;;1;;;;;;;;2;;;;
03/09/2010;12:35:00;343;sem vítima;120;BR-040/RJ;Sul;Colisão Traseira;1;;;;;1;;;;;2;;;;
03/09/2010;06:43:00;292;sem vítima;123;BR-040/RJ;Norte;Engavetamento;2;;1;;;;;;;;3;;;;
03/09/2010;19:47:00;421;sem vítima;123;BR-040/RJ;Norte;Colisão Traseira;2;;;;;;;;;;2;;;;
04/09/2010;02:34:00;461;sem vítima;97;BR-040/RJ;Norte;Choque - Objeto Fixo;1;;;;;;;;;;1;;;;
04/09/2010;16:05:00;571;com vítima;102;BR-040/RJ;Sul;Atropelamento - Pedestre;;1;;;;1;;;;;1;;;;1
04/09/2010;20:57:00;606;com vítima;109;BR-040/RJ;Sul;Choque - Objeto Fixo;1;;;;;;;;;;0;1;2;;
04/09/2010;21:43:00;609;com vítima;113;BR-040/RJ;Norte;Capotamento;1;;;;;;;;;;0;5;;;
04/09/2010;08:07:00;481;com vítima;117;BR-040/RJ;Sul;Capotamento;2;;;;;;;;;;1;1;;;
04/09/2010;10:43:00;505;sem vítima;122;BR-040/RJ;Sul;Colisão Lateral;2;;;;;;;;;;2;;;;
05/09/2010;04:22:00;632;com vítima;18;BR-040/RJ;Sul;Atropelamento - Animal;1;;;;;;;;;;0;2;;;
05/09/2010;04:01:00;631;sem vítima;68;BR-040/RJ;Norte;Capotamento;1;;;;;;;;;;1;;;;
05/09/2010;17:38:00;714;sem vítima;68;BR-040/RJ;Norte;Choque - Objeto Fixo;1;;;;;;;;;;1;;;;
05/09/2010;17:58:00;715;sem vítima;68;BR-040/RJ;Norte;Colisão Traseira;1;;;;;1;;;;;2;;;;
05/09/2010;17:12:00;709;sem vítima;73;BR-040/RJ;Sul;Derrapagem;1;;;;;;;;;;1;;;;
05/09/2010;14:43:00;686;sem vítima;80;BR-040/RJ;Norte;Choque - Objeto Fixo;1;;;;;;;;;;1;;;;
05/09/2010;15:41:00;697;sem vítima;83;BR-040/RJ;Sul;Choque - Objeto Fixo;1;;;;;;;;;;1;;;;
05/09/2010;07:19:00;635;sem vítima;813;BR-040/MG;Sul;Choque - Objeto Fixo;1;;;;;;;;;;5;;;;
05/09/2010;17:35:00;713;sem vítima;91;BR-040/RJ;Norte;Choque - Objeto Fixo;1;;;;;;;;;;1;;;;
05/09/2010;18:28:00;717;sem vítima;97;BR-040/RJ;Norte;Choque - Objeto Fixo;1;;;;;;;;;;1;;;;
05/09/2010;16:10:00;700;com vítima;112;BR-040/RJ;Sul;Queda de Moto;;;;;;1;;;;;0;;1;;
05/09/2010;02:04:00;628;sem vítima;114;BR-040/RJ;Norte;Colisão Traseira;2;;;;;;;;;;2;;;;
05/09/2010;09:18:00;644;sem vítima;115;BR-040/RJ;Sul;Objeto lançado contra veículo;2;;;;;;;;;;2;;;;
05/09/2010;07:32:00;636;sem vítima;118;BR-040/RJ;Sul;Colisão Traseira;2;;;;;;;;;;2;;;;
05/09/2010;01:07:00;626;sem vítima;120;BR-040/RJ;Norte;Choque - Objeto Fixo;1;;;;;;;;;;1;;;;
05/09/2010;23:54:00;747;com vítima;120;BR-040/RJ;Sul;Queda de Moto;;;;1;;;;;;;0;;;2;
05/09/2010;20:51:00;734;sem vítima;124;BR-040/RJ;Norte;Colisão Traseira;2;;;;;;;;;;2;;;;
06/09/2010;18:05:00;821;com vítima;5;BR-040/RJ;Norte;Capotamento;1;;;;;;;;;;0;2;;;
06/09/2010;00:17:00;749;sem vítima;62;BR-040/RJ;Norte;Choque - Objeto Fixo;1;;;;;;;;;;1;;;;
06/09/2010;08:10:00;769;sem vítima;78;BR-040/RJ;Sul;Choque - Objeto Fixo;1;;;;;;;;;;1;;;;
06/09/2010;17:59:00;818;com vítima;83;BR-040/RJ;Sul;Capotamento;1;;;;;;;;;;0;1;;;
06/09/2010;00:27:00;750;sem vítima;84;BR-040/RJ;Sul;Choque - Objeto Fixo;1;;;;;;;;;;1;;;;
06/09/2010;15:47:00;805;sem vítima;85;BR-040/RJ;Norte;Colisão Lateral;1;;1;;;;;;;;2;;;;
06/09/2010;05:36:00;758;com vítima;90;BR-040/RJ;Sul;Tombamento;;;1;;;;;;;;0;1;;;
06/09/2010;09:53:00;777;sem vítima;92;BR-040/RJ;Sul;Capotamento;1;;;;;;;;;;1;;;;
06/09/2010;07:19:00;767;com vítima;94;BR-040/RJ;Sul;Derrapagem;1;;;;;;;;;;0;1;;;
06/09/2010;15:40:00;807;sem vítima;112;BR-040/RJ;Norte;Colisão Lateral;1;;1;;;;;;;;2;;;;
06/09/2010;15:48:00;806;sem vítima;118;BR-040/RJ;Sul;Choque - Objeto Fixo;;;1;;;;;;;;1;;;;
07/09/2010;17:37:00;946;sem vítima;22;BR-040/RJ;Norte;Choque - Objeto Fixo;1;;;;;;;;;;1;;;;
07/09/2010;19:09:00;960;sem vítima;25;BR-040/RJ;Sul;Derrapagem;1;;;;;;;;;;1;;;;
07/09/2010;20:35:00;968;com vítima;57;BR-040/RJ;Sul;Queda de Moto;;;;1;;;;;;;0;;1;;
07/09/2010;17:37:00;945;com vítima;786;BR-040/MG;Norte;Tombamento;;;1;;;;;;;;0;1;;;
07/09/2010;21:32:00;973;sem vítima;85;BR-040/RJ;Norte;Choque - Objeto Fixo;1;;;;;;;;;;1;;;;
07/09/2010;07:23:00;881;sem vítima;88;BR-040/RJ;Norte;Colisão Lateral;1;;1;;;;;;;;2;;;;
07/09/2010;10:08:00;889;sem vítima;89;BR-040/RJ;Sul;Derrapagem;;;1;;;;;;;;1;;;;
07/09/2010;18:18:00;951;sem vítima;90;BR-040/RJ;Norte;Choque - Objeto Fixo;1;;;;;;;;;;1;;;;
07/09/2010;19:52:00;963;com vítima;97;BR-040/RJ;Norte;Choque - Objeto Fixo;1;;;;;;;;;;0;3;;;
07/09/2010;08:58:00;886;sem vítima;101;BR-040/RJ;Sul;Colisão Traseira;2;;;;;;;;;;5;;;;
07/09/2010;11:00:00;897;sem vítima;109;BR-040/RJ;Sul;Colisão Traseira;2;;;;;;;;;;2;;;;
07/09/2010;23:40:00;988;com vítima;124;BR-040/RJ;Norte;Tombamento;;;1;;;;;;;;0;;1;;
08/09/2010;06:40:00;1004;sem vítima;21;BR-040/RJ;Norte;Choque - Objeto Fixo;1;;;;;;;;;;1;;;;
08/09/2010;05:35:00;1000;com vítima;51;BR-040/RJ;Sul;Atropelamento - Pedestre;;;;;;1;;;;;1;;;;1
08/09/2010;19:57:00;1087;sem vítima;53;BR-040/RJ;Norte;Choque - Objeto Fixo;1;;;;;;;;;;1;;;;
08/09/2010;12:30:00;1046;sem vítima;72;BR-040/RJ;Norte;Choque - Objeto Fixo;1;;;;;;;;;;1;;;;
08/09/2010;10:05:00;1032;sem vítima;74;BR-040/RJ;Norte;Choque - Objeto Fixo;1;;;;;;;;;;1;;;;
08/09/2010;08:50:00;1018;com vítima;82;BR-040/RJ;Sul;Atropelamento - Pedestre;1;;;;;;;;;;1;;1;;1
08/09/2010;06:58:00;1005;sem vítima;84;BR-040/RJ;Sul;Choque - Objeto Fixo;1;;;;;;;;;;1;;;;
08/09/2010;16:48:00;1070;com vítima;84;BR-040/RJ;Sul;Capotamento;1;;;;;;;;;;0;1;;;
08/09/2010;14:49:00;1060;sem vítima;811;BR-040/MG;Norte;Tombamento;1;;;;;;;;;;1;;;;
08/09/2010;12:22:00;1045;com vítima;87;BR-040/RJ;Norte;Choque - Objeto Fixo;1;;;;;;;;;;0;;1;;
08/09/2010;13:19:00;1052;sem vítima;91;BR-040/RJ;Sul;Derrapagem;1;;;;;;;;;;1;;;;
08/09/2010;17:43:00;1075;sem vítima;91;BR-040/RJ;Norte;Choque - Objeto Fixo;1;;;;;;;;;;1;;;;
08/09/2010;10:58:00;1035;com vítima;92;BR-040/RJ;Sul;Capotamento;1;;;;;;;;;;0;1;;;
08/09/2010;11:42:00;1040;sem vítima;94;BR-040/RJ;Sul;Choque em objeto na pista;1;;;;;;;;;;2;;;;
08/09/2010;11:52:00;1042;sem vítima;95;BR-040/RJ;Sul;Colisão Lateral;2;;;;;;;;;;2;;;;
08/09/2010;09:20:00;1025;sem vítima;110;BR-040/RJ;Norte;Choque - Objeto Fixo;1;;;;;;;;;;1;;;;
09/09/2010;09:38:00;1137;sem vítima;79;BR-040/RJ;Norte;Derrapagem;1;;;;;;;;;;1;;;;
09/09/2010;19:35:00;1195;sem vítima;794;BR-040/MG;Norte;Colisão Traseira;1;;1;;;;;;;;2;;;;
09/09/2010;11:09:00;1146;com vítima;92;BR-040/RJ;Sul;Capotamento;1;;;;;;;;;;0;1;;;
09/09/2010;19:07:00;1194;com vítima;92;BR-040/RJ;Sul;Capotamento;1;;;;;;;;;;0;1;;;
09/09/2010;05:21:00;1113;com vítima;107;BR-040/RJ;Sul;Engavetamento;;;2;;2;;;;;;2;3;4;;
09/09/2010;04:50:00;1111;com vítima;113;BR-040/RJ;Norte;Colisão Traseira;2;;;;;;;;;;0;3;;;
09/09/2010;20:17:00;1200;com vítima;116;BR-040/RJ;Sul;Queda de Moto;;;;1;;;;;;;0;1;;;
09/09/2010;10:08:00;1143;com vítima;120;BR-040/RJ;Norte;Engavetamento;3;;;;;;;;;;0;3;;;
09/09/2010;11:42:00;1152;sem vítima;124;BR-040/RJ;Sul;Colisão Traseira;1;;;;;1;;;;;2;;;;
10/09/2010;20:04:00;1301;com vítima;67;BR-040/RJ;Norte;Choque - Objeto Fixo;1;;;;;;;;;;0;1;;;
10/09/2010;04:58:00;1218;sem vítima;76;BR-040/RJ;Sul;Capotamento;1;;;;;;;;;;2;;;;
10/09/2010;23:31:00;1317;sem vítima;81;BR-040/RJ;Norte;Choque - Objeto Fixo;1;;;;;;;;;;1;;;;
10/09/2010;21:26:00;1310;sem vítima;792;BR-040/MG;Norte;Colisão Traseira;1;;;;;1;;;;;2;;;;
10/09/2010;05:59:00;1222;sem vítima;824;BR-040/MG;Norte;Capotamento;1;;;;;;;;;;1;;;;
10/09/2010;07:34:00;1227;sem vítima;87;BR-040/RJ;Sul;Choque - Objeto Fixo;1;;;;;;;;;;1;;;;
10/09/2010;08:23:00;1230;sem vítima;88;BR-040/RJ;Norte;Queda de Moto;;;;1;;1;;;;;2;;;;
10/09/2010;13:25:00;1260;sem vítima;104;BR-040/RJ;Sul;Colisão Traseira;1;;1;;;;;;;;2;;;;
10/09/2010;20:20:00;1303;sem vítima;104;BR-040/RJ;Sul;Colisão Traseira;1;;1;;;;;;;;2;;;;