data;horario;n_da_ocorrencia;tipo_de_ocorrencia;km;trecho;sentido;tipo_de_acidente;automovel;bicicleta;caminhao;moto;onibus;outros;tracao_animal;transporte_de_cargas_especiais;trator_maquinas;utilitarios;ilesos;levemente_feridos;moderadamente_feridos;gravemente_feridos;mortos
01/10/2010;13:57:00;75;sem vítima;87;BR-040/RJ;Norte;Choque - Objeto Fixo;1;;;;;;;;;;1;;;;
01/10/2010;16:56:00;97;sem vítima;93;BR-040/RJ;Norte;Derrapagem;1;;;;;;;;;;1;;;;
01/10/2010;21:25:00;137;sem vítima;93;BR-040/RJ;Norte;Choque - Objeto Fixo;;;1;;;;;;;;1;;;;
01/10/2010;18:57:00;122;sem vítima;100;BR-040/RJ;Norte;Choque - Objeto Fixo;1;;;;;;;;;;1;;;;
01/10/2010;17:37:00;105;sem vítima;110;BR-040/RJ;Sul;Colisão Lateral;;;2;;;;;;;;2;;;;
01/10/2010;17:49:00;107;com vítima;112;BR-040/RJ;Norte;Engavetamento;5;;;;;;;;;;4;1;;;
01/10/2010;13:36:00;74;sem vítima;120;BR-040/RJ;Sul;Colisão Lateral;2;;;;;;;;;;2;;;;
01/10/2010;18:19:00;114;com vítima;121;BR-040/RJ;Norte;Colisão Lateral;1;;;1;;;;;;;2;1;;;
01/10/2010;16:38:00;95;sem vítima;124;BR-040/RJ;Sul;Colisão Lateral;1;;;;;1;;;;;2;;;;
02/10/2010;14:42:00;206;com vítima;19;BR-040/RJ;Sul;Atropelamento - Animal;1;;;;;;;;;;0;3;;;
02/10/2010;09:09:00;176;sem vítima;25;BR-040/RJ;Sul;Choque - Objeto Fixo;1;;;;;;;;;;1;;;;
02/10/2010;15:49:00;211;sem vítima;84;BR-040/RJ;Sul;Choque - Objeto Fixo;1;;;;;;;;;;1;;;;
02/10/2010;22:51:00;257;sem vítima;92;BR-040/RJ;Norte;Choque - Objeto Fixo;1;;;;;;;;;;1;;;;
02/10/2010;16:14:00;214;sem vítima;105;BR-040/RJ;Sul;Colisão Lateral;;;1;;1;;;;;;2;;;;
02/10/2010;09:34:00;178;sem vítima;112;BR-040/RJ;Norte;Colisão Traseira;1;;1;;;;;;;;2;;;;
02/10/2010;23:26:00;262;sem vítima;121;BR-040/RJ;Norte;Choque - Objeto Fixo;1;;;;;;;;;;1;;;;
02/10/2010;02:04:00;154;sem vítima;124;BR-040/RJ;Norte;Colisão Traseira;2;;;;;;;;;;2;;;;
03/10/2010;08:51:00;295;sem vítima;75;BR-040/RJ;Sul;Choque - Objeto Fixo;1;;;;;;;;;;1;;;;
03/10/2010;10:15:00;299;sem vítima;75;BR-040/RJ;Sul;Choque - Objeto Fixo;1;;;;;;;;;;1;;;;
03/10/2010;00:10:00;266;sem vítima;78;BR-040/RJ;Sul;Choque - Objeto Fixo;1;;;;;;;;;;1;;;;
03/10/2010;17:18:00;341;sem vítima;83;BR-040/RJ;Sul;Choque - Objeto Fixo;1;;;;;;;;;;1;;;;
03/10/2010;12:40:00;314;sem vítima;87;BR-040/RJ;Sul;Choque - Objeto Fixo;1;;;;;;;;;;1;;;;
03/10/2010;11:33:00;305;sem vítima;91;BR-040/RJ;Sul;Choque - Objeto Fixo;1;;;;;;;;;;1;;;;
03/10/2010;18:05:00;345;sem vítima;91;BR-040/RJ;Sul;Capotamento;1;;;;;;;;;;1;;;;
03/10/2010;10:14:00;297;com vítima;92;BR-040/RJ;Sul;Capotamento;1;;;;;;;;;;0;4;;;
03/10/2010;15:23:00;327;sem vítima;92;BR-040/RJ;Sul;Choque - Objeto Fixo;1;;;;;;;;;;1;;;;
03/10/2010;15:32:00;330;sem vítima;92;BR-040/RJ;Sul;Capotamento;1;;;;;;;;;;1;;;;
03/10/2010;11:45:00;306;sem vítima;94;BR-040/RJ;Sul;Capotamento;1;;;;;;;;;;1;;;;
03/10/2010;13:17:00;318;sem vítima;94;BR-040/RJ;Norte;Choque - Objeto Fixo;1;;;;;;;;;;1;;;;
03/10/2010;15:13:00;325;sem vítima;97;BR-040/RJ;Sul;Choque - Objeto Fixo;1;;;;;;;;;;2;;;;
03/10/2010;04:05:00;279;sem vítima;112;BR-040/RJ;Sul;Choque - Objeto Fixo;1;;;;;;;;;;1;;;;
03/10/2010;03:41:00;278;sem vítima;113;BR-040/RJ;Norte;Colisão Traseira;1;;;;;1;;;;;2;;;;
03/10/2010;20:58:00;362;sem vítima;113;BR-040/RJ;Sul;Colisão Traseira;1;;;;;;;;;;1;;;;
03/10/2010;02:26:00;273;sem vítima;120;BR-040/RJ;Norte;Choque - Objeto Fixo;1;;;;;;;;;;1;;;;
03/10/2010;05:44:00;283;com vítima;121;BR-040/RJ;Sul;Choque - Objeto Fixo;1;;;;;;;;;;0;;1;;
03/10/2010;18:41:00;349;sem vítima;124;BR-040/RJ;Sul;Choque - Objeto Fixo;1;;;;;;;;;;1;;;;
04/10/2010;09:22:00;404;sem vítima;82;BR-040/RJ;Norte;Colisão Traseira;2;;;;;;;;;;2;;;;
04/10/2010;05:44:00;387;sem vítima;819;BR-040/MG;Norte;Derrapagem;1;;;;;;;;;;1;;;;
04/10/2010;19:12:00;463;sem vítima;87;BR-040/RJ;Norte;Colisão Traseira;1;;;;;1;;;;;2;;;;
04/10/2010;07:40:00;394;sem vítima;123;BR-040/RJ;Sul;Colisão Traseira;1;;1;;;;;;;;2;;;;
05/10/2010;10:57:00;526;sem vítima;22;BR-040/RJ;Sul;Tombamento;;;1;;;;;;;;1;;;;
05/10/2010;05:56:00;499;sem vítima;74;BR-040/RJ;Norte;Choque - Objeto Fixo;1;;;;;;;;;;1;;;;
05/10/2010;06:18:00;502;sem vítima;74;BR-040/RJ;Norte;Choque - Objeto Fixo;1;;;;;;;;;;1;;;;
05/10/2010;17:25:00;580;sem vítima;79;BR-040/RJ;Norte;Choque - Objeto Fixo;;;1;;;;;;;;1;;;;
05/10/2010;19:57:00;601;sem vítima;82;BR-040/RJ;Sul;Choque - Objeto Fixo;1;;;;;;;;;;1;;;;
05/10/2010;18:16:00;589;sem vítima;773;BR-040/MG;Norte;Colisão Traseira;2;;;;;;;;;;2;;;;
05/10/2010;17:57:00;586;sem vítima;91;BR-040/RJ;Sul;Choque - Objeto Fixo;1;;;;;;;;;;1;;;;
05/10/2010;19:20:00;595;sem vítima;92;BR-040/RJ;Sul;Choque - Objeto Fixo;1;;;;;;;;;;1;;;;
05/10/2010;07:03:00;503;sem vítima;105;BR-040/RJ;Norte;Colisão Traseira;;;1;;1;;;;;;2;;;;
05/10/2010;11:28:00;532;sem vítima;108;BR-040/RJ;Norte;Colisão Traseira;1;;;;1;;;;;;2;;;;
05/10/2010;14:05:00;558;com vítima;122;BR-040/RJ;Sul;Colisão Traseira;;;1;;;1;;;;;1;1;;;
05/10/2010;21:00:00;607;sem vítima;124;BR-040/RJ;Norte;Colisão Lateral;1;;;;;1;;;;;2;;;;
06/10/2010;19:19:00;715;sem vítima;71;BR-040/RJ;Sul;Colisão Traseira;;;1;;;1;;;;;2;;;;
06/10/2010;00:08:00;618;sem vítima;92;BR-040/RJ;Sul;Derrapagem;;;1;;;;;;;;1;;;;
06/10/2010;16:43:00;691;sem vítima;109;BR-040/RJ;Norte;Colisão Traseira;1;;1;;;;;;;;2;;;;
06/10/2010;07:33:00;644;sem vítima;122;BR-040/RJ;Sul;Colisão Traseira;1;;1;;;;;;;;2;;;;
07/10/2010;13:49:00;805;sem vítima;2;BR-040/RJ;Sul;Choque - Objeto Fixo;1;;;;;;;;;;1;;;;
07/10/2010;22:06:00;854;sem vítima;5;BR-040/RJ;Norte;Choque - Objeto Fixo;1;;;;;;;;;;1;;;;
07/10/2010;03:26:00;746;com vítima;22;BR-040/RJ;Sul;Queda de Moto;;;;1;;;;;;;0;;1;;
07/10/2010;09:25:00;769;sem vítima;37;BR-040/RJ;Sul;Choque - Objeto Fixo;1;;;;;;;;;;1;;;;
07/10/2010;16:00:00;822;com vítima;73;BR-040/RJ;Sul;Colisão Lateral;2;;;;;;;;;;1;1;;;
07/10/2010;16:00:00;831;sem vítima;73;BR-040/RJ;Sul;Choque - Objeto Fixo;1;;;;;;;;;;1;;;;
07/10/2010;13:57:00;807;com vítima;74;BR-040/RJ;Sul;Choque - Objeto Fixo;1;;;;;;;;;;0;;1;;
07/10/2010;15:48:00;821;sem vítima;83;BR-040/RJ;Sul;Choque - Objeto Fixo;1;;;;;;;;;;1;;;;
07/10/2010;10:20:00;779;com vítima;808;BR-040/MG;Norte;Tombamento;;;1;;;;;;;;1;1;;;
07/10/2010;00:04:00;738;sem vítima;813;BR-040/MG;Norte;Atropelamento - Animal;;;1;;;;;;;;1;;;;
07/10/2010;10:04:00;776;sem vítima;92;BR-040/RJ;Sul;Choque - Objeto Fixo;1;;;;;;;;;;1;;;;
07/10/2010;14:38:00;813;sem vítima;111;BR-040/RJ;Norte;Capotamento;1;;;;;;;;;;1;;;;
07/10/2010;11:39:00;789;sem vítima;119;BR-040/RJ;Sul;Colisão Lateral;1;;1;;;;;;;;2;;;;
07/10/2010;18:43:00;842;sem vítima;120;BR-040/RJ;Sul;Colisão Traseira;2;;;;;;;;;;2;;;;
07/10/2010;18:31:00;839;sem vítima;121;BR-040/RJ;Sul;Colisão Lateral;1;;1;;;;;;;;2;;;;
08/10/2010;16:44:00;946;sem vítima;4;BR-040/RJ;Sul;Choque - Objeto Fixo;1;;;;;;;;;;1;;;;
08/10/2010;01:44:00;863;sem vítima;13;BR-040/RJ;Norte;Choque - Objeto Fixo;;;1;;;;;;;;1;;;;
08/10/2010;17:16:00;954;sem vítima;28;BR-040/RJ;Norte;Atropelamento - Animal;1;;;;;;;;;;1;;;;
08/10/2010;13:11:00;913;com vítima;34;BR-040/RJ;Norte;Capotamento;1;;;;;;;;;;0;1;;;
08/10/2010;06:58:00;873;sem vítima;43;BR-040/RJ;Norte;Derrapagem;1;;;;;;;;;;1;;;;
08/10/2010;07:30:00;876;sem vítima;77;BR-040/RJ;Sul;Choque - Objeto Fixo;1;;;;;;;;;;1;;;;
08/10/2010;20:04:00;984;sem vítima;80;BR-040/RJ;Sul;Choque - Objeto Fixo;1;;;;;;;;;;1;;;;
08/10/2010;17:20:00;956;sem vítima;790;BR-040/MG;Norte;Atropelamento - Animal;1;;;;;;;;;;1;;;;
08/10/2010;03:52:00;868;sem vítima;817;BR-040/MG;Norte;Choque - Objeto Fixo;;;1;;;;;;;;1;;;;
08/10/2010;13:55:00;921;sem vítima;828;BR-040/MG;Sul;Colisão Lateral;1;;1;;;;;;;;2;;;;
08/10/2010;04:04:00;869;com vítima;90;BR-040/RJ;Norte;Choque - Objeto Fixo;1;;;;;;;;;;0;1;;;
08/10/2010;19:04:00;976;sem vítima;105;BR-040/RJ;Norte;Colisão Traseira;2;;;;;;;;;;2;;;;
08/10/2010;08:32:00;885;com vítima;122;BR-040/RJ;Norte;Colisão Traseira;1;;;;;1;;;;;1;1;;;
08/10/2010;07:58:00;881;sem vítima;123;BR-040/RJ;Sul;Colisão Traseira;1;;1;;;;;;;;2;;;;
09/10/2010;21:27:00;1155;sem vítima;39;BR-040/RJ;Norte;Choque - Objeto Fixo;1;;;;;;;;;;1;;;;
09/10/2010;15:19:00;1107;sem vítima;73;BR-040/RJ;Sul;Choque - Objeto Fixo;1;;;;;;;;;;1;;;;
09/10/2010;12:57:00;1091;sem vítima;74;BR-040/RJ;Sul;Choque - Objeto Fixo;1;;;;;;;;;;1;;;;
09/10/2010;07:00:00;1038;com vítima;78;BR-040/RJ;Sul;Capotamento;1;;;;;;;;;;0;1;;;
09/10/2010;11:04:00;1074;sem vítima;78;BR-040/RJ;Sul;Choque - Objeto Fixo;1;;;;;;;;;;1;;;;
09/10/2010;00:59:00;1010;sem vítima;781;BR-040/MG;Sul;Colisão Lateral;2;;;;;;;;;;2;;;;
09/10/2010;14:01:00;1099;sem vítima;85;BR-040/RJ;Sul;Choque - Objeto Fixo;1;;;;;;;;;;1;;;;
09/10/2010;08:50:00;1050;sem vítima;88;BR-040/RJ;Norte;Choque - Objeto Fixo;1;;;;;;;;;;1;;;;
09/10/2010;08:50:00;1053;sem vítima;89;BR-040/RJ;Norte;Choque - Objeto Fixo;1;;;;;;;;;;1;;;;
09/10/2010;13:04:00;1094;sem vítima;90;BR-040/RJ;Norte;Choque - Objeto Fixo;1;;;;;;;;;;1;;;;
09/10/2010;15:05:00;1106;com vítima;90;BR-040/RJ;Sul;Choque - Objeto Fixo;1;;;;;;;;;;0;4;;;
09/10/2010;10:24:00;1065;com vítima;92;BR-040/RJ;Sul;Choque - Objeto Fixo;1;;;;;;;;;;0;4;;;
09/10/2010;10:16:00;1063;sem vítima;93;BR-040/RJ;Norte;Choque - Objeto Fixo;1;;;;;;;;;;1;;;;
09/10/2010;15:51:00;1113;sem vítima;93;BR-040/RJ;Sul;Choque - Objeto Fixo;1;;;;;;;;;;1;;;;
09/10/2010;06:52:00;1035;sem vítima;94;BR-040/RJ;Sul;Choque - Objeto Fixo;1;;;;;;;;;;1;;;;
09/10/2010;06:52:00;1036;sem vítima;94;BR-040/RJ;Sul;Choque - Objeto Fixo;1;;;;;;;;;;1;;;;
09/10/2010;06:52:00;1037;sem vítima;94;BR-040/RJ;Sul;Choque - Objeto Fixo;1;;;;;;;;;;1;;;;
09/10/2010;07:01:00;1040;sem vítima;94;BR-040/RJ;Sul;Choque - Objeto Fixo;1;;;;;;;;;;1;;;;
09/10/2010;13:18:00;1096;sem vítima;94;BR-040/RJ;Sul;Choque - Objeto Fixo;1;;;;;;;;;;1;;;;
09/10/2010;12:30:00;1087;com vítima;96;BR-040/RJ;Sul;Colisão Lateral;2;;;;;;;;;;0;2;2;;
09/10/2010;12:13:00;1086;sem vítima;97;BR-040/RJ;Sul;Choque - Objeto Fixo;1;;;;;;;;;;1;;;;
09/10/2010;10:15:00;1062;com vítima;101;BR-040/RJ;Sul;Capotamento;1;;;;;;;;;;0;5;;;
09/10/2010;15:32:00;1110;sem vítima;101;BR-040/RJ;Sul;Colisão Traseira;1;;1;;;;;;;;2;;;;
09/10/2010;04:05:00;1023;sem vítima;114;BR-040/RJ;Norte;Colisão Traseira;1;;;;;1;;;;;2;;;;
09/10/2010;15:42:00;1112;com vítima;120;BR-040/RJ;Norte;Colisão Lateral;1;;;1;;;;;;;1;1;;;
09/10/2010;19:19:00;1144;com vítima;124;BR-040/RJ;Norte;Colisão Lateral;1;;;1;;;;;;;1;1;;;
10/10/2010;05:16:00;1176;com vítima;54;BR-040/RJ;Sul;Capotamento;1;;;;;;;;;;1;;1;;
10/10/2010;22:00:00;1274;sem vítima;74;BR-040/RJ;Norte;Capotamento;1;;;;;;;;;;1;;;;
10/10/2010;06:23:00;1179;sem vítima;86;BR-040/RJ;Norte;Choque - Objeto Fixo;1;;;;;;;;;;1;;;;
10/10/2010;07:43:00;1189;sem vítima;92;BR-040/RJ;Sul;Choque - Objeto Fixo;1;;;;;;;;;;1;;;;
10/10/2010;22:07:00;1275;sem vítima;94;BR-040/RJ;Norte;Choque - Objeto Fixo;1;;;;;;;;;;1;;;;
10/10/2010;22:32:00;1277;sem vítima;94;BR-040/RJ;Norte;Choque - Objeto Fixo;1;;;;;;;;;;1;;;;
10/10/2010;19:31:00;1261;com vítima;106;BR-040/RJ;Norte;Colisão Traseira;;;;1;;1;;;;;1;;;1;
10/10/2010;15:45:00;1236;sem vítima;112;BR-040/RJ;Norte;Colisão Traseira;2;;;;;;;;;;2;;;;
11/10/2010;08:30:00;1312;sem vítima;4;BR-040/RJ;Sul;Tombamento;;;1;;;;;;;;1;;;;
11/10/2010;02:11:00;1296;com vítima;52;BR-040/RJ;Norte;Choque - Objeto Fixo;1;;;;;;;;;;0;;1;;
11/10/2010;15:25:00;1356;sem vítima;77;BR-040/RJ;Sul;Choque - Objeto Fixo;1;;;;;;;;;;1;;;;
11/10/2010;20:47:00;1398;sem vítima;85;BR-040/RJ;Norte;Choque - Objeto Fixo;1;;;;;;;;;;1;;;;
11/10/2010;14:50:00;1354;com vítima;92;BR-040/RJ;Sul;Choque - Objeto Fixo;1;;;;;;;;;;0;1;;;
11/10/2010;19:38:00;1387;sem vítima;92;BR-040/RJ;Sul;Capotamento;1;;;;;;;;;;1;;;;
11/10/2010;14:42:00;1353;sem vítima;97;BR-040/RJ;Sul;Choque - Objeto Fixo;1;;;;;;;;;;1;;;;
11/10/2010;18:21:00;1371;sem vítima;122;BR-040/RJ;Sul;Colisão Traseira;2;;;;;;;;;;2;;;;
11/10/2010;10:35:00;1322;sem vítima;123;BR-040/RJ;Sul;Queda de Moto;;;;1;;;;;;;1;;;;
12/10/2010;12:15:00;1471;sem vítima;4;BR-040/RJ;Sul;Colisão Lateral;1;;1;;;;;;;;2;;;;
12/10/2010;10:18:00;1448;com vítima;76;BR-040/RJ;Norte;Choque - Objeto Fixo;1;;;;;;;;;;0;1;;;
12/10/2010;00:00:00;1418;sem vítima;77;BR-040/RJ;Sul;Choque - Objeto Fixo;;;1;;;;;;;;1;;;;
12/10/2010;04:19:00;1427;sem vítima;84;BR-040/RJ;Sul;Choque - Objeto Fixo;1;;;;;;;;;;1;;;;
12/10/2010;19:55:00;1518;sem vítima;811;BR-040/MG;Sul;Colisão Traseira;;;1;;;1;;;;;2;;;;
12/10/2010;01:01:00;1423;sem vítima;85;BR-040/RJ;Norte;Derrapagem;1;;;;;;;;;;1;;;;
12/10/2010;10:42:00;1449;sem vítima;87;BR-040/RJ;Norte;Queda de Moto;;;;1;;;;;;;1;;;;
12/10/2010;16:11:00;1483;sem vítima;90;BR-040/RJ;Norte;Choque - Objeto Fixo;1;;;;;;;;;;1;;;;
12/10/2010;07:01:00;1431;com vítima;93;BR-040/RJ;Norte;Choque - Objeto Fixo;1;;;;;;;;;;0;1;;;
12/10/2010;13:55:00;1468;sem vítima;104;BR-040/RJ;Norte;Colisão Traseira;2;;;;;;;;;;2;;;;
12/10/2010;05:08:00;1428;sem vítima;106;BR-040/RJ;Norte;Choque - Objeto Fixo;1;;;;;;;;;;1;;;;
12/10/2010;19:43:00;1515;sem vítima;109;BR-040/RJ;Norte;Colisão Lateral;1;;;;;1;;;;;2;;;;
12/10/2010;20:41:00;1529;com vítima;113;BR-040/RJ;Sul;Queda de Moto;;;;1;;;;;;;0;1;1;;
13/10/2010;01:51:00;1551;sem vítima;37;BR-040/RJ;Sul;Choque - Objeto Fixo;1;;;;;;;;;;1;;;;
13/10/2010;13:53:00;1605;sem vítima;73;BR-040/RJ;Sul;Colisão Traseira;2;;;;;;;;;;2;;;;
13/10/2010;06:53:00;1562;sem vítima;93;BR-040/RJ;Norte;Capotamento;1;;;;;;;;;;1;;;;
13/10/2010;17:32:00;1645;sem vítima;97;BR-040/RJ;Norte;Tombamento;;;1;;;;;;;;1;;;;
13/10/2010;19:20:00;1653;sem vítima;110;BR-040/RJ;Norte;Colisão Traseira;2;;;;;;;;;;2;;;;
13/10/2010;20:44:00;1668;sem vítima;113;BR-040/RJ;Norte;Engavetamento;3;;;;;;;;;;3;;;;
13/10/2010;13:44:00;1603;sem vítima;114;BR-040/RJ;Sul;Tombamento;;;1;;;;;;;;1;;;;
13/10/2010;15:39:00;1626;sem vítima;119;BR-040/RJ;Norte;Engavetamento;3;;;;;;;;;;3;;;;
13/10/2010;15:00:00;1621;sem vítima;120;BR-040/RJ;Norte;Colisão Lateral;1;;1;;;;;;;;2;;;;
13/10/2010;16:19:00;1632;sem vítima;123;BR-040/RJ;Sul;Colisão Lateral;1;;;;1;;;;;;2;;;;
14/10/2010;17:00:00;1767;sem vítima;6;BR-040/RJ;Sul;Colisão Traseira;1;;1;;;;;;;;2;;;;
14/10/2010;14:11:00;1735;sem vítima;14;BR-040/RJ;Norte;Capotamento;1;;;;;;;;;;4;;;;
14/10/2010;18:37:00;1778;sem vítima;96;BR-040/RJ;Norte;Choque - Objeto Fixo;1;;;;;;;;;;1;;;;
14/10/2010;19:57:00;1786;sem vítima;120;BR-040/RJ;Sul;Choque - Objeto Fixo;1;;;;;;;;;;1;;;;
15/10/2010;02:39:00;1801;com vítima;4;BR-040/RJ;Norte;Choque - Objeto Fixo;;;1;;;;;;;;1;1;;;
15/10/2010;10:09:00;1832;com vítima;32;BR-040/RJ;Sul;Tombamento;;;1;;;;;;;;0;;1;;
15/10/2010;19:24:00;1907;com vítima;42;BR-040/RJ;Norte;Colisão Lateral;;1;;;;1;;;;;0;2;1;;
15/10/2010;09:48:00;1829;com vítima;784;BR-040/MG;Norte;Tombamento;;;1;;;;;;;;0;1;;;
15/10/2010;22:31:00;1924;com vítima;794;BR-040/MG;Norte;Colisão Traseira;2;;;;;;;;;;1;2;1;;
15/10/2010;04:42:00;1806;sem vítima;96;BR-040/RJ;Norte;Choque - Objeto Fixo;;;1;;;;;;;;1;;;;
15/10/2010;23:13:00;1930;sem vítima;106;BR-040/RJ;Sul;Colisão Traseira;1;;;1;;;;;;;2;;;;
15/10/2010;03:32:00;1802;sem vítima;114;BR-040/RJ;Sul;Derrapagem;1;;;;;;;;;;1;;;;
15/10/2010;13:37:00;1855;sem vítima;122;BR-040/RJ;Norte;Colisão Lateral;1;;1;;;;;;;;2;;;;
15/10/2010;17:55:00;1894;com vítima;122;BR-040/RJ;Norte;Engavetamento;1;;;;;2;;;;;2;1;;;
15/10/2010;17:55:00;1901;sem vítima;122;BR-040/RJ;Norte;Colisão Lateral;1;;1;;;;;;;;2;;;;
16/10/2010;06:10:00;1951;com vítima;4;BR-040/RJ;Sul;Capotamento;1;;;;;;;;;;1;1;;;
16/10/2010;16:23:00;2024;sem vítima;41;BR-040/RJ;Norte;Colisão Traseira;2;;;;;;;;;;2;;;;
16/10/2010;15:06:00;2013;com vítima;52;BR-040/RJ;Sul;Capotamento;1;;;;;;;;;;0;1;;;
16/10/2010;15:34:00;2014;sem vítima;75;BR-040/RJ;Sul;Choque - Objeto Fixo;1;;;;;;;;;;1;;;;
16/10/2010;14:53:00;2010;com vítima;100;BR-040/RJ;Norte;Queda de Moto;;;;1;;;;;;;0;1;;;
16/10/2010;18:45:00;2043;sem vítima;105;BR-040/RJ;Norte;Colisão Traseira;1;;1;;;;;;;;2;;;;
16/10/2010;16:29:00;2026;sem vítima;113;BR-040/RJ;Norte;Capotamento;1;;;;;;;;;;1;;;;
16/10/2010;11:30:00;1987;sem vítima;123;BR-040/RJ;Sul;Colisão Traseira;2;;;;;;;;;;2;;;;
16/10/2010;12:26:00;1990;com vítima;123;BR-040/RJ;Norte;Colisão Traseira;1;;1;;;;;;;;0;3;;;
17/10/2010;22:06:00;2174;sem vítima;22;BR-040/RJ;Norte;Choque - Objeto Fixo;1;;1;;;;;;;;2;;;;
17/10/2010;18:28:00;2143;com vítima;34;BR-040/RJ;Norte;Choque - Objeto Fixo;1;;;;;;;;;;1;1;;;
17/10/2010;21:20:00;2168;com vítima;80;BR-040/RJ;Sul;Capotamento;1;;;;;;;;;;0;1;2;;
17/10/2010;21:01:00;2166;com vítima;787;BR-040/MG;Norte;Atropelamento - Animal;;;;;1;;;;;;0;1;;;
17/10/2010;19:47:00;2152;com vítima;105;BR-040/RJ;Norte;Colisão Lateral;;;;;;2;;;;;1;;1;;
17/10/2010;20:12:00;2157;com vítima;106;BR-040/RJ;Norte;Capotamento;1;;;;;;;;;;0;4;1;;
17/10/2010;09:16:00;2080;sem vítima;111;BR-040/RJ;Norte;Capotamento;1;;;;;;;;;;2;;;;
17/10/2010;22:22:00;2176;sem vítima;114;BR-040/RJ;Sul;Colisão Traseira;2;;;;;;;;;;2;;;;
18/10/2010;11:31:00;2217;sem vítima;50;BR-040/RJ;Norte;Choque - Objeto Fixo;1;;;;;;;;;;1;;;;
18/10/2010;06:03:00;2199;com vítima;52;BR-040/RJ;Norte;Capotamento;2;;;;;;;;;;0;2;1;;
18/10/2010;16:15:00;2253;com vítima;53;BR-040/RJ;Sul;Colisão Traseira;2;;;;;;;;;;0;4;2;;
18/10/2010;12:30:00;2223;sem vítima;71;BR-040/RJ;Norte;Choque - Objeto Fixo;1;;;;;;;;;;1;;;;
18/10/2010;00:57:00;2187;sem vítima;81;BR-040/RJ;Norte;Choque - Objeto Fixo;1;;;;;;;;;;1;;;;
18/10/2010;15:46:00;2242;sem vítima;812;BR-040/MG;Norte;Choque - Objeto Fixo;1;;;;;;;;;;1;;;;
18/10/2010;14:39:00;2232;com vítima;823;BR-040/MG;Sul;Colisão Traseira;1;;1;;;;;;;;1;4;1;;
18/10/2010;17:19:00;2254;com vítima;828;BR-040/MG;Norte;Choque - Objeto Fixo;1;;;;;;;;;;0;1;;;
18/10/2010;11:21:00;2215;sem vítima;85;BR-040/RJ;Norte;Choque - Objeto Fixo;1;;;;;;;;;;1;;;;
18/10/2010;14:19:00;2228;sem vítima;85;BR-040/RJ;Norte;Choque - Objeto Fixo;1;;;;;;;;;;1;;;;
18/10/2010;14:19:00;2227;com vítima;92;BR-040/RJ;Sul;Capotamento;1;;;;;;;;;;1;1;;;
18/10/2010;15:53:00;2244;sem vítima;93;BR-040/RJ;Norte;Choque - Objeto Fixo;1;;;;;;;;;;1;;;;
18/10/2010;17:12:00;2252;sem vítima;93;BR-040/RJ;Norte;Choque - Objeto Fixo;1;;;;;;;;;;1;;;;
18/10/2010;15:50:00;2248;com vítima;110;BR-040/RJ;Norte;Colisão Traseira;;;2;;;;;;;;1;1;;;
18/10/2010;15:39:00;2240;sem vítima;124;BR-040/RJ;Sul;Colisão Lateral;1;;1;;;;;;;;2;;;;
19/10/2010;17:51:00;2366;com vítima;808;BR-040/MG;Sul;Capotamento;1;;;;;;;;;;0;1;;;
19/10/2010;07:06:00;2303;com vítima;92;BR-040/RJ;Sul;Capotamento;1;;;;;;;;;;0;3;1;;
19/10/2010;13:16:00;2338;sem vítima;110;BR-040/RJ;Norte;Colisão Traseira;1;;;;1;;;;;;2;;;;
19/10/2010;14:35:00;2345;sem vítima;115;BR-040/RJ;Sul;Colisão Traseira;1;;1;;;;;;;;2;;;;
19/10/2010;16:26:00;2357;sem vítima;123;BR-040/RJ;Sul;Colisão Lateral;1;;1;;;;;;;;2;;;;
19/10/2010;22:41:00;2393;sem vítima;124;BR-040/RJ;Norte;Choque - Objeto Fixo;1;;;;;;;;;;1;;;;
20/10/2010;02:55:00;2404;sem vítima;88;BR-040/RJ;Sul;Choque - Objeto Fixo;;;1;;;;;;;;1;;;;
20/10/2010;15:55:00;2465;sem vítima;110;BR-040/RJ;Norte;Colisão Traseira;;;1;;1;;;;;;2;;;;
20/10/2010;18:11:00;2486;sem vítima;110;BR-040/RJ;Norte;Colisão Lateral;1;;1;;;;;;;;2;;;;
20/10/2010;04:18:00;2405;com vítima;111;BR-040/RJ;Sul;Choque - Objeto Fixo;1;;;;;;;;;;0;;2;;
20/10/2010;18:43:00;2488;sem vítima;114;BR-040/RJ;Norte;Colisão Traseira;1;;;;;1;;;;;2;;;;
20/10/2010;08:25:00;2416;sem vítima;121;BR-040/RJ;Sul;Engavetamento;5;;;;;;;;;;5;;;;
20/10/2010;19:52:00;2498;sem vítima;124;BR-040/RJ;Sul;Colisão Lateral;2;;;;;;;;;;2;;;;
21/10/2010;11:00:00;2558;sem vítima;90;BR-040/RJ;Norte;Colisão Traseira;2;;;;;;;;;;2;;;;
21/10/2010;12:21:00;2565;com vítima;97;BR-040/RJ;Sul;Choque - Objeto Fixo;;;1;;;;;;;;0;;1;;
21/10/2010;08:09:00;2532;com vítima;116;BR-040/RJ;Sul;Atropelamento - Pedestre;1;;1;;;;;;;;1;;;;1
21/10/2010;08:09:00;2539;sem vítima;116;BR-040/RJ;Sul;Colisão Lateral;2;;1;;;;;;;;3;;;;