data;horario;n_da_ocorrencia;tipo_de_ocorrencia;km;trecho;sentido;tipo_de_acidente;automovel;bicicleta;caminhao;moto;onibus;outros;tracao_animal;transporte_de_cargas_especiais;trator_maquinas;utilitarios;ilesos;levemente_feridos;moderadamente_feridos;gravemente_feridos;mortos
21/10/2010;04:33:00;2520;sem vítima;123;BR-040/RJ;Sul;Derrapagem;1;;;;;;;;;;1;;;;
21/10/2010;17:57:00;2605;sem vítima;124;BR-040/RJ;Sul;Colisão Traseira;1;;1;;;;;;;;2;;;;
22/10/2010;18:34:00;2742;com vítima;16;BR-040/RJ;Norte;Capotamento;1;;;;;;;;;;0;1;;;
22/10/2010;06:27:00;2656;com vítima;34;BR-040/RJ;Norte;Tombamento;;;1;;;;;;;;0;1;;;
22/10/2010;22:06:00;2773;sem vítima;115;BR-040/RJ;Sul;Atropelamento - Animal;;;;;;1;;;;;1;;;;
23/10/2010;21:55:00;2914;com vítima;51;BR-040/RJ;Norte;Choque - Objeto Fixo;1;;;;;;;;;;2;2;;;
23/10/2010;17:18:00;2885;com vítima;73;BR-040/RJ;Norte;Queda de Moto;;;;1;;;;;;;0;;1;;
23/10/2010;23:10:00;2923;sem vítima;78;BR-040/RJ;Sul;Choque - Objeto Fixo;1;;;;;;;;;;1;;;;
23/10/2010;10:40:00;2837;com vítima;812;BR-040/MG;Norte;Queda de Moto;;;;1;;;;;;;0;;1;;
23/10/2010;20:33:00;2906;sem vítima;97;BR-040/RJ;Sul;Choque - Objeto Fixo;1;;;;;;;;;;1;;;;
23/10/2010;10:40:00;2836;com vítima;109;BR-040/RJ;Sul;Capotamento;;;1;;;;;;;;0;;11;;
23/10/2010;12:31:00;2844;sem vítima;109;BR-040/RJ;Norte;Colisão Traseira;1;;1;;;;;;;;2;;;;
23/10/2010;20:50:00;2908;sem vítima;111;BR-040/RJ;Sul;Capotamento;1;;;;;;;;;;1;;;;
23/10/2010;18:49:00;2897;sem vítima;114;BR-040/RJ;Norte;Choque - Objeto Fixo;1;;;;;;;;;;1;;;;
23/10/2010;09:51:00;2828;com vítima;119;BR-040/RJ;Norte;Choque - Objeto Fixo;1;;;;;;;;;;0;1;;;
23/10/2010;03:13:00;2800;sem vítima;120;BR-040/RJ;Sul;Choque - Objeto Fixo;1;;;;;;;;;;1;;;;
24/10/2010;22:47:00;3014;sem vítima;25;BR-040/RJ;Sul;Choque - Objeto Fixo;1;;;;;;;;;;1;;;;
24/10/2010;05:02:00;2936;com vítima;32;BR-040/RJ;Sul;Derrapagem;;;1;;;;;;;;0;1;;;
24/10/2010;15:35:00;2973;com vítima;72;BR-040/RJ;Norte;Capotamento;1;;;;;;;;;;0;;1;;
24/10/2010;06:35:00;2941;sem vítima;81;BR-040/RJ;Sul;Choque - Objeto Fixo;1;;;;;;;;;;1;;;;
24/10/2010;19:25:00;3002;com vítima;92;BR-040/RJ;Sul;Capotamento;1;;;;;;;;;;0;2;;;
24/10/2010;14:29:00;2970;sem vítima;94;BR-040/RJ;Sul;Derrapagem;1;;;;;;;;;;1;;;;
24/10/2010;15:40:00;2976;sem vítima;94;BR-040/RJ;Sul;Choque - Objeto Fixo;1;;;;;;;;;;1;;;;
24/10/2010;16:18:00;2982;sem vítima;94;BR-040/RJ;Sul;Choque - Objeto Fixo;1;;;;;;;;;;1;;;;
24/10/2010;18:00:00;2992;com vítima;94;BR-040/RJ;Sul;Capotamento;1;;;;;;;;;;0;1;;;
24/10/2010;13:29:00;2965;com vítima;100;BR-040/RJ;Norte;Queda de Moto;;;;1;;;;;;;0;;1;;
24/10/2010;07:40:00;2948;com vítima;104;BR-040/RJ;Sul;Colisão Lateral;;;;1;1;;;;;;1;1;;;
24/10/2010;08:22:00;2952;sem vítima;119;BR-040/RJ;Sul;Choque - Objeto Fixo;1;;;;;;;;;;1;;;;
25/10/2010;09:39:00;3042;com vítima;52;BR-040/RJ;Norte;Capotamento;1;;;;;;;;;;1;3;1;;
25/10/2010;15:28:00;3076;sem vítima;55;BR-040/RJ;Sul;Choque - Objeto Fixo;1;;;;;;;;;;1;;;;
25/10/2010;10:32:00;3050;sem vítima;74;BR-040/RJ;Sul;Colisão Transversal;1;;;;1;;;;;;2;;;;
25/10/2010;10:21:00;3048;sem vítima;78;BR-040/RJ;Norte;Colisão Traseira;2;;;;;;;;;;2;;;;
25/10/2010;19:58:00;3105;sem vítima;782;BR-040/MG;Norte;Choque - Objeto Fixo;;;1;;;;;;;;1;;;;
25/10/2010;20:30:00;3109;com vítima;783;BR-040/MG;Norte;Choque - Objeto Fixo;1;;;;;;;;;;0;;1;;
25/10/2010;17:28:00;3087;sem vítima;109;BR-040/RJ;Norte;Colisão Lateral;1;;1;;;;;;;;2;;;;
25/10/2010;23:30:00;3127;com vítima;109;BR-040/RJ;Norte;Engavetamento;2;;;;1;;;;;;2;1;;;
25/10/2010;21:37:00;3115;com vítima;115;BR-040/RJ;Norte;Queda de Moto;;;;1;;;;;;;0;;2;;
25/10/2010;07:04:00;3028;sem vítima;121;BR-040/RJ;Norte;Derrapagem;;;;;1;;;;;;1;;;;
26/10/2010;08:43:00;3158;com vítima;22;BR-040/RJ;Norte;Tombamento;;;1;;;;;;;;0;1;;;
26/10/2010;22:59:00;3238;sem vítima;22;BR-040/RJ;Sul;Choque - Objeto Fixo;1;;;;;;;;;;1;;;;
26/10/2010;18:15:00;3215;com vítima;34;BR-040/RJ;Sul;Colisão Traseira;1;;1;;;;;;;;2;;1;;
26/10/2010;00:55:00;3135;com vítima;43;BR-040/RJ;Sul;Capotamento;1;;;;;;;;;;0;3;2;;
26/10/2010;18:24:00;3216;sem vítima;788;BR-040/MG;Norte;Choque - Objeto Fixo;1;;;;;;;;;;1;;;;
26/10/2010;19:49:00;3222;sem vítima;85;BR-040/RJ;Norte;Derrapagem;1;;;;;;;;;;1;;;;
26/10/2010;17:45:00;3214;com vítima;96;BR-040/RJ;Sul;Choque - Objeto Fixo;1;;;;;;;;;;0;1;;;
26/10/2010;21:38:00;3231;sem vítima;97;BR-040/RJ;Sul;Derrapagem;;;1;;;;;;;;1;;;;
26/10/2010;16:56:00;3207;com vítima;105;BR-040/RJ;Norte;Capotamento;1;;;;;;;;;;0;1;;;
26/10/2010;20:07:00;3224;com vítima;113;BR-040/RJ;Norte;Queda de Moto;;;;1;;;;;;;0;1;;;
26/10/2010;21:15:00;3228;sem vítima;116;BR-040/RJ;Sul;Colisão Traseira;1;;1;;;;;;;;2;;;;
26/10/2010;00:47:00;3134;com vítima;118;BR-040/RJ;Sul;Capotamento;1;;;;;;;;;;0;1;;;
26/10/2010;08:25:00;3154;sem vítima;120;BR-040/RJ;Sul;Colisão Transversal;1;;1;;;;;;;;2;;;;
26/10/2010;06:30:00;3147;sem vítima;121;BR-040/RJ;Sul;Colisão Traseira;;;1;1;;;;;;;2;;;;
26/10/2010;13:26:00;3190;sem vítima;122;BR-040/RJ;Sul;Choque - Objeto Fixo;1;;;;;;;;;;1;;;;
26/10/2010;11:00:00;3176;com vítima;123;BR-040/RJ;Norte;Engavetamento;1;;2;;;;;;;;2;;;;1
27/10/2010;15:43:00;3311;sem vítima;46;BR-040/RJ;Norte;Choque - Objeto Fixo;1;;;;;;;;;;1;;;;
27/10/2010;09:53:00;3274;sem vítima;73;BR-040/RJ;Sul;Choque - Objeto Fixo;1;;;;;;;;;;1;;;;
27/10/2010;20:21:00;3340;sem vítima;75;BR-040/RJ;Norte;Choque - Objeto Fixo;;;;1;;;;;;;1;;;;
27/10/2010;21:26:00;3346;com vítima;810;BR-040/MG;Norte;Colisão Frontal;2;;;;;;;;;;1;1;;;
27/10/2010;09:56:00;3275;com vítima;87;BR-040/RJ;Norte;Capotamento;1;;;;;;;;;;0;2;;;
27/10/2010;09:12:00;3267;com vítima;90;BR-040/RJ;Sul;Derrapagem;1;;;;;;;;;;0;;1;;
27/10/2010;08:43:00;3262;com vítima;92;BR-040/RJ;Sul;Capotamento;1;;;;;;;;;;0;;1;;
27/10/2010;23:11:00;3352;com vítima;113;BR-040/RJ;Sul;Capotamento;1;;;;;;;;;;0;1;;;
27/10/2010;08:19:00;3260;sem vítima;119;BR-040/RJ;Sul;Colisão Traseira;1;;;;1;;;;;;2;;;;
27/10/2010;04:01:00;3250;sem vítima;122;BR-040/RJ;Sul;Colisão Lateral;2;;;;;;;;;;2;;;;
27/10/2010;15:42:00;3310;sem vítima;122;BR-040/RJ;Norte;Capotamento;1;;;;;;;;;;1;;;;
27/10/2010;09:25:00;3269;sem vítima;124;BR-040/RJ;Sul;Colisão Lateral;1;;1;;;;;;;;2;;;;
28/10/2010;06:36:00;3364;com vítima;48;BR-040/RJ;Norte;Derrapagem;1;;;;;;;;;;1;1;;;
28/10/2010;09:06:00;3379;com vítima;78;BR-040/RJ;Sul;Capotamento;1;;;;;;;;;;0;1;;;
28/10/2010;21:32:00;3465;com vítima;78;BR-040/RJ;Sul;Capotamento;1;;;;;;;;;;0;3;;;
28/10/2010;09:05:00;3383;sem vítima;85;BR-040/RJ;Norte;Choque - Objeto Fixo;1;;;;;;;;;;1;;;;
28/10/2010;09:15:00;3382;com vítima;109;BR-040/RJ;Sul;Colisão Lateral;1;;;1;;;;;;;1;1;;;
28/10/2010;16:52:00;3436;sem vítima;112;BR-040/RJ;Sul;Colisão Traseira;;;2;;;;;;;;2;;;;
28/10/2010;23:12:00;3473;com vítima;115;BR-040/RJ;Norte;Capotamento;1;;;;;;;;;;0;1;;;
28/10/2010;08:35:00;3375;sem vítima;117;BR-040/RJ;Sul;Colisão Lateral;1;;;;1;;;;;;2;;;;
28/10/2010;14:52:00;3422;sem vítima;119;BR-040/RJ;Norte;Colisão Traseira;2;;;;;;;;;;2;;;;
28/10/2010;16:03:00;3428;sem vítima;120;BR-040/RJ;Norte;Colisão Lateral;1;;1;;;;;;;;2;;;;
29/10/2010;09:35:00;3502;sem vítima;69;BR-040/RJ;Norte;Choque - Objeto Fixo;1;;;;;;;;;;1;;;;
29/10/2010;11:27:00;3518;com vítima;75;BR-040/RJ;Sul;Choque - Objeto Fixo;1;;;;;;;;;;0;;1;;
29/10/2010;17:28:00;3569;sem vítima;86;BR-040/RJ;Norte;Colisão Traseira;2;;;;;;;;;;2;;;;
29/10/2010;17:02:00;3564;sem vítima;92;BR-040/RJ;Norte;Colisão Traseira;2;;;;;;;;;;2;;;;
29/10/2010;20:35:00;3595;com vítima;95;BR-040/RJ;Norte;Queda de Moto;;;;1;;;;;;;0;;1;;
29/10/2010;17:15:00;3566;sem vítima;97;BR-040/RJ;Norte;Choque - Objeto Fixo;1;;;;;;;;;;1;;;;
29/10/2010;19:07:00;3586;com vítima;103;BR-040/RJ;Norte;Colisão Traseira;1;;;;;1;;;;;1;;1;;
29/10/2010;06:45:00;3488;sem vítima;114;BR-040/RJ;Sul;Colisão Traseira;2;;1;;;;;;;;3;;;;
29/10/2010;13:31:00;3534;sem vítima;115;BR-040/RJ;Norte;Colisão Lateral;1;;1;;;;;;;;2;;;;
30/10/2010;19:27:00;3780;com vítima;19;BR-040/RJ;Norte;Choque - Objeto Fixo;1;;;;;;;;;;0;1;;;
30/10/2010;16:40:00;3748;com vítima;22;BR-040/RJ;Norte;Capotamento;1;;;;;;;;;;1;;1;;1
30/10/2010;17:34:00;3755;com vítima;65;BR-040/RJ;Norte;Colisão Lateral;2;;;;;;;;;;0;5;2;1;1
30/10/2010;10:37:00;3673;com vítima;85;BR-040/RJ;Norte;Queda de Moto;;;;1;;;;;;;0;1;;;
30/10/2010;16:15:00;3741;com vítima;85;BR-040/RJ;Sul;Capotamento;1;;;;;;;;;;0;2;;;
30/10/2010;20:03:00;3788;sem vítima;85;BR-040/RJ;Norte;Choque - Objeto Fixo;1;;;;;;;;;;1;;;;
30/10/2010;23:09:00;3803;sem vítima;85;BR-040/RJ;Norte;Colisão Lateral;;;2;;;;;;;;2;;;;
30/10/2010;18:24:00;3765;com vítima;91;BR-040/RJ;Sul;Capotamento;1;;;;;;;;;;0;;1;;1
30/10/2010;17:43:00;3757;sem vítima;92;BR-040/RJ;Norte;Choque - Objeto Fixo;1;;;;;;;;;;1;;;;
30/10/2010;19:26:00;3781;com vítima;94;BR-040/RJ;Sul;Choque - Objeto Fixo;1;;;;;;;;;;0;1;;;
30/10/2010;19:39:00;3782;com vítima;94;BR-040/RJ;Sul;Queda de Moto;;;;1;;;;;;;0;1;;;
30/10/2010;17:15:00;3752;sem vítima;119;BR-040/RJ;Norte;Colisão Lateral;1;;;;;;;;;;1;;;;
30/10/2010;17:33:00;3754;sem vítima;119;BR-040/RJ;Norte;Colisão Lateral;1;;;;;;;;;;1;;;;
30/10/2010;18:38:00;3770;sem vítima;119;BR-040/RJ;Norte;Choque - Objeto Fixo;1;;;;;;;;;;1;;;;
30/10/2010;19:40:00;3790;sem vítima;124;BR-040/RJ;Sul;Choque - Objeto Fixo;1;;;;;;;;;;1;;;;
31/10/2010;05:01:00;3819;sem vítima;26;BR-040/RJ;Norte;Choque - Objeto Fixo;1;;;;;;;;;;1;;;;
31/10/2010;11:36:00;3843;com vítima;52;BR-040/RJ;Norte;Choque - Objeto Fixo;1;;;;;;;;;;0;1;;;
31/10/2010;04:55:00;3818;sem vítima;53;BR-040/RJ;Norte;Choque - Objeto Fixo;1;;;;;;;;;;1;;;;
31/10/2010;00:41:00;3806;com vítima;60;BR-040/RJ;Norte;Colisão Traseira;2;;;;;;;;;;1;1;;;
31/10/2010;06:13:00;3821;sem vítima;92;BR-040/RJ;Norte;Choque - Objeto Fixo;1;;;;;;;;;;1;;;;
31/10/2010;11:03:00;3840;com vítima;105;BR-040/RJ;Norte;Colisão Lateral;1;;;1;;;;;;;1;;2;;
31/10/2010;12:29:00;3850;sem vítima;105;BR-040/RJ;Sul;Colisão Traseira;1;;;;;1;;;;;2;;;;
01/11/2010;17:53:00;93;com vítima;22;BR-040/RJ;Norte;Derrapagem;1;;;;;;;;;;0;1;;;
01/11/2010;12:06:00;56;com vítima;24;BR-040/RJ;Norte;Colisão Lateral;1;;1;;;;;;;;1;1;1;;
01/11/2010;12:02:00;57;sem vítima;44;BR-040/RJ;Norte;Choque - Objeto Fixo;1;;;;;;;;;;1;;;;
01/11/2010;10:45:00;49;com vítima;58;BR-040/RJ;Sul;Capotamento;1;;;;;;;;;;0;;1;;
01/11/2010;13:20:00;64;sem vítima;68;BR-040/RJ;Norte;Choque - Objeto Fixo;1;;;;;;;;;;1;;;;
01/11/2010;15:57:00;79;com vítima;78;BR-040/RJ;Sul;Derrapagem;1;;;;;;;;;;0;1;;;
01/11/2010;15:20:00;75;sem vítima;84;BR-040/RJ;Sul;Choque - Objeto Fixo;1;;;;;;;;;;1;;;;
01/11/2010;21:29:00;114;com vítima;84;BR-040/RJ;Sul;Capotamento;1;;;;;;;;;;0;2;2;;
01/11/2010;16:07:00;80;com vítima;780;BR-040/MG;Norte;Tombamento;1;;;;;;;;;;0;1;;1;
01/11/2010;12:10:00;58;com vítima;783;BR-040/MG;Norte;Tombamento;1;;;;;;;;;;0;1;;;
01/11/2010;06:36:00;25;sem vítima;815;BR-040/MG;Norte;Capotamento;1;;;;;;;;;;4;;;;
01/11/2010;16:32:00;83;sem vítima;87;BR-040/RJ;Sul;Choque - Objeto Fixo;1;;;;;;;;;;1;;;;
01/11/2010;07:24:00;30;sem vítima;94;BR-040/RJ;Sul;Choque - Objeto Fixo;1;;;;;;;;;;1;;;;
01/11/2010;14:55:00;70;sem vítima;98;BR-040/RJ;Norte;Derrapagem;1;;;;;;;;;;1;;;;
01/11/2010;17:52:00;92;sem vítima;108;BR-040/RJ;Norte;Derrapagem;;;1;;;;;;;;1;;;;
01/11/2010;15:05:00;74;sem vítima;112;BR-040/RJ;Sul;Choque - Objeto Fixo;1;;;;;;;;;;1;;;;
01/11/2010;16:25:00;82;com vítima;115;BR-040/RJ;Norte;Engavetamento;2;;1;;;;;;;;2;2;;;
01/11/2010;20:19:00;111;sem vítima;116;BR-040/RJ;Norte;Colisão Traseira;1;;;;;1;;;;;2;;;;
01/11/2010;15:45:00;78;sem vítima;117;BR-040/RJ;Norte;Colisão Frontal;2;;;;;;;;;;2;;;;
01/11/2010;19:35:00;105;sem vítima;117;BR-040/RJ;Norte;Engavetamento;3;;;;;;;;;;3;;;;
02/11/2010;22:17:00;231;sem vítima;1;BR-040/RJ;Norte;Colisão Traseira;1;;;;1;;;;;;4;;;;
02/11/2010;22:17:00;230;com vítima;68;BR-040/RJ;Norte;Tombamento;1;;1;;;;;;;;2;;1;;
02/11/2010;23:51:00;234;sem vítima;68;BR-040/RJ;Norte;Choque - Objeto Fixo;1;;;;;;;;;;1;;;;
02/11/2010;09:43:00;151;com vítima;802;BR-040/MG;Norte;Colisão Traseira;1;;;1;;;;;;;1;1;;;
02/11/2010;01:44:00;128;sem vítima;85;BR-040/RJ;Norte;Choque - Objeto Fixo;1;;;;;;;;;;1;;;;
02/11/2010;07:29:00;144;sem vítima;94;BR-040/RJ;Norte;Choque - Objeto Fixo;1;;;;;;;;;;1;;;;
02/11/2010;13:02:00;173;com vítima;119;BR-040/RJ;Sul;Tombamento;;;1;;;;;;;;0;1;;;
02/11/2010;04:45:00;136;com vítima;122;BR-040/RJ;Sul;Engavetamento;3;;;;;;;;;;1;1;4;;
03/11/2010;17:40:00;323;sem vítima;80;BR-040/RJ;Sul;Derrapagem;1;;;;;;;;;;1;;;;
03/11/2010;07:47:00;262;sem vítima;773;BR-040/MG;Norte;Colisão Lateral;2;;;;;;;;;;2;;;;
03/11/2010;13:19:00;299;sem vítima;89;BR-040/RJ;Norte;Choque - Objeto Fixo;1;;;;;;;;;;1;;;;
03/11/2010;17:58:00;325;sem vítima;107;BR-040/RJ;Sul;Colisão Traseira;1;;1;;;;;;;;2;;;;
03/11/2010;06:31:00;253;sem vítima;109;BR-040/RJ;Norte;Colisão Traseira;;;2;;;;;;;;2;;;;
03/11/2010;20:16:00;343;sem vítima;117;BR-040/RJ;Norte;Colisão Traseira;2;;;;;;;;;;2;;;;
03/11/2010;17:47:00;321;sem vítima;119;BR-040/RJ;Norte;Colisão Lateral;1;;1;;;;;;;;2;;;;
03/11/2010;07:48:00;263;sem vítima;121;BR-040/RJ;Sul;Colisão Traseira;;;2;;;;;;;;2;;;;
03/11/2010;14:52:00;306;sem vítima;121;BR-040/RJ;Norte;Colisão Traseira;;;2;;;;;;;;2;;;;
03/11/2010;11:13:00;286;sem vítima;122;BR-040/RJ;Sul;Colisão Traseira;1;;1;;;;;;;;2;;;;
04/11/2010;06:45:00;372;sem vítima;72;BR-040/RJ;Sul;Derrapagem;;;1;;;;;;;;2;;;;
04/11/2010;08:05:00;378;sem vítima;80;BR-040/RJ;Sul;Engavetamento;3;;;;;;;;;;3;;;;
04/11/2010;17:28:00;430;sem vítima;84;BR-040/RJ;Sul;Derrapagem;1;;;;;;;;;;1;;;;
04/11/2010;12:59:00;403;com vítima;799;BR-040/MG;Norte;Queda de Moto;;;;1;;;;;;;0;;2;;
04/11/2010;11:25:00;397;com vítima;99;BR-040/RJ;Norte;Colisão Traseira;;;;;2;;;;;;3;5;5;;
04/11/2010;07:59:00;377;com vítima;118;BR-040/RJ;Norte;Capotamento;1;;;;;;;;;;0;1;;;
04/11/2010;17:53:00;432;sem vítima;124;BR-040/RJ;Norte;Choque - Objeto Fixo;1;;1;;;;;;;;2;;;;
05/11/2010;14:33:00;545;sem vítima;22;BR-040/RJ;Norte;Choque - Objeto Fixo;1;;;;;;;;;;1;;;;
05/11/2010;14:09:00;542;sem vítima;24;BR-040/RJ;Sul;Choque - Objeto Fixo;1;;;;;;;;;;1;;;;
05/11/2010;06:28:00;473;sem vítima;25;BR-040/RJ;Norte;Colisão Lateral;1;;1;;;;;;;;2;;;;
05/11/2010;21:37:00;614;com vítima;34;BR-040/RJ;Norte;Tombamento;;;1;;;;;;;;0;;1;;
05/11/2010;15:58:00;562;com vítima;803;BR-040/MG;Sul;Capotamento;1;;;;;;;;;;0;;1;;
05/11/2010;10:07:00;506;sem vítima;828;BR-040/MG;Norte;Choque - Objeto Fixo;1;;;;;;;;;;1;;;;
05/11/2010;18:16:00;582;sem vítima;91;BR-040/RJ;Norte;Derrapagem;1;;;;;;;;;;2;;;;
05/11/2010;16:35:00;567;sem vítima;110;BR-040/RJ;Norte;Engavetamento;2;;;;1;;;;;;3;;;;
05/11/2010;10:15:00;508;com vítima;114;BR-040/RJ;Norte;Colisão Frontal;2;;;;;;;;;;1;1;;;
05/11/2010;09:45:00;501;sem vítima;115;BR-040/RJ;Norte;Choque - Objeto Fixo;1;;;;;;;;;;1;;;;
05/11/2010;13:45:00;539;sem vítima;119;BR-040/RJ;Sul;Colisão Traseira;;;1;;1;;;;;;2;;;;
05/11/2010;06:57:00;477;com vítima;121;BR-040/RJ;Sul;Colisão Traseira;;;1;1;;;;;;;1;1;;;
05/11/2010;15:55:00;561;sem vítima;121;BR-040/RJ;Norte;Choque - Objeto Fixo;1;;;;;;;;;;1;;;;
05/11/2010;07:51:00;484;sem vítima;123;BR-040/RJ;Sul;Colisão Lateral;1;;1;;;;;;;;2;;;;
05/11/2010;16:34:00;566;sem vítima;123;BR-040/RJ;Sul;Colisão Lateral;1;;1;;;;;;;;2;;;;
06/11/2010;07:00:00;646;com vítima;2;BR-040/RJ;Sul;Capotamento;1;;;;;;;;;;2;;2;;
06/11/2010;09:02:00;656;sem vítima;3;BR-040/RJ;Norte;Choque - Objeto Fixo;1;;;;;;;;;;4;;;;
06/11/2010;15:18:00;707;sem vítima;4;BR-040/RJ;Sul;Choque - Objeto Fixo;1;;;;;;;;;;1;;;;
06/11/2010;14:28:00;718;com vítima;4;BR-040/RJ;Norte;Choque - Objeto Fixo;1;;;;;;;;;;0;;1;;
06/11/2010;07:05:00;647;sem vítima;22;BR-040/RJ;Norte;Derrapagem;1;;;;;;;;;;1;;;;
06/11/2010;00:24:00;628;com vítima;24;BR-040/RJ;Norte;Capotamento;1;;;;;;;;;;0;;1;;
06/11/2010;22:44:00;769;sem vítima;30;BR-040/RJ;Norte;Choque - Objeto Fixo;1;;;;;;;;;;1;;;;
06/11/2010;12:51:00;687;sem vítima;33;BR-040/RJ;Norte;Derrapagem;1;;;;;;;;;;1;;;;
06/11/2010;11:05:00;669;sem vítima;43;BR-040/RJ;Norte;Choque - Objeto Fixo;1;;;;;;;;;;1;;;;
06/11/2010;12:43:00;686;sem vítima;43;BR-040/RJ;Norte;Choque - Objeto Fixo;1;;;;;;;;;;1;;;;
06/11/2010;09:39:00;663;sem vítima;73;BR-040/RJ;Sul;Choque - Objeto Fixo;1;;;;;;;;;;1;;;;
06/11/2010;18:59:00;745;sem vítima;73;BR-040/RJ;Sul;Choque - Objeto Fixo;1;;;;;;;;;;1;;;;
06/11/2010;22:39:00;768;sem vítima;78;BR-040/RJ;Sul;Choque - Objeto Fixo;1;;;;;;;;;;1;;;;
06/11/2010;23:40:00;772;sem vítima;78;BR-040/RJ;Sul;Colisão Traseira;2;;;;;;;;;;2;;;;
06/11/2010;15:55:00;713;com vítima;815;BR-040/MG;Sul;Choque - Objeto Fixo;1;;;;;;;;;;0;1;;;
06/11/2010;09:22:00;660;sem vítima;85;BR-040/RJ;Norte;Choque - Objeto Fixo;1;;;;;;;;;;1;;;;
06/11/2010;13:08:00;691;com vítima;85;BR-040/RJ;Norte;Choque - Objeto Fixo;1;;;;;;;;;;0;3;;;
06/11/2010;20:26:00;754;sem vítima;91;BR-040/RJ;Norte;Choque - Objeto Fixo;1;;;;;;;;;;1;;;;
06/11/2010;16:05:00;714;com vítima;92;BR-040/RJ;Norte;Choque - Objeto Fixo;1;;;;;;;;;;0;3;;;
06/11/2010;14:04:00;697;com vítima;99;BR-040/RJ;Sul;Choque - Objeto Fixo;1;;;;;;;;;;0;3;;;
06/11/2010;04:59:00;637;sem vítima;110;BR-040/RJ;Sul;Capotamento;1;;;;;;;;;;1;;;;
06/11/2010;13:05:00;690;sem vítima;118;BR-040/RJ;Sul;Colisão Lateral;1;;;;;;;;;;1;;;;
06/11/2010;04:40:00;635;com vítima;119;BR-040/RJ;Norte;Choque - Objeto Fixo;;;1;;;;;;;;0;;1;;
06/11/2010;04:40:00;636;sem vítima;119;BR-040/RJ;Norte;Colisão Lateral;1;;;;;1;;;;;2;;;;
06/11/2010;04:50:00;640;sem vítima;119;BR-040/RJ;Norte;Colisão Traseira;2;;;;;;;;;;2;;;;
06/11/2010;04:40:00;641;sem vítima;119;BR-040/RJ;Sul;Choque - Objeto Fixo;1;;;;;;;;;;1;;;;
06/11/2010;09:14:00;657;com vítima;119;BR-040/RJ;Norte;Choque - Objeto Fixo;1;;1;;;;;;;;1;1;;;
06/11/2010;12:55:00;688;sem vítima;119;BR-040/RJ;Norte;Colisão Traseira;2;;;;;;;;;;2;;;;
06/11/2010;18:01:00;736;com vítima;119;BR-040/RJ;Norte;Choque - Objeto Fixo;1;;;;;;;;;;0;1;;;
06/11/2010;04:12:00;633;com vítima;121;BR-040/RJ;Sul;Queda de Moto;;;;1;;;;;;;0;;1;;
06/11/2010;12:56:00;689;sem vítima;121;BR-040/RJ;Sul;Colisão Lateral;1;;;;1;;;;;;2;;;;
07/11/2010;06:22:00;788;com vítima;43;BR-040/RJ;Norte;Choque - Objeto Fixo;1;;;;;;;;;;2;2;;;
07/11/2010;06:02:00;784;sem vítima;78;BR-040/RJ;Sul;Choque - Objeto Fixo;1;;;;;;;;;;1;;;;
07/11/2010;06:11:00;785;sem vítima;90;BR-040/RJ;Norte;Choque - Objeto Fixo;1;;;;;;;;;;1;;;;
07/11/2010;21:19:00;881;sem vítima;113;BR-040/RJ;Sul;Colisão Traseira;2;;;;;;;;;;2;;;;
07/11/2010;00:36:00;776;com vítima;114;BR-040/RJ;Norte;Queda de Moto;1;;;1;;;;;;;0;;2;;
07/11/2010;22:10:00;885;com vítima;119;BR-040/RJ;Sul;Capotamento;1;;;;;;;;;;0;;1;;
08/11/2010;18:37:00;991;sem vítima;45;BR-040/RJ;Norte;Colisão Lateral;1;;1;;;;;;;;2;;;;
08/11/2010;19:45:00;998;com vítima;84;BR-040/RJ;Sul;Choque - Objeto Fixo;1;;;;;;;;;;0;1;;;
08/11/2010;10:03:00;924;com vítima;94;BR-040/RJ;Norte;Queda de Moto;;;;1;;;;;;;0;2;;;
08/11/2010;15:14:00;963;sem vítima;121;BR-040/RJ;Norte;Colisão Traseira;1;;;;1;;;;;;2;;;;
08/11/2010;08:37:00;920;com vítima;122;BR-040/RJ;Sul;Queda de Moto;;;;1;;;;;;;0;;1;;
08/11/2010;07:37:00;913;sem vítima;123;BR-040/RJ;Sul;Colisão Traseira;1;;1;;;;;;;;2;;;;
08/11/2010;12:17:00;942;sem vítima;125;BR-040/RJ;Sul;Colisão Lateral;2;;;;;;;;;;2;;;;
09/11/2010;12:27:00;1065;sem vítima;3;BR-040/RJ;Sul;Choque - Objeto Fixo;1;;;;;;;;;;1;;;;
09/11/2010;23:15:00;1139;sem vítima;8;BR-040/RJ;Sul;Outros;;;1;;;;;;;;1;;;;
09/11/2010;07:55:00;1033;sem vítima;15;BR-040/RJ;Sul;Choque - Objeto Fixo;1;;;;;;;;;;1;;;;
09/11/2010;13:18:00;1077;sem vítima;39;BR-040/RJ;Sul;Choque - Objeto Fixo;1;;;;;;;;;;1;;;;
09/11/2010;07:40:00;1032;com vítima;49;BR-040/RJ;Sul;Choque - Objeto Fixo;1;;;;;;;;;;2;2;1;;
09/11/2010;05:03:00;1024;sem vítima;78;BR-040/RJ;Sul;Choque - Objeto Fixo;1;;;;;;;;;;1;;;;
09/11/2010;10:16:00;1051;sem vítima;777;BR-040/MG;Sul;Choque - Objeto Fixo;1;;;;;;;;;;1;;;;