data;horario;n_da_ocorrencia;tipo_de_ocorrencia;km;trecho;sentido;tipo_de_acidente;automovel;bicicleta;caminhao;moto;onibus;outros;tracao_animal;transporte_de_cargas_especiais;trator_maquinas;utilitarios;ilesos;levemente_feridos;moderadamente_feridos;gravemente_feridos;mortos
30/12/2010;06:50:00;4613;sem vítima;16;BR-040/RJ;Norte;Choque - Objeto Fixo;1;;;;;;;;;;1;;;;
30/12/2010;17:32:00;4701;sem vítima;41;BR-040/RJ;Norte;Capotamento;1;;;;;;;;;;1;;;;
30/12/2010;08:51:00;4624;sem vítima;71;BR-040/RJ;Sul;Colisão Lateral;2;;;;;;;;;;2;;;;
30/12/2010;19:06:00;4712;sem vítima;778;BR-040/MG;Sul;Choque - Objeto Fixo;1;;;;;;;;;;1;;;;
30/12/2010;16:03:00;4685;com vítima;795;BR-040/MG;Sul;Choque - Objeto Fixo;;;;1;;;;;;;0;;2;;
30/12/2010;12:29:00;4654;sem vítima;92;BR-040/RJ;Sul;Choque - Objeto Fixo;1;;;;;;;;;;1;;;;
30/12/2010;17:28:00;4700;sem vítima;109;BR-040/RJ;Norte;Colisão Lateral;;;1;;;1;;;;;2;;;;
30/12/2010;15:54:00;4682;sem vítima;122;BR-040/RJ;Norte;Colisão Lateral;1;;1;;;;;;;;2;;;;
31/12/2010;18:33:00;1;sem vítima;1;BR-040/RJ;Sul;Choque - Objeto Fixo;1;;;;;;;;;;1;;;;
31/12/2010;21:14:00;1;com vítima;1;BR-040/RJ;Sul;Choque - Objeto Fixo;1;;;;;;;;;;1;1;;;
31/12/2010;19:00:00;3;sem vítima;3;BR-040/RJ;Norte;Choque - Objeto Fixo;1;;;;;;;;;;1;;;;
31/12/2010;17:36:00;24;com vítima;24;BR-040/RJ;Sul;Choque - Objeto Fixo;1;;;;;;;;;;2;3;;;
31/12/2010;17:30:00;45;sem vítima;45;BR-040/RJ;Sul;Colisão Traseira;1;;;;;1;;;;;2;;;;
31/12/2010;12:26:00;62;com vítima;62;BR-040/RJ;Sul;Colisão Transversal;2;;;;;;;;;;0;5;;;
31/12/2010;21:19:00;78;sem vítima;78;BR-040/RJ;Sul;Choque - Objeto Fixo;1;;;;;;;;;;1;;;;
31/12/2010;05:49:00;84;sem vítima;84;BR-040/RJ;Sul;Choque - Objeto Fixo;1;;;;;;;;;;1;;;;
31/12/2010;14:58:00;84;com vítima;84;BR-040/RJ;Sul;Capotamento;1;;;;;;;;;;1;1;;;
31/12/2010;00:59:00;783;com vítima;783;BR-040/MG;Norte;Choque - Objeto Fixo;;;;;1;;;;;;0;2;1;;
31/12/2010;16:30:00;783;com vítima;783;BR-040/MG;Norte;Choque - Objeto Fixo;1;;;;;;;;;;0;1;;;
31/12/2010;16:57:00;800;sem vítima;800;BR-040/MG;Sul;Choque - Objeto Fixo;1;;;;;;;;;;1;;;;
31/12/2010;09:50:00;803;sem vítima;803;BR-040/MG;Sul;Colisão Lateral;1;;1;;;;;;;;2;;;;
31/12/2010;16:48:00;815;com vítima;815;BR-040/MG;Sul;Choque - Objeto Fixo;1;;;;;;;;;;0;5;;;
31/12/2010;16:53:00;815;sem vítima;815;BR-040/MG;Sul;Choque - Objeto Fixo;1;;;;;;;;;;1;;;;
31/12/2010;08:42:00;823;com vítima;823;BR-040/MG;Sul;Derrapagem;1;;;;;;;;;;0;3;;;
31/12/2010;19:58:00;85;sem vítima;85;BR-040/RJ;Sul;Queda de Moto;;;;1;;;;;;;1;;;;
31/12/2010;21:20:00;93;com vítima;93;BR-040/RJ;Sul;Tombamento;;;1;;;;;;;;0;2;1;;
31/12/2010;18:51:00;94;sem vítima;94;BR-040/RJ;Sul;Choque - Objeto Fixo;1;;;;;;;;;;1;;;;
31/12/2010;18:20:00;97;com vítima;97;BR-040/RJ;Sul;Choque - Objeto Fixo;1;;;;;;;;;;0;5;;;
31/12/2010;06:28:00;106;com vítima;106;BR-040/RJ;Sul;Atropelamento - Pedestre;;1;;;;;;;;;0;1;;;
31/12/2010;14:01:00;109;com vítima;109;BR-040/RJ;Norte;Choque - Objeto Fixo;1;;;;;;;;;;0;2;;;
31/12/2010;15:18:00;120;com vítima;120;BR-040/RJ;Sul;Colisão Lateral;1;;;;;1;;;;;1;;1;;
31/12/2010;15:08:00;125;sem vítima;125;BR-040/RJ;Sul;Choque - Objeto Fixo;1;;;;;;;;;;1;;;;
01/01/2011;12:13:00;47;sem vítima;2;BR-040/RJ;Sul;Choque - Objeto Fixo;1;;;;;;;;;;1;;;;
01/01/2011;17:32:00;87;com vítima;32;BR-040/RJ;Sul;Choque - Objeto Fixo;1;;;;;;;;;;0;1;;;
01/01/2011;06:12:00;16;sem vítima;39;BR-040/RJ;Sul;Derrapagem;1;;;;;;;;;;1;;;;
01/01/2011;16:59:00;83;sem vítima;43;BR-040/RJ;Norte;Choque - Objeto Fixo;1;;;;;;;;;;1;;;;
01/01/2011;02:00:00;7;sem vítima;84;BR-040/RJ;Norte;Capotamento;1;;;;;;;;;;1;;;;
01/01/2011;15:57:00;69;com vítima;790;BR-040/MG;Norte;Colisão Frontal;2;;;;;;;;;;2;;1;;
01/01/2011;13:01:00;52;sem vítima;91;BR-040/RJ;Norte;Choque - Objeto Fixo;1;;;;;;;;;;1;;;;
01/01/2011;01:06:00;3;sem vítima;92;BR-040/RJ;Sul;Choque - Objeto Fixo;1;;;;;;;;;;1;;;;
01/01/2011;16:14:00;74;sem vítima;92;BR-040/RJ;Sul;Derrapagem;1;;;;;;;;;;1;;;;
01/01/2011;14:21:00;64;com vítima;94;BR-040/RJ;Norte;Atropelamento - Pedestre;1;;;;;;;;;;1;1;;;
01/01/2011;04:55:00;12;sem vítima;95;BR-040/RJ;Sul;Derrapagem;1;;;;;;;;;;1;;;;
01/01/2011;01:20:00;4;com vítima;101;BR-040/RJ;Sul;Colisão Traseira;1;;;;;;;;;;0;1;;;
01/01/2011;13:26:00;56;sem vítima;107;BR-040/RJ;Norte;Choque - Objeto Fixo;1;;;;;;;;;;1;;;;
01/01/2011;05:13:00;13;sem vítima;114;BR-040/RJ;Sul;Derrapagem;1;;;;;;;;;;1;;;;
01/01/2011;09:46:00;33;sem vítima;121;BR-040/RJ;Norte;Choque - Objeto Fixo;1;;;;;;;;;;1;;;;
01/01/2011;20:56:00;114;sem vítima;121;BR-040/RJ;Sul;Choque - Objeto Fixo;1;;;;;;;;;;1;;;;
02/01/2011;10:00:00;162;com vítima;2;BR-040/RJ;Norte;Capotamento;1;;;;;;;;;;0;5;;;
02/01/2011;21:47:00;263;com vítima;5;BR-040/RJ;Norte;Queda de Moto;;;;1;;;;;;;0;;;2;
02/01/2011;19:37:00;245;sem vítima;11;BR-040/RJ;Norte;Choque - Objeto Fixo;2;;;;;;;;;;2;;;;
02/01/2011;22:07:00;268;com vítima;34;BR-040/RJ;Norte;Choque - Objeto Fixo;1;;;;;;;;;;0;4;;;
02/01/2011;09:26:00;155;com vítima;53;BR-040/RJ;Norte;Choque - Objeto Fixo;1;;;;;;;;;;0;2;;;
02/01/2011;03:38:00;136;sem vítima;77;BR-040/RJ;Sul;Derrapagem;1;;;;;;;;;;1;;;;
02/01/2011;06:33:00;144;sem vítima;80;BR-040/RJ;Sul;Choque - Objeto Fixo;1;;;;;;;;;;1;;;;
02/01/2011;23:15:00;277;sem vítima;81;BR-040/RJ;Sul;Capotamento;1;;;;;;;;;;1;;;;
02/01/2011;09:10:00;153;sem vítima;84;BR-040/RJ;Norte;Choque - Objeto Fixo;1;;;;;;;;;;1;;;;
02/01/2011;21:30:00;262;sem vítima;84;BR-040/RJ;Sul;Choque - Objeto Fixo;1;;;;;;;;;;1;;;;
02/01/2011;17:13:00;224;sem vítima;778;BR-040/MG;Sul;Colisão Lateral;1;;1;;;;;;;;2;;;;
02/01/2011;12:55:00;186;com vítima;784;BR-040/MG;Norte;Queda de Moto;;;;1;;;;;;;0;2;;;
02/01/2011;19:21:00;243;sem vítima;787;BR-040/MG;Norte;Choque - Objeto Fixo;1;;;;;;;;;;1;;;;
02/01/2011;09:55:00;159;sem vítima;88;BR-040/RJ;Sul;Choque - Objeto Fixo;1;;;;;;;;;;1;;;;
02/01/2011;07:55:00;147;sem vítima;91;BR-040/RJ;Norte;Derrapagem;1;;;;;;;;;;1;;;;
02/01/2011;21:25:00;258;sem vítima;92;BR-040/RJ;Sul;Choque - Objeto Fixo;1;;;;;;;;;;1;;;;
02/01/2011;12:00:00;171;com vítima;94;BR-040/RJ;Sul;Engavetamento;3;;;;;;;;;;3;2;;;
02/01/2011;21:51:00;264;com vítima;94;BR-040/RJ;Norte;Derrapagem;1;;;;;;;;;;0;2;;;
02/01/2011;19:02:00;238;com vítima;111;BR-040/RJ;Norte;Queda de Moto;;;;1;;;;;;;0;1;1;;
02/01/2011;16:48:00;220;com vítima;112;BR-040/RJ;Norte;Queda de Moto;;;;1;;;;;;;0;;1;;
02/01/2011;22:29:00;272;com vítima;114;BR-040/RJ;Sul;Queda de Moto;;;;1;;;;;;;0;1;;;
02/01/2011;23:52:00;283;sem vítima;124;BR-040/RJ;Norte;Colisão Lateral;2;;1;;1;;;;;;4;;;;
03/01/2011;13:13:00;368;sem vítima;0;BR-040/RJ;Sul;Choque - Objeto Fixo;1;;;;;;;;;;1;;;;
03/01/2011;18:56:00;424;sem vítima;9;BR-040/RJ;Norte;Capotamento;1;;;;;;;;;;1;;;;
03/01/2011;08:14:00;316;sem vítima;24;BR-040/RJ;Norte;Choque - Objeto Fixo;1;;;;;;;;;;1;;;;
03/01/2011;16:31:00;398;sem vítima;34;BR-040/RJ;Norte;Choque - Objeto Fixo;1;;;;;;;;;;1;;;;
03/01/2011;16:57:00;404;sem vítima;34;BR-040/RJ;Norte;Choque - Objeto Fixo;1;;;;;;;;;;1;;;;
03/01/2011;12:27:00;360;com vítima;68;BR-040/RJ;Norte;Choque - Objeto Fixo;1;;;;;;;;;;0;1;1;;
03/01/2011;09:18:00;326;sem vítima;783;BR-040/MG;Sul;Choque - Objeto Fixo;1;;;;;;;;;;1;;;;
03/01/2011;17:52:00;413;com vítima;783;BR-040/MG;Norte;Choque - Objeto Fixo;1;;;;;;;;;;1;2;;;
03/01/2011;18:02:00;417;com vítima;783;BR-040/MG;Norte;Choque - Objeto Fixo;;;1;;;;;;;;0;1;;;
03/01/2011;23:44:00;450;sem vítima;819;BR-040/MG;Norte;Choque - Objeto Fixo;1;;;;;;;;;;1;;;;
03/01/2011;13:37:00;373;sem vítima;87;BR-040/RJ;Norte;Choque - Objeto Fixo;1;;;;;;;;;;1;;;;
03/01/2011;12:32:00;361;com vítima;88;BR-040/RJ;Norte;Choque - Objeto Fixo;1;;;;;;;;;;0;1;;;
03/01/2011;17:18:00;410;com vítima;92;BR-040/RJ;Sul;Choque - Objeto Fixo;1;;;;;;;;;;0;1;;;
03/01/2011;03:57:00;292;sem vítima;97;BR-040/RJ;Norte;Choque - Objeto Fixo;1;;;;;;;;;;1;;;;
03/01/2011;16:38:00;402;sem vítima;102;BR-040/RJ;Sul;Choque - Objeto Fixo;1;;;;;;;;;;1;;;;
03/01/2011;13:20:00;370;sem vítima;113;BR-040/RJ;Sul;Choque - Objeto Fixo;1;;;;;;;;;;1;;;;
03/01/2011;05:36:00;297;sem vítima;118;BR-040/RJ;Norte;Choque - Objeto Fixo;1;;;;;;;;;;1;;;;
03/01/2011;05:05:00;296;sem vítima;122;BR-040/RJ;Sul;Colisão Traseira;1;;1;;;;;;;;2;;;;
04/01/2011;09:31:00;492;sem vítima;2;BR-040/RJ;Sul;Colisão Traseira;1;;;;;;;;;;1;;;;
04/01/2011;18:53:00;577;com vítima;62;BR-040/RJ;Sul;Queda de Moto;;;;1;;;;;;;0;;;1;
04/01/2011;14:01:00;540;sem vítima;787;BR-040/MG;Norte;Choque - Objeto Fixo;1;;;;;;;;;;1;;;;
04/01/2011;11:12:00;511;sem vítima;85;BR-040/RJ;Norte;Choque - Objeto Fixo;1;;;;;;;;;;1;;;;
04/01/2011;08:17:00;480;sem vítima;96;BR-040/RJ;Norte;Choque - Objeto Fixo;1;;;;;;;;;;1;;;;
04/01/2011;08:17:00;488;sem vítima;96;BR-040/RJ;Norte;Choque - Objeto Fixo;1;;;;;;;;;;1;;;;
04/01/2011;15:14:00;548;com vítima;115;BR-040/RJ;Sul;Colisão Lateral;1;;;1;;;;;;;1;1;;;
04/01/2011;15:31:00;551;sem vítima;124;BR-040/RJ;Sul;Colisão Traseira;1;;1;;;;;;;;2;;;;
05/01/2011;09:16:00;644;sem vítima;782;BR-040/MG;Sul;Choque - Objeto Fixo;1;;;;;;;;;;1;;;;
05/01/2011;18:49:00;724;com vítima;793;BR-040/MG;Norte;Atropelamento - Pedestre;1;;;;;;;;;;1;;1;;
05/01/2011;06:30:00;627;sem vítima;794;BR-040/MG;Sul;Choque - Objeto Fixo;;;1;;;;;;;;1;;;;
05/01/2011;13:04:00;672;sem vítima;94;BR-040/RJ;Sul;Derrapagem;1;;;;;;;;;;1;;;;
05/01/2011;14:09:00;679;sem vítima;102;BR-040/RJ;Norte;Colisão Lateral;1;;;;;1;;;;;2;;;;
05/01/2011;10:33:00;652;sem vítima;114;BR-040/RJ;Sul;Colisão Traseira;1;;1;;;;;;;;2;;;;
05/01/2011;07:59:00;634;com vítima;115;BR-040/RJ;Sul;Colisão Frontal;5;;;;;;;;;;3;;2;;
05/01/2011;12:10:00;663;sem vítima;115;BR-040/RJ;Norte;Colisão Lateral;1;;1;;;;;;;;2;;;;
06/01/2011;13:47:00;812;sem vítima;7;BR-040/RJ;Sul;Choque - Objeto Fixo;1;;;;;;;;;;1;;;;
06/01/2011;09:03:00;776;sem vítima;796;BR-040/MG;Sul;Choque - Objeto Fixo;1;;;;;;;;;;1;;;;
06/01/2011;16:04:00;836;sem vítima;85;BR-040/RJ;Norte;Choque - Objeto Fixo;1;;;;;;;;;;1;;;;
06/01/2011;14:30:00;819;sem vítima;94;BR-040/RJ;Sul;Tombamento;;;1;;;;;;;;1;;;;
06/01/2011;14:55:00;825;com vítima;101;BR-040/RJ;Norte;Tombamento;;;1;;;;;;;;0;;1;;
06/01/2011;15:08:00;828;sem vítima;112;BR-040/RJ;Sul;Colisão Lateral;1;;1;;;;;;;;2;;;;
07/01/2011;19:53:00;1035;com vítima;23;BR-040/RJ;Norte;Colisão Lateral;;1;;;;1;;;;;1;;1;;
07/01/2011;23:05:00;1064;sem vítima;65;BR-040/RJ;Norte;Atropelamento - Animal;1;;;;;;;;;;1;;;;
07/01/2011;17:19:00;999;com vítima;82;BR-040/RJ;Norte;Queda de Moto;;;;1;;;;;;;0;;2;;
07/01/2011;17:19:00;1009;com vítima;82;BR-040/RJ;Norte;Queda de Moto;;;;1;;;;;;;0;;1;;
07/01/2011;19:14:00;1025;sem vítima;82;BR-040/RJ;Norte;Colisão Lateral;1;;1;;;;;;;;2;;;;
07/01/2011;08:53:00;923;sem vítima;101;BR-040/RJ;Sul;Colisão Traseira;2;;;;;;;;;;2;;;;
07/01/2011;18:57:00;1023;sem vítima;119;BR-040/RJ;Sul;Engavetamento;2;;;;1;;;;;;3;;;;
07/01/2011;07:54:00;913;sem vítima;121;BR-040/RJ;Sul;Colisão Lateral;1;;1;;;;;;;;2;;;;
08/01/2011;11:17:00;1118;com vítima;80;BR-040/RJ;Sul;Queda de Moto;;;;1;;;;;;;0;;1;;
08/01/2011;01:25:00;1073;com vítima;81;BR-040/RJ;Sul;Atropelamento - Pedestre;;1;;;;1;;;;;1;;;1;
08/01/2011;11:43:00;1122;com vítima;84;BR-040/RJ;Sul;Capotamento;1;;;;;;;;;;0;;2;;
08/01/2011;07:28:00;1091;sem vítima;815;BR-040/MG;Norte;Choque - Objeto Fixo;1;;;;;;;;;;1;;;;
08/01/2011;12:54:00;1130;sem vítima;91;BR-040/RJ;Norte;Choque - Objeto Fixo;1;;;;;;;;;;1;;;;
08/01/2011;12:30:00;1127;sem vítima;104;BR-040/RJ;Norte;Colisão Lateral;2;;;;;;;;;;2;;;;
08/01/2011;21:25:00;1202;sem vítima;124;BR-040/RJ;Sul;Colisão Lateral;2;;;;;;;;;;2;;;;
09/01/2011;17:55:00;1332;com vítima;36;BR-040/RJ;Sul;Choque - Objeto Fixo;1;;;;;;;;;;1;;1;1;
09/01/2011;17:42:00;1329;sem vítima;47;BR-040/RJ;Norte;Choque - Objeto Fixo;1;;;;;;;;;;1;;;;
09/01/2011;13:19:00;1277;sem vítima;73;BR-040/RJ;Sul;Choque - Objeto Fixo;1;;;;;;;;;;1;;;;
09/01/2011;11:32:00;1265;com vítima;78;BR-040/RJ;Sul;Capotamento;1;;;;;;;;;;0;;;;1
09/01/2011;10:37:00;1260;sem vítima;84;BR-040/RJ;Sul;Choque - Objeto Fixo;1;;;;;;;;;;1;;;;
09/01/2011;12:23:00;1267;sem vítima;821;BR-040/MG;Norte;Colisão Traseira;2;;;;;;;;;;2;;;;
09/01/2011;21:55:00;1359;sem vítima;91;BR-040/RJ;Sul;Choque - Objeto Fixo;1;;;;;;;;;;1;;;;
09/01/2011;23:32:00;1373;com vítima;96;BR-040/RJ;Sul;Choque - Objeto Fixo;;;1;;;;;;;;0;;;1;
09/01/2011;14:42:00;1294;com vítima;97;BR-040/RJ;Sul;Capotamento;1;;;;;;;;;;0;1;;;
09/01/2011;16:56:00;1322;sem vítima;97;BR-040/RJ;Sul;Choque - Objeto Fixo;1;;;;;;;;;;1;;;;
09/01/2011;04:30:00;1226;sem vítima;111;BR-040/RJ;Norte;Choque - Objeto Fixo;1;;;;;;;;;;1;;;;
09/01/2011;18:37:00;1336;com vítima;118;BR-040/RJ;Sul;Colisão Traseira;2;;;;;;;;;;1;1;;;
09/01/2011;22:09:00;1361;sem vítima;121;BR-040/RJ;Sul;Colisão Lateral;1;;;;;1;;;;;2;;;;
10/01/2011;16:50:00;1480;com vítima;54;BR-040/RJ;Norte;Derrapagem;;;;1;;;;;;;0;;1;;
10/01/2011;16:27:00;1475;sem vítima;73;BR-040/RJ;Sul;Capotamento;1;;;;;;;;;;1;;;;
10/01/2011;10:52:00;1418;com vítima;794;BR-040/MG;Norte;Queda de Moto;;;;1;;;;;;;0;;1;;
10/01/2011;18:58:00;1493;sem vítima;804;BR-040/MG;Sul;Colisão Lateral;2;;;;;;;;;;2;;;;
10/01/2011;07:34:00;1395;sem vítima;85;BR-040/RJ;Sul;Colisão Traseira;;;1;;;;;;;;1;;;;
10/01/2011;18:11:00;1490;sem vítima;93;BR-040/RJ;Sul;Capotamento;1;;;;;;;;;;1;;;;
10/01/2011;11:49:00;1430;com vítima;108;BR-040/RJ;Norte;Choque - Objeto Fixo;1;;;;;;;;;;0;;1;;
10/01/2011;19:18:00;1497;sem vítima;115;BR-040/RJ;Norte;Colisão Lateral;1;;;1;;;;;;;2;;;;
10/01/2011;11:25:00;1428;sem vítima;121;BR-040/RJ;Sul;Colisão Traseira;1;;;;1;;;;;;2;;;;
10/01/2011;18:30:00;1491;sem vítima;121;BR-040/RJ;Norte;Colisão Lateral;1;;1;;;;;;;;2;;;;
11/01/2011;10:23:00;1555;sem vítima;84;BR-040/RJ;Sul;Choque - Objeto Fixo;1;;;;;;;;;;1;;;;
11/01/2011;22:47:00;1664;com vítima;773;BR-040/MG;Norte;Choque - Objeto Fixo;;;;1;;;;;;;0;;;;1
11/01/2011;05:50:00;1526;com vítima;802;BR-040/MG;Sul;Tombamento;1;;;;;;;;;;1;1;;;
11/01/2011;10:52:00;1562;sem vítima;85;BR-040/RJ;Norte;Choque - Objeto Fixo;1;;;;;;;;;;1;;;;
11/01/2011;19:07:00;1631;sem vítima;91;BR-040/RJ;Norte;Choque - Objeto Fixo;1;;;;;;;;;;1;;;;
11/01/2011;02:41:00;1520;com vítima;113;BR-040/RJ;Sul;Choque - Objeto Fixo;1;;;;;;;;;;0;1;;;
11/01/2011;15:37:00;1599;sem vítima;119;BR-040/RJ;Norte;Choque - Objeto Fixo;1;;;;;;;;;;2;;;;
11/01/2011;08:10:00;1538;com vítima;120;BR-040/RJ;Sul;Derrapagem;1;;;;;;;;;;0;;1;;
11/01/2011;17:43:00;1616;sem vítima;120;BR-040/RJ;Norte;Engavetamento;4;;;;;;;;;;4;;;;
11/01/2011;08:39:00;1543;sem vítima;123;BR-040/RJ;Sul;Colisão Traseira;1;;1;;;;;;;;2;;;;
11/01/2011;23:38:00;1667;sem vítima;125;BR-040/RJ;Sul;Colisão Lateral;1;;1;;;;;;;;2;;;;
12/01/2011;11:55:00;1740;sem vítima;22;BR-040/RJ;Sul;Choque - Objeto Fixo;1;;;;;;;;;;1;;;;
12/01/2011;12:23:00;1746;com vítima;822;BR-040/MG;Sul;Colisão Lateral;1;;1;;;;;;;;3;2;;;
12/01/2011;01:50:00;1678;sem vítima;116;BR-040/RJ;Norte;Derrapagem;1;;;;;;;;;;1;;;;
12/01/2011;16:36:00;1776;com vítima;116;BR-040/RJ;Sul;Colisão Lateral;1;;;1;;;;;;;1;;1;;
12/01/2011;15:05:00;1760;sem vítima;121;BR-040/RJ;Norte;Colisão Lateral;;;1;1;;;;;;;2;;;;
13/01/2011;17:09:00;1922;sem vítima;24;BR-040/RJ;Norte;Choque - Objeto Fixo;1;;;;;;;;;;1;;;;
13/01/2011;15:54:00;1912;sem vítima;47;BR-040/RJ;Norte;Choque - Objeto Fixo;1;;;;;;;;;;1;;;;
13/01/2011;11:38:00;1884;sem vítima;52;BR-040/RJ;Norte;Choque - Objeto Fixo;1;;;;;;;;;;3;;;;
13/01/2011;12:25:00;1889;com vítima;52;BR-040/RJ;Norte;Queda de Moto;;;;1;;;;;;;0;1;;;
13/01/2011;08:52:00;1860;sem vítima;782;BR-040/MG;Norte;Choque - Objeto Fixo;1;;;;;;;;;;1;;;;
13/01/2011;14:38:00;1907;sem vítima;782;BR-040/MG;Norte;Choque - Objeto Fixo;1;;;;;;;;;;1;;;;
13/01/2011;16:34:00;1918;sem vítima;782;BR-040/MG;Norte;Choque - Objeto Fixo;1;;;;;;;;;;1;;;;
13/01/2011;18:20:00;1929;sem vítima;784;BR-040/MG;Norte;Choque - Objeto Fixo;1;;;;;;;;;;1;;;;
13/01/2011;15:38:00;1911;sem vítima;828;BR-040/MG;Norte;Choque - Objeto Fixo;1;;;;;;;;;;1;;;;
13/01/2011;10:06:00;1872;com vítima;109;BR-040/RJ;Norte;Tombamento;;;1;;;;;;;;0;;1;1;
13/01/2011;05:32:00;1845;sem vítima;114;BR-040/RJ;Sul;Objeto lançado contra veículo;1;;1;;;;;;;;2;;;;
13/01/2011;15:56:00;1913;sem vítima;121;BR-040/RJ;Norte;Colisão Traseira;2;;;;;;;;;;2;;;;
13/01/2011;07:45:00;1855;sem vítima;123;BR-040/RJ;Sul;Choque - Objeto Fixo;1;;;;;;;;;;1;;;;
13/01/2011;09:30:00;1864;sem vítima;124;BR-040/RJ;Sul;Colisão Lateral;1;;1;;;;;;;;2;;;;
14/01/2011;19:39:00;2083;sem vítima;2;BR-040/RJ;Sul;Choque - Objeto Fixo;1;;;;;;;;;;1;;;;
14/01/2011;07:20:00;1980;com vítima;24;BR-040/RJ;Norte;Choque - Objeto Fixo;1;;;;;;;;;;1;2;;;
14/01/2011;08:58:00;1987;sem vítima;58;BR-040/RJ;Sul;Choque - Objeto Fixo;1;;;;;;;;;;1;;;;
14/01/2011;18:41:00;2071;sem vítima;77;BR-040/RJ;Sul;Choque - Objeto Fixo;1;;;;;;;;;;1;;;;
14/01/2011;15:58:00;2047;sem vítima;78;BR-040/RJ;Sul;Choque - Objeto Fixo;1;;;;;;;;;;1;;;;
14/01/2011;09:20:00;1992;sem vítima;85;BR-040/RJ;Norte;Choque - Objeto Fixo;1;;;;;;;;;;1;;;;
14/01/2011;10:39:00;2008;com vítima;85;BR-040/RJ;Sul;Choque - Objeto Fixo;;;;1;;;;;;;0;;1;;
14/01/2011;23:55:00;2114;sem vítima;85;BR-040/RJ;Norte;Choque - Objeto Fixo;1;;;;;;;;;;1;;;;
14/01/2011;08:35:00;1984;sem vítima;92;BR-040/RJ;Norte;Choque - Objeto Fixo;1;;;;;;;;;;1;;;;
14/01/2011;07:17:00;1979;sem vítima;96;BR-040/RJ;Sul;Choque - Objeto Fixo;1;;;;;;;;;;1;;;;
14/01/2011;13:42:00;2032;sem vítima;101;BR-040/RJ;Norte;Colisão Traseira;2;;;;;;;;;;2;;;;
14/01/2011;20:18:00;2093;com vítima;106;BR-040/RJ;Sul;Atropelamento - Pedestre;;;;;;1;;;;;1;;1;;
14/01/2011;06:50:00;1976;sem vítima;109;BR-040/RJ;Norte;Colisão Traseira;2;;;;;;;;;;2;;;;
14/01/2011;22:25:00;2107;com vítima;109;BR-040/RJ;Sul;Choque - Objeto Fixo;1;;;;;;;;;;0;;2;;
14/01/2011;20:18:00;2092;com vítima;122;BR-040/RJ;Norte;Colisão Lateral;1;;;;1;;;;;;1;1;;;
14/01/2011;10:33:00;2006;sem vítima;123;BR-040/RJ;Sul;Choque - Objeto Fixo;1;;;;;;;;;;1;;;;
15/01/2011;07:59:00;2149;sem vítima;45;BR-040/RJ;Norte;Engavetamento;3;;;;;;;;;;3;;;;
15/01/2011;14:13:00;2187;com vítima;82;BR-040/RJ;Norte;Colisão Lateral;;1;1;;;;;;;;1;;;1;
15/01/2011;19:32:00;2230;sem vítima;84;BR-040/RJ;Sul;Choque - Objeto Fixo;1;;;;;;;;;;1;;;;
15/01/2011;19:19:00;2227;sem vítima;85;BR-040/RJ;Norte;Choque - Objeto Fixo;1;;;;;;;;;;1;;;;
15/01/2011;11:22:00;2170;sem vítima;91;BR-040/RJ;Norte;Colisão Lateral;1;;1;;;;;;;;2;;;;
15/01/2011;13:44:00;2183;com vítima;93;BR-040/RJ;Norte;Capotamento;1;;;;;;;;;;1;1;;;
15/01/2011;20:11:00;2235;sem vítima;94;BR-040/RJ;Sul;Choque - Objeto Fixo;1;;;;;;;;;;1;;;;
15/01/2011;12:44:00;2181;sem vítima;96;BR-040/RJ;Sul;Choque - Objeto Fixo;1;;;;;;;;;;1;;;;
15/01/2011;12:04:00;2175;com vítima;103;BR-040/RJ;Norte;Colisão Frontal;1;;;1;;;;;;;1;;2;;
15/01/2011;19:59:00;2233;com vítima;111;BR-040/RJ;Sul;Colisão Lateral;2;;;;;;;;;;1;1;;;
15/01/2011;18:59:00;2224;sem vítima;123;BR-040/RJ;Norte;Colisão Traseira;2;;;;;1;;;;;3;;;;
15/01/2011;20:35:00;2239;com vítima;123;BR-040/RJ;Sul;Capotamento;1;;;;;;;;;;0;1;;;
15/01/2011;09:03:00;2157;sem vítima;124;BR-040/RJ;Norte;Colisão Lateral;1;;1;;;;;;;;2;;;;
16/01/2011;15:28:00;2354;com vítima;2;BR-040/RJ;Norte;Capotamento;1;;;;;;;;;;1;2;;;
16/01/2011;13:52:00;2336;com vítima;84;BR-040/RJ;Sul;Capotamento;1;;;;;;;;;;0;3;;;
16/01/2011;23:14:00;2393;sem vítima;779;BR-040/MG;Sul;Derrapagem;1;;;;;;;;;;1;;;;
16/01/2011;11:38:00;2315;sem vítima;790;BR-040/MG;Norte;Choque - Objeto Fixo;1;;;;;;;;;;1;;;;
16/01/2011;12:23:00;2321;sem vítima;801;BR-040/MG;Sul;Choque - Objeto Fixo;1;;;;;;;;;;1;;;;
16/01/2011;17:27:00;2368;sem vítima;801;BR-040/MG;Norte;Choque - Objeto Fixo;1;;;;;;;;;;1;;;;
16/01/2011;15:15:00;2350;sem vítima;84;BR-040/RJ;Sul;Derrapagem;;;1;;;;;;;;1;;;;
16/01/2011;14:26:00;2342;com vítima;90;BR-040/RJ;Sul;Tombamento;;;1;;;;;;;;0;1;;;