data;horario;n_da_ocorrencia;tipo_de_ocorrencia;km;trecho;sentido;tipo_de_acidente;automovel;bicicleta;caminhao;moto;onibus;outros;tracao_animal;transporte_de_cargas_especiais;trator_maquinas;utilitarios;ilesos;levemente_feridos;moderadamente_feridos;gravemente_feridos;mortos
20/03/2011;10:42:00;2758;com vítima;100;BR-040/RJ;Sul;Queda de Moto;;;;1;;;;;;;0;;;1;
21/03/2011;16:37:00;2910;sem vítima;34;BR-040/RJ;Norte;Choque - Objeto Fixo;1;;;;;;;;;;2;;;;
21/03/2011;09:11:00;2854;sem vítima;56;BR-040/RJ;Norte;Derrapagem;1;;;;;;;;;;1;;;;
21/03/2011;21:20:00;2946;com vítima;821;BR-040/MG;Norte;Choque - Objeto Fixo;1;;;;;;;;;;0;1;;;
21/03/2011;20:31:00;2938;sem vítima;85;BR-040/RJ;Sul;Colisão Lateral;1;;1;;;;;;;;2;;;;
21/03/2011;17:29:00;2918;sem vítima;93;BR-040/RJ;Sul;Capotamento;1;;;;;;;;;;1;;;;
21/03/2011;12:05:00;2878;com vítima;106;BR-040/RJ;Norte;Colisão Lateral;1;;;1;;;;;;;1;1;;;
21/03/2011;21:08:00;2945;com vítima;106;BR-040/RJ;Norte;Colisão Frontal;2;;;;;;;;;;0;2;;;
21/03/2011;05:11:00;2834;sem vítima;124;BR-040/RJ;Sul;Colisão Lateral;;;1;;1;;;;;;2;;;;
22/03/2011;11:54:00;3007;sem vítima;31;BR-040/RJ;Norte;Choque - Objeto Fixo;1;;;;;;;;;;5;;;;
22/03/2011;18:37:00;3066;sem vítima;815;BR-040/MG;Sul;Capotamento;1;;;;;;;;;;2;;;;
22/03/2011;12:09:00;3010;sem vítima;87;BR-040/RJ;Norte;Choque - Objeto Fixo;1;;;;;;;;;;1;;;;
22/03/2011;19:13:00;3073;sem vítima;114;BR-040/RJ;Sul;Colisão Lateral;2;;;;;;;;;;2;;;;
22/03/2011;19:00:00;3072;com vítima;115;BR-040/RJ;Sul;Colisão Traseira;1;;;1;;;;;;;1;1;;;
22/03/2011;18:41:00;3067;com vítima;117;BR-040/RJ;Norte;Engavetamento;3;;;;;1;;;;;2;2;;;
22/03/2011;07:58:00;2980;sem vítima;123;BR-040/RJ;Sul;Colisão Lateral;1;;1;;;;;;;;2;;;;
22/03/2011;09:05:00;2992;sem vítima;123;BR-040/RJ;Norte;Colisão Traseira;1;;1;;;;;;;;2;;;;
22/03/2011;11:39:00;3006;sem vítima;124;BR-040/RJ;Sul;Colisão Lateral;1;;1;;;;;;;;2;;;;
23/03/2011;20:34:00;3217;com vítima;69;BR-040/RJ;Sul;Tombamento;;;1;;;;;;;;2;;1;;
23/03/2011;20:57:00;3223;sem vítima;69;BR-040/RJ;Norte;Colisão Traseira;2;;;;;;;;;;2;;;;
23/03/2011;17:14:00;3182;sem vítima;72;BR-040/RJ;Sul;Choque - Objeto Fixo;1;;;;;;;;;;1;;;;
23/03/2011;13:40:00;3156;sem vítima;81;BR-040/RJ;Sul;Colisão Traseira;;;3;;;;;;;;3;;;;
23/03/2011;22:05:00;3226;sem vítima;787;BR-040/MG;Sul;Colisão Lateral;1;;1;;;;;;;;2;;;;
23/03/2011;20:23:00;3216;sem vítima;98;BR-040/RJ;Norte;Colisão Lateral;1;;1;;;;;;;;2;;;;
23/03/2011;18:21:00;3194;com vítima;110;BR-040/RJ;Norte;Tombamento;1;;;;;;;;;;0;2;;;
23/03/2011;19:04:00;3201;sem vítima;112;BR-040/RJ;Norte;Colisão Traseira;2;;;;;;;;;;2;;;;
23/03/2011;21:58:00;3224;sem vítima;112;BR-040/RJ;Norte;Colisão Traseira;2;;;;;;;;;;2;;;;
23/03/2011;16:08:00;3170;com vítima;113;BR-040/RJ;Norte;Queda de Moto;;;;1;;;;;;;0;;1;;
23/03/2011;06:22:00;3104;com vítima;114;BR-040/RJ;Norte;Choque - Objeto Fixo;1;;;;;;;;;;0;1;;;
23/03/2011;10:40:00;3132;com vítima;114;BR-040/RJ;Sul;Colisão Lateral;1;;;1;;;;;;;1;;2;;
23/03/2011;06:05:00;3102;sem vítima;121;BR-040/RJ;Sul;Colisão Traseira;1;;1;;;;;;;;2;;;;
23/03/2011;15:47:00;3168;sem vítima;121;BR-040/RJ;Norte;Engavetamento;3;;;;;;;;;;3;;;;
23/03/2011;11:03:00;3134;sem vítima;122;BR-040/RJ;Sul;Colisão Lateral;2;;;;;;;;;;2;;;;
24/03/2011;19:48:00;3328;sem vítima;88;BR-040/RJ;Sul;Capotamento;1;;;;;;;;;;2;;;;
24/03/2011;17:49:00;3324;com vítima;96;BR-040/RJ;Norte;Tombamento;;;1;;;;;;;;0;;1;;
24/03/2011;17:06:00;3319;sem vítima;99;BR-040/RJ;Norte;Colisão Lateral;1;;1;;;;;;;;2;;;;
24/03/2011;06:52:00;3247;sem vítima;119;BR-040/RJ;Sul;Engavetamento;3;;;;;;;;;;3;;;;
24/03/2011;20:20:00;3331;com vítima;122;BR-040/RJ;Norte;Atropelamento - Pedestre;;;;1;;;;;;;0;2;;;
24/03/2011;17:25:00;3320;sem vítima;124;BR-040/RJ;Sul;Colisão Lateral;1;;1;;;;;;;;2;;;;
25/03/2011;03:48:00;3359;sem vítima;47;BR-040/RJ;Norte;Choque - Objeto Fixo;1;;;;;;;;;;1;;;;
25/03/2011;15:20:00;3428;sem vítima;60;BR-040/RJ;Norte;Engavetamento;2;;1;;;;;;;;3;;;;
25/03/2011;02:12:00;3354;sem vítima;78;BR-040/RJ;Sul;Choque - Objeto Fixo;1;;;;;;;;;;1;;;;
25/03/2011;18:32:00;3468;sem vítima;787;BR-040/MG;Norte;Capotamento;1;;;;;;;;;;1;;;;
25/03/2011;23:16:00;3509;sem vítima;799;BR-040/MG;Norte;Derrapagem;1;;;;;;;;;;1;;;;
25/03/2011;04:57:00;3363;com vítima;118;BR-040/RJ;Norte;Colisão Lateral;1;;1;;;;;;;;1;2;;;
25/03/2011;08:58:00;3380;sem vítima;123;BR-040/RJ;Sul;Colisão Lateral;1;;1;;;;;;;;2;;;;
25/03/2011;15:53:00;3436;sem vítima;123;BR-040/RJ;Norte;Colisão Traseira;2;;;;;;;;;;2;;;;
26/03/2011;06:34:00;3531;com vítima;6;BR-040/RJ;Sul;Queda de moto;;;;1;;;;;;;0;;;1;
26/03/2011;14:24:00;3589;sem vítima;73;BR-040/RJ;Norte;Choque - Objeto Fixo;1;;;;;;;;;;1;;;;
26/03/2011;14:06:00;3585;com vítima;74;BR-040/RJ;Norte;Tombamento;;;1;;;;;;;;0;;1;;
26/03/2011;04:35:00;3522;sem vítima;78;BR-040/RJ;Sul;Derrapagem;1;;;;;;;;;;1;;;;
26/03/2011;20:35:00;3645;sem vítima;81;BR-040/RJ;Norte;Colisão Lateral;1;;1;;;;;;;;2;;;;
26/03/2011;05:35:00;3527;sem vítima;87;BR-040/RJ;Sul;Choque - Objeto Fixo;1;;;;;;;;;;1;;;;
26/03/2011;05:37:00;3528;sem vítima;92;BR-040/RJ;Sul;Choque - Objeto Fixo;1;;;;;;;;;;1;;;;
26/03/2011;08:49:00;3542;com vítima;97;BR-040/RJ;Norte;Queda de Moto;;;;1;;;;;;;0;2;;;
26/03/2011;09:33:00;3549;com vítima;97;BR-040/RJ;Norte;Queda de Moto;;;;1;;;;;;;0;1;;;
26/03/2011;08:07:00;3538;sem vítima;106;BR-040/RJ;Sul;Colisão Traseira;;;1;;1;;;;;;2;;;;
26/03/2011;11:30:00;3572;com vítima;107;BR-040/RJ;Norte;Atropelamento - Pedestre;;1;1;;;;;;;;1;;;;1
26/03/2011;01:13:00;3517;sem vítima;114;BR-040/RJ;Norte;Choque - Objeto Fixo;1;;;;;;;;;;1;;;;
26/03/2011;11:52:00;3574;com vítima;124;BR-040/RJ;Sul;Atropelamento - Pedestre;;;;;;1;;;;;1;;;;1
27/03/2011;20:28:00;3794;com vítima;6;BR-040/RJ;Norte;Derrapagem;1;;;;;;;;;;0;;1;;
27/03/2011;22:13:00;3803;sem vítima;22;BR-040/RJ;Norte;Atropelamento - Animal;1;;;;;;;;;;1;;;;
27/03/2011;16:30:00;3746;com vítima;24;BR-040/RJ;Norte;Queda de Moto;;;;1;;;;;;;0;;2;;
27/03/2011;16:07:00;3744;com vítima;78;BR-040/RJ;Sul;Capotamento;1;;;;;;;;;;0;2;;;
27/03/2011;20:59:00;3797;com vítima;83;BR-040/RJ;Norte;Choque - Objeto Fixo;1;;;;;;;;;;0;1;;;
27/03/2011;20:42:00;3795;com vítima;90;BR-040/RJ;Sul;Capotamento;1;;;;;;;;;;0;1;;;
27/03/2011;20:25:00;3793;sem vítima;94;BR-040/RJ;Sul;Choque - Objeto Fixo;1;;;;;;;;;;1;;;;
27/03/2011;20:05:00;3785;sem vítima;97;BR-040/RJ;Sul;Choque - Objeto Fixo;1;;;;;;;;;;1;;;;
28/03/2011;07:32:00;3822;com vítima;78;BR-040/RJ;Sul;Tombamento;;;1;;;;;;;;0;1;;;
28/03/2011;11:58:00;3868;sem vítima;110;BR-040/RJ;Sul;Colisão Traseira;1;;1;;;;;;;;2;;;;
28/03/2011;23:46:00;3961;sem vítima;113;BR-040/RJ;Norte;Choque - Objeto Fixo;1;;;;;;;;;;1;;;;
28/03/2011;23:43:00;3962;sem vítima;113;BR-040/RJ;Norte;Choque - Objeto Fixo;1;;;;;;;;;;1;;;;
28/03/2011;15:48:00;3899;sem vítima;114;BR-040/RJ;Norte;Choque - Objeto Fixo;1;;;;;;;;;;1;;;;
28/03/2011;08:38:00;3832;sem vítima;124;BR-040/RJ;Sul;Colisão Traseira;2;;;;;;;;;;2;;;;
28/03/2011;10:31:00;3853;sem vítima;124;BR-040/RJ;Sul;Engavetamento;2;;1;;;;;;;;3;;;;
29/03/2011;01:25:00;3965;sem vítima;68;BR-040/RJ;Norte;Derrapagem;1;;;;;;;;;;1;;;;
29/03/2011;15:32:00;4037;sem vítima;783;BR-040/MG;Sul;Choque - Objeto Fixo;;;1;;;;;;;;1;;;;
29/03/2011;15:47:00;4043;sem vítima;783;BR-040/MG;Sul;Colisão Traseira;1;;1;;;;;;;;2;;;;
29/03/2011;21:55:00;4084;sem vítima;788;BR-040/MG;Sul;Atropelamento de animal;1;;;;;;;;;;1;;;;
29/03/2011;08:12:00;3981;com vítima;823;BR-040/MG;Sul;Colisão Traseira;1;;1;;;;;;;;1;;1;;
29/03/2011;17:38:00;4060;sem vítima;825;BR-040/MG;Sul;Choque - Objeto Fixo;1;;;;;;;;;;1;;;;
29/03/2011;13:58:00;4029;com vítima;93;BR-040/RJ;Sul;Choque - Objeto Fixo;;;1;;;;;;;;0;;2;;
29/03/2011;13:45:00;4027;sem vítima;97;BR-040/RJ;Sul;Choque - Objeto Fixo;1;;;;;;;;;;1;;;;
29/03/2011;13:55:00;4028;sem vítima;97;BR-040/RJ;Norte;Choque - Objeto Fixo;1;;;;;;;;;;1;;;;
29/03/2011;17:45:00;4061;com vítima;110;BR-040/RJ;Norte;Colisão Traseira;;;;;2;;;;;;1;2;;;
29/03/2011;13:38:00;4026;sem vítima;111;BR-040/RJ;Sul;Colisão Lateral;1;;;;1;;;;;;2;;;;
29/03/2011;10:50:00;4002;sem vítima;120;BR-040/RJ;Sul;Choque - Objeto Fixo;1;;;;;1;;;;;2;;;;
29/03/2011;11:40:00;4006;sem vítima;120;BR-040/RJ;Sul;Colisão Lateral;1;;1;;;;;;;;2;;;;
29/03/2011;13:40:00;4030;com vítima;121;BR-040/RJ;Sul;Colisão Traseira;2;;;;;;;;;;1;1;;;
29/03/2011;16:11:00;4044;sem vítima;123;BR-040/RJ;Sul;Colisão Lateral;1;;;;;1;;;;;2;;;;
29/03/2011;08:27:00;3983;sem vítima;124;BR-040/RJ;Sul;Colisão Lateral;1;;1;;;;;;;;2;;;;
29/03/2011;08:53:00;3987;sem vítima;124;BR-040/RJ;Sul;Colisão Lateral;1;;1;;;;;;;;2;;;;
29/03/2011;19:08:00;4069;sem vítima;124;BR-040/RJ;Sul;Colisão Traseira;1;;;;;1;;;;;2;;;;
30/03/2011;12:46:00;4138;sem vítima;81;BR-040/RJ;Sul;Tombamento;;;1;;;;;;;;1;;;;
30/03/2011;17:06:00;4166;sem vítima;823;BR-040/MG;Sul;Choque - Objeto Fixo;1;;;;;;;;;;2;;;;
30/03/2011;18:30:00;4173;sem vítima;87;BR-040/RJ;Norte;Colisão Traseira;2;;;;;;;;;;2;;;;
30/03/2011;21:07:00;4180;sem vítima;92;BR-040/RJ;Sul;Derrapagem;1;;;;;;;;;;1;;;;
30/03/2011;16:21:00;4162;sem vítima;97;BR-040/RJ;Sul;Choque - Objeto Fixo;1;;;;;;;;;;2;;;;
30/03/2011;09:05:00;4119;sem vítima;109;BR-040/RJ;Norte;Colisão Lateral;1;;1;;;;;;;;2;;;;
30/03/2011;05:32:00;4109;com vítima;115;BR-040/RJ;Sul;Capotamento;1;;;;;1;;;;;3;4;1;;
30/03/2011;22:06:00;4186;com vítima;121;BR-040/RJ;Norte;Colisão Traseira;2;;;;;;;;;;1;;1;;
30/03/2011;13:20:00;4142;com vítima;123;BR-040/RJ;Norte;Colisão Lateral;2;1;;;;1;;;;;3;;1;;
30/03/2011;19:08:00;4177;com vítima;123;BR-040/RJ;Norte;Colisão Traseira;1;;1;;;;;;;;1;1;1;;
31/03/2011;06:21:00;4207;sem vítima;3;BR-040/RJ;Sul;Choque - Objeto Fixo;1;;;;;;;;;;1;;;;
31/03/2011;14:33:00;4251;com vítima;34;BR-040/RJ;Norte;Capotamento;1;;;;;;;;;;0;2;;;
31/03/2011;11:28:00;4231;sem vítima;52;BR-040/RJ;Norte;Choque - Objeto Fixo;1;;;;;;;;;;1;;;;
31/03/2011;12:24:00;4237;sem vítima;90;BR-040/RJ;Sul;Derrapagem;1;;;;;;;;;;1;;;;
31/03/2011;09:36:00;4223;sem vítima;92;BR-040/RJ;Sul;Choque - Objeto Fixo;1;;;;;;;;;;1;;;;
31/03/2011;09:50:00;4227;sem vítima;95;BR-040/RJ;Sul;Choque - Objeto Fixo;1;;;;;;;;;;1;;;;
31/03/2011;22:53:00;4298;com vítima;117;BR-040/RJ;Sul;Choque - Objeto Fixo;1;;;;;;;;;;0;3;;;
31/03/2011;18:43:00;4276;com vítima;118;BR-040/RJ;Norte;Atropelamento - Pedestre;;;;;;1;;;;;1;;;;1
01/04/2011;22:19:00;145;sem vítima;37;BR-040/RJ;Norte;Colisão Lateral;1;;;;;1;;;;;2;;;;
01/04/2011;08:32:00;38;sem vítima;82;BR-040/RJ;Sul;Choque - Objeto Fixo;1;;;;;;;;;;1;;;;
01/04/2011;09:17:00;42;com vítima;83;BR-040/RJ;Norte;Choque - Objeto Fixo;1;;;;;;;;;;0;1;1;;
01/04/2011;11:01:00;62;com vítima;798;BR-040/MG;Sul;Choque - Objeto Fixo;1;;;;;;;;;;1;1;;;
01/04/2011;13:50:00;84;sem vítima;84;BR-040/RJ;Sul;Choque - Objeto Fixo;1;;;;;;;;;;1;;;;
01/04/2011;07:16:00;24;com vítima;92;BR-040/RJ;Sul;Capotamento;1;;;;;;;;;;0;2;;;
01/04/2011;07:26:00;25;com vítima;94;BR-040/RJ;Sul;Choque - Objeto Fixo;1;;;;;;;;;;0;1;1;;
01/04/2011;08:37:00;36;sem vítima;109;BR-040/RJ;Norte;Colisão Traseira;2;;;;;;;;;;2;;;;
01/04/2011;09:36:00;45;sem vítima;109;BR-040/RJ;Norte;Colisão Traseira;2;;;;;;;;;;2;;;;
01/04/2011;09:37:00;46;sem vítima;109;BR-040/RJ;Norte;Colisão Traseira;1;;1;;;;;;;;2;;;;
01/04/2011;04:37:00;11;sem vítima;114;BR-040/RJ;Sul;Choque - Objeto Fixo;1;;;;;;;;;;1;;;;
01/04/2011;10:06:00;51;sem vítima;114;BR-040/RJ;Norte;Colisão Lateral;;;2;;;;;;;;2;;;;
01/04/2011;03:01:00;6;com vítima;118;BR-040/RJ;Sul;Colisão Transversal;1;;1;;;;;;;;0;3;1;;
01/04/2011;08:15:00;32;sem vítima;122;BR-040/RJ;Norte;Choque - Objeto Fixo;1;;;;;;;;;;1;;;;
01/04/2011;07:20:00;26;sem vítima;123;BR-040/RJ;Sul;Colisão Lateral;1;;1;;;;;;;;2;;;;
02/04/2011;16:40:00;251;sem vítima;82;BR-040/RJ;Norte;Colisão Lateral;1;;1;;;;;;;;2;;;;
02/04/2011;05:27:00;176;com vítima;98;BR-040/RJ;Sul;Atropelamento - Pedestre;;;;;;1;;;;;1;;;;1
02/04/2011;14:37:00;236;com vítima;106;BR-040/RJ;Norte;Colisão Frontal;1;;;1;;;;;;;1;1;;;
02/04/2011;02:55:00;164;sem vítima;114;BR-040/RJ;Sul;Derrapagem;1;;;;;;;;;;1;;;;
02/04/2011;10:50:00;210;com vítima;114;BR-040/RJ;Norte;Colisão Lateral;1;;;1;;;;;;;1;;1;1;
02/04/2011;00:15:00;298;sem vítima;118;BR-040/RJ;Sul;Choque - Objeto Fixo;1;;;;;;;;;;1;;;;
02/04/2011;22:03:00;289;sem vítima;123;BR-040/RJ;Sul;Colisão Traseira;2;;;;;;;;;;2;;;;
03/04/2011;02:40:00;304;com vítima;24;BR-040/RJ;Norte;Tombamento;1;;;;;;;;;;7;4;3;;
03/04/2011;08:54:00;348;sem vítima;30;BR-040/RJ;Sul;Capotamento;1;;;;;;;;;;2;;;;
03/04/2011;21:11:00;460;sem vítima;71;BR-040/RJ;Sul;Choque - Objeto Fixo;1;;;;;;;;;;1;;;;
03/04/2011;14:16:00;389;sem vítima;83;BR-040/RJ;Sul;Choque - Objeto Fixo;1;;;;;;;;;;3;;;;
03/04/2011;07:58:00;332;com vítima;779;BR-040/MG;Sul;Derrapagem;1;;;;;;;;;;0;1;;;
03/04/2011;19:35:00;449;sem vítima;783;BR-040/MG;Norte;Choque - Objeto Fixo;1;;;;;;;;;;1;;;;
03/04/2011;17:21:00;428;sem vítima;787;BR-040/MG;Norte;Derrapagem;1;;;;;;;;;;1;;;;
03/04/2011;17:03:00;423;com vítima;799;BR-040/MG;Sul;Derrapagem;1;;;;;;;;;;0;1;;;
03/04/2011;02:35:00;303;sem vítima;87;BR-040/RJ;Norte;Choque - Objeto Fixo;1;;;;;;;;;;1;;;;
03/04/2011;00:48:00;300;com vítima;94;BR-040/RJ;Sul;Derrapagem;;;1;;;;;;;;2;1;;;
03/04/2011;07:17:00;323;sem vítima;100;BR-040/RJ;Norte;Choque - Objeto Fixo;1;;;;;;;;;;1;;;;
03/04/2011;06:00:00;318;sem vítima;101;BR-040/RJ;Norte;Capotamento;1;;;;;;;;;;1;;;;
03/04/2011;19:08:00;444;sem vítima;109;BR-040/RJ;Sul;Choque - Objeto Fixo;1;;;;;;;;;;1;;;;
03/04/2011;19:22:00;447;sem vítima;109;BR-040/RJ;Sul;Colisão Traseira;1;;;;;1;;;;;2;;;;
03/04/2011;18:53:00;442;sem vítima;110;BR-040/RJ;Sul;Engavetamento;5;;;;;;;;;;5;;;;
03/04/2011;05:52:00;316;com vítima;111;BR-040/RJ;Sul;Colisão Traseira;2;;;;;;;;;;0;3;;;
03/04/2011;09:10:00;351;sem vítima;112;BR-040/RJ;Norte;Choque - Objeto Fixo;1;;;;;;;;;;1;;;;
03/04/2011;16:23:00;415;sem vítima;114;BR-040/RJ;Sul;Colisão Frontal;1;;;1;;;;;;;2;;;;
03/04/2011;20:55:00;457;sem vítima;119;BR-040/RJ;Norte;Colisão Traseira;1;;;;;1;;;;;2;;;;
03/04/2011;05:53:00;317;sem vítima;121;BR-040/RJ;Sul;Choque - Objeto Fixo;1;;;;;;;;;;1;;;;
03/04/2011;10:00:00;360;sem vítima;122;BR-040/RJ;Norte;Colisão Lateral;1;;1;;;;;;;;2;;;;
03/04/2011;02:24:00;301;sem vítima;123;BR-040/RJ;Sul;Capotamento;1;;;;;;;;;;1;;;;
04/04/2011;07:54:00;499;com vítima;24;BR-040/RJ;Norte;Choque - Objeto Fixo;1;;;;;;;;;;0;1;1;;
04/04/2011;07:41:00;498;sem vítima;49;BR-040/RJ;Sul;Choque - Objeto Fixo;1;;;;;;;;;;1;;;;
04/04/2011;11:27:00;527;sem vítima;52;BR-040/RJ;Norte;Choque - Objeto Fixo;1;;;;;;;;;;1;;;;
04/04/2011;11:22:00;526;sem vítima;53;BR-040/RJ;Sul;Choque - Objeto Fixo;1;;;;;;;;;;1;;;;
04/04/2011;08:54:00;505;sem vítima;62;BR-040/RJ;Sul;Colisão Traseira;1;;;;;;;;;;1;;;;
04/04/2011;06:58:00;492;sem vítima;783;BR-040/MG;Norte;Choque - Objeto Fixo;;;1;;;;;;;;2;;;;
04/04/2011;15:49:00;563;sem vítima;783;BR-040/MG;Norte;Derrapagem;1;;;;;;;;;;1;;;;
04/04/2011;00:30:00;479;sem vítima;93;BR-040/RJ;Norte;Choque - Objeto Fixo;1;;;;;;;;;;1;;;;
04/04/2011;17:09:00;569;sem vítima;93;BR-040/RJ;Sul;Choque - Objeto Fixo;1;;;;;;;;;;1;;;;
04/04/2011;15:34:00;558;sem vítima;94;BR-040/RJ;Sul;Derrapagem;;;1;;;;;;;;1;;;;
04/04/2011;00:03:00;477;sem vítima;100;BR-040/RJ;Sul;Choque - Objeto Fixo;1;;;;;;;;;;1;;;;
04/04/2011;21:21:00;603;sem vítima;105;BR-040/RJ;Norte;Colisão Frontal;2;;;;;;;;;;2;;;;
04/04/2011;14:12:00;547;com vítima;109;BR-040/RJ;Sul;Colisão Traseira;1;;;;1;;;;;;1;2;1;;
04/04/2011;21:14:00;600;sem vítima;117;BR-040/RJ;Sul;Colisão Traseira;1;;1;;;;;;;;2;;;;
04/04/2011;04:40:00;484;sem vítima;120;BR-040/RJ;Sul;Choque - Objeto Fixo;;;1;;;;;;;;1;;;;
05/04/2011;16:39:00;712;com vítima;24;BR-040/RJ;Norte;Colisão Traseira;2;;;;;;;;;;3;1;;;
05/04/2011;19:20:00;733;sem vítima;45;BR-040/RJ;Sul;Colisão Lateral;1;;;;;1;;;;;2;;;;
05/04/2011;15:28:00;701;sem vítima;791;BR-040/MG;Norte;Choque - Objeto Fixo;1;;;;;;;;;;1;;;;
05/04/2011;13:37:00;688;sem vítima;815;BR-040/MG;Sul;Choque - Objeto Fixo;1;;;;;;;;;;1;;;;
05/04/2011;12:37:00;679;com vítima;824;BR-040/MG;Sul;Atropelamento - Pedestre;1;;;;;;;;;;1;;1;;
05/04/2011;13:42:00;690;com vítima;85;BR-040/RJ;Sul;Derrapagem;;;1;1;;;;;;;1;2;;;
05/04/2011;15:46:00;705;com vítima;85;BR-040/RJ;Sul;Choque - Objeto Fixo;1;;;;;;;;;;0;1;;;
05/04/2011;20:19:00;739;sem vítima;86;BR-040/RJ;Sul;Derrapagem;1;;;;;;;;;;1;;;;
05/04/2011;13:36:00;689;sem vítima;94;BR-040/RJ;Sul;Choque - Objeto Fixo;1;;;;;;;;;;1;;;;
05/04/2011;14:02:00;692;sem vítima;94;BR-040/RJ;Sul;Choque - Objeto Fixo;1;;;;;;;;;;1;;;;
05/04/2011;05:31:00;623;sem vítima;98;BR-040/RJ;Sul;Atropelamento - Animal;;;1;;;;;;;;1;;;;
05/04/2011;12:12:00;676;sem vítima;123;BR-040/RJ;Sul;Colisão Lateral;1;;;;1;;;;;;2;;;;
06/04/2011;10:06:00;805;sem vítima;816;BR-040/MG;Norte;Colisão Traseira;2;;;;;;;;;;2;;;;
06/04/2011;13:03:00;822;sem vítima;93;BR-040/RJ;Norte;Colisão Lateral;;;1;;;1;;;;;2;;;;
06/04/2011;11:05:00;811;com vítima;94;BR-040/RJ;Norte;Choque - Objeto Fixo;1;;;;;;;;;;0;;1;;
06/04/2011;17:20:00;867;sem vítima;97;BR-040/RJ;Sul;Choque - Objeto Fixo;1;;;;;;;;;;1;;;;
06/04/2011;12:35:00;819;sem vítima;109;BR-040/RJ;Sul;Engavetamento;3;;;;;;;;;;3;;;;
06/04/2011;14:36:00;832;sem vítima;113;BR-040/RJ;Sul;Colisão Lateral;;;;;1;1;;;;;2;;;;
06/04/2011;18:29:00;878;sem vítima;122;BR-040/RJ;Norte;Colisão Lateral;1;;1;;;;;;;;2;;;;
07/04/2011;03:52:00;914;com vítima;109;BR-040/RJ;Sul;Queda de Moto;;;;1;;;;;;;0;1;1;;
07/04/2011;07:38:00;928;sem vítima;109;BR-040/RJ;Norte;Colisão Traseira;1;;;;;1;;;;;2;;;;
07/04/2011;17:25:00;1009;sem vítima;115;BR-040/RJ;Norte;Engavetamento;2;;1;;;;;;;;3;;;;
07/04/2011;16:47:00;1004;sem vítima;116;BR-040/RJ;Norte;Engavetamento;2;;;;;2;;;;;4;;;;
07/04/2011;12:39:00;970;sem vítima;117;BR-040/RJ;Sul;Colisão Lateral;1;;1;;;;;;;;2;;;;
07/04/2011;11:20:00;963;com vítima;118;BR-040/RJ;Sul;Engavetamento;1;;2;;;;;;;;1;2;;;
07/04/2011;09:45:00;955;sem vítima;119;BR-040/RJ;Sul;Colisão Lateral;1;;1;;;;;;;;2;;;;
07/04/2011;08:13:00;937;sem vítima;125;BR-040/RJ;Sul;Colisão Traseira;1;;1;;;;;;;;2;;;;
08/04/2011;10:16:00;1111;com vítima;74;BR-040/RJ;Norte;Capotamento;1;;;;;;;;;;0;1;;;
08/04/2011;22:14:00;1213;sem vítima;92;BR-040/RJ;Norte;Colisão Traseira;1;;1;;;;;;;;2;;;;
08/04/2011;03:35:00;1062;sem vítima;96;BR-040/RJ;Sul;Choque - Objeto Fixo;;;1;;;;;;;;1;;;;
08/04/2011;19:06:00;1190;com vítima;100;BR-040/RJ;Sul;Atropelamento - Pedestre;;;;1;;;;;;;0;;1;1;
08/04/2011;14:35:00;1140;sem vítima;112;BR-040/RJ;Sul;Colisão Traseira;2;;;;;;;;;;2;;;;
08/04/2011;06:43:00;1079;sem vítima;113;BR-040/RJ;Norte;Colisão Lateral;2;;1;;;;;;;;7;;;;
08/04/2011;17:38:00;1175;com vítima;114;BR-040/RJ;Norte;Choque - Objeto Fixo;1;;;;;;;;;;0;1;;;
08/04/2011;18:05:00;1177;sem vítima;119;BR-040/RJ;Sul;Colisão Traseira;2;;;;;;;;;;2;;;;
08/04/2011;12:42:00;1130;sem vítima;123;BR-040/RJ;Sul;Colisão Traseira;1;;1;;;;;;;;2;;;;
09/04/2011;23:40:00;1381;sem vítima;51;BR-040/RJ;Norte;Choque - Objeto Fixo;1;;;;;;;;;;1;;;;
09/04/2011;07:08:00;1249;com vítima;72;BR-040/RJ;Sul;Capotamento;1;;;;;;;;;;0;1;;;
09/04/2011;11:04:00;1286;sem vítima;73;BR-040/RJ;Sul;Choque - Objeto Fixo;1;;;;;;;;;;3;;;;
09/04/2011;15:20:00;1325;sem vítima;788;BR-040/MG;Norte;Choque - Objeto Fixo;1;;;;;;;;;;1;;;;
09/04/2011;06:10:00;1243;sem vítima;816;BR-040/MG;Norte;Colisão Traseira;2;;;;;;;;;;2;;;;
09/04/2011;09:20:00;1270;sem vítima;87;BR-040/RJ;Sul;Choque - Objeto Fixo;1;;;;;;;;;;1;;;;
09/04/2011;16:42:00;1336;sem vítima;92;BR-040/RJ;Norte;Choque - Objeto Fixo;1;;;;;;;;;;1;;;;
09/04/2011;07:19:00;1253;sem vítima;96;BR-040/RJ;Sul;Queda de Moto;;;;1;;;;;;;1;;;;
09/04/2011;10:00:00;1276;sem vítima;113;BR-040/RJ;Norte;Capotamento;1;;;;;;;;;;1;;;;
09/04/2011;10:16:00;1282;sem vítima;113;BR-040/RJ;Norte;Colisão Traseira;2;;;;;;;;;;2;;;;
09/04/2011;01:06:00;1225;sem vítima;124;BR-040/RJ;Norte;Choque - Objeto Fixo;1;;;;;;;;;;1;;;;