data;horario;n_da_ocorrencia;tipo_de_ocorrencia;km;trecho;sentido;tipo_de_acidente;automovel;bicicleta;caminhao;moto;onibus;outros;tracao_animal;transporte_de_cargas_especiais;trator_maquinas;utilitarios;ilesos;levemente_feridos;moderadamente_feridos;gravemente_feridos;mortos
09/04/2011;15:12:00;1322;com vítima;124;BR-040/RJ;Norte;Colisão Frontal;1;;;;;1;;;;;1;;2;;
10/04/2011;00:25:00;1385;com vítima;34;BR-040/RJ;Sul;Choque - Objeto Fixo;1;;;;;;;;;;1;1;;;
10/04/2011;17:46:00;1494;com vítima;41;BR-040/RJ;Sul;Queda de Moto;;;;1;;;;;;;0;;2;;
10/04/2011;09:20:00;1428;sem vítima;57;BR-040/RJ;Sul;Choque - Objeto Fixo;1;;;;;;;;;;1;;;;
10/04/2011;07:18:00;1416;sem vítima;75;BR-040/RJ;Norte;Derrapagem;1;;;;;;;;;;1;;;;
10/04/2011;02:05:00;1392;sem vítima;80;BR-040/RJ;Sul;Choque - Objeto Fixo;1;;;;;;;;;;1;;;;
10/04/2011;07:10:00;1414;sem vítima;815;BR-040/MG;Sul;Choque - Objeto Fixo;1;;;;;;;;;;1;;;;
10/04/2011;05:40:00;1408;sem vítima;84;BR-040/RJ;Sul;Choque - Objeto Fixo;1;;;;;;;;;;1;;;;
10/04/2011;14:40:00;1472;com vítima;84;BR-040/RJ;Sul;Capotamento;1;;;;;;;;;;0;1;;;
10/04/2011;11:49:00;1448;sem vítima;99;BR-040/RJ;Norte;Choque - Objeto Fixo;1;;;;;;;;;;1;;;;
10/04/2011;18:39:00;1499;sem vítima;111;BR-040/RJ;Sul;Engavetamento;5;;;;;;;;;;5;;;;
10/04/2011;03:18:00;1399;com vítima;123;BR-040/RJ;Sul;Atropelamento - Pedestre;1;;;;;;;;;;0;2;;;
10/04/2011;03:33:00;1402;sem vítima;123;BR-040/RJ;Sul;Objeto lançado contra veículo;;;1;;;;;;;;1;;;;
10/04/2011;03:33:00;1405;sem vítima;123;BR-040/RJ;Sul;Objeto lançado contra veículo;1;;;;;;;;;;1;;;;
11/04/2011;12:26:00;1581;com vítima;46;BR-040/RJ;Sul;Capotamento;1;;;;;;;;;;0;;1;;
11/04/2011;07:17:00;1542;sem vítima;87;BR-040/RJ;Sul;Choque - Objeto Fixo;1;;;;;;;;;;1;;;;
11/04/2011;10:27:00;1566;sem vítima;88;BR-040/RJ;Sul;Choque - Objeto Fixo;1;;;;;;;;;;1;;;;
11/04/2011;06:55:00;1538;com vítima;91;BR-040/RJ;Norte;Queda de Moto;;;;1;;;;;;;0;1;;;
11/04/2011;18:12:00;1639;sem vítima;100;BR-040/RJ;Norte;Colisão Lateral;1;;1;;;;;;;;2;;;;
11/04/2011;13:31:00;1591;com vítima;102;BR-040/RJ;Sul;Colisão Frontal;1;;;1;;;;;;;2;1;;;
11/04/2011;13:52:00;1594;sem vítima;124;BR-040/RJ;Sul;Colisão Traseira;1;;;;1;;;;;;2;;;;
12/04/2011;09:47:00;1719;sem vítima;773;BR-040/MG;Sul;Tombamento;;;1;;;;;;;;2;;;;
12/04/2011;06:47:00;1699;sem vítima;104;BR-040/RJ;Sul;Colisão Traseira;1;;1;;;;;;;;3;;;;
12/04/2011;17:46:00;1799;com vítima;109;BR-040/RJ;Norte;Queda de Moto;;;;1;;;;;;;0;;1;;
12/04/2011;09:38:00;1717;sem vítima;113;BR-040/RJ;Norte;Colisão Traseira;2;;;;;;;;;;2;;;;
12/04/2011;10:17:00;1726;sem vítima;123;BR-040/RJ;Sul;Colisão Traseira;;;1;;;;;;;;1;;;;
13/04/2011;20:26:00;1951;com vítima;1;BR-040/RJ;Sul;Choque - Objeto Fixo;1;;;;;;;;;;0;1;;;
13/04/2011;06:52:00;1851;sem vítima;87;BR-040/RJ;Sul;Choque - Objeto Fixo;1;;;;;;;;;;1;;;;
13/04/2011;14:31:00;1895;com vítima;109;BR-040/RJ;Norte;Engavetamento;;;1;;2;;;;;;18;3;;;
13/04/2011;20:43:00;1954;sem vítima;110;BR-040/RJ;Sul;Choque - Objeto Fixo;1;;;;;;;;;;1;;;;
13/04/2011;16:40:00;1917;sem vítima;113;BR-040/RJ;Norte;Colisão Traseira;2;;;;;;;;;;2;;;;
13/04/2011;18:40:00;1938;com vítima;113;BR-040/RJ;Norte;Atropelamento - Pedestre;2;;;;;;;;;;2;;1;;
13/04/2011;14:20:00;1892;com vítima;114;BR-040/RJ;Sul;Choque - Objeto Fixo;1;;;;;;;;;;0;;1;;
13/04/2011;17:36:00;1930;sem vítima;123;BR-040/RJ;Norte;Colisão Lateral;1;;1;;;;;;;;2;;;;
14/04/2011;22:28:00;2116;sem vítima;21;BR-040/RJ;Norte;Choque - Objeto Fixo;1;;;;;;;;;;1;;;;
14/04/2011;18:05:00;2078;com vítima;784;BR-040/MG;Norte;Queda de Moto;;;;1;;;;;;;0;;1;;
14/04/2011;14:08:00;2030;com vítima;785;BR-040/MG;Norte;Derrapagem;;;;1;;;;;;;0;;1;;
14/04/2011;10:14:00;2005;com vítima;89;BR-040/RJ;Sul;Colisão Traseira;;;2;;;1;;;;;2;2;;;
14/04/2011;18:12:00;2082;sem vítima;94;BR-040/RJ;Norte;Engavetamento;3;;;;;;;;;;3;;;;
14/04/2011;14:42:00;2042;sem vítima;97;BR-040/RJ;Sul;Choque - Objeto Fixo;1;;;;;;;;;;1;;;;
14/04/2011;11:16:00;2011;com vítima;111;BR-040/RJ;Sul;Engavetamento;4;;1;;;;;;;;4;;1;;
14/04/2011;12:10:00;2019;sem vítima;122;BR-040/RJ;Sul;Engavetamento;1;;2;;;;;;;;3;;;;
15/04/2011;14:01:00;2213;sem vítima;15;BR-040/RJ;Norte;Colisão Lateral;1;;;;;1;;;;;2;;;;
15/04/2011;03:00:00;2134;sem vítima;823;BR-040/MG;Norte;Colisão Traseira;;;2;;;;;;;;2;;;;
15/04/2011;17:11:00;2242;sem vítima;90;BR-040/RJ;Sul;Choque - Objeto Fixo;1;;;;;;;;;;1;;;;
15/04/2011;16:26:00;2235;com vítima;94;BR-040/RJ;Sul;Queda de Moto;;;;1;;;;;;;0;2;;;
15/04/2011;12:07:00;2190;sem vítima;105;BR-040/RJ;Norte;Colisão Lateral;2;;;;;;;;;;2;;;;
15/04/2011;22:03:00;2279;sem vítima;106;BR-040/RJ;Sul;Colisão Traseira;2;;;;;;;;;;2;;;;
15/04/2011;17:17:00;2244;sem vítima;109;BR-040/RJ;Norte;Colisão Traseira;2;;;;;;;;;;2;;;;
15/04/2011;22:02:00;2278;com vítima;118;BR-040/RJ;Norte;Queda de Moto;;;;1;;;;;;;0;;2;;
15/04/2011;01:59:00;2131;sem vítima;119;BR-040/RJ;Sul;Choque - Objeto Fixo;1;;;;;;;;;;1;;;;
15/04/2011;10:07:00;2173;sem vítima;119;BR-040/RJ;Sul;Colisão Lateral;1;;1;;;;;;;;2;;;;
15/04/2011;12:34:00;2193;sem vítima;122;BR-040/RJ;Norte;Choque - Objeto Fixo;1;;;;;;;;;;1;;;;
15/04/2011;06:36:00;2142;sem vítima;123;BR-040/RJ;Sul;Colisão Lateral;1;;1;;;;;;;;2;;;;
15/04/2011;18:07:00;2253;sem vítima;123;BR-040/RJ;Sul;Colisão Lateral;1;;1;;;;;;;;2;;;;
16/04/2011;04:06:00;2301;sem vítima;63;BR-040/RJ;Sul;Choque - Objeto Fixo;1;;;;;;;;;;1;;;;
16/04/2011;08:25:00;2321;sem vítima;807;BR-040/MG;Sul;Choque - Objeto Fixo;1;;;;;;;;;;1;;;;
16/04/2011;02:54:00;2296;com vítima;101;BR-040/RJ;Norte;Atropelamento - Pedestre;2;;;;;;;;;;1;;;;1
16/04/2011;04:02:00;2300;sem vítima;102;BR-040/RJ;Norte;Choque - Objeto Fixo;1;;;;;;;;;;1;;;;
16/04/2011;15:50:00;2381;com vítima;115;BR-040/RJ;Sul;Capotamento;1;;;;;;;;;;0;;1;;
16/04/2011;08:20:00;2319;com vítima;119;BR-040/RJ;Sul;Colisão Lateral;;;;1;;;;;;;0;1;;;
17/04/2011;05:30:00;2451;com vítima;68;BR-040/RJ;Norte;Choque - Objeto Fixo;1;;;;;;;;;;3;1;;;
17/04/2011;11:22:00;2486;com vítima;74;BR-040/RJ;Sul;Queda de Moto;;;;1;;;;;;;0;;;1;
17/04/2011;08:45:00;2472;sem vítima;815;BR-040/MG;Sul;Choque - Objeto Fixo;1;;;;;;;;;;1;;;;
17/04/2011;18:39:00;2557;sem vítima;100;BR-040/RJ;Sul;Colisão Traseira;1;;;;;;1;;;;2;;;;
17/04/2011;14:30:00;2507;com vítima;109;BR-040/RJ;Sul;Queda de Moto;;;;1;;;;;;;0;1;;;
17/04/2011;20:22:00;2570;sem vítima;111;BR-040/RJ;Norte;Colisão Lateral;2;;;;;;;;;;2;;;;
17/04/2011;15:18:00;2516;com vítima;112;BR-040/RJ;Sul;Derrapagem;2;;;;;;;;;;1;1;;;
17/04/2011;05:33:00;2452;com vítima;115;BR-040/RJ;Sul;Capotamento;1;;;;;;;;;;0;;;1;
17/04/2011;13:43:00;2502;com vítima;117;BR-040/RJ;Sul;Queda de Moto;1;;;;;;;;;;0;1;1;;
18/04/2011;01:12:00;2594;sem vítima;52;BR-040/RJ;Sul;Choque - Objeto Fixo;1;;;;;;;;;;1;;;;
18/04/2011;17:20:00;2709;sem vítima;73;BR-040/RJ;Norte;Choque - Objeto Fixo;1;;;;;;;;;;1;;;;
18/04/2011;14:06:00;2674;com vítima;789;BR-040/MG;Norte;Capotamento;1;;;;;;;;;;0;;1;;
18/04/2011;04:28:00;2601;sem vítima;88;BR-040/RJ;Sul;Colisão Traseira;1;;1;;;;;;;;2;;;;
18/04/2011;21:54:00;2751;com vítima;98;BR-040/RJ;Sul;Atropelamento - Pedestre;1;;;;;;;;;;1;;;1;
18/04/2011;18:12:00;2721;com vítima;111;BR-040/RJ;Norte;Colisão Traseira;2;;;;;;;;;;2;3;;;
18/04/2011;05:25:00;2604;com vítima;121;BR-040/RJ;Sul;Engavetamento;6;;;;;;;;;;7;2;1;;
18/04/2011;06:57:00;2610;sem vítima;121;BR-040/RJ;Sul;Colisão Traseira;;;2;;;;;;;;2;;;;
19/04/2011;14:26:00;2852;com vítima;786;BR-040/MG;Sul;Colisão Traseira;;1;1;;;;;;;;1;;1;;
19/04/2011;06:41:00;2779;com vítima;91;BR-040/RJ;Norte;Choque - Objeto Fixo;1;;;;;;;;;;0;1;;;
19/04/2011;10:58:00;2828;com vítima;97;BR-040/RJ;Sul;Tombamento;;;1;;;;;;;;0;1;;2;
19/04/2011;13:30:00;2843;sem vítima;97;BR-040/RJ;Sul;Colisão Traseira;1;;1;;;;;;;;2;;;;
19/04/2011;15:12:00;2858;sem vítima;98;BR-040/RJ;Sul;Derrapagem;1;;;;;;;;;;1;;;;
19/04/2011;07:31:00;2789;sem vítima;100;BR-040/RJ;Norte;Colisão Lateral;2;;;;;;;;;;2;;;;
19/04/2011;06:25:00;2778;com vítima;104;BR-040/RJ;Norte;Colisão Traseira;2;;;;;;;;;;0;2;;;
19/04/2011;20:42:00;2911;com vítima;119;BR-040/RJ;Norte;Queda de Moto;;;;1;;;;;;;0;1;1;;
20/04/2011;07:12:00;2946;com vítima;47;BR-040/RJ;Norte;Tombamento;;;1;;;2;;;;;2;;;;1
20/04/2011;13:45:00;3023;sem vítima;83;BR-040/RJ;Norte;Colisão Traseira;1;;;;;1;;;;;2;;;;
20/04/2011;15:04:00;3032;sem vítima;91;BR-040/RJ;Norte;Colisão Traseira;2;;;;;;;;;;2;;;;
20/04/2011;12:17:00;3009;sem vítima;100;BR-040/RJ;Norte;Choque - Objeto Fixo;1;;;;;;;;;;1;;;;
20/04/2011;18:20:00;3062;com vítima;105;BR-040/RJ;Norte;Colisão Lateral;1;;;1;;;;;;;1;;1;;
20/04/2011;06:31:00;2942;sem vítima;109;BR-040/RJ;Norte;Colisão Lateral;1;;1;;;;;;;;2;;;;
20/04/2011;12:08:00;3007;sem vítima;111;BR-040/RJ;Sul;Colisão Lateral;1;;;;;1;;;;;2;;;;
20/04/2011;18:33:00;3064;sem vítima;112;BR-040/RJ;Norte;Choque - Objeto Fixo;1;;;;;1;;;;;2;;;;
20/04/2011;17:37:00;3054;sem vítima;123;BR-040/RJ;Sul;Colisão Lateral;1;;1;;;;;;;;2;;;;
20/04/2011;09:03:00;2962;sem vítima;124;BR-040/RJ;Sul;Colisão Lateral;1;;1;;;;;;;;2;;;;
21/04/2011;01:48:00;3118;sem vítima;83;BR-040/RJ;Sul;Choque - Objeto Fixo;1;;;;;;;;;;1;;;;
21/04/2011;10:57:00;3186;sem vítima;84;BR-040/RJ;Norte;Engavetamento;4;;;;;;;;;;4;;;;
21/04/2011;14:28:00;3233;sem vítima;93;BR-040/RJ;Norte;Colisão Traseira;1;;;;;1;;;;;2;;;;
21/04/2011;13:54:00;3225;sem vítima;101;BR-040/RJ;Norte;Queda de Moto;;;;1;;;;;;;1;;;;
21/04/2011;05:50:00;3137;sem vítima;102;BR-040/RJ;Norte;Choque - Objeto Fixo;1;;;;;;;;;;1;;;;
21/04/2011;10:10:00;3178;sem vítima;104;BR-040/RJ;Norte;Colisão Lateral;1;;1;;;;;;;;2;;;;
21/04/2011;10:28:00;3180;sem vítima;109;BR-040/RJ;Norte;Engavetamento;2;;;;;1;;;;;3;;;;
21/04/2011;14:24:00;3232;sem vítima;109;BR-040/RJ;Norte;Colisão Lateral;1;;;;1;;;;;;2;;;;
21/04/2011;04:55:00;3132;com vítima;119;BR-040/RJ;Norte;Choque - Objeto Fixo;1;;;;;;;;;;0;2;2;;
21/04/2011;18:52:00;3288;sem vítima;124;BR-040/RJ;Norte;Colisão Lateral;1;;;;;1;;;;;2;;;;
22/04/2011;15:35:00;3412;com vítima;69;BR-040/RJ;Norte;Capotamento;1;;;;;;;;;;0;3;;;
22/04/2011;01:31:00;3328;com vítima;806;BR-040/MG;Sul;Queda de Moto;;;;1;;;;;;;0;;1;1;
22/04/2011;11:52:00;3382;sem vítima;92;BR-040/RJ;Norte;Choque - Objeto Fixo;1;;;;;;;;;;1;;;;
22/04/2011;00:21:00;3325;sem vítima;113;BR-040/RJ;Norte;Queda de Moto;;;;1;;;;;;;1;;;;
22/04/2011;16:30:00;3420;com vítima;119;BR-040/RJ;Sul;Queda de Moto;;;;1;;;;;;;0;;2;;
22/04/2011;02:11:00;3331;sem vítima;122;BR-040/RJ;Norte;Choque - Objeto Fixo;1;;;;;;;;;;1;;;;
22/04/2011;04:26:00;3334;com vítima;122;BR-040/RJ;Sul;Atropelamento - Pedestre;;;;;;1;;;;;1;;;;1
22/04/2011;18:10:00;3433;com vítima;123;BR-040/RJ;Sul;Colisão Traseira;1;;;;1;;;;;;1;;;1;
23/04/2011;16:13:00;3576;sem vítima;70;BR-040/RJ;Sul;Colisão Lateral;2;;;;;;;;;;2;;;;
23/04/2011;11:29:00;3526;sem vítima;72;BR-040/RJ;Sul;Choque - Objeto Fixo;1;;;;;;;;;;1;;;;
23/04/2011;13:48:00;3550;com vítima;793;BR-040/MG;Sul;Derrapagem;;;1;;;;;;;;0;1;;;
23/04/2011;15:59:00;3572;com vítima;106;BR-040/RJ;Sul;Colisão Lateral;;;;1;;1;;;;;1;1;;;
23/04/2011;16:32:00;3580;sem vítima;109;BR-040/RJ;Sul;Colisão Lateral;1;;;;;1;;;;;2;;;;
23/04/2011;18:45:00;3604;sem vítima;109;BR-040/RJ;Sul;Colisão Traseira;2;;;;;;;;;;2;;;;
23/04/2011;04:23:00;3472;com vítima;114;BR-040/RJ;Sul;Choque - Objeto Fixo;1;;;;;;;;;;0;1;2;;
23/04/2011;03:58:00;3471;com vítima;117;BR-040/RJ;Sul;Tombamento;;;1;;;;;;;;0;;1;;
23/04/2011;14:44:00;3559;sem vítima;122;BR-040/RJ;Norte;Colisão Traseira;1;;;;;1;;;;;2;;;;
23/04/2011;19:15:00;3612;sem vítima;122;BR-040/RJ;Sul;Colisão Lateral;2;;;;;;;;;;2;;;;
23/04/2011;20:36:00;3620;com vítima;122;BR-040/RJ;Sul;Capotamento;1;;;;;;;;;;0;2;;;
23/04/2011;19:52:00;3617;sem vítima;123;BR-040/RJ;Sul;Colisão Traseira;1;;;;;1;;;;;2;;;;
24/04/2011;19:38:00;3801;com vítima;33;BR-040/RJ;Sul;Colisão Traseira;;;;1;;1;;;;;1;;1;;
24/04/2011;17:45:00;3773;com vítima;40;BR-040/RJ;Sul;Queda de Moto;;;;1;;;;;;;0;;1;;
24/04/2011;04:48:00;3648;com vítima;49;BR-040/RJ;Norte;Choque - Objeto Fixo;1;;;;;;;;;;0;1;;;
24/04/2011;11:35:00;3694;com vítima;52;BR-040/RJ;Norte;Derrapagem;1;;;;;;;;;;2;1;;1;
24/04/2011;04:23:00;3644;com vítima;73;BR-040/RJ;Sul;Choque - Objeto Fixo;1;;;;;;;;;;0;;1;;
24/04/2011;23:14:00;3839;sem vítima;80;BR-040/RJ;Norte;Choque - Objeto Fixo;1;;;;;;;;;;1;;;;
24/04/2011;16:48:00;3758;sem vítima;816;BR-040/MG;Norte;Colisão Traseira;2;;;;;;;;;;2;;;;
24/04/2011;16:00:00;3747;sem vítima;85;BR-040/RJ;Sul;Choque - Objeto Fixo;1;;;;;;;;;;1;;;;
24/04/2011;21:14:00;3821;sem vítima;85;BR-040/RJ;Norte;Choque - Objeto Fixo;1;;;;;;;;;;1;;;;
24/04/2011;20:49:00;3814;sem vítima;91;BR-040/RJ;Norte;Derrapagem;1;;;;;;;;;;1;;;;
24/04/2011;17:18:00;3767;sem vítima;93;BR-040/RJ;Sul;Colisão Traseira;1;;;;;1;;;;;2;;;;
24/04/2011;20:32:00;3812;sem vítima;94;BR-040/RJ;Norte;Choque - Objeto Fixo;1;;;;;;;;;;1;;;;
24/04/2011;21:17:00;3822;sem vítima;94;BR-040/RJ;Norte;Choque - Objeto Fixo;1;;;;;;;;;;1;;;;
24/04/2011;16:22:00;3754;com vítima;95;BR-040/RJ;Sul;Capotamento;1;;;;;;;;;;0;2;;;
24/04/2011;14:55:00;3731;sem vítima;99;BR-040/RJ;Norte;Choque - Objeto Fixo;1;;;;;;;;;;1;;;;
24/04/2011;15:53:00;3742;sem vítima;99;BR-040/RJ;Norte;Choque - Objeto Fixo;1;;;;;;;;;;1;;;;
24/04/2011;13:13:00;3710;com vítima;105;BR-040/RJ;Norte;Atropelamento - Pedestre;1;;;;;;;;;;1;;1;;
24/04/2011;21:10:00;3818;com vítima;109;BR-040/RJ;Norte;Queda de Moto;;;;1;;;;;;;0;1;;;
24/04/2011;11:23:00;3690;sem vítima;114;BR-040/RJ;Norte;Choque - Objeto Fixo;1;;;;;;;;;;1;;;;
24/04/2011;17:37:00;3771;sem vítima;115;BR-040/RJ;Sul;Colisão Traseira;2;;;;;;;;;;2;;;;
24/04/2011;15:12:00;3737;sem vítima;118;BR-040/RJ;Sul;Colisão Traseira;2;;1;;;;;;;;3;;;;
24/04/2011;12:43:00;3706;sem vítima;119;BR-040/RJ;Sul;Tombamento;1;;;;;;;;;;1;;;;
25/04/2011;09:00:00;3913;sem vítima;66;BR-040/RJ;Sul;Choque - Objeto Fixo;1;;;;;;;;;;1;;;;
25/04/2011;12:27:00;3947;sem vítima;77;BR-040/RJ;Norte;Choque - Objeto Fixo;1;;;;;;;;;;1;;;;
25/04/2011;00:34:00;3853;sem vítima;80;BR-040/RJ;Sul;Choque - Objeto Fixo;1;;;;;;;;;;1;;;;
25/04/2011;18:50:00;4007;sem vítima;816;BR-040/MG;Norte;Colisão Traseira;2;;;;;;;;;;2;;;;
25/04/2011;00:34:00;3852;com vítima;825;BR-040/MG;Sul;Tombamento;;;1;;;;;;;;0;1;;;
25/04/2011;21:19:00;4020;sem vítima;85;BR-040/RJ;Sul;Choque - Objeto Fixo;1;;;;;;;;;;1;;;;
25/04/2011;21:39:00;4025;sem vítima;85;BR-040/RJ;Sul;Choque - Objeto Fixo;1;;;;;;;;;;1;;;;
25/04/2011;09:04:00;3914;com vítima;89;BR-040/RJ;Sul;Choque - Objeto Fixo;1;;;;;;;;;;0;5;;;
25/04/2011;21:00:00;4018;sem vítima;110;BR-040/RJ;Norte;Engavetamento;3;;;;;;;;;;3;;;;
25/04/2011;07:20:00;3895;com vítima;120;BR-040/RJ;Sul;Queda de Moto;;1;;1;;;;;;;1;;1;;
25/04/2011;08:05:00;3901;sem vítima;123;BR-040/RJ;Sul;Colisão Lateral;1;;1;;;;;;;;2;;;;
26/04/2011;12:38:00;4108;sem vítima;73;BR-040/RJ;Norte;Choque - Objeto Fixo;1;;;;;;;;;;1;;;;
26/04/2011;18:10:00;4148;sem vítima;73;BR-040/RJ;Sul;Choque - Objeto Fixo;1;;;;;;;;;;1;;;;
26/04/2011;12:56:00;4110;sem vítima;80;BR-040/RJ;Sul;Choque - Objeto Fixo;1;;;;;;;;;;1;;;;
26/04/2011;07:32:00;4060;sem vítima;81;BR-040/RJ;Norte;Choque - Objeto Fixo;1;;;;;;;;;;1;;;;
26/04/2011;07:57:00;4066;sem vítima;787;BR-040/MG;Norte;Choque - Objeto Fixo;;;1;;;;;;;;1;;;;
26/04/2011;12:11:00;4101;sem vítima;84;BR-040/RJ;Norte;Choque - Objeto Fixo;1;;;;;;;;;;1;;;;
26/04/2011;15:07:00;4123;sem vítima;90;BR-040/RJ;Sul;Derrapagem;1;;;;;;;;;;1;;;;
26/04/2011;11:23:00;4098;sem vítima;92;BR-040/RJ;Norte;Choque - Objeto Fixo;1;;;;;;;;;;1;;;;
26/04/2011;07:40:00;4064;sem vítima;113;BR-040/RJ;Sul;Choque - Objeto Fixo;1;;;;;;;;;;1;;;;
26/04/2011;16:55:00;4141;com vítima;114;BR-040/RJ;Norte;Queda de Moto;;;;1;;;;;;;0;1;;;
26/04/2011;06:27:00;4051;com vítima;115;BR-040/RJ;Sul;Colisão Traseira;1;;;1;;;;;;;1;;1;;
26/04/2011;08:16:00;4069;sem vítima;123;BR-040/RJ;Sul;Colisão Lateral;1;;1;;;;;;;;2;;;;
27/04/2011;11:02:00;4248;sem vítima;34;BR-040/RJ;Norte;Choque - Objeto Fixo;1;;;;;;;;;;1;;;;
27/04/2011;19:02:00;4307;com vítima;38;BR-040/RJ;Norte;Capotamento;1;;;;;;;;;;0;1;;;
27/04/2011;04:33:00;4196;sem vítima;61;BR-040/RJ;Norte;Colisão Traseira;;;2;;;;;;;;2;;;;
27/04/2011;23:28:00;4330;com vítima;802;BR-040/MG;Norte;Colisão Traseira;1;;;;;1;;;;;1;1;;;
27/04/2011;22:24:00;4326;sem vítima;84;BR-040/RJ;Norte;Choque - Objeto Fixo;1;;;;;;;;;;1;;;;
27/04/2011;15:29:00;4281;sem vítima;90;BR-040/RJ;Sul;Derrapagem;1;;;;;;;;;;1;;;;
27/04/2011;14:40:00;4277;sem vítima;110;BR-040/RJ;Norte;Colisão Traseira;2;;;;;;;;;;2;;;;
27/04/2011;19:04:00;4308;sem vítima;115;BR-040/RJ;Sul;Colisão Lateral;2;;;;;;;;;;2;;;;
27/04/2011;07:37:00;4218;com vítima;118;BR-040/RJ;Sul;Tombamento;;;;;1;;;;;;0;;2;;
28/04/2011;08:46:00;4354;com vítima;22;BR-040/RJ;Sul;Tombamento;;;1;;;;;;;;0;;1;;
28/04/2011;20:04:00;4433;com vítima;72;BR-040/RJ;Norte;Choque - Objeto Fixo;1;;;;;;;;;;0;2;;;
28/04/2011;23:14:00;4456;sem vítima;795;BR-040/MG;Sul;Atropelamento - Animal;1;;;;;;;;;;1;;;;
28/04/2011;20:26:00;4438;com vítima;805;BR-040/MG;Sul;Capotamento;1;;;;;;;;;;0;1;;;
28/04/2011;17:02:00;4413;sem vítima;816;BR-040/MG;Sul;Colisão Lateral;1;;1;;;;;;;;2;;;;
28/04/2011;11:11:00;4369;sem vítima;104;BR-040/RJ;Sul;Colisão Lateral;1;;1;;;;;;;;2;;;;
28/04/2011;13:27:00;4386;com vítima;107;BR-040/RJ;Sul;Colisão Traseira;1;;;;1;;;;;;2;1;;;
28/04/2011;16:15:00;4405;sem vítima;116;BR-040/RJ;Norte;Colisão Lateral;1;;1;;;;;;;;2;;;;
28/04/2011;17:08:00;4414;sem vítima;117;BR-040/RJ;Norte;Colisão Traseira;1;;1;;;;;;;;2;;;;
28/04/2011;18:38:00;4421;sem vítima;117;BR-040/RJ;Norte;Colisão Traseira;1;;1;;;;;;;;3;;;;
28/04/2011;18:37:00;4423;sem vítima;118;BR-040/RJ;Norte;Engavetamento;2;;;1;;;;;;;3;;;;
28/04/2011;19:02:00;4425;sem vítima;119;BR-040/RJ;Norte;Colisão Traseira;2;;;;;;;;;;2;;;;
28/04/2011;08:14:00;4352;sem vítima;124;BR-040/RJ;Sul;Colisão Lateral;1;;1;;;;;;;;2;;;;
28/04/2011;11:31:00;4373;sem vítima;125;BR-040/RJ;Norte;Colisão Lateral;;;2;;;;;;;;2;;;;
29/04/2011;12:31:00;4524;com vítima;73;BR-040/RJ;Sul;Capotamento;1;;;;;;;;;;0;1;;;
29/04/2011;10:12:00;4513;com vítima;80;BR-040/RJ;Sul;Tombamento;;;1;;;;;;;;0;;1;;
29/04/2011;09:52:00;4510;sem vítima;815;BR-040/MG;Sul;Derrapagem;1;;;;;;;;;;1;;;;
29/04/2011;22:04:00;4601;com vítima;93;BR-040/RJ;Norte;Colisão Traseira;2;1;;;;;;;;;2;;2;;
29/04/2011;07:48:00;4487;sem vítima;98;BR-040/RJ;Norte;Choque - Objeto Fixo;1;;;;;;;;;;1;;;;
29/04/2011;16:39:00;4554;sem vítima;108;BR-040/RJ;Norte;Colisão Lateral;1;;1;;;;;;;;2;;;;
29/04/2011;04:56:00;4470;com vítima;115;BR-040/RJ;Norte;Choque - Objeto Fixo;1;;;;;;;;;;0;1;;;
29/04/2011;19:10:00;4575;sem vítima;116;BR-040/RJ;Norte;Colisão Traseira;1;;;;;1;;;;;2;;;;
29/04/2011;10:55:00;4515;sem vítima;121;BR-040/RJ;Norte;Colisão Lateral;;;2;;;;;;;;2;;;;
30/04/2011;19:11:00;4724;sem vítima;58;BR-040/RJ;Sul;Choque - Objeto Fixo;1;;;;;;;;;;1;;;;
30/04/2011;08:11:00;4632;com vítima;68;BR-040/RJ;Norte;Choque - Objeto Fixo;1;;;;;;;;;;0;;1;;
30/04/2011;20:45:00;4736;sem vítima;68;BR-040/RJ;Norte;Queda de Moto;;;;1;;;;;;;1;;;;
30/04/2011;14:07:00;4682;sem vítima;791;BR-040/MG;Norte;Choque - Objeto Fixo;1;;;;;;;;;;1;;;;
30/04/2011;19:42:00;4729;sem vítima;799;BR-040/MG;Norte;Choque - Objeto Fixo;1;;;;;;;;;;1;;;;
30/04/2011;15:48:00;4698;com vítima;86;BR-040/RJ;Sul;Capotamento;1;;;;;;;;;;0;1;;;
30/04/2011;19:01:00;4721;com vítima;105;BR-040/RJ;Norte;Atropelamento - Pedestre;;;;;;1;;;;;1;1;;;
30/04/2011;17:26:00;4708;sem vítima;110;BR-040/RJ;Sul;Colisão Traseira;2;;;;;;;;;;2;;;;
30/04/2011;08:39:00;4635;sem vítima;112;BR-040/RJ;Norte;Colisão Lateral;1;;1;;;;;;;;2;;;;
30/04/2011;19:58:00;4731;com vítima;113;BR-040/RJ;Sul;Colisão Traseira;1;;;;;1;;;;;1;1;;;
30/04/2011;20:04:00;4732;com vítima;113;BR-040/RJ;Sul;Engavetamento;4;;;;;2;;;;;4;7;;;
30/04/2011;06:47:00;4628;com vítima;117;BR-040/RJ;Sul;Atropelamento - Pedestre;1;;;;;;;;;;1;;;;1