data;horario;n_da_ocorrencia;tipo_de_ocorrencia;km;trecho;sentido;tipo_de_acidente;automovel;bicicleta;caminhao;moto;onibus;outros;tracao_animal;transporte_de_cargas_especiais;trator_maquinas;utilitarios;ilesos;levemente_feridos;moderadamente_feridos;gravemente_feridos;mortos
30/04/2011;00:55:00;4609;sem vítima;122;BR-040/RJ;Sul;Colisão Transversal;1;;1;;;;;;;;2;;;;
30/04/2011;04:34:00;4621;com vítima;125;BR-040/RJ;Sul;Choque - Objeto Fixo;1;;;;;;;;;;0;1;;;
01/05/2011;05:31:00;17;sem vítima;5;BR-040/RJ;Norte;Choque - Objeto Fixo;1;;;;;;;;;;1;;;;
01/05/2011;15:41:00;69;sem vítima;65;BR-040/RJ;Norte;Derrapagem;1;;;;;;;;;;1;;;;
01/05/2011;07:03:00;20;com vítima;780;BR-040/MG;Sul;Capotamento;1;;;;;;;;;;0;1;;;
01/05/2011;14:06:00;58;sem vítima;87;BR-040/RJ;Sul;Choque - Objeto Fixo;1;;;;;;;;;;1;;;;
01/05/2011;03:41:00;11;sem vítima;95;BR-040/RJ;Sul;Choque - Objeto Fixo;1;;;;;;;;;;1;;;;
01/05/2011;20:07:00;109;com vítima;110;BR-040/RJ;Sul;Atropelamento - Pedestre;;;;1;;;;;;;0;;;2;
01/05/2011;18:26:00;91;sem vítima;117;BR-040/RJ;Sul;Colisão Traseira;2;;;;;;;;;;2;;;;
01/05/2011;03:13:00;10;com vítima;123;BR-040/RJ;Norte;Colisão Frontal;1;;;1;;;;;;;1;;2;;
01/05/2011;20:54:00;117;com vítima;123;BR-040/RJ;Norte;Colisão Traseira;1;1;;;;;;;;;1;;1;;
02/05/2011;17:26:00;253;com vítima;24;BR-040/RJ;Norte;Choque - Objeto Fixo;1;;;;;;;;;;1;1;;;
02/05/2011;08:46:00;182;com vítima;806;BR-040/MG;Norte;Capotamento;1;;;;;;;;;;0;1;;;
02/05/2011;07:33:00;169;com vítima;818;BR-040/MG;Norte;Colisão Traseira;1;;1;;;;;;;;1;3;;;
02/05/2011;21:17:00;276;sem vítima;85;BR-040/RJ;Norte;Choque - Objeto Fixo;1;;;;;;;;;;1;;;;
02/05/2011;13:43:00;219;com vítima;86;BR-040/RJ;Norte;Choque - Objeto Fixo;1;;;;;;;;;;0;1;;;
02/05/2011;23:09:00;287;com vítima;86;BR-040/RJ;Sul;Queda de Moto;;;;1;;;;;;;0;;1;;
02/05/2011;17:06:00;250;sem vítima;90;BR-040/RJ;Norte;Choque - Objeto Fixo;1;;;;;;;;;;1;;;;
02/05/2011;19:53:00;271;com vítima;105;BR-040/RJ;Norte;Colisão Frontal;;;1;1;;;;;;;1;1;1;;
02/05/2011;17:20:00;252;com vítima;109;BR-040/RJ;Norte;Colisão Traseira;1;;;1;;;;;;;1;1;;;
02/05/2011;16:13:00;240;com vítima;112;BR-040/RJ;Norte;Colisão Traseira;;;2;;;;;;;;1;1;1;;
02/05/2011;05:16:00;151;sem vítima;113;BR-040/RJ;Sul;Colisão Lateral;2;;;;;;;;;;2;;;;
02/05/2011;13:25:00;217;sem vítima;113;BR-040/RJ;Norte;Colisão Lateral;1;;1;;;;;;;;2;;;;
02/05/2011;18:13:00;262;sem vítima;113;BR-040/RJ;Sul;Colisão Traseira;2;;;;;;;;;;2;;;;
02/05/2011;06:57:00;162;sem vítima;122;BR-040/RJ;Sul;Colisão Lateral;2;;;;;1;;;;;3;;;;
02/05/2011;12:14:00;211;com vítima;123;BR-040/RJ;Sul;Queda de Moto;;;;1;;;;;;;0;2;;;
03/05/2011;06:06:00;316;com vítima;782;BR-040/MG;Norte;Queda de Moto;;;;1;;;;;;;0;;1;;
03/05/2011;17:23:00;417;com vítima;102;BR-040/RJ;Norte;Atropelamento - Pedestre;;;;;;1;;;;;1;;1;;
03/05/2011;08:21:00;332;sem vítima;111;BR-040/RJ;Sul;Colisão Traseira;1;;1;;;;;;;;2;;;;
03/05/2011;05:27:00;313;sem vítima;115;BR-040/RJ;Sul;Engavetamento;4;;;;;;;;;;4;;;;
03/05/2011;16:48:00;411;sem vítima;121;BR-040/RJ;Sul;Colisão Lateral;1;;1;;;;;;;;2;;;;
03/05/2011;19:30:00;427;sem vítima;122;BR-040/RJ;Norte;Colisão Lateral;;;1;;1;;;;;;2;;;;
03/05/2011;13:45:00;387;com vítima;123;BR-040/RJ;Sul;Atropelamento - Pedestre;1;;;;;;;;;;0;1;;;1
04/05/2011;20:23:00;588;com vítima;77;BR-040/RJ;Sul;Tombamento;1;;;;;;;;;;1;1;;;
04/05/2011;14:37:00;528;sem vítima;90;BR-040/RJ;Norte;Colisão Lateral;;;1;;;1;;;;;2;;;;
04/05/2011;15:15:00;535;sem vítima;97;BR-040/RJ;Sul;Choque - Objeto Fixo;1;;;;;;;;;;1;;;;
04/05/2011;11:05:00;494;com vítima;110;BR-040/RJ;Norte;Atropelamento - Pedestre;;1;2;;;;;;;;2;;1;;
04/05/2011;16:34:00;549;sem vítima;110;BR-040/RJ;Norte;Colisão Lateral;1;;1;;;;;;;;2;;;;
04/05/2011;06:40:00;461;sem vítima;113;BR-040/RJ;Sul;Colisão Lateral;;;1;;2;;;;;;3;;;;
04/05/2011;07:07:00;463;sem vítima;122;BR-040/RJ;Sul;Colisão Traseira;1;;1;;;;;;;;2;;;;
04/05/2011;11:47:00;500;sem vítima;123;BR-040/RJ;Norte;Colisão Lateral;2;;;;;;;;;;2;;;;
05/05/2011;08:37:00;650;com vítima;52;BR-040/RJ;Norte;Choque - Objeto Fixo;1;;;;;;;;;;0;1;;;
05/05/2011;20:33:00;773;com vítima;66;BR-040/RJ;Sul;Queda de Moto;;;;1;;;;;;;1;1;;;
05/05/2011;14:31:00;698;com vítima;807;BR-040/MG;Sul;Choque - Objeto Fixo;1;;;;;;;;;;0;1;;;
05/05/2011;02:55:00;624;com vítima;95;BR-040/RJ;Sul;Choque - Objeto Fixo;;;1;;;;;;;;0;1;;;
05/05/2011;16:27:00;722;sem vítima;109;BR-040/RJ;Norte;Colisão Lateral;1;;1;;;;;;;;2;;;;
05/05/2011;17:00:00;728;sem vítima;109;BR-040/RJ;Norte;Colisão Traseira;2;;;;;;;;;;2;;;;
05/05/2011;17:53:00;739;sem vítima;109;BR-040/RJ;Norte;Colisão Lateral;1;;1;;;;;;;;2;;;;
05/05/2011;17:44:00;738;sem vítima;112;BR-040/RJ;Norte;Colisão Traseira;2;;;;;;;;;;2;;;;
05/05/2011;18:00:00;741;sem vítima;112;BR-040/RJ;Norte;Colisão Traseira;2;;;;;;;;;;2;;;;
05/05/2011;18:15:00;747;sem vítima;124;BR-040/RJ;Sul;Colisão Traseira;;;1;1;;;;;;;2;;;;
06/05/2011;10:10:00;837;com vítima;12;BR-040/RJ;Sul;Choque - Objeto Fixo;1;;;;;;;;;;0;;1;;1
06/05/2011;18:30:00;930;com vítima;57;BR-040/RJ;Sul;Atropelamento - Pedestre;1;;;;;;;;;;0;1;;;1
06/05/2011;11:12:00;846;sem vítima;72;BR-040/RJ;Sul;Choque - Objeto Fixo;1;;;;;;;;;;1;;;;
06/05/2011;08:48:00;830;com vítima;78;BR-040/RJ;Sul;Capotamento;1;;;;;;;;;;0;1;;;
06/05/2011;06:37:00;816;sem vítima;99;BR-040/RJ;Norte;Choque - Objeto Fixo;;;1;;;;;;;;1;;;;
06/05/2011;11:50:00;849;com vítima;107;BR-040/RJ;Sul;Colisão Lateral;2;;1;;;;;;;;2;1;;;
06/05/2011;17:25:00;917;sem vítima;109;BR-040/RJ;Sul;Choque - Objeto Fixo;1;;;;;1;;;;;2;;;;
06/05/2011;17:43:00;922;sem vítima;109;BR-040/RJ;Norte;Colisão Lateral;1;;1;;;;;;;;2;;;;
06/05/2011;21:30:00;970;com vítima;109;BR-040/RJ;Norte;Colisão Traseira;2;;;;;;;;;;1;;1;;
06/05/2011;16:01:00;895;sem vítima;110;BR-040/RJ;Norte;Choque - Objeto Fixo;1;;;;;1;;;;;2;;;;
06/05/2011;19:10:00;940;sem vítima;122;BR-040/RJ;Sul;Colisão Lateral;1;;;;1;;;;;;2;;;;
07/05/2011;18:20:00;1126;com vítima;82;BR-040/RJ;Sul;Colisão Lateral;1;;;1;;;;;;;1;1;;;
07/05/2011;20:08:00;1143;com vítima;109;BR-040/RJ;Norte;Colisão Lateral;2;;;;;;;;;;0;1;1;;
07/05/2011;04:09:00;997;com vítima;116;BR-040/RJ;Sul;Colisão Traseira;2;;;;;;;;;;0;2;;;
07/05/2011;06:52:00;1009;com vítima;124;BR-040/RJ;Sul;Colisão Traseira;;;1;1;;;;;;;1;;1;;
08/05/2011;19:47:00;1294;sem vítima;73;BR-040/RJ;Norte;Choque - Objeto Fixo;1;;;;;;;;;;3;;;;
08/05/2011;07:30:00;1196;sem vítima;777;BR-040/MG;Norte;Choque - Objeto Fixo;1;;;;;;;;;;1;;;;
08/05/2011;11:41:00;1222;sem vítima;87;BR-040/RJ;Sul;Derrapagem;1;;;;;;;;;;1;;;;
08/05/2011;19:17:00;1289;sem vítima;101;BR-040/RJ;Norte;Colisão Lateral;2;;;;;;;;;;2;;;;
08/05/2011;00:56:00;1170;com vítima;107;BR-040/RJ;Norte;Colisão Lateral;1;;;1;;;;;;;1;1;;;
08/05/2011;18:34:00;1281;com vítima;108;BR-040/RJ;Norte;Colisão Frontal;1;;;1;;;;;;;1;;1;;
08/05/2011;04:52:00;1186;sem vítima;109;BR-040/RJ;Sul;Choque - Objeto Fixo;1;;;;;;;;;;1;;;;
08/05/2011;19:46:00;1293;com vítima;110;BR-040/RJ;Norte;Capotamento;1;;;;;;;;;;0;5;;;
08/05/2011;04:49:00;1188;sem vítima;119;BR-040/RJ;Norte;Choque - Objeto Fixo;1;;;;;;;;;;1;;;;
08/05/2011;16:59:00;1268;sem vítima;124;BR-040/RJ;Sul;Colisão Lateral;1;;1;;;;;;;;2;;;;
09/05/2011;05:00:00;1328;com vítima;22;BR-040/RJ;Sul;Tombamento;;;1;;;;;;;;0;;1;;
09/05/2011;08:13:00;1347;sem vítima;23;BR-040/RJ;Norte;Choque - Objeto Fixo;1;;;;;;;;;;1;;;;
09/05/2011;16:45:00;1437;sem vítima;74;BR-040/RJ;Sul;Colisão Transversal;2;;;;;;;;;;2;;;;
09/05/2011;07:37:00;1340;sem vítima;83;BR-040/RJ;Sul;Choque - Objeto Fixo;1;;;;;;;;;;1;;;;
09/05/2011;16:47:00;1438;com vítima;784;BR-040/MG;Norte;Queda de Moto;;;;1;;;;;;;0;1;;;
09/05/2011;16:06:00;1430;com vítima;812;BR-040/MG;Norte;Queda de Moto;;;;1;;;;;;;0;2;;;
09/05/2011;21:10:00;1476;sem vítima;109;BR-040/RJ;Sul;Colisão Traseira;1;;;;1;;;;;;2;;;;
09/05/2011;21:18:00;1481;sem vítima;109;BR-040/RJ;Sul;Colisão Traseira;1;;;;;1;;;;;2;;;;
09/05/2011;05:31:00;1331;com vítima;114;BR-040/RJ;Norte;Choque - Objeto Fixo;1;;;;;;;;;;0;2;1;;
09/05/2011;16:00:00;1426;sem vítima;117;BR-040/RJ;Norte;Colisão Lateral;1;;2;;;;;;;;3;;;;
09/05/2011;16:02:00;1429;sem vítima;119;BR-040/RJ;Norte;Colisão Lateral;1;;1;;;;;;;;2;;;;
10/05/2011;23:19:00;1636;com vítima;5;BR-040/RJ;Sul;Tombamento;;;1;;;;;;;;0;1;;;
10/05/2011;12:52:00;1551;sem vítima;21;BR-040/RJ;Norte;Derrapagem;;;1;;;;;;;;1;;;;
10/05/2011;16:16:00;1580;sem vítima;56;BR-040/RJ;Norte;Choque - Objeto Fixo;2;;;;;;;;;;2;;;;
10/05/2011;09:28:00;1532;com vítima;77;BR-040/RJ;Sul;Choque - Objeto Fixo;1;;;;;;;;;;0;1;;;
10/05/2011;07:09:00;1512;sem vítima;780;BR-040/MG;Sul;Atropelamento - Animal;;;1;;;;;;;;1;;;;
10/05/2011;14:17:00;1560;com vítima;787;BR-040/MG;Norte;Tombamento;;;1;;;;;;;;0;1;;;
10/05/2011;16:00:00;1577;sem vítima;800;BR-040/MG;Norte;Colisão Lateral;1;;1;;;;;;;;2;;;;
10/05/2011;16:56:00;1587;sem vítima;84;BR-040/RJ;Sul;Choque - Objeto Fixo;1;;;;;;;;;;1;;;;
10/05/2011;09:26:00;1531;sem vítima;87;BR-040/RJ;Sul;Capotamento;1;;;;;;;;;;2;;;;
10/05/2011;10:25:00;1538;sem vítima;92;BR-040/RJ;Sul;Choque - Objeto Fixo;1;;;;;;;;;;1;;;;
10/05/2011;16:25:00;1582;sem vítima;93;BR-040/RJ;Sul;Choque - Objeto Fixo;1;;;;;;;;;;1;;;;
10/05/2011;13:26:00;1554;sem vítima;121;BR-040/RJ;Norte;Colisão Traseira;2;;;;;;;;;;2;;;;
10/05/2011;05:20:00;1502;sem vítima;124;BR-040/RJ;Sul;Colisão Traseira;1;;1;;;;;;;;2;;;;
11/05/2011;17:59:00;1769;com vítima;56;BR-040/RJ;Norte;Atropelamento - Pedestre;1;;;;;;;;;;1;1;1;;
11/05/2011;14:21:00;1727;com vítima;67;BR-040/RJ;Norte;Atropelamento - Pedestre;1;;;;;;;;;;1;;;;1
11/05/2011;20:25:00;1787;sem vítima;786;BR-040/MG;Norte;Choque - Objeto Fixo;;;1;;;;;;;;1;;;;
11/05/2011;05:39:00;1662;sem vítima;787;BR-040/MG;Norte;Choque - Objeto Fixo;;;1;;;;;;;;1;;;;
11/05/2011;17:25:00;1764;sem vítima;787;BR-040/MG;Sul;Colisão Traseira;2;;;;;;;;;;2;;;;
11/05/2011;16:45:00;1750;com vítima;87;BR-040/RJ;Sul;Capotamento;1;;;;;;;;;;0;;1;;
11/05/2011;18:10:00;1768;sem vítima;120;BR-040/RJ;Norte;Colisão Traseira;2;;;;;;;;;;2;;;;
11/05/2011;22:12:00;1795;sem vítima;124;BR-040/RJ;Sul;Atropelamento - Pedestre;1;;;;;;;;;;2;;;;
12/05/2011;01:37:00;1805;sem vítima;119;BR-040/RJ;Sul;Colisão Lateral;2;;;;;;;;;;2;;;;
12/05/2011;18:12:00;1946;sem vítima;120;BR-040/RJ;Norte;Colisão Lateral;1;;1;;;;;;;;2;;;;
12/05/2011;18:09:00;1945;com vítima;121;BR-040/RJ;Norte;Engavetamento;2;;;;;1;;;;;2;1;2;;
13/05/2011;09:12:00;2015;sem vítima;77;BR-040/RJ;Sul;Choque - Objeto Fixo;1;;;;;;;;;;1;;;;
13/05/2011;10:50:00;2030;sem vítima;77;BR-040/RJ;Sul;Derrapagem;1;;;;;;;;;;1;;;;
13/05/2011;00:20:00;1983;sem vítima;82;BR-040/RJ;Norte;Choque - Objeto Fixo;1;;;;;;;;;;1;;;;
13/05/2011;09:47:00;2019;sem vítima;798;BR-040/MG;Norte;Colisão Lateral;2;;;;;;;;;;2;;;;
13/05/2011;11:20:00;2035;sem vítima;84;BR-040/RJ;Sul;Choque - Objeto Fixo;1;;;;;;;;;;1;;;;
13/05/2011;11:37:00;2036;sem vítima;84;BR-040/RJ;Sul;Choque - Objeto Fixo;1;;;;;;;;;;1;;;;
13/05/2011;16:37:00;2080;com vítima;84;BR-040/RJ;Sul;Colisão Traseira;;;2;;;;;;;;1;2;;;
13/05/2011;18:27:00;2100;sem vítima;86;BR-040/RJ;Norte;Choque - Objeto Fixo;1;;;;;;;;;;1;;;;
13/05/2011;11:15:00;2033;sem vítima;89;BR-040/RJ;Norte;Derrapagem;1;;;;;;;;;;1;;;;
13/05/2011;09:33:00;2018;sem vítima;90;BR-040/RJ;Sul;Choque - Objeto Fixo;1;;;;;;;;;;1;;;;
13/05/2011;16:50:00;2083;sem vítima;90;BR-040/RJ;Sul;Derrapagem;1;;;;;;;;;;1;;;;
13/05/2011;18:11:00;2097;sem vítima;94;BR-040/RJ;Sul;Choque - Objeto Fixo;1;;;;;;;;;;1;;;;
13/05/2011;20:33:00;2126;sem vítima;94;BR-040/RJ;Norte;Capotamento;1;;;;;;;;;;1;;;;
13/05/2011;09:20:00;2017;sem vítima;96;BR-040/RJ;Norte;Choque - Objeto Fixo;1;;;;;;;;;;1;;;;
13/05/2011;08:04:00;2003;sem vítima;111;BR-040/RJ;Sul;Engavetamento;3;;;;;;;;;;3;;;;
13/05/2011;09:08:00;2014;sem vítima;111;BR-040/RJ;Sul;Queda de Moto;;;;1;;;;;;;1;;;;
13/05/2011;04:21:00;1988;com vítima;113;BR-040/RJ;Sul;Capotamento;1;;;;;;;;;;0;1;;;
13/05/2011;18:28:00;2111;sem vítima;118;BR-040/RJ;Sul;Choque - Objeto Fixo;1;;;;;;;;;;1;;;;
13/05/2011;05:25:00;1992;sem vítima;119;BR-040/RJ;Sul;Colisão Lateral;;;;;1;1;;;;;2;;;;
13/05/2011;21:19:00;2129;sem vítima;119;BR-040/RJ;Norte;Colisão Traseira;1;;;;;1;;;;;2;;;;
13/05/2011;18:14:00;2098;sem vítima;121;BR-040/RJ;Norte;Colisão Traseira;2;;;;;;;;;;2;;;;
14/05/2011;12:43:00;2214;com vítima;34;BR-040/RJ;Norte;Capotamento;1;;;;;;;;;;0;1;;;
14/05/2011;13:15:00;2219;com vítima;36;BR-040/RJ;Norte;Capotamento;1;;;;;;;;;;0;3;;;
14/05/2011;10:00:00;2191;sem vítima;45;BR-040/RJ;Sul;Colisão Lateral;1;;1;;;;;;;;2;;;;
14/05/2011;12:06:00;2206;sem vítima;815;BR-040/MG;Norte;Choque - Objeto Fixo;1;;;;;;;;;;1;;;;
14/05/2011;09:17:00;2184;com vítima;84;BR-040/RJ;Sul;Choque - Objeto Fixo;1;;;;;;;;;;0;1;;;
14/05/2011;10:42:00;2195;sem vítima;84;BR-040/RJ;Sul;Choque - Objeto Fixo;1;;;;;;;;;;1;;;;
14/05/2011;11:42:00;2204;sem vítima;84;BR-040/RJ;Norte;Colisão Lateral;1;;1;;;;;;;;2;;;;
14/05/2011;08:03:00;2170;sem vítima;85;BR-040/RJ;Norte;Choque - Objeto Fixo;1;;;;;;;;;;1;;;;
14/05/2011;14:00:00;2221;com vítima;88;BR-040/RJ;Sul;Choque - Objeto Fixo;1;;;;;;;;;;0;1;1;;
14/05/2011;08:14:00;2172;sem vítima;91;BR-040/RJ;Sul;Choque - Objeto Fixo;1;;;;;;;;;;1;;;;
14/05/2011;22:28:00;2284;com vítima;103;BR-040/RJ;Norte;Choque - Objeto Fixo;1;;;;;;;;;;0;;2;;1
14/05/2011;03:22:00;2147;com vítima;118;BR-040/RJ;Norte;Colisão Traseira;1;;1;;;;;;;;1;;;2;
14/05/2011;19:51:00;2271;sem vítima;121;BR-040/RJ;Norte;Engavetamento;3;;;;;;;;;;3;;;;
14/05/2011;12:37:00;2213;sem vítima;124;BR-040/RJ;Sul;Choque - Objeto Fixo;1;;;;;;;;;;1;;;;
15/05/2011;05:24:00;2310;sem vítima;2;BR-040/RJ;Sul;Choque - Objeto Fixo;1;;;;;;;;;;1;;;;
15/05/2011;17:30:00;2396;com vítima;34;BR-040/RJ;Norte;Tombamento;;;1;;;;;;;;0;;;1;
15/05/2011;17:50:00;2398;sem vítima;39;BR-040/RJ;Norte;Choque - Objeto Fixo;1;;;;;;;;;;1;;;;
15/05/2011;15:41:00;2378;sem vítima;73;BR-040/RJ;Sul;Choque - Objeto Fixo;1;;;;;;;;;;1;;;;
15/05/2011;04:51:00;2309;sem vítima;801;BR-040/MG;Norte;Colisão Transversal;2;;;;;;;;;;3;;;;
15/05/2011;23:55:00;2437;sem vítima;813;BR-040/MG;Norte;Colisão Lateral;1;;1;;;;;;;;2;;;;
15/05/2011;20:07:00;2417;sem vítima;84;BR-040/RJ;Sul;Engavetamento;4;;;;;;;;;;4;;;;
15/05/2011;13:57:00;2365;com vítima;87;BR-040/RJ;Sul;Capotamento;1;;;;;;;;;;0;2;;;
15/05/2011;18:14:00;2401;com vítima;92;BR-040/RJ;Sul;Derrapagem;1;;;;;;;;;;0;1;;;
15/05/2011;20:07:00;2416;com vítima;94;BR-040/RJ;Sul;Capotamento;1;;;;;;;;;;0;;1;;
15/05/2011;03:11:00;2302;com vítima;110;BR-040/RJ;Sul;Choque - Objeto Fixo;1;;;;;;;;;;0;1;;;
15/05/2011;03:18:00;2303;com vítima;110;BR-040/RJ;Norte;Queda de Moto;;;;1;;;;;;;0;;;;1
15/05/2011;18:29:00;2402;com vítima;110;BR-040/RJ;Norte;Colisão Lateral;2;;;;;1;;;;;2;1;;;
15/05/2011;18:51:00;2405;sem vítima;110;BR-040/RJ;Sul;Colisão Traseira;1;;;;;1;;;;;2;;;;
15/05/2011;06:10:00;2315;sem vítima;119;BR-040/RJ;Norte;Choque - Objeto Fixo;1;;;;;;;;;;1;;;;
15/05/2011;01:35:00;2296;sem vítima;120;BR-040/RJ;Norte;Colisão Traseira;1;;1;;;;;;;;2;;;;
15/05/2011;13:23:00;2359;com vítima;120;BR-040/RJ;Sul;Capotamento;1;;;;;;;;;;0;1;;;
15/05/2011;14:30:00;2369;sem vítima;120;BR-040/RJ;Sul;Colisão Traseira;1;;1;;;;;;;;2;;;;
15/05/2011;08:28:00;2320;sem vítima;123;BR-040/RJ;Norte;Colisão Lateral;1;;1;;;;;;;;2;;;;
15/05/2011;23:23:00;2435;sem vítima;123;BR-040/RJ;Sul;Choque - Objeto Fixo;1;;;;;;;;;;1;;;;
16/05/2011;17:58:00;2559;com vítima;59;BR-040/RJ;Sul;Choque - Objeto Fixo;1;;;;;;;;;;0;;1;;
16/05/2011;13:35:00;2512;com vítima;66;BR-040/RJ;Norte;Capotamento;1;;;;;;;;;;0;;1;;
16/05/2011;12:55:00;2506;sem vítima;81;BR-040/RJ;Sul;Choque - Objeto Fixo;1;;;;;;;;;;1;;;;
16/05/2011;05:35:00;2459;sem vítima;84;BR-040/RJ;Sul;Engavetamento;3;;;;;;;;;;3;;;;
16/05/2011;11:09:00;2498;sem vítima;85;BR-040/RJ;Norte;Choque - Objeto Fixo;1;;;;;;;;;;1;;;;
16/05/2011;12:49:00;2505;sem vítima;96;BR-040/RJ;Sul;Choque - Objeto Fixo;1;;;;;;;;;;1;;;;
16/05/2011;05:16:00;2458;sem vítima;109;BR-040/RJ;Sul;Colisão Traseira;1;;1;;;;;;;;2;;;;
16/05/2011;14:07:00;2519;com vítima;110;BR-040/RJ;Sul;Choque - Objeto Fixo;1;;;;;;;;;;0;1;;;
16/05/2011;08:44:00;2480;sem vítima;113;BR-040/RJ;Norte;Colisão Lateral;1;;1;;;;;;;;2;;;;
16/05/2011;11:11:00;2499;sem vítima;123;BR-040/RJ;Sul;Colisão Traseira;;;;;1;1;;;;;2;;;;
16/05/2011;19:53:00;2579;sem vítima;123;BR-040/RJ;Norte;Colisão Lateral;1;;1;;;;;;;;2;;;;
17/05/2011;19:59:00;2738;sem vítima;24;BR-040/RJ;Norte;Atropelamento - Animal;1;;;;;;;;;;1;;;;
17/05/2011;10:10:00;2659;com vítima;52;BR-040/RJ;Norte;Capotamento;1;;;;;;;;;;0;;1;;
17/05/2011;07:41:00;2633;sem vítima;75;BR-040/RJ;Norte;Colisão Lateral;2;;;;;;;;;;2;;;;
17/05/2011;23:22:00;2753;sem vítima;78;BR-040/RJ;Sul;Derrapagem;1;;;;;;;;;;1;;;;
17/05/2011;10:25:00;2662;sem vítima;781;BR-040/MG;Norte;Colisão Lateral;1;;;;1;;;;;;2;;;;
17/05/2011;10:43:00;2664;sem vítima;88;BR-040/RJ;Norte;Choque - Objeto Fixo;1;;;;;;;;;;1;;;;
17/05/2011;11:14:00;2666;com vítima;90;BR-040/RJ;Sul;Derrapagem;1;;;;;;;;;;0;;1;;
17/05/2011;15:34:00;2696;sem vítima;91;BR-040/RJ;Sul;Choque - Objeto Fixo;1;;;;;;;;;;1;;;;
17/05/2011;10:51:00;2665;com vítima;92;BR-040/RJ;Sul;Choque - Objeto Fixo;1;;;;;;;;;;0;;1;;
17/05/2011;14:50:00;2684;com vítima;92;BR-040/RJ;Norte;Derrapagem;1;;;;;;;;;;1;2;;;
17/05/2011;17:08:00;2717;sem vítima;94;BR-040/RJ;Sul;Derrapagem;;;1;;;;;;;;1;;;;
17/05/2011;18:00:00;2721;sem vítima;109;BR-040/RJ;Sul;Colisão Lateral;1;;;;;1;;;;;2;;;;
17/05/2011;21:44:00;2744;sem vítima;109;BR-040/RJ;Sul;Choque - Objeto Fixo;1;;;;;;;;;;1;;;;
17/05/2011;16:31:00;2710;com vítima;110;BR-040/RJ;Norte;Colisão Transversal;1;;1;;;;;;;;1;1;;;
17/05/2011;04:34:00;2616;sem vítima;114;BR-040/RJ;Norte;Derrapagem;1;;;;;;;;;;1;;;;
17/05/2011;08:08:00;2639;sem vítima;121;BR-040/RJ;Norte;Colisão Traseira;2;;;;;;;;;;2;;;;
17/05/2011;07:51:00;2634;sem vítima;123;BR-040/RJ;Sul;Colisão Lateral;1;;1;;;;;;;;2;;;;
18/05/2011;20:52:00;2914;com vítima;18;BR-040/RJ;Sul;Choque - Objeto Fixo;1;;;;;;;;;;0;1;;;
18/05/2011;07:37:00;2792;com vítima;46;BR-040/RJ;Norte;Queda de Moto;;;;1;;1;;;;;1;2;;;
18/05/2011;02:25:00;2765;sem vítima;84;BR-040/RJ;Norte;Choque - Objeto Fixo;1;;;;;;;;;;1;;;;
18/05/2011;08:59:00;2803;sem vítima;85;BR-040/RJ;Norte;Choque - Objeto Fixo;1;;;;;;;;;;1;;;;
18/05/2011;11:35:00;2829;sem vítima;85;BR-040/RJ;Norte;Choque - Objeto Fixo;1;;;;;;;;;;1;;;;
18/05/2011;08:38:00;2799;sem vítima;90;BR-040/RJ;Norte;Choque - Objeto Fixo;1;;;;;;;;;;1;;;;
18/05/2011;05:02:00;2775;sem vítima;120;BR-040/RJ;Norte;Derrapagem;1;;;;;;;;;;1;;;;
18/05/2011;08:57:00;2802;sem vítima;123;BR-040/RJ;Sul;Colisão Lateral;;;2;;;;;;;;2;;;;
19/05/2011;13:55:00;3009;sem vítima;25;BR-040/RJ;Sul;Choque - Objeto Fixo;1;;;;;;;;;;1;;;;
19/05/2011;18:14:00;3054;com vítima;76;BR-040/RJ;Sul;Choque - Objeto Fixo;1;;;;;;;;;;0;1;;;
19/05/2011;23:26:00;3096;com vítima;76;BR-040/RJ;Sul;Colisão Frontal;2;;;;;;;;;;0;1;1;;
19/05/2011;18:22:00;3057;sem vítima;815;BR-040/MG;Norte;Choque - Objeto Fixo;1;;;;;;;;;;1;;;;
19/05/2011;15:39:00;3025;sem vítima;109;BR-040/RJ;Norte;Colisão Lateral;1;;1;;;;;;;;2;;;;
19/05/2011;12:57:00;3000;sem vítima;123;BR-040/RJ;Norte;Colisão Lateral;1;;1;;;;;;;;2;;;;
19/05/2011;18:55:00;3062;com vítima;124;BR-040/RJ;Sul;Atropelamento - Pedestre;1;1;;;;;;;;;1;;1;;
20/05/2011;12:21:00;3162;sem vítima;22;BR-040/RJ;Norte;Colisão Lateral;1;;1;;;;;;;;2;;;;
20/05/2011;14:49:00;3182;sem vítima;31;BR-040/RJ;Norte;Choque - Objeto Fixo;1;;;;;;;;;;1;;;;
20/05/2011;23:24:00;3266;sem vítima;67;BR-040/RJ;Norte;Choque - Objeto Fixo;1;;;;;;;;;;1;;;;
20/05/2011;22:55:00;3261;sem vítima;96;BR-040/RJ;Norte;Choque - Objeto Fixo;1;;;;;;;;;;1;;;;
20/05/2011;18:38:00;3228;com vítima;106;BR-040/RJ;Sul;Atropelamento - Pedestre;;;1;;;;;;;;0;;;1;