data;horario;n_da_ocorrencia;tipo_de_ocorrencia;km;trecho;sentido;tipo_de_acidente;automovel;bicicleta;caminhao;moto;onibus;outros;tracao_animal;transporte_de_cargas_especiais;trator_maquinas;utilitarios;ilesos;levemente_feridos;moderadamente_feridos;gravemente_feridos;mortos
20/05/2011;22:44:00;3258;com vítima;112;BR-040/RJ;Norte;Capotamento;1;;;;;;;;;;0;2;;;
20/05/2011;11:27:00;3156;sem vítima;114;BR-040/RJ;Norte;Choque - Objeto Fixo;;;1;;;;;;;;2;;;;
20/05/2011;07:48:00;3127;com vítima;120;BR-040/RJ;Norte;Atropelamento - Pedestre;;;1;;;;;;;;0;;;;1
21/05/2011;14:23:00;3357;sem vítima;70;BR-040/RJ;Norte;Colisão Traseira;1;;;;;1;;;;;2;;;;
21/05/2011;09:03:00;3311;com vítima;85;BR-040/RJ;Norte;Choque - Objeto Fixo;1;;;;;;;;;;0;2;1;;
21/05/2011;11:00:00;3330;sem vítima;90;BR-040/RJ;Norte;Choque - Objeto Fixo;1;;;;;;;;;;1;;;;
21/05/2011;12:55:00;3347;sem vítima;96;BR-040/RJ;Norte;Colisão Traseira;2;;;;;;;;;;2;;;;
21/05/2011;19:59:00;3417;com vítima;101;BR-040/RJ;Sul;Choque - Objeto Fixo;;;;1;;1;;;;;1;;1;;1
21/05/2011;23:16:00;3439;sem vítima;101;BR-040/RJ;Sul;Colisão Lateral;1;;;;;1;;;;;2;;;;
21/05/2011;20:30:00;3422;com vítima;106;BR-040/RJ;Norte;Colisão Frontal;1;;;1;;;;;;;1;;;2;
22/05/2011;01:47:00;3447;sem vítima;74;BR-040/RJ;Norte;Choque - Objeto Fixo;1;;;;;;;;;;2;;;;
22/05/2011;18:01:00;3555;sem vítima;802;BR-040/MG;Sul;Colisão Traseira;2;;;;;;;;;;2;;;;
22/05/2011;18:46:00;3561;com vítima;815;BR-040/MG;Norte;Choque - Objeto Fixo;1;;;;;;;;;;0;1;;;
22/05/2011;14:18:00;3510;com vítima;828;BR-040/MG;Norte;Choque - Objeto Fixo;1;;;;;;;;;;0;1;;;
22/05/2011;14:23:00;3512;com vítima;84;BR-040/RJ;Sul;Choque - Objeto Fixo;1;;;;;;;;;;0;;1;;
22/05/2011;14:23:00;3513;sem vítima;84;BR-040/RJ;Sul;Colisão Traseira;2;;;;;;;;;;6;;;;
22/05/2011;17:51:00;3553;com vítima;109;BR-040/RJ;Sul;Colisão Lateral;2;;;;;1;;;;;2;1;1;;
22/05/2011;04:57:00;3457;com vítima;113;BR-040/RJ;Sul;Colisão Traseira;2;;;;;;;;;;1;3;1;;
22/05/2011;12:43:00;3497;com vítima;120;BR-040/RJ;Norte;Capotamento;2;;;;;;;;;;0;4;1;;
22/05/2011;14:34:00;3515;com vítima;122;BR-040/RJ;Sul;Atropelamento - Pedestre;1;;;;;;;;;;0;1;;;1
23/05/2011;08:08:00;3630;sem vítima;40;BR-040/RJ;Norte;Derrapagem;1;;;;;;;;;;1;;;;
23/05/2011;07:59:00;3631;com vítima;72;BR-040/RJ;Norte;Tombamento;;;1;;;;;;;;0;;1;;
23/05/2011;17:09:00;3723;sem vítima;82;BR-040/RJ;Norte;Colisão Lateral;2;;;;;;;;;;2;;;;
23/05/2011;18:30:00;3741;sem vítima;109;BR-040/RJ;Norte;Colisão Lateral;1;;1;;;;;;;;2;;;;
23/05/2011;18:22:00;3737;sem vítima;112;BR-040/RJ;Norte;Colisão Traseira;2;;;;;;;;;;2;;;;
24/05/2011;07:18:00;3805;sem vítima;39;BR-040/RJ;Sul;Choque - Objeto Fixo;;;1;;;;;;;;1;;;;
24/05/2011;08:54:00;3816;sem vítima;85;BR-040/RJ;Norte;Choque - Objeto Fixo;1;;;;;;;;;;1;;;;
24/05/2011;11:33:00;3834;com vítima;96;BR-040/RJ;Norte;Engavetamento;2;;;;;1;;;;;2;2;;;
24/05/2011;23:45:00;3917;com vítima;96;BR-040/RJ;Sul;Choque - Objeto Fixo;1;;;;;;;;;;0;;1;;
24/05/2011;09:10:00;3818;com vítima;102;BR-040/RJ;Norte;Atropelamento - Pedestre;;;;1;;;;;;;0;1;1;;
24/05/2011;13:39:00;3847;sem vítima;109;BR-040/RJ;Norte;Choque - Objeto Fixo;;;1;;;;;;;;1;;;;
24/05/2011;07:58:00;3808;sem vítima;121;BR-040/RJ;Sul;Colisão Lateral;;;;1;;;;;;;1;;;;
24/05/2011;08:08:00;3809;sem vítima;123;BR-040/RJ;Sul;Colisão Lateral;1;;1;;;;;;;;2;;;;
24/05/2011;16:36:00;3870;sem vítima;124;BR-040/RJ;Sul;Colisão Lateral;1;;1;;;;;;;;2;;;;
24/05/2011;16:54:00;3873;com vítima;124;BR-040/RJ;Sul;Colisão Lateral;2;;;;;;;;;;1;;1;;
25/05/2011;03:03:00;3928;com vítima;55;BR-040/RJ;Sul;Choque - Objeto Fixo;;;1;;;;;;;;0;1;;;
25/05/2011;19:46:00;4058;sem vítima;80;BR-040/RJ;Sul;Derrapagem;;;1;;;;;;;;1;;;;
25/05/2011;17:26:00;4041;com vítima;816;BR-040/MG;Norte;Queda de Moto;;;;1;;;;;;;0;1;;;
25/05/2011;08:39:00;3954;com vítima;84;BR-040/RJ;Norte;Choque - Objeto Fixo;1;;;;;;;;;;0;;1;;
25/05/2011;09:24:00;3962;sem vítima;84;BR-040/RJ;Norte;Derrapagem;1;;;;;;;;;;1;;;;
25/05/2011;18:31:00;4048;com vítima;86;BR-040/RJ;Norte;Queda de Moto;;;;1;;;;;;;0;;1;;
25/05/2011;19:30:00;4055;sem vítima;87;BR-040/RJ;Norte;Choque - Objeto Fixo;1;;;;;;;;;;1;;;;
25/05/2011;13:21:00;4001;com vítima;98;BR-040/RJ;Norte;Queda de Moto;;;;1;;;;;;;0;1;;;
25/05/2011;15:05:00;4011;sem vítima;110;BR-040/RJ;Sul;Derrapagem;;;1;;;;;;;;1;;;;
25/05/2011;17:22:00;4039;com vítima;110;BR-040/RJ;Sul;Colisão Lateral;;;2;;;;;;;;0;2;;;
25/05/2011;17:22:00;4063;sem vítima;110;BR-040/RJ;Sul;Colisão Lateral;1;;1;;;;;;;;2;;;;
25/05/2011;18:52:00;4050;com vítima;111;BR-040/RJ;Norte;Engavetamento;3;;;;;;;;;;2;1;;;
25/05/2011;10:24:00;3975;sem vítima;119;BR-040/RJ;Norte;Colisão Traseira;1;;1;;;;;;;;2;;;;
25/05/2011;19:52:00;4059;sem vítima;120;BR-040/RJ;Sul;Colisão Lateral;1;;1;;;;;;;;2;;;;
25/05/2011;18:03:00;4043;sem vítima;122;BR-040/RJ;Sul;Colisão Lateral;1;;1;;;;;;;;2;;;;
25/05/2011;11:49:00;3988;sem vítima;123;BR-040/RJ;Sul;Colisão Lateral;1;;1;;;;;;;;2;;;;
25/05/2011;14:53:00;4009;sem vítima;123;BR-040/RJ;Sul;Colisão Lateral;1;;1;;;;;;;;2;;;;
25/05/2011;10:50:00;3979;sem vítima;124;BR-040/RJ;Norte;Colisão Lateral;1;;1;;;;;;;;2;;;;
25/05/2011;12:19:00;3991;com vítima;124;BR-040/RJ;Sul;Colisão Traseira;;;2;;;;;;;;1;;3;;
25/05/2011;12:19:00;3997;sem vítima;124;BR-040/RJ;Sul;Colisão Lateral;1;;1;;;;;;;;2;;;;
26/05/2011;05:28:00;4100;com vítima;31;BR-040/RJ;Norte;Tombamento;;;1;;;;;;;;0;1;;;
26/05/2011;02:27:00;4091;sem vítima;39;BR-040/RJ;Norte;Choque - Objeto Fixo;1;;;;;;;;;;1;;;;
26/05/2011;17:10:00;4185;sem vítima;800;BR-040/MG;Norte;Colisão Traseira;;;2;;;;;;;;2;;;;
26/05/2011;19:26:00;4202;sem vítima;94;BR-040/RJ;Norte;Choque - Objeto Fixo;1;;;;;;;;;;1;;;;
26/05/2011;21:40:00;4215;sem vítima;99;BR-040/RJ;Norte;Choque - Objeto Fixo;;;1;;;;;;;;1;;;;
26/05/2011;06:36:00;4104;sem vítima;105;BR-040/RJ;Sul;Colisão Traseira;2;;;;;;;;;;2;;;;
26/05/2011;19:55:00;4206;com vítima;124;BR-040/RJ;Norte;Colisão Lateral;1;;1;;;;;;;;2;1;;;
27/05/2011;08:32:00;4261;com vítima;32;BR-040/RJ;Norte;Queda de Moto;;;;1;;;;;;;0;;1;;
27/05/2011;14:32:00;4307;com vítima;72;BR-040/RJ;Norte;Capotamento;1;;;;;;;;;;0;2;;;
27/05/2011;09:26:00;4267;sem vítima;73;BR-040/RJ;Sul;Derrapagem;1;;;;;;;;;;1;;;;
27/05/2011;15:45:00;4318;sem vítima;73;BR-040/RJ;Sul;Choque - Objeto Fixo;1;;;;;;;;;;2;;;;
27/05/2011;22:52:00;4395;sem vítima;78;BR-040/RJ;Sul;Choque - Objeto Fixo;1;;;;;;;;;;1;;;;
27/05/2011;16:45:00;4331;com vítima;810;BR-040/MG;Sul;Atropelamento - Pedestre;;;1;;;;;;;;1;;;;1
27/05/2011;00:00:00;4228;sem vítima;84;BR-040/RJ;Norte;Choque - Objeto Fixo;1;;;;;;;;;;1;;;;
27/05/2011;20:39:00;4376;sem vítima;84;BR-040/RJ;Sul;Choque - Objeto Fixo;1;;;;;;;;;;1;;;;
27/05/2011;10:00:00;4271;sem vítima;90;BR-040/RJ;Norte;Choque - Objeto Fixo;1;;;;;;;;;;1;;;;
27/05/2011;10:36:00;4275;com vítima;92;BR-040/RJ;Sul;Capotamento;1;;;;;;;;;;0;1;;;
27/05/2011;11:20:00;4279;com vítima;92;BR-040/RJ;Sul;Capotamento;1;;;;;;;;;;0;2;;;
27/05/2011;10:56:00;4276;sem vítima;96;BR-040/RJ;Norte;Derrapagem;;;1;;;;;;;;1;;;;
27/05/2011;12:51:00;4292;sem vítima;96;BR-040/RJ;Sul;Derrapagem;1;;;;;;;;;;1;;;;
27/05/2011;10:58:00;4277;sem vítima;101;BR-040/RJ;Norte;Choque - Objeto Fixo;1;;;;;;;;;;1;;;;
27/05/2011;07:35:00;4254;sem vítima;109;BR-040/RJ;Norte;Colisão Lateral;1;;1;;;;;;;;2;;;;
27/05/2011;09:15:00;4266;sem vítima;120;BR-040/RJ;Sul;Colisão Lateral;1;;1;;;;;;;;2;;;;
27/05/2011;20:10:00;4370;com vítima;120;BR-040/RJ;Norte;Capotamento;1;;;;;;;;;;0;2;;;
27/05/2011;16:13:00;4327;sem vítima;124;BR-040/RJ;Norte;Colisão Lateral;1;;1;;;;;;;;2;;;;
28/05/2011;08:23:00;4439;com vítima;52;BR-040/RJ;Norte;Choque - Objeto Fixo;1;;;;;;;;;;0;;2;;
28/05/2011;08:16:00;4436;sem vítima;67;BR-040/RJ;Norte;Choque - Objeto Fixo;1;;;;;;;;;;1;;;;
28/05/2011;05:58:00;4423;com vítima;78;BR-040/RJ;Sul;Choque - Objeto Fixo;1;;;;;;;;;;0;;1;;
28/05/2011;13:30:00;4482;sem vítima;83;BR-040/RJ;Sul;Choque - Objeto Fixo;1;;;;;;;;;;1;;;;
28/05/2011;16:15:00;4512;sem vítima;83;BR-040/RJ;Norte;Choque - Objeto Fixo;1;;;;;;;;;;1;;;;
28/05/2011;18:22:00;4543;sem vítima;802;BR-040/MG;Sul;Choque - Objeto Fixo;1;;;;;;;;;;1;;;;
28/05/2011;15:15:00;4496;com vítima;810;BR-040/MG;Sul;Capotamento;1;;;;;;;;;;0;1;;;
28/05/2011;06:09:00;4424;sem vítima;84;BR-040/RJ;Sul;Choque - Objeto Fixo;1;;;;;;;;;;1;;;;
28/05/2011;09:19:00;4449;com vítima;84;BR-040/RJ;Norte;Choque - Objeto Fixo;1;;;;;;;;;;0;2;;;
28/05/2011;12:56:00;4471;sem vítima;84;BR-040/RJ;Sul;Choque - Objeto Fixo;1;;;;;;;;;;1;;;;
28/05/2011;13:21:00;4475;sem vítima;85;BR-040/RJ;Sul;Choque - Objeto Fixo;1;;;;;;;;;;1;;;;
28/05/2011;13:45:00;4483;sem vítima;87;BR-040/RJ;Sul;Choque - Objeto Fixo;1;;;;;;;;;;1;;;;
28/05/2011;13:58:00;4484;sem vítima;89;BR-040/RJ;Sul;Colisão Traseira;2;;;;;;;;;;2;;;;
28/05/2011;10:07:00;4456;sem vítima;92;BR-040/RJ;Sul;Choque - Objeto Fixo;1;;;;;;;;;;1;;;;
28/05/2011;10:04:00;4455;sem vítima;94;BR-040/RJ;Sul;Choque - Objeto Fixo;1;;;;;;;;;;1;;;;
28/05/2011;13:58:00;4485;com vítima;96;BR-040/RJ;Norte;Choque - Objeto Fixo;1;;;;;;;;;;0;4;;;
28/05/2011;13:38:00;4481;com vítima;122;BR-040/RJ;Sul;Choque - Objeto Fixo;2;;1;;;;;;;;1;4;;;
29/05/2011;07:05:00;4598;sem vítima;41;BR-040/RJ;Sul;Capotamento;1;;;;;;;;;;1;;;;
29/05/2011;10:49:00;4626;sem vítima;74;BR-040/RJ;Norte;Derrapagem;1;;;;;;;;;;2;;;;
29/05/2011;05:45:00;4594;sem vítima;796;BR-040/MG;Sul;Queda de Moto;;;;1;;;;;;;1;;;;
29/05/2011;11:15:00;4628;sem vítima;824;BR-040/MG;Norte;Choque - Objeto Fixo;1;;;;;;;;;;1;;;;
29/05/2011;15:24:00;4659;com vítima;108;BR-040/RJ;Sul;Capotamento;1;;;;;;;;;;0;1;;;
29/05/2011;15:24:00;4658;sem vítima;114;BR-040/RJ;Sul;Derrapagem;;;;1;;;;;;;1;;;;
29/05/2011;19:33:00;4696;com vítima;119;BR-040/RJ;Sul;Capotamento;1;;;;;;;;;;0;1;;;
29/05/2011;01:34:00;4578;sem vítima;121;BR-040/RJ;Sul;Colisão Lateral;2;;;;;;;;;;2;;;;
29/05/2011;20:17:00;4704;sem vítima;121;BR-040/RJ;Sul;Colisão Traseira;2;;;;;;;;;;2;;;;
29/05/2011;17:31:00;4680;com vítima;123;BR-040/RJ;Sul;Colisão Traseira;1;;;1;;;;;;;1;1;;;
30/05/2011;12:20:00;4804;sem vítima;36;BR-040/RJ;Sul;Colisão Lateral;1;;1;;;;;;;;2;;;;
30/05/2011;04:17:00;4744;com vítima;79;BR-040/RJ;Norte;Colisão Lateral;1;;1;;;;;;;;1;1;;;
30/05/2011;16:17:00;4833;sem vítima;84;BR-040/RJ;Norte;Colisão Lateral;1;;1;;;;;;;;2;;;;
30/05/2011;14:49:00;4823;sem vítima;89;BR-040/RJ;Norte;Colisão Lateral;1;;1;;;;;;;;2;;;;
31/05/2011;22:30:00;5059;sem vítima;85;BR-040/RJ;Norte;Choque - Objeto Fixo;1;;;;;;;;;;1;;;;
31/05/2011;17:05:00;5021;sem vítima;104;BR-040/RJ;Sul;Colisão Lateral;1;;1;;;;;;;;2;;;;
31/05/2011;17:32:00;5022;sem vítima;109;BR-040/RJ;Norte;Colisão Traseira;2;;;;;;;;;;2;;;;
31/05/2011;09:14:00;4946;sem vítima;111;BR-040/RJ;Norte;Colisão Lateral;;;1;;1;;;;;;2;;;;
31/05/2011;12:14:00;4966;com vítima;116;BR-040/RJ;Sul;Capotamento;1;;;;;;;;;;0;1;;;
31/05/2011;05:59:00;4918;sem vítima;122;BR-040/RJ;Sul;Engavetamento;2;;1;;;;;;;;3;;;;
31/05/2011;07:19:00;4923;sem vítima;123;BR-040/RJ;Sul;Colisão Lateral;1;;1;;;;;;;;2;;;;
01/06/2011;14:56:00;88;sem vítima;22;BR-040/RJ;Norte;Choque - Objeto Fixo;1;;;;;;;;;;1;;;;
01/06/2011;03:09:00;9;sem vítima;84;BR-040/RJ;Sul;Choque - Objeto Fixo;1;;;;;;;;;;1;;;;
01/06/2011;08:46:00;45;sem vítima;85;BR-040/RJ;Norte;Capotamento;1;;;;;;;;;;2;;;;
01/06/2011;17:35:00;123;sem vítima;109;BR-040/RJ;Norte;Engavetamento;5;;;;;;;;;;5;;;;
01/06/2011;18:15:00;129;sem vítima;112;BR-040/RJ;Norte;Engavetamento;3;;;;;;;;;;3;;;;
01/06/2011;18:41:00;131;com vítima;121;BR-040/RJ;Norte;Capotamento;1;;;;;;;;;;0;1;;;
01/06/2011;19:50:00;138;sem vítima;121;BR-040/RJ;Norte;Colisão Lateral;1;;1;;;;;;;;2;;;;
01/06/2011;07:04:00;27;sem vítima;123;BR-040/RJ;Sul;Colisão Lateral;1;;1;;;;;;;;2;;;;
01/06/2011;07:11:00;31;sem vítima;123;BR-040/RJ;Sul;Colisão Lateral;1;;1;;;;;;;;2;;;;
02/06/2011;14:09:00;241;sem vítima;37;BR-040/RJ;Norte;Choque - Objeto Fixo;1;;;;;;;;;;1;;;;
02/06/2011;07:59:00;191;sem vítima;54;BR-040/RJ;Sul;Derrapagem;1;;;;;;;;;;1;;;;
02/06/2011;00:27:00;165;sem vítima;77;BR-040/RJ;Sul;Choque - Objeto Fixo;1;;;;;;;;;;1;;;;
02/06/2011;03:08:00;169;com vítima;85;BR-040/RJ;Norte;Capotamento;1;;;;;;;;;;0;3;;;
02/06/2011;14:48:00;245;sem vítima;101;BR-040/RJ;Norte;Colisão Lateral;1;;1;;;;;;;;2;;;;
02/06/2011;17:25:00;272;sem vítima;110;BR-040/RJ;Norte;Colisão Lateral;2;;;;;;;;;;2;;;;
03/06/2011;20:16:00;471;com vítima;24;BR-040/RJ;Norte;Tombamento;;;1;;;;;;;;0;1;;;
03/06/2011;20:41:00;473;sem vítima;45;BR-040/RJ;Norte;Colisão Lateral;1;;;;1;;;;;;2;;;;
03/06/2011;18:53:00;452;sem vítima;58;BR-040/RJ;Sul;Choque - Objeto Fixo;1;;;;;;;;;;1;;;;
03/06/2011;21:10:00;479;sem vítima;69;BR-040/RJ;Norte;Choque - Objeto Fixo;1;;;;;;;;;;1;;;;
03/06/2011;06:46:00;337;sem vítima;84;BR-040/RJ;Norte;Choque - Objeto Fixo;1;;;;;;;;;;1;;;;
03/06/2011;23:35:00;497;sem vítima;93;BR-040/RJ;Norte;Choque - Objeto Fixo;1;;;;;;;;;;1;;;;
03/06/2011;18:03:00;448;sem vítima;119;BR-040/RJ;Norte;Colisão Traseira;1;;;;;1;;;;;2;;;;
03/06/2011;20:55:00;476;sem vítima;121;BR-040/RJ;Sul;Colisão Lateral;1;;1;;;;;;;;2;;;;
03/06/2011;10:42:00;376;com vítima;122;BR-040/RJ;Norte;Engavetamento;1;;;;2;;;;;;2;1;;;
03/06/2011;13:30:00;394;sem vítima;123;BR-040/RJ;Norte;Colisão Traseira;1;;;;1;;;;;;2;;;;
03/06/2011;13:12:00;402;com vítima;123;BR-040/RJ;Norte;Atropelamento - Pedestre;;;;;;1;;;;;1;;1;;
03/06/2011;19:19:00;459;sem vítima;123;BR-040/RJ;Sul;Colisão Traseira;2;;;;;;;;;;2;;;;
04/06/2011;05:22:00;523;com vítima;47;BR-040/RJ;Norte;Choque - Objeto Fixo;1;;;;;;;;;;0;2;;;
04/06/2011;07:20:00;534;sem vítima;59;BR-040/RJ;Norte;Choque - Objeto Fixo;1;;;;;;;;;;1;;;;
04/06/2011;17:10:00;621;sem vítima;73;BR-040/RJ;Sul;Choque - Objeto Fixo;1;;;;;;;;;;1;;;;
04/06/2011;17:31:00;625;com vítima;77;BR-040/RJ;Sul;Choque - Objeto Fixo;1;;;;;;;;;;1;1;;;
04/06/2011;22:00:00;656;sem vítima;83;BR-040/RJ;Norte;Choque - Objeto Fixo;1;;;;;;;;;;1;;;;
04/06/2011;02:06:00;505;sem vítima;85;BR-040/RJ;Norte;Choque - Objeto Fixo;1;;;;;;;;;;1;;;;
04/06/2011;17:33:00;626;sem vítima;93;BR-040/RJ;Sul;Choque - Objeto Fixo;1;;;;;;;;;;1;;;;
04/06/2011;22:21:00;658;sem vítima;104;BR-040/RJ;Norte;Choque - Objeto Fixo;1;;;;;;;;;;1;;;;
04/06/2011;21:54:00;655;com vítima;110;BR-040/RJ;Sul;Capotamento;1;;;;;;;;;;0;1;;;
04/06/2011;18:14:00;632;com vítima;112;BR-040/RJ;Sul;Colisão Traseira;2;;;;;;;;;;0;2;;;
04/06/2011;13:43:00;580;com vítima;119;BR-040/RJ;Sul;Queda de Moto;;;;1;;;;;;;0;1;;;
04/06/2011;12:22:00;570;sem vítima;122;BR-040/RJ;Sul;Colisão Lateral;2;;;;;;;;;;2;;;;
04/06/2011;17:24:00;623;sem vítima;123;BR-040/RJ;Norte;Colisão Traseira;2;;;;;;;;;;2;;;;
05/06/2011;16:00:00;755;sem vítima;45;BR-040/RJ;Sul;Colisão Traseira;2;;;;;;;;;;7;;;;
05/06/2011;03:45:00;677;com vítima;67;BR-040/RJ;Sul;Capotamento;1;;;;;;;;;;0;;1;;
05/06/2011;03:15:00;676;com vítima;73;BR-040/RJ;Sul;Choque - Objeto Fixo;1;;;;;;;;;;1;1;;;
05/06/2011;11:07:00;711;sem vítima;77;BR-040/RJ;Sul;Derrapagem;1;;;;;;;;;;1;;;;
05/06/2011;11:20:00;713;sem vítima;78;BR-040/RJ;Sul;Choque - Objeto Fixo;1;;;;;;;;;;1;;;;
05/06/2011;09:04:00;701;com vítima;80;BR-040/RJ;Sul;Capotamento;1;;;;;;;;;;0;3;;;
05/06/2011;20:50:00;793;com vítima;798;BR-040/MG;Norte;Capotamento;1;;;;;;;;;;0;2;1;;
05/06/2011;19:01:00;780;com vítima;800;BR-040/MG;Norte;Capotamento;1;;;;;;;;;;0;1;;;
05/06/2011;09:55:00;705;sem vítima;85;BR-040/RJ;Norte;Derrapagem;;;;1;;;;;;;1;;;;
05/06/2011;10:54:00;709;sem vítima;85;BR-040/RJ;Sul;Choque - Objeto Fixo;1;;;;;;;;;;1;;;;
05/06/2011;10:54:00;714;sem vítima;85;BR-040/RJ;Sul;Choque - Objeto Fixo;1;;;;;;;;;;1;;;;
05/06/2011;07:28:00;687;com vítima;92;BR-040/RJ;Sul;Choque - Objeto Fixo;1;;;;;;;;;;0;1;;;
05/06/2011;20:55:00;794;sem vítima;110;BR-040/RJ;Norte;Choque - Objeto Fixo;1;;;;;;;;;;1;;;;
05/06/2011;00:53:00;669;sem vítima;114;BR-040/RJ;Norte;Choque - Objeto Fixo;1;;;;;;;;;;1;;;;
05/06/2011;14:52:00;738;com vítima;121;BR-040/RJ;Sul;Colisão Traseira;1;;1;;;;;;;;1;1;;;
05/06/2011;13:46:00;732;com vítima;123;BR-040/RJ;Sul;Capotamento;1;;;;;;;;;;0;2;;;
06/06/2011;18:06:00;973;com vítima;47;BR-040/RJ;Norte;Atropelamento - Pedestre;;;;;;1;;;;;1;;;1;
06/06/2011;01:16:00;808;com vítima;111;BR-040/RJ;Sul;Colisão Traseira;1;;;1;;;;;;;1;;1;;
06/06/2011;10:36:00;884;sem vítima;117;BR-040/RJ;Sul;Engavetamento;3;;;;1;;;;;;4;;;;
06/06/2011;19:53:00;990;sem vítima;119;BR-040/RJ;Norte;Colisão Traseira;2;;;;;;;;;;2;;;;
06/06/2011;09:49:00;881;sem vítima;120;BR-040/RJ;Sul;Colisão Lateral;1;;1;;;;;;;;2;;;;
06/06/2011;06:01:00;828;com vítima;121;BR-040/RJ;Sul;Colisão Traseira;2;;;;;;;;;;1;3;1;;
06/06/2011;19:12:00;984;sem vítima;124;BR-040/RJ;Sul;Colisão Lateral;1;;1;;;;;;;;2;;;;
07/06/2011;19:32:00;1180;com vítima;39;BR-040/RJ;Norte;Queda de Moto;;;;1;;;;;;;0;1;1;;
07/06/2011;23:29:00;1208;sem vítima;96;BR-040/RJ;Sul;Choque - Objeto Fixo;;;1;;;;;;;;1;;;;
07/06/2011;12:44:00;1089;sem vítima;113;BR-040/RJ;Norte;Colisão Traseira;1;;1;;;;;;;;2;;;;
07/06/2011;07:02:00;1036;sem vítima;123;BR-040/RJ;Sul;Colisão Lateral;1;;1;;;;;;;;2;;;;
08/06/2011;13:57:00;1298;com vítima;34;BR-040/RJ;Sul;Derrapagem;;;1;;;;;;;;1;1;;;
08/06/2011;02:17:00;1227;sem vítima;54;BR-040/RJ;Norte;Choque - Objeto Fixo;1;;;;;;;;;;1;;;;
08/06/2011;02:19:00;1228;com vítima;73;BR-040/RJ;Norte;Choque - Objeto Fixo;1;;;;;;;;;;0;1;1;;
08/06/2011;10:38:00;1273;sem vítima;824;BR-040/MG;Sul;Choque - Objeto Fixo;1;;;;;;;;;;1;;;;
08/06/2011;02:55:00;1233;sem vítima;85;BR-040/RJ;Norte;Colisão Frontal;;;2;;;;;;;;2;;;;
08/06/2011;09:45:00;1265;sem vítima;110;BR-040/RJ;Sul;Engavetamento;3;;;;;;;;;;3;;;;
08/06/2011;18:08:00;1351;sem vítima;111;BR-040/RJ;Norte;Colisão Traseira;2;;;;;;;;;;2;;;;
08/06/2011;01:03:00;1216;sem vítima;114;BR-040/RJ;Sul;Choque - Objeto Fixo;1;;;;;;;;;;1;;;;
08/06/2011;09:34:00;1262;com vítima;117;BR-040/RJ;Norte;Choque - Objeto Fixo;1;;;;;1;;;;;1;;1;;
08/06/2011;10:30:00;1271;com vítima;124;BR-040/RJ;Sul;Colisão Traseira;;;2;;;;;;;;0;2;1;;
08/06/2011;19:00:00;1358;sem vítima;124;BR-040/RJ;Sul;Derrapagem;1;;;;;;;;;;1;;;;
09/06/2011;17:51:00;1503;sem vítima;24;BR-040/RJ;Norte;Choque - Objeto Fixo;1;;;;;;;;;;3;;;;
09/06/2011;05:14:00;1415;com vítima;46;BR-040/RJ;Sul;Colisão Traseira;1;;;1;;;;;;;1;;;1;
09/06/2011;14:50:00;1477;sem vítima;77;BR-040/RJ;Sul;Choque - Objeto Fixo;1;;;;;;;;;;1;;;;
09/06/2011;19:04:00;1510;sem vítima;82;BR-040/RJ;Norte;Choque - Objeto Fixo;1;;;;;;;;;;1;;;;
09/06/2011;18:41:00;1508;sem vítima;83;BR-040/RJ;Sul;Derrapagem;1;;;;;;;;;;1;;;;
09/06/2011;17:43:00;1502;sem vítima;790;BR-040/MG;Sul;Queda de Moto;;;;1;;;;;;;1;;;;
09/06/2011;17:10:00;1499;sem vítima;84;BR-040/RJ;Sul;Choque - Objeto Fixo;1;;;;;;;;;;1;;;;
09/06/2011;14:53:00;1476;sem vítima;85;BR-040/RJ;Norte;Choque - Objeto Fixo;1;;;;;;;;;;1;;;;
09/06/2011;12:27:00;1464;com vítima;92;BR-040/RJ;Norte;Derrapagem;;;1;;;;;;;;0;1;;;
09/06/2011;17:38:00;1501;com vítima;92;BR-040/RJ;Sul;Capotamento;1;;;;;;;;;;4;1;;;
09/06/2011;11:21:00;1455;sem vítima;97;BR-040/RJ;Sul;Tombamento;;;2;;;;;;;;2;;;;
09/06/2011;00:06:00;1392;com vítima;109;BR-040/RJ;Sul;Tombamento;;;1;;;;;;;;0;;2;;
09/06/2011;09:52:00;1446;sem vítima;109;BR-040/RJ;Sul;Colisão Traseira;;;1;;1;;;;;;2;;;;
09/06/2011;16:22:00;1495;sem vítima;109;BR-040/RJ;Sul;Colisão Lateral;2;;;;;;;;;;2;;;;
09/06/2011;02:30:00;1408;com vítima;111;BR-040/RJ;Norte;Queda de Moto;;;;1;;;;;;;0;;1;;
09/06/2011;07:03:00;1423;sem vítima;123;BR-040/RJ;Sul;Colisão Traseira;1;;1;;;;;;;;2;;;;
09/06/2011;18:33:00;1506;sem vítima;123;BR-040/RJ;Norte;Engavetamento;3;;;;1;;;;;;4;;;;
09/06/2011;18:48:00;1509;sem vítima;124;BR-040/RJ;Sul;Engavetamento;3;;;;;;;;;;3;;;;
10/06/2011;17:12:00;1668;sem vítima;50;BR-040/RJ;Norte;Choque - Objeto Fixo;1;;;;;;;;;;1;;;;
10/06/2011;15:55:00;1643;sem vítima;79;BR-040/RJ;Norte;Colisão Lateral;1;;;;1;;;;;;2;;;;
10/06/2011;14:50:00;1630;sem vítima;104;BR-040/RJ;Norte;Colisão Traseira;2;;;;;;;;;;2;;;;