data;horario;n_da_ocorrencia;tipo_de_ocorrencia;km;trecho;sentido;tipo_de_acidente;automovel;bicicleta;caminhao;moto;onibus;outros;tracao_animal;transporte_de_cargas_especiais;trator_maquinas;utilitarios;ilesos;levemente_feridos;moderadamente_feridos;gravemente_feridos;mortos
20/10/2011;04:30:00;1186;com vítima;114;BR-040/RJ;Norte;Choque - Objeto Fixo;1;;;;;;;;;;0;3;1;;
20/10/2011;10:35:00;1233;com vítima;117;BR-040/RJ;Sul;Colisão Traseira;;;1;1;;;;;;;1;;;;1
20/10/2011;11:30:00;1248;sem vítima;816;BR-040/MG;Norte;Colisão Traseira;1;;1;;;;;;;;2;;;;
20/10/2011;16:58:00;1290;sem vítima;816;BR-040/MG;Sul;Colisão Traseira;2;;;;;;;;;;2;;;;
20/10/2011;18:52:00;1309;com vítima;119;BR-040/RJ;Norte;Choque - Objeto Fixo;1;;;;;;;;;;0;1;;;
20/10/2011;12:50:00;1256;sem vítima;120;BR-040/RJ;Sul;Colisão Lateral;2;;;;;;;;;;2;;;;
20/10/2011;13:18:00;1258;sem vítima;120;BR-040/RJ;Norte;Colisão Lateral;1;;1;;;;;;;;2;;;;
20/10/2011;07:34:00;1202;sem vítima;123;BR-040/RJ;Sul;Colisão Lateral;1;;1;;;;;;;;2;;;;
20/10/2011;07:58:00;1206;sem vítima;123;BR-040/RJ;Sul;Colisão Lateral;1;;;;1;;;;;;2;;;;
21/10/2011;19:41:00;66;com vítima;62;BR-040/RJ;Sul;Colisão Frontal;1;;;1;;;;;;;1;1;;;
21/10/2011;10:25:00;1405;sem vítima;80;BR-040/RJ;Sul;Choque - Objeto Fixo;1;;;;;;;;;;1;;;;
21/10/2011;14:34:00;9;com vítima;86;BR-040/RJ;Norte;Colisão Traseira;3;;;;;;;;;;2;1;;;
21/10/2011;16:29:00;31;com vítima;86;BR-040/RJ;Sul;Derrapagem;;;1;;;;;;;;0;1;;;
21/10/2011;23:43:00;96;sem vítima;89;BR-040/RJ;Norte;Colisão Lateral;1;;;;;1;;;;;2;;;;
21/10/2011;02:24:00;1364;sem vítima;98;BR-040/RJ;Norte;Colisão Traseira;2;;;;;;;;;;2;;;;
21/10/2011;15:49:00;22;com vítima;108;BR-040/RJ;Norte;Choque - Objeto Fixo;1;;;;;;;;;;0;1;;;
21/10/2011;18:50:00;64;sem vítima;109;BR-040/RJ;Norte;Colisão Traseira;2;;;;;;;;;;2;;;;
21/10/2011;18:15:00;51;com vítima;116;BR-040/RJ;Norte;Derrapagem;;;1;;;;;;;;0;1;;;
21/10/2011;10:00:00;1403;sem vítima;123;BR-040/RJ;Sul;Colisão Traseira;1;;1;;;;;;;;2;;;;
21/10/2011;12:16:00;1416;sem vítima;123;BR-040/RJ;Sul;Colisão Lateral;1;;1;;;;;;;;2;;;;
22/10/2011;18:22:00;236;com vítima;0;BR-040/RJ;Sul;Capotamento;1;;;;;;;;;;0;1;;;
22/10/2011;07:00:00;126;sem vítima;2;BR-040/RJ;Sul;Choque - Objeto Fixo;1;;;;;;;;;;1;;;;
22/10/2011;12:29:00;185;com vítima;2;BR-040/RJ;Sul;Choque - Objeto Fixo;1;;;;;;;;;;0;1;;;
22/10/2011;16:50:00;220;sem vítima;3;BR-040/RJ;Sul;Choque - Objeto Fixo;1;;;;;;;;;;1;;;;
22/10/2011;12:58:00;189;sem vítima;24;BR-040/RJ;Norte;Choque - Objeto Fixo;1;;;;;;;;;;1;;;;
22/10/2011;14:39:00;196;sem vítima;34;BR-040/RJ;Norte;Choque - Objeto Fixo;1;;;;;;;;;;4;;;;
22/10/2011;12:47:00;187;com vítima;35;BR-040/RJ;Norte;Capotamento;1;;;;;;;;;;0;3;;;
22/10/2011;12:41:00;186;sem vítima;43;BR-040/RJ;Norte;Choque - Objeto Fixo;1;;;;;;;;;;3;;;;
22/10/2011;11:14:00;173;sem vítima;52;BR-040/RJ;Norte;Choque - Objeto Fixo;1;;;;;;;;;;1;;;;
22/10/2011;16:13:00;215;sem vítima;52;BR-040/RJ;Norte;Choque - Objeto Fixo;1;;;;;;;;;;1;;;;
22/10/2011;17:20:00;229;com vítima;67;BR-040/RJ;Norte;Capotamento;1;;;;;;;;;;0;2;;;
22/10/2011;10:55:00;169;sem vítima;78;BR-040/RJ;Sul;Choque - Objeto Fixo;1;;;;;;;;;;1;;;;
22/10/2011;16:11:00;214;sem vítima;85;BR-040/RJ;Norte;Choque - Objeto Fixo;1;;;;;;;;;;1;;;;
22/10/2011;10:47:00;166;sem vítima;92;BR-040/RJ;Sul;Choque - Objeto Fixo;1;;;;;;;;;;1;;;;
22/10/2011;11:21:00;194;sem vítima;92;BR-040/RJ;Sul;Choque - Objeto Fixo;1;;;;;;;;;;1;;;;
22/10/2011;17:46:00;231;sem vítima;92;BR-040/RJ;Sul;Choque - Objeto Fixo;1;;;;;;;;;;1;;;;
22/10/2011;17:00:00;226;sem vítima;94;BR-040/RJ;Sul;Choque - Objeto Fixo;1;;;;;;;;;;1;;;;
22/10/2011;05:30:00;118;com vítima;105;BR-040/RJ;Norte;Queda de Moto;;;;1;;;;;;;0;1;;;
22/10/2011;15:12:00;203;sem vítima;105;BR-040/RJ;Norte;Colisão Traseira;2;;;;;;;;;;2;;;;
22/10/2011;07:48:00;135;sem vítima;782;BR-040/MG;Norte;Choque - Objeto Fixo;1;;;;;;;;;;1;;;;
22/10/2011;18:16:00;234;sem vítima;783;BR-040/MG;Sul;Choque - Objeto Fixo;1;;;;;;;;;;1;;;;
22/10/2011;15:18:00;205;sem vítima;784;BR-040/MG;Sul;Choque - Objeto Fixo;1;;;;;;;;;;1;;;;
22/10/2011;17:02:00;225;sem vítima;797;BR-040/MG;Sul;Choque - Objeto Fixo;1;;;;;;;;;;1;;;;
22/10/2011;10:44:00;164;com vítima;121;BR-040/RJ;Norte;Colisão Traseira;;;1;;1;;;;;;1;2;;;
22/10/2011;03:06:00;109;com vítima;122;BR-040/RJ;Sul;Choque - Objeto Fixo;1;;;;;;;;;;0;3;;;
22/10/2011;11:50:00;179;com vítima;122;BR-040/RJ;Norte;Colisão Traseira;1;;;1;;;;;;;1;;1;;
23/10/2011;03:48:00;294;sem vítima;24;BR-040/RJ;Norte;Choque - Objeto Fixo;1;;;;;;;;;;1;;;;
23/10/2011;13:01:00;356;com vítima;31;BR-040/RJ;Norte;Tombamento;;;1;;;;;;;;0;;;1;
23/10/2011;08:20:00;325;com vítima;32;BR-040/RJ;Norte;Capotamento;1;;;;;;;;;;0;1;;;
23/10/2011;14:08:00;365;com vítima;68;BR-040/RJ;Norte;Capotamento;1;;;;;;;;;;0;;;;1
23/10/2011;13:03:00;357;com vítima;101;BR-040/RJ;Norte;Choque - Objeto Fixo;1;;;;;;;;;;0;;2;;
23/10/2011;08:46:00;331;com vítima;107;BR-040/RJ;Norte;Atropelamento - Pedestre;;;;;1;;;;;;1;1;;;
23/10/2011;08:24:00;328;com vítima;111;BR-040/RJ;Norte;Choque - Objeto Fixo;1;;;;;;;;;;0;1;;;
23/10/2011;19:14:00;410;com vítima;113;BR-040/RJ;Sul;Colisão Traseira;1;;;1;1;;;;;;2;1;1;;
23/10/2011;08:08:00;324;sem vítima;789;BR-040/MG;Norte;Choque - Objeto Fixo;1;;;;;;;;;;1;;;;
23/10/2011;09:29:00;334;sem vítima;825;BR-040/MG;Sul;Choque - Objeto Fixo;1;;;;;;;;;;1;;;;
23/10/2011;00:24:00;278;sem vítima;120;BR-040/RJ;Norte;Colisão Lateral;2;;;;;;;;;;2;;;;
23/10/2011;16:32:00;388;com vítima;122;BR-040/RJ;Sul;Queda de Moto;;;;1;;;;;;;0;2;;;
24/10/2011;10:13:00;516;com vítima;31;BR-040/RJ;Sul;Tombamento;;;1;;;;;;;;0;1;;;
24/10/2011;11:45:00;532;sem vítima;85;BR-040/RJ;Sul;Choque - Objeto Fixo;1;;;;;;;;;;1;;;;
24/10/2011;15:24:00;567;sem vítima;96;BR-040/RJ;Sul;Colisão Traseira;;;2;;;;;;;;2;;;;
24/10/2011;16:03:00;574;sem vítima;104;BR-040/RJ;Norte;Colisão Traseira;1;;1;;;;;;;;2;;;;
24/10/2011;22:30:00;629;sem vítima;104;BR-040/RJ;Norte;Colisão Lateral;1;;1;;;;;;;;2;;;;
24/10/2011;18:49:00;605;sem vítima;109;BR-040/RJ;Norte;Colisão Traseira;1;;1;;;;;;;;2;;;;
24/10/2011;17:04:00;588;sem vítima;110;BR-040/RJ;Norte;Colisão Lateral;;;;;2;;;;;;2;;;;
24/10/2011;09:50:00;505;sem vítima;119;BR-040/RJ;Sul;Colisão Traseira;2;;;;;;;;;;2;;;;
24/10/2011;10:04:00;511;sem vítima;119;BR-040/RJ;Sul;Colisão Lateral;1;;1;;;;;;;;2;;;;
24/10/2011;19:52:00;612;sem vítima;121;BR-040/RJ;Norte;Colisão Lateral;1;;;;1;;;;;;2;;;;
24/10/2011;08:46:00;497;sem vítima;122;BR-040/RJ;Sul;Colisão Traseira;1;;;;;1;;;;;2;;;;
25/10/2011;17:30:00;759;sem vítima;110;BR-040/RJ;Norte;Colisão Lateral;1;;1;;;;;;;;2;;;;
25/10/2011;18:15:00;768;sem vítima;110;BR-040/RJ;Norte;Colisão Lateral;1;;1;;;;;;;;2;;;;
25/10/2011;15:18:00;733;com vítima;118;BR-040/RJ;Norte;Colisão Lateral;2;;;;;;;;;;1;;1;;
25/10/2011;07:37:00;667;sem vítima;122;BR-040/RJ;Sul;Colisão Traseira;2;;;;;;;;;;2;;;;
25/10/2011;16:48:00;753;sem vítima;123;BR-040/RJ;Norte;Queda de Moto;;;;1;;;;;;;1;;;;
25/10/2011;12:03:00;707;sem vítima;124;BR-040/RJ;Sul;Colisão Lateral;1;;1;;;;;;;;2;;;;
26/10/2011;22:04:00;994;com vítima;13;BR-040/RJ;Norte;Capotamento;1;;;;;;;;;;0;2;;1;
26/10/2011;02:40:00;826;sem vítima;64;BR-040/RJ;Norte;Choque - Objeto Fixo;1;;;;;;;;;;1;;;;
26/10/2011;16:26:00;941;com vítima;78;BR-040/RJ;Norte;Atropelamento - Pedestre;1;;;;;;;;;;0;2;;;
26/10/2011;22:10:00;995;sem vítima;90;BR-040/RJ;Sul;Choque - Objeto Fixo;1;;;;;;;;;;1;;;;
26/10/2011;05:54:00;850;com vítima;99;BR-040/RJ;Norte;Tombamento;1;;1;;;;;;;;0;2;;;
26/10/2011;15:24:00;928;sem vítima;101;BR-040/RJ;Norte;Engavetamento;1;;1;;1;;;;;;3;;;;
26/10/2011;20:07:00;985;sem vítima;101;BR-040/RJ;Norte;Colisão Traseira;1;;1;;;;;;;;2;;;;
26/10/2011;06:55:00;853;sem vítima;116;BR-040/RJ;Sul;Capotamento;1;;;;;;;;;;1;;;;
26/10/2011;15:43:00;933;sem vítima;121;BR-040/RJ;Sul;Colisão Lateral;1;;1;;;;;;;;2;;;;
26/10/2011;17:17:00;949;sem vítima;123;BR-040/RJ;Norte;Colisão Traseira;2;;;;;;;;;;2;;;;
27/10/2011;06:29:00;1025;com vítima;0;BR-040/RJ;Sul;Derrapagem;1;;;;;;;;;;0;2;;;
27/10/2011;17:00:00;1138;sem vítima;77;BR-040/RJ;Sul;Choque - Objeto Fixo;1;;;;;;;;;;1;;;;
27/10/2011;15:44:00;1114;sem vítima;109;BR-040/RJ;Sul;Colisão Lateral;1;;1;;;;;;;;2;;;;
27/10/2011;11:56:00;1080;com vítima;812;BR-040/MG;Norte;Colisão Traseira;1;;;1;;;;;;;1;1;;;
28/10/2011;21:19:00;1365;com vítima;7;BR-040/RJ;Norte;Colisão Transversal;;1;;1;;;;;;;2;;;1;
28/10/2011;23:48:00;1386;com vítima;51;BR-040/RJ;Sul;Atropelamento - Pedestre;1;1;;;;;;;;;1;1;;;
28/10/2011;09:14:00;1235;sem vítima;72;BR-040/RJ;Sul;Choque - Objeto Fixo;1;;;;;;;;;;1;;;;
28/10/2011;03:08:00;1201;sem vítima;74;BR-040/RJ;Sul;Choque - Objeto Fixo;1;;;;;;;;;;1;;;;
28/10/2011;20:23:00;1358;sem vítima;101;BR-040/RJ;Norte;Engavetamento;3;;;;;;;;;;3;;;;
28/10/2011;20:39:00;1362;com vítima;102;BR-040/RJ;Norte;Colisão Transversal;;1;1;;;;;;;;1;;1;;
28/10/2011;20:31:00;1359;com vítima;105;BR-040/RJ;Norte;Atropelamento - Pedestre;;;;1;;;;;;;1;1;;;
28/10/2011;09:33:00;1244;sem vítima;111;BR-040/RJ;Sul;Colisão Lateral;1;;1;;;;;;;;2;;;;
28/10/2011;07:51:00;1222;sem vítima;112;BR-040/RJ;Sul;Engavetamento;4;;;;;1;;;;;5;;;;
28/10/2011;06:01:00;1212;sem vítima;114;BR-040/RJ;Norte;Choque - Objeto Fixo;1;;;;;;;;;;1;;;;
28/10/2011;15:43:00;1302;sem vítima;814;BR-040/MG;Sul;Choque - Objeto Fixo;1;;;;;;;;;;1;;;;
29/10/2011;18:55:00;1560;com vítima;1;BR-040/RJ;Norte;Atropelamento - Pedestre;;;;;;1;;;;;1;;1;;
29/10/2011;06:00:00;1408;sem vítima;70;BR-040/RJ;Sul;Colisão Traseira;2;;;;;;;;;;2;;;;
29/10/2011;00:25:00;1389;com vítima;72;BR-040/RJ;Norte;Tombamento;;;1;;;;;;;;0;;1;;
29/10/2011;13:10:00;1493;sem vítima;80;BR-040/RJ;Norte;Derrapagem;1;;;;;;;;;;1;;;;
29/10/2011;08:46:00;1433;sem vítima;91;BR-040/RJ;Norte;Colisão Lateral;1;;1;;;;;;;;2;;;;
29/10/2011;16:41:00;1531;sem vítima;106;BR-040/RJ;Sul;Colisão Lateral;2;;;;;;;;;;2;;;;
29/10/2011;11:36:00;1475;sem vítima;821;BR-040/MG;Norte;Choque - Objeto Fixo;1;;;;;;;;;;1;;;;
29/10/2011;14:52:00;1508;sem vítima;120;BR-040/RJ;Sul;Colisão Traseira;2;;;;;;;;;;2;;;;
29/10/2011;17:00:00;1535;sem vítima;121;BR-040/RJ;Norte;Colisão Traseira;;;1;;;1;;;;;2;;;;
29/10/2011;01:18:00;1393;com vítima;123;BR-040/RJ;Sul;Atropelamento - Pedestre;1;;;;;;;;;;1;;1;;
29/10/2011;16:11:00;1525;com vítima;123;BR-040/RJ;Sul;Atropelamento - Pedestre;1;;;;;;;;;;1;;;1;
29/10/2011;16:49:00;1533;sem vítima;123;BR-040/RJ;Sul;Colisão Lateral;1;;1;;;;;;;;2;;;;
30/10/2011;22:34:00;1739;com vítima;90;BR-040/RJ;Norte;Queda de Moto;;;;1;;;;;;;0;1;;;
30/10/2011;19:57:00;1721;sem vítima;92;BR-040/RJ;Norte;Choque - Objeto Fixo;1;;;;;;;;;;1;;;;
30/10/2011;19:47:00;1719;sem vítima;93;BR-040/RJ;Sul;Choque - Objeto Fixo;1;;;;;;;;;;1;;;;
30/10/2011;23:24:00;1743;sem vítima;105;BR-040/RJ;Norte;Colisão Lateral;2;;;;;;;;;;2;;;;
30/10/2011;19:21:00;1717;sem vítima;110;BR-040/RJ;Sul;Colisão Traseira;1;;;;;1;;;;;2;;;;
30/10/2011;06:09:00;1611;com vítima;112;BR-040/RJ;Norte;Choque - Objeto Fixo;1;;;;;;;;;;0;;2;3;1
30/10/2011;08:40:00;1627;sem vítima;112;BR-040/RJ;Norte;Derrapagem;1;;;;;;;;;;1;;;;
30/10/2011;15:50:00;1687;com vítima;112;BR-040/RJ;Norte;Atropelamento - Pedestre;1;;;;;;;;;;1;1;;;
30/10/2011;21:24:00;1732;com vítima;118;BR-040/RJ;Sul;Engavetamento;3;;;;;;;;;;1;4;;;
31/10/2011;17:19:00;1860;com vítima;2;BR-040/RJ;Norte;Choque - Objeto Fixo;1;;;;;;;;;;2;2;;;
31/10/2011;09:46:00;1800;sem vítima;3;BR-040/RJ;Norte;Choque - Objeto Fixo;1;;;;;;;;;;1;;;;
31/10/2011;15:32:00;1836;sem vítima;13;BR-040/RJ;Norte;Choque - Objeto Fixo;1;;;;;;;;;;1;;;;
31/10/2011;16:42:00;1855;sem vítima;13;BR-040/RJ;Norte;Choque - Objeto Fixo;1;;;;;;;;;;1;;;;
31/10/2011;09:43:00;1798;sem vítima;34;BR-040/RJ;Norte;Choque - Objeto Fixo;1;;;;;;;;;;1;;;;
31/10/2011;08:18:00;1787;sem vítima;37;BR-040/RJ;Norte;Choque - Objeto Fixo;1;;;;;;;;;;1;;;;
31/10/2011;12:20:00;1812;sem vítima;43;BR-040/RJ;Norte;Choque - Objeto Fixo;1;;;;;;;;;;1;;;;
31/10/2011;17:54:00;1872;com vítima;43;BR-040/RJ;Sul;Capotamento;1;;;;;;;;;;0;;1;;
31/10/2011;10:24:00;1803;com vítima;52;BR-040/RJ;Norte;Choque - Objeto Fixo;1;;;;;;;;;;0;1;;;
31/10/2011;10:52:00;1804;com vítima;67;BR-040/RJ;Norte;Choque - Objeto Fixo;1;;;;;;;;;;0;2;;;
31/10/2011;02:40:00;1760;sem vítima;72;BR-040/RJ;Sul;Colisão Traseira;;;2;;;;;;;;2;;;;
31/10/2011;23:44:00;1908;sem vítima;85;BR-040/RJ;Sul;Choque - Objeto Fixo;1;;;;;;;;;;1;;;;
31/10/2011;08:25:00;1788;sem vítima;87;BR-040/RJ;Sul;Choque - Objeto Fixo;1;;;;;;;;;;1;;;;
31/10/2011;07:36:00;1779;com vítima;92;BR-040/RJ;Sul;Choque - Objeto Fixo;1;;;;;;;;;;0;1;;;
31/10/2011;11:00:00;1806;sem vítima;92;BR-040/RJ;Sul;Choque - Objeto Fixo;1;;;;;;;;;;1;;;;
31/10/2011;16:07:00;1846;com vítima;93;BR-040/RJ;Sul;Choque - Objeto Fixo;1;;;;;;;;;;0;1;;;
31/10/2011;16:00:00;1845;com vítima;94;BR-040/RJ;Sul;Choque - Objeto Fixo;1;;;;;;;;;;0;3;;;
31/10/2011;15:37:00;1839;com vítima;109;BR-040/RJ;Sul;Colisão Traseira;;;1;;;1;;;;;1;1;;;
31/10/2011;05:23:00;1764;sem vítima;114;BR-040/RJ;Sul;Engavetamento;2;;;;;1;;;;;3;;;;
31/10/2011;05:33:00;1767;com vítima;115;BR-040/RJ;Sul;Engavetamento;3;;;;;1;;;;;2;2;;;
31/10/2011;11:32:00;1809;com vítima;119;BR-040/RJ;Norte;Atropelamento - Pedestre;;;;;;1;;;;;1;;;;1
31/10/2011;17:45:00;1869;com vítima;823;BR-040/MG;Norte;Choque - Objeto Fixo;1;;;;;;;;;;0;1;;;
31/10/2011;12:37:00;1816;com vítima;121;BR-040/RJ;Norte;Engavetamento;3;;;;;;;;;;2;1;;;
31/10/2011;19:01:00;1878;sem vítima;121;BR-040/RJ;Sul;Colisão Traseira;1;;1;;;;;;;;2;;;;
31/10/2011;06:55:00;1772;sem vítima;123;BR-040/RJ;Sul;Colisão Lateral;1;;1;;;;;;;;2;;;;
01/11/2011;15:50:00;116;sem vítima;84;BR-040/RJ;Sul;Choque - Objeto Fixo;1;;;;;;;;;;1;;;;
01/11/2011;08:23:00;45;sem vítima;87;BR-040/RJ;Sul;Choque - Objeto Fixo;1;;;;;;;;;;1;;;;
01/11/2011;10:25:00;69;com vítima;92;BR-040/RJ;Sul;Capotamento;1;;;;;;;;;;0;1;;;
01/11/2011;12:58:00;88;com vítima;92;BR-040/RJ;Sul;Capotamento;1;;;;;;;;;;0;2;;;
01/11/2011;06:29:00;25;sem vítima;94;BR-040/RJ;Norte;Choque - Objeto Fixo;1;;;;;;;;;;1;;;;
01/11/2011;13:59:00;97;sem vítima;112;BR-040/RJ;Sul;Colisão Traseira;1;;;;1;;;;;;2;;;;
01/11/2011;09:25:00;57;sem vítima;120;BR-040/RJ;Norte;Colisão Lateral;1;;1;;;;;;;;3;;;;
01/11/2011;19:20:00;153;sem vítima;124;BR-040/RJ;Sul;Colisão Lateral;1;;1;;;;;;;;2;;;;
02/11/2011;07:17:00;207;sem vítima;74;BR-040/RJ;Norte;Choque - Objeto Fixo;1;;;;;;;;;;1;;;;
02/11/2011;01:01:00;186;sem vítima;83;BR-040/RJ;Norte;Choque - Objeto Fixo;1;;;;;;;;;;1;;;;
02/11/2011;07:32:00;212;com vítima;85;BR-040/RJ;Norte;Capotamento;1;;;;;;;;;;0;4;;;
02/11/2011;11:30:00;236;sem vítima;91;BR-040/RJ;Sul;Choque - Objeto Fixo;1;;;;;;;;;;1;;;;
02/11/2011;16:03:00;273;sem vítima;119;BR-040/RJ;Sul;Colisão Traseira;2;;;;;;;;;;2;;;;
02/11/2011;01:18:00;188;com vítima;120;BR-040/RJ;Sul;Colisão Traseira;1;;;;1;;;;;;1;1;;;
03/11/2011;07:15:00;360;sem vítima;96;BR-040/RJ;Norte;Choque - Objeto Fixo;1;;;;;;;;;;1;;;;
03/11/2011;11:46:00;407;com vítima;105;BR-040/RJ;Sul;Atropelamento - Pedestre;1;;;;;;;;;;1;1;;;
03/11/2011;20:11:00;490;sem vítima;108;BR-040/RJ;Norte;Colisão Transversal;1;;1;;;;;;;;2;;;;
03/11/2011;07:12:00;359;com vítima;110;BR-040/RJ;Norte;Atropelamento - Pedestre;1;1;;;;;;;;;1;1;;;
03/11/2011;17:37:00;467;com vítima;112;BR-040/RJ;Norte;Colisão Lateral;1;;;;1;;;;;;1;1;;;
03/11/2011;07:42:00;363;com vítima;123;BR-040/RJ;Norte;Choque - Objeto Fixo;1;;;;;;;;;;0;1;;;
03/11/2011;15:05:00;436;sem vítima;123;BR-040/RJ;Sul;Colisão Lateral;1;;1;;;;;;;;2;;;;
03/11/2011;15:07:00;437;sem vítima;123;BR-040/RJ;Norte;Colisão Lateral;;;1;1;;;;;;;2;;;;
04/11/2011;11:25:00;591;sem vítima;20;BR-040/RJ;Sul;Outros;;;1;;;;;;;;1;;;;
04/11/2011;12:41:00;603;com vítima;52;BR-040/RJ;Norte;Choque - Objeto Fixo;1;;;;;;;;;;0;2;;;
04/11/2011;07:15:00;546;sem vítima;83;BR-040/RJ;Norte;Colisão Traseira;2;;;;;;;;;;2;;;;
04/11/2011;05:55:00;533;sem vítima;800;BR-040/MG;Sul;Tombamento;;;1;;;;;;;;1;;;;
04/11/2011;07:38:00;548;sem vítima;87;BR-040/RJ;Sul;Choque - Objeto Fixo;;;1;;;;;;;;1;;;;
04/11/2011;14:22:00;621;sem vítima;94;BR-040/RJ;Norte;Colisão Lateral;1;;1;;;;;;;;2;;;;
04/11/2011;13:51:00;616;sem vítima;110;BR-040/RJ;Sul;Colisão Traseira;1;;1;;;;;;;;2;;;;
04/11/2011;19:56:00;684;com vítima;118;BR-040/RJ;Norte;Engavetamento;3;;;;;;;;;;2;1;;;
04/11/2011;06:11:00;535;com vítima;119;BR-040/RJ;Sul;Choque - Objeto Fixo;1;;;;;;;;;;0;;2;;
04/11/2011;09:42:00;571;sem vítima;120;BR-040/RJ;Sul;Engavetamento;2;;1;;;1;;;;;4;;;;
04/11/2011;13:29:00;611;sem vítima;123;BR-040/RJ;Sul;Colisão Traseira;1;;1;;;;;;;;2;;;;
05/11/2011;12:17:00;786;com vítima;69;BR-040/RJ;Sul;Choque - Objeto Fixo;1;;;;;;;;;;0;1;;;
05/11/2011;17:28:00;834;sem vítima;80;BR-040/RJ;Norte;Choque - Objeto Fixo;1;;;;;;;;;;1;;;;
05/11/2011;14:41:00;804;com vítima;803;BR-040/MG;Norte;Colisão Lateral;;;2;;;;;;;;1;2;;;
05/11/2011;18:15:00;842;sem vítima;86;BR-040/RJ;Norte;Colisão Lateral;1;;1;;;;;;;;2;;;;
05/11/2011;08:23:00;751;com vítima;102;BR-040/RJ;Norte;Colisão Traseira;1;;;;1;1;;;;;2;1;;;
05/11/2011;09:53:00;764;sem vítima;104;BR-040/RJ;Norte;Queda de Moto;;;;1;;;;;;;1;;;;
05/11/2011;04:13:00;716;com vítima;114;BR-040/RJ;Sul;Queda de Moto;;;;1;;;;;;;0;2;;;
05/11/2011;04:33:00;718;com vítima;114;BR-040/RJ;Sul;Colisão Traseira;2;;;;;;;;;;2;3;1;;
05/11/2011;05:10:00;720;sem vítima;115;BR-040/RJ;Norte;Choque - Objeto Fixo;1;;;;;;;;;;1;;;;
05/11/2011;00:33:00;708;sem vítima;119;BR-040/RJ;Norte;Choque - Objeto Fixo;1;;;;;;;;;;1;;;;
05/11/2011;11:10:00;777;sem vítima;121;BR-040/RJ;Sul;Colisão Traseira;1;;1;;;;;;;;2;;;;
05/11/2011;07:44:00;743;com vítima;123;BR-040/RJ;Norte;Atropelamento - Pedestre;1;1;;;;;;;;;1;1;;;
05/11/2011;09:17:00;759;sem vítima;123;BR-040/RJ;Sul;Engavetamento;2;;1;;;;;;;;3;;;;
05/11/2011;09:19:00;760;com vítima;123;BR-040/RJ;Sul;Colisão Lateral;1;;;1;;;;;;;1;1;;;
06/11/2011;20:49:00;1018;com vítima;121;BR-040/RJ;Sul;Choque - Objeto Fixo;1;;;;;;;;;;0;;;1;
07/11/2011;09:04:00;1083;sem vítima;7;BR-040/RJ;Sul;Choque - Objeto Fixo;;;1;;;;;;;;1;;;;
07/11/2011;12:50:00;1120;com vítima;117;BR-040/RJ;Sul;Colisão Traseira;;;;1;;1;;;;;1;;1;;
07/11/2011;06:19:00;1059;com vítima;121;BR-040/RJ;Sul;Colisão Lateral;1;;;1;;;;;;;1;1;;;
07/11/2011;10:01:00;1095;sem vítima;124;BR-040/RJ;Sul;Colisão Lateral;;;2;;;;;;;;2;;;;
07/11/2011;10:01:00;1101;sem vítima;124;BR-040/RJ;Sul;Colisão Lateral;1;;1;;;;;;;;2;;;;
08/11/2011;14:49:00;1300;com vítima;55;BR-040/RJ;Norte;Colisão Traseira;1;;;1;;;;;;;1;;1;;
08/11/2011;15:37:00;1308;sem vítima;88;BR-040/RJ;Norte;Engavetamento;1;;1;;1;;;;;;3;;;;
08/11/2011;17:57:00;1327;com vítima;107;BR-040/RJ;Norte;Colisão Traseira;2;;1;;;;;;;;3;4;;;
08/11/2011;15:22:00;1305;sem vítima;108;BR-040/RJ;Norte;Colisão Traseira;1;;;;1;;;;;;2;;;;
08/11/2011;11:03:00;1266;com vítima;110;BR-040/RJ;Norte;Capotamento;1;;;;;;;;;;0;2;;;
08/11/2011;12:22:00;1278;com vítima;111;BR-040/RJ;Norte;Colisão Lateral;;;2;;;;;;;;1;;;2;1
08/11/2011;07:14:00;1234;sem vítima;121;BR-040/RJ;Norte;Colisão Lateral;1;;1;;;;;;;;2;;;;
08/11/2011;09:41:00;1255;sem vítima;123;BR-040/RJ;Sul;Colisão Lateral;1;;1;;;;;;;;2;;;;
08/11/2011;11:36:00;1267;sem vítima;123;BR-040/RJ;Norte;Engavetamento;3;;;;;1;;;;;4;;;;
08/11/2011;11:56:00;1272;sem vítima;123;BR-040/RJ;Sul;Colisão Lateral;1;;1;;;;;;;;2;;;;
08/11/2011;13:26:00;1290;sem vítima;123;BR-040/RJ;Sul;Colisão Lateral;1;;1;;;;;;;;2;;;;
08/11/2011;10:13:00;1259;sem vítima;124;BR-040/RJ;Sul;Engavetamento;1;;2;;;;;;;;3;;;;
08/11/2011;20:33:00;1345;sem vítima;124;BR-040/RJ;Sul;Colisão Traseira;1;;1;;;;;;;;2;;;;
09/11/2011;14:34:00;1462;com vítima;74;BR-040/RJ;Sul;Derrapagem;1;;;;;;;;;;1;1;1;;
09/11/2011;15:52:00;1482;com vítima;823;BR-040/MG;Norte;Colisão Lateral;1;;1;;;;;;;;1;1;;;
09/11/2011;16:44:00;1494;sem vítima;114;BR-040/RJ;Norte;Colisão Lateral;1;;1;;;;;;;;2;;;;