data;horario;n_da_ocorrencia;tipo_de_ocorrencia;km;trecho;sentido;tipo_de_acidente;automovel;bicicleta;caminhao;moto;onibus;outros;tracao_animal;transporte_de_cargas_especiais;trator_maquinas;utilitarios;ilesos;levemente_feridos;moderadamente_feridos;gravemente_feridos;mortos
22/12/2011;17:20:00;4098;sem vítima;81;BR-040/RJ;Norte;Colisão Lateral;2;;;;;;;;;;2;;;;
22/12/2011;23:08:00;4168;sem vítima;802;BR-040/MG;Norte;Colisão Traseira;;;2;;;;;;;;2;;;;
22/12/2011;07:34:00;3971;sem vítima;100;BR-040/RJ;Norte;Colisão Lateral;1;;;;;1;;;;;2;;;;
22/12/2011;09:40:00;3996;com vítima;100;BR-040/RJ;Norte;Choque - Objeto Fixo;1;;;;;;;;;;0;1;;;
22/12/2011;20:51:00;4148;com vítima;101;BR-040/RJ;Sul;Atropelamento - Pedestre;;;;;;1;;;;;1;1;;;
22/12/2011;19:18:00;4127;sem vítima;109;BR-040/RJ;Norte;Colisão Lateral;1;;1;;;;;;;;2;;;;
22/12/2011;11:59:00;4025;sem vítima;115;BR-040/RJ;Sul;Colisão Lateral;1;;;;;1;;;;;2;;;;
22/12/2011;07:57:00;3975;sem vítima;117;BR-040/RJ;Norte;Colisão Traseira;1;;1;;;;;;;;2;;;;
22/12/2011;16:25:00;4081;com vítima;119;BR-040/RJ;Norte;Colisão Frontal;1;;1;;;;;;;;1;;1;;
22/12/2011;18:41:00;4118;com vítima;119;BR-040/RJ;Sul;Queda de Moto;;;;1;;1;;;;;1;1;;;
22/12/2011;06:11:00;3962;sem vítima;120;BR-040/RJ;Sul;Choque - Objeto Fixo;;;;;1;;;;;;1;;;;
22/12/2011;14:51:00;4053;com vítima;120;BR-040/RJ;Sul;Colisão Lateral;2;;;;;;;;;;1;1;;;
22/12/2011;16:45:00;4087;sem vítima;124;BR-040/RJ;Norte;Colisão Lateral;1;;1;;;;;;;;2;;;;
23/12/2011;15:42:00;4327;sem vítima;3;BR-040/RJ;Norte;Choque - Objeto Fixo;1;;;;;;;;;;1;;;;
23/12/2011;09:26:00;4236;sem vítima;57;BR-040/RJ;Sul;Colisão Traseira;2;;;;;;;;;;2;;;;
23/12/2011;15:41:00;4325;com vítima;782;BR-040/MG;Norte;Colisão Traseira;1;;1;;;;;;;;0;4;;;
23/12/2011;18:08:00;4373;sem vítima;94;BR-040/RJ;Norte;Engavetamento;1;;;;;2;;;;;3;;;;
23/12/2011;18:38:00;4378;com vítima;103;BR-040/RJ;Norte;Colisão Lateral;;;;1;1;;;;;;1;;1;;
23/12/2011;23:52:00;4429;com vítima;104;BR-040/RJ;Norte;Atropelamento - Pedestre;;1;;;;1;;;;;1;;1;;
23/12/2011;10:11:00;4244;sem vítima;105;BR-040/RJ;Sul;Colisão Lateral;1;;1;;;;;;;;2;;;;
23/12/2011;17:53:00;4369;sem vítima;110;BR-040/RJ;Sul;Colisão Lateral;1;;;;1;1;;;;;3;;;;
23/12/2011;13:22:00;4288;sem vítima;111;BR-040/RJ;Norte;Colisão Traseira;1;;1;;;;;;;;2;;;;
23/12/2011;15:18:00;4316;sem vítima;111;BR-040/RJ;Sul;Colisão Traseira;2;;;;;;;;;;2;;;;
23/12/2011;14:48:00;4309;sem vítima;120;BR-040/RJ;Norte;Colisão Lateral;2;;;;;;;;;;2;;;;
23/12/2011;10:29:00;4251;sem vítima;124;BR-040/RJ;Norte;Colisão Traseira;2;;;;;1;;;;;3;;;;
24/12/2011;18:10:00;4597;com vítima;55;BR-040/RJ;Sul;Choque - Objeto Fixo;1;;;;;;;;;;0;3;;;
24/12/2011;18:36:00;4600;sem vítima;104;BR-040/RJ;Norte;Choque - Objeto Fixo;1;;;;;;;;;;1;;;;
24/12/2011;17:42:00;4594;sem vítima;105;BR-040/RJ;Norte;Colisão Traseira;2;;;;;;;;;;2;;;;
24/12/2011;00:15:00;4432;com vítima;109;BR-040/RJ;Sul;Capotamento;1;;;;;;;;;;0;2;;;
24/12/2011;01:21:00;4438;sem vítima;111;BR-040/RJ;Norte;Choque - Objeto Fixo;1;;;;;;;;;;1;;;;
24/12/2011;14:42:00;4549;com vítima;111;BR-040/RJ;Norte;Choque - Objeto Fixo;1;;;;;;;;;;0;1;;;
24/12/2011;09:28:00;4498;com vítima;117;BR-040/RJ;Sul;Capotamento;1;;;;;;;;;;0;;1;;
24/12/2011;09:40:00;4499;sem vítima;117;BR-040/RJ;Sul;Colisão Lateral;1;;1;;;;;;;;2;;;;
24/12/2011;09:44:00;4504;sem vítima;117;BR-040/RJ;Sul;Colisão Traseira;;;1;;;;;;;;1;;;;
24/12/2011;17:28:00;4591;sem vítima;118;BR-040/RJ;Sul;Choque - Objeto Fixo;1;;;;;;;;;;1;;;;
24/12/2011;16:21:00;4582;com vítima;119;BR-040/RJ;Norte;Colisão Frontal;2;;;;;;;;;;0;4;;;
24/12/2011;19:24:00;4610;sem vítima;119;BR-040/RJ;Sul;Choque - Objeto Fixo;1;;;;;;;;;;1;;;;
24/12/2011;14:32:00;4545;com vítima;120;BR-040/RJ;Sul;Queda de Moto;;;;1;;;;;;;0;2;;;
24/12/2011;06:58:00;4468;com vítima;124;BR-040/RJ;Sul;Colisão Traseira;;;;;2;;;;;;4;2;;;
25/12/2011;05:28:00;4661;sem vítima;3;BR-040/RJ;Norte;Choque - Objeto Fixo;1;;;;;;;;;;1;;;;
25/12/2011;17:48:00;4742;sem vítima;53;BR-040/RJ;Sul;Engavetamento;3;;;;;;;;;;3;;;;
25/12/2011;12:52:00;4700;sem vítima;66;BR-040/RJ;Sul;Choque - Objeto Fixo;1;;;;;;;;;;1;;;;
25/12/2011;22:47:00;4790;sem vítima;782;BR-040/MG;Norte;Choque - Objeto Fixo;1;;;;;;;;;;1;;;;
25/12/2011;17:18:00;4737;com vítima;803;BR-040/MG;Sul;Queda de Moto;;;;1;;;;;;;0;1;;;
25/12/2011;08:48:00;4676;sem vítima;84;BR-040/RJ;Sul;Choque - Objeto Fixo;1;;;;;;;;;;1;;;;
25/12/2011;17:22:00;4738;sem vítima;84;BR-040/RJ;Norte;Choque - Objeto Fixo;1;;;;;;;;;;1;;;;
25/12/2011;17:08:00;4735;sem vítima;87;BR-040/RJ;Norte;Choque - Objeto Fixo;1;;;;;;;;;;1;;;;
25/12/2011;19:04:00;4759;sem vítima;91;BR-040/RJ;Sul;Choque - Objeto Fixo;1;;;;;;;;;;1;;;;
25/12/2011;21:04:00;4781;sem vítima;92;BR-040/RJ;Sul;Choque - Objeto Fixo;1;;;;;;;;;;1;;;;
25/12/2011;20:53:00;4779;sem vítima;93;BR-040/RJ;Sul;Choque - Objeto Fixo;1;;;;;;;;;;1;;;;
25/12/2011;20:25:00;4772;com vítima;105;BR-040/RJ;Sul;Queda de Moto;;;;1;;;;;;;0;2;;;
25/12/2011;12:46:00;4699;com vítima;107;BR-040/RJ;Norte;Queda de Moto;;;;1;;;;;;;0;;2;;
25/12/2011;02:33:00;4649;com vítima;115;BR-040/RJ;Sul;Colisão Traseira;2;;;;;;;;;;1;1;1;;
25/12/2011;05:18:00;4658;sem vítima;119;BR-040/RJ;Norte;Choque - Objeto Fixo;1;;;;;;;;;;1;;;;
26/12/2011;15:45:00;4915;sem vítima;0;BR-040/RJ;Sul;Choque - Objeto Fixo;1;;;;;;;;;;1;;;;
26/12/2011;16:31:00;4921;com vítima;0;BR-040/RJ;Sul;Choque - Objeto Fixo;1;;;;;;;;;;0;4;;;
26/12/2011;15:49:00;4916;com vítima;2;BR-040/RJ;Sul;Capotamento;1;;;;;;;;;;0;1;;;
26/12/2011;12:24:00;4881;com vítima;5;BR-040/RJ;Sul;Choque - Objeto Fixo;1;;;;;;;;;;1;1;;;
26/12/2011;14:07:00;4898;com vítima;10;BR-040/RJ;Sul;Capotamento;1;;;;;;;;;;0;4;;;
26/12/2011;18:57:00;4942;sem vítima;13;BR-040/RJ;Norte;Choque - Objeto Fixo;1;;;;;;;;;;1;;;;
26/12/2011;18:30:00;4935;com vítima;39;BR-040/RJ;Norte;Colisão Frontal;1;;;1;;;;;;;0;2;;;
26/12/2011;12:40:00;4884;sem vítima;45;BR-040/RJ;Sul;Choque - Objeto Fixo;2;;;;;;;;;;2;;;;
26/12/2011;01:38:00;4812;sem vítima;49;BR-040/RJ;Norte;Choque - Objeto Fixo;1;;;;;;;;;;1;;;;
26/12/2011;02:17:00;4813;sem vítima;58;BR-040/RJ;Norte;Choque - Objeto Fixo;1;;;;;;;;;;1;;;;
26/12/2011;14:44:00;4900;sem vítima;77;BR-040/RJ;Sul;Choque - Objeto Fixo;1;;;;;;;;;;1;;;;
26/12/2011;09:28:00;4853;sem vítima;78;BR-040/RJ;Sul;Choque - Objeto Fixo;1;;;;;;;;;;1;;;;
26/12/2011;14:51:00;4904;sem vítima;82;BR-040/RJ;Sul;Choque - Objeto Fixo;1;;;;;;;;;;1;;;;
26/12/2011;22:03:00;4967;sem vítima;82;BR-040/RJ;Sul;Choque - Objeto Fixo;1;;;;;;;;;;1;;;;
26/12/2011;07:01:00;4835;com vítima;793;BR-040/MG;Sul;Capotamento;1;;;;;;;;;;0;;;1;
26/12/2011;16:33:00;4922;sem vítima;799;BR-040/MG;Sul;Choque - Objeto Fixo;1;;;;;;;;;;1;;;;
26/12/2011;08:59:00;4851;com vítima;84;BR-040/RJ;Sul;Choque - Objeto Fixo;1;;;;;;;;;;0;3;;;
26/12/2011;09:46:00;4856;sem vítima;84;BR-040/RJ;Sul;Choque - Objeto Fixo;1;;;;;;;;;;1;;;;
26/12/2011;19:26:00;4946;sem vítima;88;BR-040/RJ;Sul;Choque - Objeto Fixo;;;1;;;;;;;;1;;;;
26/12/2011;08:01:00;4844;sem vítima;90;BR-040/RJ;Norte;Choque - Objeto Fixo;1;;;;;;;;;;1;;;;
26/12/2011;10:18:00;4863;sem vítima;91;BR-040/RJ;Sul;Choque - Objeto Fixo;1;;;;;;;;;;4;;;;
26/12/2011;12:22:00;4880;com vítima;93;BR-040/RJ;Sul;Choque - Objeto Fixo;1;;;;;;;;;;0;2;;;
26/12/2011;04:30:00;4822;com vítima;94;BR-040/RJ;Sul;Capotamento;1;;;;;;;;;;0;1;;;
26/12/2011;13:50:00;4892;com vítima;94;BR-040/RJ;Sul;Capotamento;1;;;;;;;;;;2;1;;;
26/12/2011;13:50:00;4893;sem vítima;96;BR-040/RJ;Sul;Choque - Objeto Fixo;1;;;;;;;;;;1;;;;
26/12/2011;07:48:00;4843;com vítima;97;BR-040/RJ;Sul;Capotamento;1;;;;;;;;;;2;1;;;
26/12/2011;20:55:00;4962;sem vítima;104;BR-040/RJ;Sul;Colisão Traseira;1;;1;;;;;;;;2;;;;
26/12/2011;11:52:00;4876;sem vítima;105;BR-040/RJ;Norte;Colisão Traseira;2;;;;;;;;;;2;;;;
26/12/2011;14:17:00;4901;sem vítima;113;BR-040/RJ;Sul;Colisão Traseira;1;;;;;1;;;;;2;;;;
26/12/2011;20:15:00;4958;sem vítima;113;BR-040/RJ;Sul;Colisão Traseira;2;;;;;;;;;;2;;;;
26/12/2011;04:01:00;4818;sem vítima;114;BR-040/RJ;Sul;Choque - Objeto Fixo;1;;;;;;;;;;1;;;;
26/12/2011;09:49:00;4857;sem vítima;114;BR-040/RJ;Norte;Choque - Objeto Fixo;1;;;;;;;;;;1;;;;
26/12/2011;18:43:00;4937;com vítima;115;BR-040/RJ;Sul;Colisão Lateral;1;;1;;;;;;;;1;3;;;
26/12/2011;12:38:00;4882;sem vítima;117;BR-040/RJ;Sul;Choque - Objeto Fixo;1;;;;;1;;;;;2;;;;
26/12/2011;15:04:00;4908;com vítima;119;BR-040/RJ;Norte;Colisão Frontal;2;;;;;;;;;;0;2;1;;
26/12/2011;17:58:00;4931;sem vítima;119;BR-040/RJ;Norte;Colisão Traseira;1;;;;1;;;;;;2;;;;
26/12/2011;07:03:00;4836;sem vítima;123;BR-040/RJ;Sul;Colisão Traseira;1;;1;;;;;;;;2;;;;
26/12/2011;08:03:00;4847;com vítima;124;BR-040/RJ;Sul;Engavetamento;2;;1;;;;;;;;2;3;;;
27/12/2011;02:51:00;4989;sem vítima;48;BR-040/RJ;Norte;Atropelamento - Animal;1;;;;;;;;;;1;;;;
27/12/2011;12:15:00;5057;sem vítima;52;BR-040/RJ;Sul;Colisão Traseira;2;;;;;;;;;;2;;;;
27/12/2011;10:11:00;5036;com vítima;73;BR-040/RJ;Norte;Capotamento;1;;;;;;;;;;0;;1;;
27/12/2011;10:56:00;5047;com vítima;76;BR-040/RJ;Sul;Queda de Moto;;;;1;;;;;;;0;;1;;
27/12/2011;21:28:00;5145;sem vítima;82;BR-040/RJ;Sul;Choque - Objeto Fixo;1;;;;;;;;;;1;;;;
27/12/2011;04:55:00;4997;sem vítima;773;BR-040/MG;Sul;Colisão Lateral;2;;;;;;;;;;2;;;;
27/12/2011;15:28:00;5090;com vítima;780;BR-040/MG;Sul;Colisão Transversal;;;;1;;1;;;;;1;;1;;
27/12/2011;04:34:00;4994;sem vítima;85;BR-040/RJ;Sul;Choque - Objeto Fixo;1;;;;;;;;;;1;;;;
27/12/2011;13:38:00;5065;com vítima;90;BR-040/RJ;Sul;Choque - Objeto Fixo;1;;;;;;;;;;0;2;;;
27/12/2011;14:10:00;5073;com vítima;90;BR-040/RJ;Sul;Engavetamento;3;;;;;;;;;;2;1;;;
27/12/2011;17:28:00;5107;com vítima;92;BR-040/RJ;Sul;Capotamento;1;;;;;;;;;;0;4;;;
27/12/2011;05:50:00;5002;sem vítima;95;BR-040/RJ;Sul;Derrapagem;1;;;;;;;;;;1;;;;
27/12/2011;17:58:00;5111;com vítima;110;BR-040/RJ;Norte;Colisão Lateral;1;;2;;;;;;;;2;3;1;;
27/12/2011;18:29:00;5116;sem vítima;119;BR-040/RJ;Sul;Tombamento;;;1;;;;;;;;1;;;;
27/12/2011;04:28:00;4993;com vítima;123;BR-040/RJ;Sul;Choque - Objeto Fixo;1;;;;;;;;;;0;1;;;
27/12/2011;06:45:00;5008;sem vítima;123;BR-040/RJ;Sul;Colisão Traseira;2;;;;;;;;;;2;;;;
27/12/2011;09:10:00;5026;sem vítima;124;BR-040/RJ;Norte;Choque - Objeto Fixo;1;;;;;;;;;;1;;;;
28/12/2011;21:04:00;5333;sem vítima;68;BR-040/RJ;Norte;Choque - Objeto Fixo;1;;;;;;;;;;1;;;;
28/12/2011;17:18:00;5294;sem vítima;784;BR-040/MG;Sul;Choque - Objeto Fixo;1;;;;;;;;;;1;;;;
28/12/2011;01:13:00;5166;sem vítima;791;BR-040/MG;Norte;Colisão Traseira;1;;;;;1;;;;;2;;;;
28/12/2011;01:16:00;5168;sem vítima;794;BR-040/MG;Sul;Choque - Objeto Fixo;1;;;;;;;;;;1;;;;
28/12/2011;09:45:00;5220;sem vítima;816;BR-040/MG;Sul;Colisão Lateral;1;;1;;;;;;;;2;;;;
28/12/2011;17:20:00;5295;com vítima;825;BR-040/MG;Sul;Choque - Objeto Fixo;1;;;;;;;;;;0;1;;;
28/12/2011;19:14:00;5319;sem vítima;84;BR-040/RJ;Sul;Choque - Objeto Fixo;1;;;;;;;;;;1;;;;
28/12/2011;12:41:00;5242;com vítima;104;BR-040/RJ;Sul;Choque - Objeto Fixo;;;1;;;;;;;;0;1;;;
28/12/2011;15:20:00;5273;sem vítima;109;BR-040/RJ;Norte;Colisão Traseira;1;;1;;;;;;;;2;;;;
28/12/2011;22:09:00;5339;com vítima;124;BR-040/RJ;Norte;Queda de Moto;;;;1;;;;;;;0;;2;;
29/12/2011;14:04:00;5456;com vítima;43;BR-040/RJ;Sul;Queda de Moto;;;;1;;;;;;;0;1;;;
29/12/2011;14:44:00;5463;com vítima;43;BR-040/RJ;Norte;Capotamento;1;;;;;;;;;;0;1;;;
29/12/2011;01:08:00;5357;sem vítima;66;BR-040/RJ;Sul;Tombamento;1;;;;;;;;;;1;;;;
29/12/2011;18:21:00;5505;sem vítima;80;BR-040/RJ;Sul;Choque - Objeto Fixo;1;;;;;;;;;;1;;;;
29/12/2011;17:32:00;5492;com vítima;84;BR-040/RJ;Sul;Choque - Objeto Fixo;1;;;;;;;;;;0;;1;;
29/12/2011;18:00:00;5502;sem vítima;84;BR-040/RJ;Sul;Colisão Traseira;2;;;;;;;;;;2;;;;
29/12/2011;18:14:00;5504;sem vítima;84;BR-040/RJ;Sul;Choque - Objeto Fixo;1;;;;;;;;;;1;;;;
29/12/2011;18:30:00;5507;sem vítima;84;BR-040/RJ;Sul;Choque - Objeto Fixo;1;;;;;;;;;;1;;;;
29/12/2011;19:45:00;5522;sem vítima;84;BR-040/RJ;Sul;Choque - Objeto Fixo;1;;;;;;;;;;1;;;;
29/12/2011;18:49:00;5511;sem vítima;85;BR-040/RJ;Sul;Choque - Objeto Fixo;1;;;;;;;;;;1;;;;
29/12/2011;14:41:00;5462;com vítima;90;BR-040/RJ;Norte;Tombamento;1;;;;;;;;;;1;1;;;
29/12/2011;15:48:00;5480;com vítima;92;BR-040/RJ;Sul;Capotamento;1;;;;;;;;;;1;1;;;
29/12/2011;13:39:00;5450;com vítima;94;BR-040/RJ;Sul;Choque - Objeto Fixo;1;;;;;;;;;;0;1;;;
29/12/2011;17:05:00;5489;com vítima;94;BR-040/RJ;Sul;Choque - Objeto Fixo;;;1;;;;;;;;0;1;;;
29/12/2011;17:06:00;5490;com vítima;94;BR-040/RJ;Sul;Engavetamento;4;;1;;;1;;;;;4;6;;;
29/12/2011;15:41:00;5477;sem vítima;96;BR-040/RJ;Sul;Choque - Objeto Fixo;1;;;;;;;;;;1;;;;
29/12/2011;11:13:00;5426;sem vítima;97;BR-040/RJ;Sul;Choque - Objeto Fixo;1;;;;;;;;;;1;;;;
29/12/2011;15:33:00;5473;com vítima;98;BR-040/RJ;Sul;Colisão Lateral;2;;;;;;;;;;0;;3;;
29/12/2011;18:35:00;5510;sem vítima;111;BR-040/RJ;Sul;Colisão Lateral;1;;;;;1;;;;;2;;;;
29/12/2011;16:50:00;5488;sem vítima;119;BR-040/RJ;Norte;Colisão Traseira;1;;1;;;;;;;;2;;;;
29/12/2011;15:34:00;5474;sem vítima;124;BR-040/RJ;Norte;Colisão Traseira;1;;;;;1;;;;;2;;;;
30/12/2011;04:00:00;5562;com vítima;0;BR-040/RJ;Sul;Colisão Lateral;2;;;;;;;;;;5;2;;;
30/12/2011;09:41:00;5599;sem vítima;45;BR-040/RJ;Sul;Colisão Traseira;2;;;;;;;;;;2;;;;
30/12/2011;06:46:00;5574;com vítima;68;BR-040/RJ;Norte;Capotamento;1;;;;;;;;;;0;1;;;
30/12/2011;08:42:00;5592;com vítima;78;BR-040/RJ;Sul;Capotamento;1;;;;;;;;;;0;1;;;
30/12/2011;18:50:00;5720;sem vítima;778;BR-040/MG;Norte;Choque - Objeto Fixo;1;;;;;;;;;;1;;;;
30/12/2011;18:56:00;5722;sem vítima;780;BR-040/MG;Sul;Choque - Objeto Fixo;1;;;;;;;;;;1;;;;
30/12/2011;12:02:00;5628;sem vítima;824;BR-040/MG;Sul;Choque - Objeto Fixo;1;;;;;;;;;;1;;;;
30/12/2011;12:49:00;5637;sem vítima;84;BR-040/RJ;Sul;Choque - Objeto Fixo;1;;;;;;;;;;4;;;;
30/12/2011;12:58:00;5642;com vítima;84;BR-040/RJ;Sul;Queda de Moto;;;;1;;;;;;;0;2;;;
30/12/2011;17:47:00;5710;sem vítima;84;BR-040/RJ;Sul;Choque - Objeto Fixo;1;;;;;;;;;;1;;;;
30/12/2011;21:21:00;5740;com vítima;84;BR-040/RJ;Sul;Queda de Moto;;;;1;;;;;;;1;1;;;
30/12/2011;17:30:00;5707;sem vítima;87;BR-040/RJ;Norte;Colisão Lateral;2;;;;;1;;;;;3;;;;
30/12/2011;22:00:00;5744;com vítima;91;BR-040/RJ;Norte;Choque - Objeto Fixo;1;;;;;;;;;;0;1;;;
30/12/2011;19:20:00;5726;sem vítima;92;BR-040/RJ;Sul;Colisão Lateral;2;;;;;;;;;;4;;;;
30/12/2011;10:08:00;5608;sem vítima;94;BR-040/RJ;Norte;Capotamento;1;;;;;;;;;;1;;;;
30/12/2011;05:27:00;5569;sem vítima;114;BR-040/RJ;Sul;Choque - Objeto Fixo;1;;;;;;;;;;1;;;;
30/12/2011;13:29:00;5653;sem vítima;119;BR-040/RJ;Sul;Colisão Traseira;2;;;;;;;;;;2;;;;
31/12/2011;11:41:00;5830;com vítima;22;BR-040/RJ;Sul;Queda de Moto;;;;1;;;;;;;0;1;;;
31/12/2011;19:52:00;5896;com vítima;52;BR-040/RJ;Norte;Capotamento;1;;;;;;;;;;0;1;;;
31/12/2011;09:14:00;5806;sem vítima;786;BR-040/MG;Norte;Choque - Objeto Fixo;1;;;;;;;;;;1;;;;
31/12/2011;02:10:00;5766;sem vítima;84;BR-040/RJ;Sul;Choque - Objeto Fixo;1;;;;;;;;;;1;;;;
31/12/2011;11:58:00;5834;sem vítima;84;BR-040/RJ;Sul;Choque - Objeto Fixo;1;;;;;;;;;;1;;;;
31/12/2011;16:29:00;5871;sem vítima;84;BR-040/RJ;Sul;Queda de Moto;;;;1;;;;;;;1;;;;
31/12/2011;16:37:00;5872;sem vítima;84;BR-040/RJ;Sul;Choque - Objeto Fixo;1;;;;;;;;;;1;;;;
31/12/2011;19:33:00;5891;sem vítima;84;BR-040/RJ;Sul;Choque - Objeto Fixo;1;;;;;;;;;;1;;;;
31/12/2011;11:44:00;5831;sem vítima;85;BR-040/RJ;Sul;Colisão Traseira;2;;;;;;;;;;2;;;;
31/12/2011;22:06:00;5902;com vítima;85;BR-040/RJ;Sul;Choque - Objeto Fixo;1;;;;;;;;;;0;4;;;
31/12/2011;14:12:00;5850;sem vítima;89;BR-040/RJ;Sul;Derrapagem;1;;;;;;;;;;1;;;;
31/12/2011;20:45:00;5898;sem vítima;91;BR-040/RJ;Sul;Choque - Objeto Fixo;1;;;;;;;;;;1;;;;
31/12/2011;00:39:00;5757;sem vítima;96;BR-040/RJ;Norte;Choque - Objeto Fixo;1;;;;;;;;;;1;;;;
31/12/2011;19:44:00;5894;sem vítima;96;BR-040/RJ;Sul;Choque - Objeto Fixo;1;;;;;;;;;;1;;;;
31/12/2011;18:03:00;5883;sem vítima;104;BR-040/RJ;Norte;Colisão Lateral;1;;;;1;;;;;;2;;;;
31/12/2011;22:13:00;5903;sem vítima;104;BR-040/RJ;Norte;Colisão Traseira;2;;;;;;;;;;2;;;;
01/01/2012;14:45:00;74;sem vítima;7;BR-040/RJ;Norte;Choque - Objeto Fixo;1;;;;;;;;;;1;;;;
01/01/2012;15:41:00;88;sem vítima;11;BR-040/RJ;Norte;Choque - Objeto Fixo;1;;;;;;;;;;1;;;;
01/01/2012;15:16:00;81;sem vítima;24;BR-040/RJ;Norte;Choque - Objeto Fixo;1;;;;;;;;;;1;;;;
01/01/2012;16:50:00;101;sem vítima;24;BR-040/RJ;Sul;Choque - Objeto Fixo;1;;;;;;;;;;2;;;;
01/01/2012;13:54:00;65;com vítima;31;BR-040/RJ;Norte;Capotamento;1;;;;;;;;;;0;1;;;
01/01/2012;13:46:00;62;sem vítima;34;BR-040/RJ;Norte;Choque - Objeto Fixo;1;;;;;;;;;;1;;;;
01/01/2012;17:58:00;120;sem vítima;42;BR-040/RJ;Norte;Choque - Objeto Fixo;1;;;;;;;;;;1;;;;
01/01/2012;10:01:00;37;com vítima;69;BR-040/RJ;Norte;Choque - Objeto Fixo;1;;;;;;;;;;0;4;;;
01/01/2012;10:01:00;38;com vítima;69;BR-040/RJ;Norte;Choque - Objeto Fixo;1;;;;;;;;;;0;3;;;
01/01/2012;08:16:00;26;sem vítima;73;BR-040/RJ;Sul;Derrapagem;1;;;;;;;;;;1;;;;
01/01/2012;11:08:00;41;sem vítima;80;BR-040/RJ;Sul;Choque - Objeto Fixo;1;;;;;;;;;;1;;;;
01/01/2012;13:15:00;59;com vítima;779;BR-040/MG;Norte;Choque - Objeto Fixo;1;;;;;;;;;;0;2;;;
01/01/2012;15:43:00;89;sem vítima;784;BR-040/MG;Sul;Choque - Objeto Fixo;1;;;;;;;;;;1;;;;
01/01/2012;14:53:00;73;com vítima;792;BR-040/MG;Norte;Capotamento;1;;;;;;;;;;0;5;;;
01/01/2012;17:04:00;105;sem vítima;793;BR-040/MG;Sul;Choque - Objeto Fixo;1;;;;;;;;;;1;;;;
01/01/2012;17:14:00;110;sem vítima;804;BR-040/MG;Sul;Choque - Objeto Fixo;1;;;;;;;;;;1;;;;
01/01/2012;08:07:00;24;com vítima;813;BR-040/MG;Norte;Derrapagem;1;;;;;;;;;;0;1;;;
01/01/2012;13:49:00;63;sem vítima;84;BR-040/RJ;Sul;Choque - Objeto Fixo;1;;;;;;;;;;1;;;;
01/01/2012;14:27:00;69;sem vítima;84;BR-040/RJ;Sul;Colisão Lateral;2;;;;;1;;;;;3;;;;
01/01/2012;15:33:00;87;sem vítima;84;BR-040/RJ;Sul;Choque - Objeto Fixo;1;;;;;;;;;;1;;;;
01/01/2012;17:25:00;111;sem vítima;84;BR-040/RJ;Sul;Choque - Objeto Fixo;1;;;;;;;;;;1;;;;
01/01/2012;17:55:00;118;sem vítima;84;BR-040/RJ;Sul;Colisão Lateral;2;;;;;;;;;;2;;;;
01/01/2012;19:26:00;143;sem vítima;84;BR-040/RJ;Norte;Choque - Objeto Fixo;1;;;;;;;;;;1;;;;
01/01/2012;11:22:00;43;com vítima;85;BR-040/RJ;Sul;Choque - Objeto Fixo;1;;;;;;;;;;4;1;;;
01/01/2012;12:42:00;50;sem vítima;85;BR-040/RJ;Norte;Choque - Objeto Fixo;1;;;;;;;;;;4;;;;
01/01/2012;19:02:00;134;sem vítima;85;BR-040/RJ;Sul;Choque - Objeto Fixo;1;;;;;;;;;;1;;;;
01/01/2012;09:27:00;33;sem vítima;92;BR-040/RJ;Sul;Choque - Objeto Fixo;1;;;;;;;;;;2;;;;
01/01/2012;17:04:00;106;sem vítima;92;BR-040/RJ;Norte;Choque - Objeto Fixo;1;;;;;;;;;;1;;;;
01/01/2012;20:21:00;153;com vítima;92;BR-040/RJ;Sul;Capotamento;1;;;;;;;;;;0;2;3;;
01/01/2012;13:03:00;53;com vítima;93;BR-040/RJ;Norte;Capotamento;1;;;;;;;;;;0;2;1;;
01/01/2012;15:09:00;79;sem vítima;96;BR-040/RJ;Sul;Choque - Objeto Fixo;1;;;;;;;;;;1;;;;
01/01/2012;16:57:00;104;sem vítima;96;BR-040/RJ;Sul;Choque - Objeto Fixo;1;;;;;;;;;;1;;;;
01/01/2012;14:33:00;70;sem vítima;98;BR-040/RJ;Norte;Choque - Objeto Fixo;1;;;;;;;;;;1;;;;
01/01/2012;21:48:00;168;sem vítima;115;BR-040/RJ;Norte;Choque - Objeto Fixo;1;;;;;;;;;;1;;;;
02/01/2012;09:40:00;228;sem vítima;0;BR-040/RJ;Sul;Choque - Objeto Fixo;1;;;;;;;;;;1;;;;
02/01/2012;10:15:00;233;com vítima;5;BR-040/RJ;Sul;Capotamento;1;;;;;;;;;;0;1;1;;
02/01/2012;10:45:00;243;com vítima;5;BR-040/RJ;Sul;Colisão Traseira;1;;1;;;;;;;;1;2;;;
02/01/2012;15:17:00;288;sem vítima;25;BR-040/RJ;Norte;Choque - Objeto Fixo;1;;;;;;;;;;5;;;;
02/01/2012;17:40:00;319;sem vítima;39;BR-040/RJ;Norte;Choque - Objeto Fixo;1;;;;;;;;;;1;;;;
02/01/2012;15:26:00;291;sem vítima;55;BR-040/RJ;Sul;Colisão Lateral;2;;;;;;;;;;4;;;;
02/01/2012;06:42:00;207;sem vítima;58;BR-040/RJ;Sul;Colisão Lateral;2;;;;;;;;;;2;;;;
02/01/2012;16:22:00;305;com vítima;69;BR-040/RJ;Norte;Choque - Objeto Fixo;1;;;;;;;;;;0;1;;;