data;horario;n_da_ocorrencia;tipo_de_ocorrencia;km;trecho;sentido;tipo_de_acidente;automovel;bicicleta;caminhao;moto;onibus;outros;tracao_animal;transporte_de_cargas_especiais;trator_maquinas;utilitarios;ilesos;levemente_feridos;moderadamente_feridos;gravemente_feridos;mortos
20/01/2012;18:04:00;3734;com vítima;82;BR-040/RJ;Norte;Colisão Traseira;1;;;1;;;;;;;1;1;;;
20/01/2012;16:37:00;3714;sem vítima;83;BR-040/RJ;Norte;Choque - Objeto Fixo;1;;;;;;;;;;1;;;;
20/01/2012;17:17:00;3725;sem vítima;798;BR-040/MG;Sul;Choque - Objeto Fixo;1;;;;;;;;;;2;;;;
20/01/2012;15:13:00;3698;sem vítima;85;BR-040/RJ;Norte;Colisão Traseira;2;;;;;;;;;;2;;;;
20/01/2012;15:21:00;3699;com vítima;91;BR-040/RJ;Sul;Capotamento;1;;;;;;;;;;0;4;1;;
20/01/2012;09:58:00;3632;com vítima;97;BR-040/RJ;Norte;Engavetamento;3;;;;;;;;;;3;;1;;
20/01/2012;14:25:00;3686;sem vítima;104;BR-040/RJ;Norte;Choque - Objeto Fixo;;;1;;;;;;;;1;;;;
20/01/2012;20:33:00;3748;sem vítima;104;BR-040/RJ;Norte;Colisão Traseira;1;;;;;1;;;;;2;;;;
20/01/2012;08:20:00;3617;com vítima;105;BR-040/RJ;Norte;Colisão Traseira;2;;;;;;;;;;3;1;;;
20/01/2012;18:56:00;3742;sem vítima;105;BR-040/RJ;Norte;Colisão Traseira;1;;;1;;;;;;;2;;;;
20/01/2012;16:25:00;3709;sem vítima;109;BR-040/RJ;Sul;Colisão Traseira;2;;;;;;;;;;2;;;;
20/01/2012;23:32:00;3763;com vítima;112;BR-040/RJ;Norte;Capotamento;1;;;;;;;;;;0;;4;;
20/01/2012;23:35:00;3764;com vítima;112;BR-040/RJ;Norte;Colisão Traseira;2;;;;;;;;;;1;;1;;
20/01/2012;20:13:00;3746;sem vítima;113;BR-040/RJ;Sul;Engavetamento;2;;;;;1;;;;;3;;;;
20/01/2012;11:24:00;3654;sem vítima;114;BR-040/RJ;Norte;Tombamento;;;1;;;;;;;;1;;;;
20/01/2012;17:37:00;3731;com vítima;117;BR-040/RJ;Sul;Colisão Lateral;;;;1;;1;;;;;1;;1;;
21/01/2012;06:50:00;3798;com vítima;12;BR-040/RJ;Sul;Tombamento;1;;;;;;;;;;0;1;;;
21/01/2012;16:07:00;3874;com vítima;70;BR-040/RJ;Sul;Colisão Traseira;2;;;;;;;;;;3;3;;;
21/01/2012;15:47:00;3868;sem vítima;812;BR-040/MG;Norte;Choque - Objeto Fixo;1;;;;;;;;;;1;;;;
21/01/2012;10:11:00;3828;com vítima;96;BR-040/RJ;Norte;Atropelamento - Pedestre;;;;;;1;;;;;1;1;;;
21/01/2012;14:11:00;3851;com vítima;107;BR-040/RJ;Sul;Capotamento;2;;;;;;;;;;0;4;;;
21/01/2012;05:34:00;3788;com vítima;110;BR-040/RJ;Sul;Colisão Lateral;;;;1;;1;;;;;1;;1;;
21/01/2012;14:37:00;3854;com vítima;119;BR-040/RJ;Norte;Colisão Frontal;1;;1;;;;;;;;1;2;1;;
21/01/2012;18:23:00;3903;sem vítima;121;BR-040/RJ;Norte;Choque - Objeto Fixo;1;;;;;;;;;;1;;;;
21/01/2012;17:01:00;3887;com vítima;122;BR-040/RJ;Norte;Capotamento;1;;;;;;;;;;0;1;;1;
21/01/2012;14:40:00;3856;com vítima;123;BR-040/RJ;Sul;Atropelamento - Pedestre;;;;;;1;;;;;1;;;1;
21/01/2012;17:29:00;3889;sem vítima;123;BR-040/RJ;Norte;Colisão Traseira;2;;;;;;;;;;2;;;;
22/01/2012;10:35:00;4024;com vítima;53;BR-040/RJ;Norte;Queda de Moto;;;;1;;;;;;;0;;1;;
22/01/2012;11:03:00;4031;sem vítima;60;BR-040/RJ;Sul;Colisão Traseira;2;;;;;;;;;;2;;;;
22/01/2012;10:57:00;4030;com vítima;104;BR-040/RJ;Norte;Queda de Moto;;;;1;;;;;;;0;2;;;
22/01/2012;18:24:00;4103;com vítima;111;BR-040/RJ;Sul;Colisão Lateral;1;;;1;;;;;;;1;;1;;
22/01/2012;13:12:00;4051;com vítima;112;BR-040/RJ;Sul;Choque - Objeto Fixo;1;;;;;;;;;;0;3;;;
22/01/2012;06:33:00;3984;sem vítima;121;BR-040/RJ;Sul;Choque - Objeto Fixo;1;;;;;;;;;;1;;;;
23/01/2012;13:25:00;4260;com vítima;6;BR-040/RJ;Norte;Colisão Traseira;2;;;;;;;;;;3;1;;;
23/01/2012;01:39:00;4159;com vítima;11;BR-040/RJ;Sul;Capotamento;1;;;;;;;;;;0;5;1;;
23/01/2012;03:21:00;4166;sem vítima;16;BR-040/RJ;Norte;Choque - Objeto Fixo;1;;;;;;;;;;1;;;;
23/01/2012;07:40:00;4198;sem vítima;786;BR-040/MG;Sul;Choque - Objeto Fixo;1;;;;;;;;;;1;;;;
23/01/2012;19:04:00;4313;com vítima;112;BR-040/RJ;Norte;Colisão Traseira;;;1;1;;;;;;;1;2;;;
23/01/2012;17:43:00;4304;com vítima;119;BR-040/RJ;Norte;Colisão Frontal;1;;;1;;;;;;;1;;1;;
24/01/2012;12:25:00;4447;sem vítima;82;BR-040/RJ;Norte;Colisão Lateral;2;;;;;;;;;;2;;;;
24/01/2012;11:00:00;4434;sem vítima;83;BR-040/RJ;Sul;Choque - Objeto Fixo;1;;;;;;;;;;1;;;;
24/01/2012;10:00:00;4424;sem vítima;791;BR-040/MG;Sul;Choque - Objeto Fixo;1;;;;;;;;;;1;;;;
24/01/2012;07:46:00;4393;sem vítima;107;BR-040/RJ;Norte;Choque - Objeto Fixo;1;;;;;;;;;;1;;;;
24/01/2012;14:33:00;4465;com vítima;111;BR-040/RJ;Sul;Colisão Transversal;1;;1;;;;;;;;1;2;;;
24/01/2012;20:14:00;4525;sem vítima;114;BR-040/RJ;Sul;Colisão Lateral;1;;;;1;;;;;;2;;;;
24/01/2012;11:07:00;4435;com vítima;117;BR-040/RJ;Norte;Capotamento;1;;;;;;;;;;2;1;;;
24/01/2012;07:29:00;4388;sem vítima;122;BR-040/RJ;Sul;Colisão Traseira;1;;1;;;;;;;;2;;;;
24/01/2012;07:52:00;4395;sem vítima;123;BR-040/RJ;Sul;Colisão Lateral;1;;1;;;;;;;;2;;;;
24/01/2012;08:57:00;4409;sem vítima;123;BR-040/RJ;Sul;Colisão Lateral;;;1;;;1;;;;;2;;;;
24/01/2012;08:04:00;4398;sem vítima;124;BR-040/RJ;Sul;Colisão Lateral;1;;1;;;;;;;;2;;;;
25/01/2012;07:42:00;4600;sem vítima;816;BR-040/MG;Sul;Colisão Lateral;2;;;;;;;;;;2;;;;
25/01/2012;02:55:00;4577;com vítima;824;BR-040/MG;Sul;Tombamento;;;1;;;;;;;;0;;;1;
25/01/2012;09:17:00;4616;com vítima;87;BR-040/RJ;Sul;Capotamento;;;1;;;;;;;;0;;1;;
25/01/2012;14:31:00;4670;sem vítima;89;BR-040/RJ;Sul;Colisão Traseira;2;;;;;;;;;;2;;;;
25/01/2012;16:28:00;4699;com vítima;91;BR-040/RJ;Sul;Capotamento;1;;;;;;;;;;0;1;;;
25/01/2012;15:50:00;4693;sem vítima;92;BR-040/RJ;Norte;Colisão Traseira;2;;;;;;;;;;2;;;;
25/01/2012;20:21:00;4748;sem vítima;107;BR-040/RJ;Norte;Choque - Objeto Fixo;1;;;;;;;;;;1;;;;
25/01/2012;17:51:00;4720;com vítima;108;BR-040/RJ;Norte;Colisão Traseira;1;;;;1;;;;;;1;;1;;
25/01/2012;19:06:00;4735;com vítima;108;BR-040/RJ;Norte;Colisão Traseira;2;;;;;;;;;;1;1;;;
25/01/2012;13:28:00;4661;sem vítima;109;BR-040/RJ;Norte;Choque - Objeto Fixo;1;;;;;;;;;;1;;;;
25/01/2012;17:53:00;4718;sem vítima;111;BR-040/RJ;Norte;Colisão Traseira;1;;1;;;;;;;;2;;;;
25/01/2012;16:23:00;4698;sem vítima;121;BR-040/RJ;Sul;Engavetamento;4;;;;;;;;;;4;;;;
26/01/2012;18:33:00;4916;com vítima;1;BR-040/RJ;Norte;Queda de Moto;;;;1;;;;;;;0;;1;;
26/01/2012;17:58:00;4908;com vítima;50;BR-040/RJ;Norte;Choque - Objeto Fixo;1;;;;;;;;;;0;1;;;
26/01/2012;17:16:00;4899;sem vítima;51;BR-040/RJ;Norte;Choque - Objeto Fixo;1;;;;;;;;;;1;;;;
26/01/2012;17:59:00;4909;sem vítima;65;BR-040/RJ;Norte;Colisão Traseira;1;;1;;;;;;;;2;;;;
26/01/2012;06:28:00;4802;sem vítima;73;BR-040/RJ;Sul;Derrapagem;;;1;;;;;;;;1;;;;
26/01/2012;18:26:00;4914;com vítima;79;BR-040/RJ;Sul;Colisão Traseira;;;;1;1;;;;;;1;1;1;;
26/01/2012;11:06:00;4842;sem vítima;83;BR-040/RJ;Norte;Colisão Traseira;2;;;;;;;;;;2;;;;
26/01/2012;21:53:00;4941;sem vítima;91;BR-040/RJ;Norte;Choque - Objeto Fixo;1;;;;;;;;;;1;;;;
26/01/2012;17:41:00;4906;com vítima;105;BR-040/RJ;Norte;Atropelamento - Pedestre;;;;;;1;;;;;1;1;;;
26/01/2012;19:40:00;4929;sem vítima;105;BR-040/RJ;Norte;Colisão Traseira;;;1;;;1;;;;;2;;;;
26/01/2012;17:08:00;4896;com vítima;106;BR-040/RJ;Norte;Colisão Traseira;1;;;1;;;;;;;1;;;2;
26/01/2012;05:10:00;4792;com vítima;109;BR-040/RJ;Sul;Queda de Moto;;;;1;;;;;;;0;;1;;
26/01/2012;05:43:00;4795;com vítima;121;BR-040/RJ;Sul;Colisão Traseira;2;;;;;;;;;;0;4;;;
26/01/2012;20:50:00;4937;sem vítima;123;BR-040/RJ;Sul;Colisão Lateral;1;;1;;;;;;;;2;;;;
27/01/2012;11:50:00;5028;sem vítima;25;BR-040/RJ;Sul;Choque - Objeto Fixo;1;;;;;;;;;;2;;;;
27/01/2012;07:37:00;4987;com vítima;40;BR-040/RJ;Norte;Choque - Objeto Fixo;1;;;;;;;;;;1;3;;;
27/01/2012;19:10:00;5100;sem vítima;58;BR-040/RJ;Sul;Choque - Objeto Fixo;1;;;;;;;;;;1;;;;
27/01/2012;19:46:00;5108;com vítima;60;BR-040/RJ;Norte;Capotamento;1;;;;;;;;;;1;;;;1
27/01/2012;23:45:00;5142;com vítima;68;BR-040/RJ;Norte;Capotamento;1;;;;;;;;;;0;1;2;;
27/01/2012;04:15:00;4966;sem vítima;80;BR-040/RJ;Sul;Choque - Objeto Fixo;1;;;;;;;;;;1;;;;
27/01/2012;20:20:00;5113;sem vítima;82;BR-040/RJ;Sul;Choque - Objeto Fixo;1;;;;;;;;;;1;;;;
27/01/2012;16:39:00;5075;com vítima;787;BR-040/MG;Norte;Colisão Lateral;1;;;;;1;;;;;0;2;;;
27/01/2012;16:40:00;5090;com vítima;787;BR-040/MG;Norte;Choque - Objeto Fixo;1;;;;;;;;;;0;;1;;
27/01/2012;17:20:00;5084;sem vítima;793;BR-040/MG;Sul;Choque - Objeto Fixo;1;;;;;;;;;;1;;;;
27/01/2012;09:08:00;5000;sem vítima;825;BR-040/MG;Sul;Colisão Traseira;;;2;;;;;;;;2;;;;
27/01/2012;12:45:00;5033;sem vítima;85;BR-040/RJ;Sul;Choque - Objeto Fixo;1;;;;;;;;;;1;;;;
27/01/2012;16:43:00;5077;sem vítima;89;BR-040/RJ;Norte;Choque - Objeto Fixo;1;;;;;;;;;;1;;;;
27/01/2012;12:35:00;5032;sem vítima;92;BR-040/RJ;Sul;Choque - Objeto Fixo;1;;;;;;;;;;1;;;;
27/01/2012;00:50:00;4960;sem vítima;94;BR-040/RJ;Norte;Choque - Objeto Fixo;1;;;;;;;;;;1;;;;
27/01/2012;17:27:00;5085;com vítima;97;BR-040/RJ;Sul;Choque - Objeto Fixo;1;;;;;;;;;;0;2;;;
27/01/2012;15:52:00;5065;sem vítima;98;BR-040/RJ;Norte;Capotamento;1;;;;;;;;;;1;;;;
27/01/2012;20:46:00;5117;com vítima;118;BR-040/RJ;Sul;Atropelamento - Pedestre;;;;;;;;;;;0;;1;;
27/01/2012;08:11:00;4995;com vítima;121;BR-040/RJ;Sul;Colisão Lateral;2;;;;;;;;;;1;;1;;
27/01/2012;16:15:00;5069;sem vítima;121;BR-040/RJ;Norte;Choque - Objeto Fixo;1;;;;;;;;;;1;;;;
28/01/2012;08:45:00;5183;sem vítima;4;BR-040/RJ;Sul;Capotamento;1;;;;;;;;;;1;;;;
28/01/2012;11:12:00;5210;sem vítima;5;BR-040/RJ;Norte;Choque - Objeto Fixo;1;;;;;;;;;;1;;;;
28/01/2012;07:47:00;5172;sem vítima;34;BR-040/RJ;Norte;Choque - Objeto Fixo;1;;;;;;;;;;1;;;;
28/01/2012;13:25:00;5234;com vítima;34;BR-040/RJ;Sul;Choque - Objeto Fixo;;;1;;;;;;;;0;2;1;;
28/01/2012;07:06:00;5170;sem vítima;58;BR-040/RJ;Sul;Derrapagem;1;;;;;;;;;;1;;;;
28/01/2012;21:31:00;5295;com vítima;62;BR-040/RJ;Norte;Capotamento;1;;;;;;;;;;0;3;;;
28/01/2012;21:05:00;5292;com vítima;72;BR-040/RJ;Sul;Capotamento;1;;;;;;;;;;0;1;;;
28/01/2012;09:10:00;5189;sem vítima;83;BR-040/RJ;Norte;Choque - Objeto Fixo;1;;;;;;;;;;1;;;;
28/01/2012;18:50:00;5282;sem vítima;776;BR-040/MG;Sul;Choque - Objeto Fixo;1;;;;;;;;;;1;;;;
28/01/2012;17:35:00;5272;sem vítima;789;BR-040/MG;Norte;Choque - Objeto Fixo;1;;;;;;;;;;1;;;;
28/01/2012;18:20:00;5278;sem vítima;84;BR-040/RJ;Norte;Choque - Objeto Fixo;1;;;;;;;;;;1;;;;
28/01/2012;13:02:00;5229;sem vítima;87;BR-040/RJ;Norte;Choque - Objeto Fixo;1;;;;;;;;;;1;;;;
28/01/2012;10:06:00;5199;com vítima;92;BR-040/RJ;Sul;Choque - Objeto Fixo;1;;;;;;;;;;0;1;;;
28/01/2012;21:07:00;5294;sem vítima;93;BR-040/RJ;Sul;Choque - Objeto Fixo;1;;;;;;;;;;1;;;;
28/01/2012;23:11:00;5300;sem vítima;93;BR-040/RJ;Sul;Derrapagem;1;;;;;;;;;;1;;;;
28/01/2012;09:17:00;5190;com vítima;94;BR-040/RJ;Sul;Capotamento;1;;;;;;;;;;0;4;;;
28/01/2012;15:01:00;5244;sem vítima;103;BR-040/RJ;Sul;Colisão Traseira;2;;;;;;;;;;2;;;;
28/01/2012;19:33:00;5284;sem vítima;107;BR-040/RJ;Norte;Choque - Objeto Fixo;1;;;;;;;;;;1;;;;
28/01/2012;16:02:00;5250;sem vítima;112;BR-040/RJ;Sul;Choque - Objeto Fixo;1;;;;;;;;;;1;;;;
28/01/2012;05:32:00;5165;com vítima;113;BR-040/RJ;Norte;Colisão Traseira;2;;;;;;;;;;1;3;;;
28/01/2012;03:58:00;5157;com vítima;117;BR-040/RJ;Norte;Choque - Objeto Fixo;1;;;;;;;;;;0;;1;;
28/01/2012;21:32:00;5296;com vítima;118;BR-040/RJ;Sul;Colisão Traseira;;;;1;;1;;;;;1;;1;;
28/01/2012;16:54:00;5265;sem vítima;119;BR-040/RJ;Sul;Engavetamento;3;;;;;;;;;;3;;;;
28/01/2012;23:23:00;5301;com vítima;121;BR-040/RJ;Sul;Colisão Traseira;2;;;;;;;;;;0;3;;;
28/01/2012;18:32:00;5280;com vítima;123;BR-040/RJ;Norte;Colisão Traseira;2;;;;;;;;;;1;3;;;
29/01/2012;20:32:00;5467;sem vítima;43;BR-040/RJ;Norte;Choque - Objeto Fixo;1;;;;;;;;;;3;;;;
29/01/2012;11:27:00;5371;com vítima;52;BR-040/RJ;Norte;Derrapagem;1;;;;;;;;;;3;1;;;
29/01/2012;15:38:00;5407;com vítima;63;BR-040/RJ;Norte;Choque - Objeto Fixo;1;;;;;;;;;;0;2;2;;
29/01/2012;23:12:00;5482;sem vítima;67;BR-040/RJ;Norte;Choque - Objeto Fixo;1;;;;;;;;;;1;;;;
29/01/2012;03:08:00;5320;com vítima;68;BR-040/RJ;Norte;Capotamento;1;;;;;;;;;;0;;1;;
29/01/2012;17:58:00;5431;sem vítima;69;BR-040/RJ;Sul;Choque - Objeto Fixo;1;;;;;;;;;;1;;;;
29/01/2012;21:28:00;5475;sem vítima;69;BR-040/RJ;Norte;Choque - Objeto Fixo;1;;;;;;;;;;1;;;;
29/01/2012;14:15:00;5400;sem vítima;72;BR-040/RJ;Sul;Capotamento;1;;;;;;;;;;3;;;;
29/01/2012;17:23:00;5425;sem vítima;78;BR-040/RJ;Sul;Choque - Objeto Fixo;1;;;;;;;;;;1;;;;
29/01/2012;12:49:00;5383;sem vítima;79;BR-040/RJ;Norte;Choque - Objeto Fixo;1;;;;;;;;;;5;;;;
29/01/2012;16:29:00;5418;com vítima;790;BR-040/MG;Sul;Colisão Traseira;1;;1;;;;;;;;0;3;1;;
29/01/2012;09:40:00;5354;sem vítima;800;BR-040/MG;Norte;Colisão Traseira;2;;;;;;;;;;2;;;;
29/01/2012;17:36:00;5428;sem vítima;816;BR-040/MG;Sul;Colisão Lateral;1;;1;;;;;;;;2;;;;
29/01/2012;10:30:00;5363;sem vítima;88;BR-040/RJ;Sul;Choque - Objeto Fixo;1;;;;;;;;;;1;;;;
29/01/2012;15:46:00;5408;sem vítima;89;BR-040/RJ;Norte;Choque - Objeto Fixo;1;;;;;;;;;;1;;;;
29/01/2012;10:24:00;5359;sem vítima;90;BR-040/RJ;Sul;Choque - Objeto Fixo;1;;;;;;;;;;1;;;;
29/01/2012;13:14:00;5389;com vítima;90;BR-040/RJ;Norte;Capotamento;1;;;;;;;;;;0;3;;;
29/01/2012;06:31:00;5327;com vítima;91;BR-040/RJ;Norte;Choque - Objeto Fixo;;;1;;;;;;;;0;2;;;
29/01/2012;17:52:00;5429;sem vítima;91;BR-040/RJ;Sul;Choque - Objeto Fixo;1;;;;;;;;;;1;;;;
29/01/2012;13:18:00;5390;sem vítima;92;BR-040/RJ;Sul;Choque - Objeto Fixo;1;;;;;;;;;;1;;;;
29/01/2012;14:31:00;5403;com vítima;93;BR-040/RJ;Sul;Capotamento;1;;;;;;;;;;0;1;;;
29/01/2012;19:11:00;5447;sem vítima;93;BR-040/RJ;Sul;Choque - Objeto Fixo;1;;;;;;;;;;1;;;;
29/01/2012;18:50:00;5448;sem vítima;93;BR-040/RJ;Norte;Choque - Objeto Fixo;1;;;;;;;;;;1;;;;
29/01/2012;14:06:00;5397;com vítima;94;BR-040/RJ;Sul;Colisão Traseira;1;;;;;;;;;;0;1;;;
29/01/2012;18:25:00;5439;sem vítima;94;BR-040/RJ;Sul;Choque - Objeto Fixo;1;;;;;;;;;;1;;;;
29/01/2012;14:09:00;5398;sem vítima;95;BR-040/RJ;Norte;Choque - Objeto Fixo;1;;;;;;;;;;1;;;;
29/01/2012;20:21:00;5462;sem vítima;97;BR-040/RJ;Sul;Choque - Objeto Fixo;1;;;;;;;;;;1;;;;
29/01/2012;20:17:00;5463;com vítima;104;BR-040/RJ;Sul;Colisão Traseira;1;;;;1;;;;;;1;2;;;
29/01/2012;04:16:00;5321;sem vítima;114;BR-040/RJ;Norte;Capotamento;1;;;;;;;;;;1;;;;
29/01/2012;08:16:00;5340;com vítima;122;BR-040/RJ;Norte;Capotamento;1;;;;;;;;;;0;1;1;;
29/01/2012;14:28:00;5402;sem vítima;122;BR-040/RJ;Sul;Choque - Objeto Fixo;1;;;;;;;;;;1;;;;
30/01/2012;11:25:00;5567;sem vítima;78;BR-040/RJ;Sul;Choque - Objeto Fixo;1;;;;;;;;;;1;;;;
30/01/2012;19:19:00;5642;com vítima;82;BR-040/RJ;Norte;Atropelamento - Pedestre;1;;;;;;;;;;1;1;;;
30/01/2012;17:06:00;5612;sem vítima;794;BR-040/MG;Sul;Choque - Objeto Fixo;1;;;;;;;;;;1;;;;
30/01/2012;14:35:00;5590;com vítima;109;BR-040/RJ;Norte;Queda de Moto;;;;;;1;;;;;0;1;;;
30/01/2012;18:13:00;5623;sem vítima;109;BR-040/RJ;Sul;Colisão Traseira;1;;1;;;;;;;;2;;;;
30/01/2012;22:27:00;5659;sem vítima;114;BR-040/RJ;Sul;Choque - Objeto Fixo;1;;;;;;;;;;1;;;;
30/01/2012;14:05:00;5587;com vítima;115;BR-040/RJ;Norte;Choque - Objeto Fixo;1;;;;;;;;;;0;5;;;
30/01/2012;21:43:00;5656;sem vítima;122;BR-040/RJ;Sul;Colisão Traseira;;;2;;;;;;;;2;;;;
31/01/2012;11:12:00;5738;sem vítima;39;BR-040/RJ;Norte;Choque - Objeto Fixo;1;;;;;;;;;;1;;;;
31/01/2012;10:27:00;5728;com vítima;70;BR-040/RJ;Sul;Engavetamento;1;;2;;;;;;;;1;4;;;
31/01/2012;20:33:00;5824;com vítima;71;BR-040/RJ;Sul;Atropelamento - Pedestre;;;1;;;;;;;;1;;;;1
31/01/2012;07:23:00;5693;sem vítima;783;BR-040/MG;Sul;Colisão Traseira;2;;;;;;;;;;2;;;;
31/01/2012;18:49:00;5805;sem vítima;787;BR-040/MG;Norte;Choque - Objeto Fixo;1;;;;;;;;;;1;;;;
31/01/2012;16:32:00;5788;sem vítima;800;BR-040/MG;Norte;Choque - Objeto Fixo;1;;;;;;;;;;1;;;;
31/01/2012;21:32:00;5836;sem vítima;810;BR-040/MG;Norte;Colisão Frontal;2;;;;;;;;;;3;;;;
31/01/2012;21:56:00;5837;com vítima;815;BR-040/MG;Sul;Tombamento;;;1;;;;;;;;0;;1;;
31/01/2012;15:31:00;5776;sem vítima;822;BR-040/MG;Sul;Choque - Objeto Fixo;1;;;;;;;;;;1;;;;
31/01/2012;13:35:00;5752;com vítima;85;BR-040/RJ;Sul;Queda de Moto;;;;1;;;;;;;0;;1;;
31/01/2012;19:26:00;5812;sem vítima;85;BR-040/RJ;Norte;Choque - Objeto Fixo;1;;;;;;;;;;1;;;;
31/01/2012;07:33:00;5697;sem vítima;90;BR-040/RJ;Sul;Choque - Objeto Fixo;1;;;;;;;;;;1;;;;
31/01/2012;13:40:00;5755;sem vítima;91;BR-040/RJ;Sul;Choque - Objeto Fixo;1;;;;;;;;;;1;;;;
31/01/2012;21:03:00;5832;sem vítima;92;BR-040/RJ;Sul;Choque - Objeto Fixo;1;;;;;;;;;;1;;;;
31/01/2012;05:32:00;5683;com vítima;93;BR-040/RJ;Sul;Colisão Traseira;;;2;;;;;;;;1;;1;;
31/01/2012;20:58:00;5831;sem vítima;93;BR-040/RJ;Sul;Choque - Objeto Fixo;1;;;;;;;;;;1;;;;
31/01/2012;18:15:00;5800;sem vítima;96;BR-040/RJ;Norte;Choque - Objeto Fixo;1;;;;;;;;;;1;;;;
31/01/2012;16:52:00;5793;com vítima;109;BR-040/RJ;Sul;Engavetamento;2;;1;;;;;;;;2;2;;;
31/01/2012;13:08:00;5749;sem vítima;111;BR-040/RJ;Norte;Colisão Lateral;1;;1;;;;;;;;2;;;;
31/01/2012;09:18:00;5717;sem vítima;113;BR-040/RJ;Sul;Colisão Traseira;;;;;2;;;;;;2;;;;
31/01/2012;19:51:00;5816;sem vítima;113;BR-040/RJ;Norte;Colisão Traseira;2;;;;;;;;;;2;;;;
31/01/2012;15:15:00;5774;sem vítima;124;BR-040/RJ;Norte;Colisão Lateral;;;1;;1;;;;;;2;;;;
01/02/2012;14:05:00;115;com vítima;66;BR-040/RJ;Norte;Derrapagem;1;;;;;;;;;;0;1;;;
01/02/2012;22:15:00;194;sem vítima;84;BR-040/RJ;Sul;Choque - Objeto Fixo;1;;;;;;;;;;1;;;;
01/02/2012;09:10:00;53;sem vítima;108;BR-040/RJ;Norte;Colisão Traseira;;;;1;;1;;;;;2;;;;
01/02/2012;16:23:00;142;sem vítima;112;BR-040/RJ;Norte;Colisão Lateral;;;2;;;;;;;;2;;;;
01/02/2012;07:21:00;32;sem vítima;119;BR-040/RJ;Sul;Colisão Traseira;1;;;;;1;;;;;2;;;;
01/02/2012;21:12:00;187;sem vítima;122;BR-040/RJ;Norte;Choque - Objeto Fixo;1;;;;;;;;;;1;;;;
02/02/2012;16:18:00;366;sem vítima;61;BR-040/RJ;Sul;Choque - Objeto Fixo;1;;;;;;;;;;1;;;;
02/02/2012;19:51:00;414;sem vítima;93;BR-040/RJ;Norte;Colisão Lateral;2;;;;;;;;;;2;;;;
02/02/2012;21:47:00;433;com vítima;109;BR-040/RJ;Norte;Engavetamento;3;;;;;;;;;;2;1;1;;
02/02/2012;17:43:00;383;sem vítima;110;BR-040/RJ;Norte;Colisão Frontal;1;;;;1;;;;;;2;;;;
02/02/2012;18:13:00;395;sem vítima;110;BR-040/RJ;Norte;Colisão Lateral;1;;1;;;;;;;;2;;;;
02/02/2012;08:10:00;260;sem vítima;123;BR-040/RJ;Sul;Colisão Lateral;1;;;1;;;;;;;2;;;;
03/02/2012;21:52:00;672;com vítima;25;BR-040/RJ;Norte;Atropelamento - Pedestre;1;;;;;;;;;;1;;;1;1
03/02/2012;12:02:00;538;sem vítima;88;BR-040/RJ;Norte;Colisão Traseira;1;;;;;1;;;;;2;;;;
03/02/2012;19:16:00;633;sem vítima;97;BR-040/RJ;Norte;Engavetamento;2;;1;;;;;;;;3;;;;
03/02/2012;08:05:00;489;sem vítima;105;BR-040/RJ;Norte;Colisão Traseira;1;;;;1;;;;;;2;;;;
03/02/2012;07:39:00;484;sem vítima;109;BR-040/RJ;Sul;Colisão Lateral;1;;1;;;;;;;;2;;;;
03/02/2012;18:38:00;623;sem vítima;109;BR-040/RJ;Norte;Colisão Traseira;2;;;;;;;;;;2;;;;
03/02/2012;09:04:00;506;sem vítima;110;BR-040/RJ;Norte;Colisão Lateral;2;;;;;;;;;;2;;;;
03/02/2012;09:45:00;520;sem vítima;110;BR-040/RJ;Norte;Colisão Lateral;1;;1;;;;;;;;2;;;;
03/02/2012;19:49:00;641;sem vítima;112;BR-040/RJ;Norte;Colisão Traseira;2;;;;;;;;;;2;;;;
03/02/2012;19:05:00;631;sem vítima;114;BR-040/RJ;Norte;Engavetamento;3;;;;;;;;;;3;;;;
03/02/2012;08:36:00;501;sem vítima;123;BR-040/RJ;Sul;Engavetamento;1;;1;;1;;;;;;3;;;;
03/02/2012;09:05:00;507;sem vítima;123;BR-040/RJ;Sul;Colisão Lateral;1;;;;1;;;;;;2;;;;
03/02/2012;15:34:00;583;sem vítima;123;BR-040/RJ;Norte;Colisão Lateral;1;;1;;;;;;;;2;;;;
04/02/2012;11:19:00;759;sem vítima;96;BR-040/RJ;Norte;Choque - Objeto Fixo;1;;;;;;;;;;1;;;;
04/02/2012;12:20:00;769;sem vítima;97;BR-040/RJ;Norte;Derrapagem;1;;;;;;;;;;1;;;;
04/02/2012;04:38:00;704;com vítima;102;BR-040/RJ;Norte;Colisão Frontal;1;;;1;;;;;;;1;;1;;
04/02/2012;18:19:00;837;com vítima;105;BR-040/RJ;Norte;Atropelamento - Pedestre;1;1;;;;;;;;;1;1;;;
04/02/2012;05:59:00;711;sem vítima;114;BR-040/RJ;Sul;Choque - Objeto Fixo;1;;;;;;;;;;1;;;;
04/02/2012;18:16:00;836;sem vítima;116;BR-040/RJ;Norte;Choque - Objeto Fixo;1;;;;;;;;;;1;;;;
04/02/2012;05:11:00;706;sem vítima;792;BR-040/MG;Sul;Choque - Objeto Fixo;1;;;;;;;;;;1;;;;