data;horario;n_da_ocorrencia;tipo_de_ocorrencia;km;trecho;sentido;tipo_de_acidente;automovel;bicicleta;caminhao;moto;onibus;outros;tracao_animal;transporte_de_cargas_especiais;trator_maquinas;utilitarios;ilesos;levemente_feridos;moderadamente_feridos;gravemente_feridos;mortos
01/03/2012;16:40:00;128;sem vítima;111;BR-040/RJ;Sul;Colisão Traseira;;;1;;1;;;;;;2;;;;
01/03/2012;21:36:00;175;sem vítima;112;BR-040/RJ;Norte;Choque - Objeto Fixo;1;;;;;;;;;;1;;;;
02/03/2012;16:22:00;309;sem vítima;58;BR-040/RJ;Norte;Colisão Traseira;2;;;;;;;;;;2;;;;
02/03/2012;11:04:00;251;sem vítima;87;BR-040/RJ;Norte;Choque - Objeto Fixo;1;;;;;;;;;;1;;;;
02/03/2012;12:12:00;262;sem vítima;105;BR-040/RJ;Norte;Colisão Traseira;2;;;;;;;;;;2;;;;
02/03/2012;08:36:00;230;sem vítima;109;BR-040/RJ;Norte;Colisão Lateral;2;;;;;;;;;;2;;;;
02/03/2012;20:00:00;361;sem vítima;112;BR-040/RJ;Sul;Colisão Traseira;1;;1;;;;;;;;2;;;;
02/03/2012;18:30:00;345;sem vítima;113;BR-040/RJ;Sul;Colisão Traseira;;;2;;;;;;;;2;;;;
02/03/2012;20:09:00;362;sem vítima;114;BR-040/RJ;Norte;Colisão Traseira;2;;;;;;;;;;2;;;;
02/03/2012;21:40:00;377;sem vítima;813;BR-040/MG;Norte;Atropelamento - Animal;1;;;;;;;;;;1;;;;
02/03/2012;22:29:00;383;com vítima;120;BR-040/RJ;Norte;Engavetamento;2;;1;;2;;;;;;2;7;1;;
02/03/2012;16:20:00;315;sem vítima;123;BR-040/RJ;Norte;Colisão Traseira;1;;;;;1;;;;;2;;;;
03/03/2012;07:35:00;433;com vítima;39;BR-040/RJ;Sul;Choque - Objeto Fixo;1;;;;;;;;;;0;;1;;
03/03/2012;13:15:00;468;sem vítima;84;BR-040/RJ;Sul;Choque - Objeto Fixo;1;;;;;;;;;;1;;;;
03/03/2012;12:00:00;459;com vítima;89;BR-040/RJ;Sul;Tombamento;;;1;;;;;;;;0;1;;;
03/03/2012;16:51:00;498;com vítima;105;BR-040/RJ;Norte;Atropelamento - Pedestre;1;;;;;;;;;;1;1;;;
03/03/2012;21:36:00;540;sem vítima;105;BR-040/RJ;Norte;Colisão Lateral;2;;;;;;;;;;2;;;;
03/03/2012;23:50:00;551;com vítima;105;BR-040/RJ;Norte;Atropelamento - Pedestre;;;;;;1;;;;;1;;1;;
03/03/2012;10:37:00;453;com vítima;108;BR-040/RJ;Norte;Engavetamento;2;;;1;;1;;;;;3;1;;;
03/03/2012;13:28:00;471;com vítima;783;BR-040/MG;Sul;Colisão Traseira;;;1;1;;;;;;;1;1;1;;
03/03/2012;07:32:00;432;com vítima;789;BR-040/MG;Norte;Capotamento;1;;;;;;;;;;3;1;;;
03/03/2012;17:01:00;499;sem vítima;794;BR-040/MG;Sul;Choque - Objeto Fixo;1;;;;;;;;;;1;;;;
03/03/2012;07:01:00;428;com vítima;123;BR-040/RJ;Norte;Colisão Traseira;;;;1;;1;;;;;1;;1;;
03/03/2012;01:26:00;406;sem vítima;124;BR-040/RJ;Norte;Choque - Objeto Fixo;1;;;;;;;;;;1;;;;
04/03/2012;18:11:00;697;com vítima;22;BR-040/RJ;Sul;Derrapagem;1;;;;;;;;;;1;1;;;
04/03/2012;17:07:00;683;sem vítima;77;BR-040/RJ;Sul;Choque - Objeto Fixo;1;;;;;;;;;;1;;;;
04/03/2012;18:00:00;693;com vítima;80;BR-040/RJ;Sul;Choque - Objeto Fixo;1;;;;;;;;;;0;1;;;
04/03/2012;17:36:00;691;sem vítima;81;BR-040/RJ;Sul;Choque - Objeto Fixo;1;;;;;;;;;;3;;;;
04/03/2012;17:25:00;689;com vítima;85;BR-040/RJ;Sul;Choque - Objeto Fixo;1;;;;;;;;;;0;1;;;
04/03/2012;19:27:00;706;com vítima;86;BR-040/RJ;Sul;Queda de Moto;;;;1;;;;;;;0;;1;;1
04/03/2012;09:57:00;618;sem vítima;90;BR-040/RJ;Norte;Choque - Objeto Fixo;1;;;;;;;;;;1;;;;
04/03/2012;16:44:00;680;com vítima;90;BR-040/RJ;Sul;Atropelamento - Pedestre;1;;;;;;;;;;1;;;1;
04/03/2012;15:11:00;657;sem vítima;92;BR-040/RJ;Sul;Choque - Objeto Fixo;1;;;;;;;;;;1;;;;
04/03/2012;16:31:00;675;sem vítima;92;BR-040/RJ;Sul;Choque - Objeto Fixo;1;;;;;;;;;;1;;;;
04/03/2012;16:14:00;668;sem vítima;93;BR-040/RJ;Norte;Choque - Objeto Fixo;1;;;;;;;;;;1;;;;
04/03/2012;09:27:00;613;com vítima;94;BR-040/RJ;Norte;Choque - Objeto Fixo;1;;;;;;;;;;0;2;;;
04/03/2012;09:04:00;606;sem vítima;95;BR-040/RJ;Norte;Choque - Objeto Fixo;1;;;;;;;;;;1;;;;
04/03/2012;00:35:00;558;com vítima;96;BR-040/RJ;Sul;Queda de Moto;;;;1;;;;;;;0;1;;;
04/03/2012;18:08:00;696;sem vítima;101;BR-040/RJ;Norte;Choque - Objeto Fixo;1;;;;;;;;;;1;;;;
04/03/2012;07:34:00;593;sem vítima;113;BR-040/RJ;Sul;Colisão Traseira;1;;;;;1;;;;;2;;;;
04/03/2012;03:36:00;572;com vítima;114;BR-040/RJ;Norte;Colisão Traseira;2;;;;;;;;;;0;3;;;
04/03/2012;03:54:00;574;com vítima;115;BR-040/RJ;Sul;Engavetamento;2;;;;1;;;;;;2;1;1;;
04/03/2012;06:00:00;583;sem vítima;118;BR-040/RJ;Norte;Colisão Traseira;1;;;;;1;;;;;2;;;;
04/03/2012;08:07:00;598;sem vítima;119;BR-040/RJ;Sul;Choque - Objeto Fixo;1;;;;;;;;;;1;;;;
05/03/2012;05:02:00;752;sem vítima;36;BR-040/RJ;Sul;Colisão Traseira;;;1;;;1;;;;;3;;;;
05/03/2012;18:08:00;886;sem vítima;65;BR-040/RJ;Norte;Choque - Objeto Fixo;1;;;;;;;;;;1;;;;
05/03/2012;07:59:00;777;com vítima;83;BR-040/RJ;Sul;Queda de Moto;;;;1;;;;;;;0;1;;;
05/03/2012;07:24:00;766;sem vítima;113;BR-040/RJ;Sul;Colisão Lateral;1;;1;;;;;;;;2;;;;
05/03/2012;17:38:00;883;com vítima;114;BR-040/RJ;Sul;Atropelamento - Pedestre;1;;;;;;;;;;0;1;;;1
05/03/2012;15:35:00;858;sem vítima;117;BR-040/RJ;Sul;Choque - Objeto Fixo;1;;;;;;;;;;1;;;;
05/03/2012;09:24:00;795;sem vítima;121;BR-040/RJ;Sul;Colisão Lateral;1;;1;;;;;;;;2;;;;
05/03/2012;10:08:00;805;sem vítima;122;BR-040/RJ;Sul;Engavetamento;2;;1;;;;;;;;3;;;;
06/03/2012;02:29:00;932;sem vítima;0;BR-040/RJ;Sul;Choque - Objeto Fixo;1;;;;;;;;;;1;;;;
06/03/2012;23:01:00;1138;sem vítima;1;BR-040/RJ;Norte;Colisão Traseira;;;2;;;;;;;;2;;;;
06/03/2012;17:35:00;1097;sem vítima;30;BR-040/RJ;Norte;Choque - Objeto Fixo;1;;;;;;;;;;1;;;;
06/03/2012;12:49:00;1029;sem vítima;39;BR-040/RJ;Sul;Derrapagem;1;;;;;;;;;;1;;;;
06/03/2012;18:07:00;1105;com vítima;52;BR-040/RJ;Norte;Choque - Objeto Fixo;1;;;;;;;;;;0;1;;;
06/03/2012;15:34:00;1069;com vítima;60;BR-040/RJ;Sul;Colisão Traseira;1;;1;;;;;;;;2;1;;;
06/03/2012;15:37:00;1070;com vítima;61;BR-040/RJ;Norte;Choque - Objeto Fixo;1;;;;;;;;;;0;;1;;
06/03/2012;16:20:00;1081;com vítima;64;BR-040/RJ;Sul;Choque - Objeto Fixo;1;;;;;;;;;;1;;2;;
06/03/2012;18:06:00;1104;sem vítima;74;BR-040/RJ;Norte;Capotamento;1;;;;;;;;;;1;;;;
06/03/2012;18:30:00;1109;sem vítima;81;BR-040/RJ;Sul;Choque - Objeto Fixo;1;;;;;;;;;;1;;;;
06/03/2012;17:33:00;1095;sem vítima;96;BR-040/RJ;Norte;Choque - Objeto Fixo;1;;;;;;;;;;1;;;;
06/03/2012;08:41:00;975;sem vítima;105;BR-040/RJ;Sul;Colisão Lateral;1;;;;1;;;;;;2;;;;
06/03/2012;20:48:00;1123;sem vítima;111;BR-040/RJ;Norte;Colisão Lateral;1;;1;;;;;;;;2;;;;
06/03/2012;08:07:00;970;sem vítima;112;BR-040/RJ;Sul;Colisão Lateral;;;1;;;1;;;;;2;;;;
06/03/2012;22:16:00;1133;com vítima;800;BR-040/MG;Norte;Colisão Traseira;1;;1;;;;;;;;1;;1;;
06/03/2012;15:04:00;1062;com vítima;813;BR-040/MG;Norte;Choque - Objeto Fixo;1;;;;;;;;;;0;1;;;
06/03/2012;09:52:00;990;com vítima;122;BR-040/RJ;Sul;Engavetamento;3;;3;;;;;;;;2;5;;;
06/03/2012;07:30:00;962;sem vítima;123;BR-040/RJ;Sul;Colisão Lateral;1;;1;;;;;;;;2;;;;
07/03/2012;15:00:00;1262;sem vítima;43;BR-040/RJ;Norte;Choque - Objeto Fixo;1;;;;;;;;;;1;;;;
07/03/2012;15:24:00;1264;sem vítima;52;BR-040/RJ;Norte;Choque - Objeto Fixo;1;;;;;;;;;;1;;;;
07/03/2012;16:33:00;1278;com vítima;83;BR-040/RJ;Norte;Capotamento;1;;;;;;;;;;0;1;;;
07/03/2012;17:33:00;1291;sem vítima;94;BR-040/RJ;Sul;Choque - Objeto Fixo;1;;;;;;;;;;1;;;;
07/03/2012;17:57:00;1294;com vítima;96;BR-040/RJ;Sul;Choque - Objeto Fixo;1;;;;;;;;;;1;1;;;
07/03/2012;18:30:00;1299;com vítima;96;BR-040/RJ;Sul;Choque - Objeto Fixo;1;;;;;;;;;;0;1;;;
07/03/2012;07:24:00;1185;sem vítima;106;BR-040/RJ;Sul;Queda de Moto;;;;1;;;;;;;1;;;;
07/03/2012;17:38:00;1292;sem vítima;109;BR-040/RJ;Norte;Colisão Lateral;1;;1;;;;;;;;2;;;;
07/03/2012;19:02:00;1305;sem vítima;119;BR-040/RJ;Sul;Colisão Traseira;1;;;;1;;;;;;2;;;;
07/03/2012;19:49:00;1313;sem vítima;119;BR-040/RJ;Sul;Colisão Traseira;1;;;;1;;;;;;2;;;;
07/03/2012;17:04:00;1283;com vítima;821;BR-040/MG;Norte;Colisão Traseira;;;2;;;;;;;;0;2;;;
07/03/2012;14:56:00;1258;sem vítima;121;BR-040/RJ;Sul;Colisão Traseira;1;;1;;;;;;;;2;;;;
08/03/2012;10:25:00;1399;sem vítima;22;BR-040/RJ;Norte;Queda de Moto;;;;1;;;;;;;1;;;;
08/03/2012;14:43:00;1431;com vítima;76;BR-040/RJ;Sul;Choque - Objeto Fixo;;;1;;;;;;;;0;3;;;
08/03/2012;15:50:00;1442;sem vítima;94;BR-040/RJ;Norte;Colisão Traseira;2;;;;;;;;;;2;;;;
08/03/2012;16:39:00;1450;sem vítima;99;BR-040/RJ;Norte;Colisão Lateral;1;;1;;;;;;;;2;;;;
08/03/2012;20:08:00;1488;com vítima;101;BR-040/RJ;Norte;Queda de Moto;;;;1;;;;;;;0;;1;;
08/03/2012;11:41:00;1409;com vítima;120;BR-040/RJ;Sul;Queda de Moto;1;;;;;;;;;;0;1;1;;
09/03/2012;16:07:00;1650;sem vítima;43;BR-040/RJ;Norte;Choque - Objeto Fixo;1;;;;;;;;;;1;;;;
09/03/2012;17:07:00;1661;com vítima;58;BR-040/RJ;Norte;Colisão Traseira;2;;;;;;;;;;1;;1;;
09/03/2012;20:51:00;1708;com vítima;81;BR-040/RJ;Norte;Atropelamento - Pedestre;;;;1;;;;;;;1;;1;;
09/03/2012;05:50:00;1548;sem vítima;98;BR-040/RJ;Norte;Choque - Objeto Fixo;;;1;;;;;;;;1;;;;
09/03/2012;21:36:00;1713;com vítima;102;BR-040/RJ;Norte;Derrapagem;1;;;;;;;;;;0;1;;;
09/03/2012;18:40:00;1677;com vítima;105;BR-040/RJ;Norte;Colisão Transversal;1;1;;;;;;;;;1;;;1;
09/03/2012;19:23:00;1693;com vítima;113;BR-040/RJ;Norte;Engavetamento;5;;;;;;;;;;4;1;;;
09/03/2012;16:33:00;1654;com vítima;114;BR-040/RJ;Norte;Engavetamento;3;;;;;;;;;;2;1;;;
09/03/2012;16:33:00;1655;com vítima;114;BR-040/RJ;Sul;Engavetamento;3;;1;;;;;;;;2;2;;;
09/03/2012;17:35:00;1666;com vítima;120;BR-040/RJ;Norte;Colisão Lateral;;;;1;;1;;;;;1;1;;;
09/03/2012;09:12:00;1580;sem vítima;121;BR-040/RJ;Sul;Colisão Lateral;1;;1;;;;;;;;2;;;;
09/03/2012;07:26:00;1560;sem vítima;123;BR-040/RJ;Sul;Colisão Lateral;1;;;1;;;;;;;2;;;;
09/03/2012;07:45:00;1562;sem vítima;124;BR-040/RJ;Sul;Colisão Traseira;1;;1;;;;;;;;2;;;;
10/03/2012;04:31:00;1759;sem vítima;51;BR-040/RJ;Sul;Choque - Objeto Fixo;1;;;;;;;;;;1;;;;
10/03/2012;16:49:00;1861;com vítima;65;BR-040/RJ;Sul;Choque - Objeto Fixo;1;;;;;;;;;;0;1;;;
10/03/2012;20:07:00;1880;sem vítima;65;BR-040/RJ;Sul;Colisão Lateral;2;;;;;;;;;;2;;;;
10/03/2012;19:22:00;1877;com vítima;90;BR-040/RJ;Sul;Capotamento;1;;;;;;;;;;0;1;;;
10/03/2012;16:36:00;1857;com vítima;96;BR-040/RJ;Norte;Queda de Moto;;;;1;;;;;;;0;1;;;
10/03/2012;13:58:00;1836;sem vítima;104;BR-040/RJ;Norte;Colisão Lateral;1;;1;;;;;;;;2;;;;
10/03/2012;22:39:00;1901;com vítima;105;BR-040/RJ;Sul;Colisão Frontal;;;;1;;1;;;;;1;3;;;
10/03/2012;05:57:00;1765;com vítima;110;BR-040/RJ;Norte;Colisão Traseira;;;;1;;1;;;;;1;;;1;
10/03/2012;13:25:00;1830;com vítima;110;BR-040/RJ;Norte;Outros;1;;;1;;;;;;;1;;1;;
10/03/2012;00:28:00;1739;sem vítima;113;BR-040/RJ;Norte;Colisão Traseira;2;;;;;;;;;;2;;;;
10/03/2012;22:02:00;1897;com vítima;119;BR-040/RJ;Sul;Choque - Objeto Fixo;1;;;;;;;;;;0;3;1;;
11/03/2012;12:25:00;1983;com vítima;24;BR-040/RJ;Norte;Queda de Moto;;;;1;;;;;;;0;;1;;
11/03/2012;11:55:00;1978;com vítima;63;BR-040/RJ;Sul;Queda de Moto;;;;1;;;;;;;0;;1;;
11/03/2012;05:18:00;1927;sem vítima;65;BR-040/RJ;Sul;Choque - Objeto Fixo;1;;;;;;;;;;1;;;;
11/03/2012;19:27:00;2044;com vítima;72;BR-040/RJ;Sul;Choque - Objeto Fixo;1;;;;;;;;;;1;1;;;
11/03/2012;21:05:00;2056;sem vítima;72;BR-040/RJ;Sul;Choque - Objeto Fixo;1;;;;;;;;;;1;;;;
11/03/2012;22:46:00;2073;com vítima;81;BR-040/RJ;Sul;Capotamento;1;;;;;;;;;;0;2;;;
11/03/2012;16:54:00;2020;sem vítima;105;BR-040/RJ;Norte;Colisão Traseira;2;;;;;;;;;;2;;;;
11/03/2012;19:04:00;2037;sem vítima;105;BR-040/RJ;Sul;Colisão Traseira;2;;;;;;;;;;2;;;;
11/03/2012;07:41:00;1945;com vítima;109;BR-040/RJ;Norte;Queda de Moto;1;;;1;;;;;;;1;;1;;
11/03/2012;18:25:00;2030;sem vítima;109;BR-040/RJ;Norte;Choque - Objeto Fixo;1;;;;;;;;;;1;;;;
11/03/2012;21:11:00;2059;sem vítima;109;BR-040/RJ;Sul;Colisão Traseira;1;;1;;;;;;;;2;;;;
11/03/2012;18:54:00;2036;com vítima;110;BR-040/RJ;Sul;Colisão Traseira;1;;;1;;;;;;;1;1;;;
11/03/2012;16:23:00;2013;sem vítima;800;BR-040/MG;Sul;Choque - Objeto Fixo;1;;;;;;;;;;1;;;;
11/03/2012;13:11:00;1990;com vítima;823;BR-040/MG;Sul;Colisão Frontal;1;;1;;;;;;;;1;;1;;
11/03/2012;06:48:00;1936;sem vítima;828;BR-040/MG;Norte;Choque - Objeto Fixo;1;;;;;;;;;;1;;;;
12/03/2012;13:14:00;2202;sem vítima;10;BR-040/RJ;Sul;Capotamento;1;;;;;;;;;;1;;;;
12/03/2012;14:58:00;2222;com vítima;76;BR-040/RJ;Sul;Colisão Traseira;1;;1;;;;;;;;0;2;;;
12/03/2012;22:44:00;2269;com vítima;77;BR-040/RJ;Sul;Choque - Objeto Fixo;1;;;;;;;;;;0;5;;;
12/03/2012;22:50:00;2270;sem vítima;101;BR-040/RJ;Norte;Colisão Lateral;1;;1;;;;;;;;2;;;;
12/03/2012;08:57:00;2151;sem vítima;105;BR-040/RJ;Norte;Colisão Frontal;1;;;;1;;;;;;2;;;;
12/03/2012;22:41:00;2268;com vítima;109;BR-040/RJ;Sul;Capotamento;1;;;;;;;;;;0;3;;;
12/03/2012;22:09:00;2267;com vítima;807;BR-040/MG;Norte;Capotamento;1;;;;;;;;;;0;2;;;
12/03/2012;18:30:00;2253;com vítima;123;BR-040/RJ;Norte;Colisão Lateral;;;1;1;;;;;;;1;1;;;
13/03/2012;19:37:00;2433;sem vítima;91;BR-040/RJ;Norte;Choque - Objeto Fixo;1;;;;;;;;;;1;;;;
13/03/2012;10:22:00;2332;sem vítima;105;BR-040/RJ;Norte;Choque - Objeto Fixo;1;;;;;;;;;;1;;;;
13/03/2012;03:53:00;2290;sem vítima;113;BR-040/RJ;Norte;Choque - Objeto Fixo;1;;;;;;;;;;1;;;;
13/03/2012;06:54:00;2307;sem vítima;121;BR-040/RJ;Sul;Colisão Traseira;2;;;;;;;;;;2;;;;
13/03/2012;14:52:00;2387;com vítima;124;BR-040/RJ;Sul;Colisão Traseira;1;;1;;;;;;;;1;2;;;
14/03/2012;16:54:00;2596;sem vítima;11;BR-040/RJ;Sul;Choque - Objeto Fixo;1;;;;;;;;;;1;;;;
14/03/2012;18:42:00;2616;sem vítima;92;BR-040/RJ;Norte;Choque - Objeto Fixo;1;;;;;;;;;;1;;;;
14/03/2012;17:18:00;2602;sem vítima;101;BR-040/RJ;Sul;Colisão Lateral;1;;1;;;;;;;;2;;;;
14/03/2012;11:30:00;2539;sem vítima;104;BR-040/RJ;Sul;Colisão Traseira;1;;1;;;;;;;;2;;;;
14/03/2012;15:21:00;2578;sem vítima;109;BR-040/RJ;Norte;Engavetamento;3;;1;;;;;;;;4;;;;
14/03/2012;18:09:00;2610;sem vítima;109;BR-040/RJ;Norte;Colisão Lateral;1;;;;1;;;;;;2;;;;
14/03/2012;18:50:00;2619;sem vítima;112;BR-040/RJ;Norte;Engavetamento;6;;;;;;;;;;6;;;;
14/03/2012;11:44:00;2542;com vítima;773;BR-040/MG;Norte;Tombamento;;;1;;;;;;;;0;1;;;
14/03/2012;15:35:00;2581;sem vítima;775;BR-040/MG;Sul;Choque - Objeto Fixo;1;;;;;;;;;;1;;;;
14/03/2012;15:13:00;2577;sem vítima;780;BR-040/MG;Sul;Choque - Objeto Fixo;;;1;;;;;;;;1;;;;
14/03/2012;16:27:00;2591;com vítima;810;BR-040/MG;Sul;Capotamento;1;;;;;;;;;;0;1;;;
14/03/2012;09:51:00;2517;sem vítima;121;BR-040/RJ;Norte;Engavetamento;3;;;;;;;;;;3;;;;
14/03/2012;10:33:00;2528;sem vítima;121;BR-040/RJ;Sul;Colisão Lateral;1;;1;;;;;;;;2;;;;
14/03/2012;06:08:00;2482;com vítima;123;BR-040/RJ;Sul;Queda de Moto;;;1;1;;1;;;;;2;1;1;;
14/03/2012;11:43:00;2541;sem vítima;123;BR-040/RJ;Sul;Colisão Traseira;1;;1;;;;;;;;2;;;;
14/03/2012;12:25:00;2548;sem vítima;124;BR-040/RJ;Norte;Colisão Lateral;1;;1;;;;;;;;2;;;;
14/03/2012;12:41:00;2551;sem vítima;124;BR-040/RJ;Sul;Colisão Lateral;1;;1;;;;;;;;2;;;;
15/03/2012;01:31:00;2641;sem vítima;68;BR-040/RJ;Sul;Choque - Objeto Fixo;;;1;;;;;;;;1;;;;
15/03/2012;16:56:00;2778;sem vítima;78;BR-040/RJ;Norte;Choque - Objeto Fixo;1;;;;;;;;;;1;;;;
15/03/2012;17:50:00;2785;com vítima;79;BR-040/RJ;Norte;Capotamento;1;;;;;;;;;;0;1;;;
15/03/2012;16:39:00;2774;com vítima;80;BR-040/RJ;Sul;Choque - Objeto Fixo;1;;;;;;;;;;0;;1;;
15/03/2012;15:55:00;2769;sem vítima;83;BR-040/RJ;Norte;Choque - Objeto Fixo;1;;;;;;;;;;1;;;;
15/03/2012;06:25:00;2660;sem vítima;104;BR-040/RJ;Sul;Colisão Lateral;1;;1;;;;;;;;2;;;;
15/03/2012;21:35:00;2811;com vítima;110;BR-040/RJ;Sul;Atropelamento - Pedestre;1;;;;;;;;;;1;;1;;
15/03/2012;15:06:00;2758;com vítima;779;BR-040/MG;Norte;Choque - Objeto Fixo;1;;;;;;;;;;0;1;;;
15/03/2012;15:31:00;2765;sem vítima;120;BR-040/RJ;Sul;Choque - Objeto Fixo;2;;1;;;;;;;;3;;;;
15/03/2012;08:44:00;2681;sem vítima;123;BR-040/RJ;Sul;Colisão Lateral;1;;;;1;;;;;;2;;;;
15/03/2012;19:09:00;2796;sem vítima;123;BR-040/RJ;Sul;Colisão Traseira;1;;;;1;;;;;;2;;;;
15/03/2012;21:03:00;2809;sem vítima;124;BR-040/RJ;Norte;Colisão Traseira;1;;;;1;;;;;;2;;;;
16/03/2012;16:16:00;2943;sem vítima;47;BR-040/RJ;Norte;Choque - Objeto Fixo;2;;;;;;;;;;2;;;;
16/03/2012;13:53:00;2915;sem vítima;49;BR-040/RJ;Norte;Choque - Objeto Fixo;1;;;;;;;;;;1;;;;
16/03/2012;07:17:00;2861;com vítima;52;BR-040/RJ;Norte;Choque - Objeto Fixo;1;;;;;;;;;;0;1;;;
16/03/2012;15:10:00;2928;com vítima;72;BR-040/RJ;Sul;Choque - Objeto Fixo;1;;;;;;;;;;0;2;;;
16/03/2012;17:49:00;2957;com vítima;77;BR-040/RJ;Sul;Derrapagem;1;;;;;;;;;;0;4;;;
16/03/2012;23:25:00;3007;com vítima;77;BR-040/RJ;Sul;Choque - Objeto Fixo;1;;;;;;;;;;0;4;;;
16/03/2012;02:40:00;2835;com vítima;84;BR-040/RJ;Sul;Capotamento;1;;;;;;;;;;0;4;;;
16/03/2012;16:26:00;2945;com vítima;86;BR-040/RJ;Sul;Choque - Objeto Fixo;1;;;;;;;;;;0;1;;;
16/03/2012;16:19:00;2944;sem vítima;87;BR-040/RJ;Norte;Choque - Objeto Fixo;1;;;;;;;;;;1;;;;
16/03/2012;20:32:00;2986;sem vítima;90;BR-040/RJ;Norte;Colisão Lateral;;;2;;;;;;;;2;;;;
16/03/2012;22:12:00;3000;com vítima;91;BR-040/RJ;Sul;Capotamento;1;;;;;;;;;;0;2;;;
16/03/2012;15:28:00;2934;sem vítima;92;BR-040/RJ;Norte;Engavetamento;4;;;;;;;;;;4;;;;
16/03/2012;06:46:00;2856;sem vítima;94;BR-040/RJ;Sul;Choque - Objeto Fixo;1;;;;;;;;;;1;;;;
16/03/2012;15:10:00;2929;sem vítima;94;BR-040/RJ;Sul;Choque - Objeto Fixo;1;;;;;;;;;;1;;;;
16/03/2012;14:33:00;2918;sem vítima;97;BR-040/RJ;Norte;Choque - Objeto Fixo;1;;;;;;;;;;1;;;;
16/03/2012;11:03:00;2890;sem vítima;109;BR-040/RJ;Norte;Colisão Traseira;1;;1;;;;;;;;2;;;;
16/03/2012;13:59:00;2914;sem vítima;109;BR-040/RJ;Norte;Colisão Traseira;2;;;;;;;;;;2;;;;
16/03/2012;21:08:00;2991;sem vítima;113;BR-040/RJ;Norte;Colisão Lateral;1;;;;1;;;;;;2;;;;
16/03/2012;03:59:00;2839;sem vítima;119;BR-040/RJ;Sul;Choque - Objeto Fixo;1;;;;;;;;;;1;;;;
16/03/2012;09:26:00;2876;sem vítima;119;BR-040/RJ;Sul;Colisão Traseira;;;1;;1;;;;;;2;;;;
17/03/2012;13:24:00;3101;sem vítima;62;BR-040/RJ;Norte;Colisão Traseira;1;;1;;;;;;;;2;;;;
17/03/2012;06:41:00;3039;sem vítima;68;BR-040/RJ;Sul;Choque - Objeto Fixo;1;;;;;;;;;;1;;;;
17/03/2012;08:55:00;3060;sem vítima;74;BR-040/RJ;Sul;Choque - Objeto Fixo;1;;;;;;;;;;1;;;;
17/03/2012;16:38:00;3140;sem vítima;77;BR-040/RJ;Sul;Choque - Objeto Fixo;1;;;;;;;;;;1;;;;
17/03/2012;03:53:00;3026;com vítima;78;BR-040/RJ;Sul;Capotamento;1;;;;;;;;;;0;2;;;
17/03/2012;16:21:00;3135;sem vítima;80;BR-040/RJ;Sul;Colisão Lateral;2;;;;;;;;;;2;;;;
17/03/2012;00:40:00;3015;sem vítima;83;BR-040/RJ;Sul;Choque - Objeto Fixo;1;;;;;;;;;;1;;;;
17/03/2012;15:00:00;3116;sem vítima;89;BR-040/RJ;Norte;Choque - Objeto Fixo;1;;;;;;;;;;1;;;;
17/03/2012;18:11:00;3149;sem vítima;97;BR-040/RJ;Sul;Choque - Objeto Fixo;1;;;;;;;;;;1;;;;
17/03/2012;19:19:00;3161;com vítima;101;BR-040/RJ;Sul;Colisão Lateral;1;1;;;;;;;;;1;;;;1
17/03/2012;21:23:00;3170;com vítima;109;BR-040/RJ;Norte;Colisão Traseira;1;;1;;;;;;;;0;3;;;
17/03/2012;12:49:00;3098;com vítima;112;BR-040/RJ;Sul;Colisão Traseira;2;;;;;;;;;;0;5;;;
17/03/2012;03:42:00;3027;sem vítima;113;BR-040/RJ;Sul;Choque - Objeto Fixo;1;;;;;;;;;;1;;;;
17/03/2012;20:02:00;3164;com vítima;777;BR-040/MG;Norte;Choque - Objeto Fixo;1;;;;;;;;;;0;1;;;
17/03/2012;23:35:00;3177;com vítima;791;BR-040/MG;Norte;Colisão Frontal;2;;;;;;;;;;1;4;;;
17/03/2012;05:32:00;3033;com vítima;120;BR-040/RJ;Norte;Colisão Traseira;1;;;1;;;;;;;2;;1;;
17/03/2012;14:29:00;3111;sem vítima;123;BR-040/RJ;Norte;Colisão Lateral;1;;1;;;;;;;;2;;;;
18/03/2012;19:55:00;3326;sem vítima;73;BR-040/RJ;Sul;Choque - Objeto Fixo;1;;;;;;;;;;1;;;;
18/03/2012;04:37:00;3190;sem vítima;85;BR-040/RJ;Norte;Capotamento;1;;;;;;;;;;1;;;;
18/03/2012;07:14:00;3201;com vítima;92;BR-040/RJ;Norte;Capotamento;1;;;;;;;;;;0;2;;;
18/03/2012;19:43:00;3320;com vítima;97;BR-040/RJ;Sul;Tombamento;;;1;;;;;;;;0;1;;;
18/03/2012;17:08:00;3291;sem vítima;109;BR-040/RJ;Norte;Choque - Objeto Fixo;1;;;;;;;;;;1;;;;
18/03/2012;20:13:00;3327;com vítima;801;BR-040/MG;Norte;Atropelamento - Animal;1;;;;;;;;;;0;2;1;;
18/03/2012;19:52:00;3324;com vítima;802;BR-040/MG;Sul;Colisão Traseira;2;;;;;;;;;;0;8;;;
18/03/2012;15:05:00;3262;sem vítima;816;BR-040/MG;Norte;Colisão Traseira;2;;;;;;;;;;2;;;;