data;horario;n_da_ocorrencia;tipo_de_ocorrencia;km;trecho;sentido;tipo_de_acidente;automovel;bicicleta;caminhao;moto;onibus;outros;tracao_animal;transporte_de_cargas_especiais;trator_maquinas;utilitarios;ilesos;levemente_feridos;moderadamente_feridos;gravemente_feridos;mortos
01/06/2012;20:05:00;157;com vítima;96;BR-040/RJ;Norte;Tombamento;;;1;;;;;;;;0;1;;;
01/06/2012;06:01:00;21;sem vítima;112;BR-040/RJ;Sul;Colisão Traseira;2;;;;;;;;;;2;;;;
01/06/2012;17:43:00;134;sem vítima;112;BR-040/RJ;Norte;Colisão Traseira;2;;;;;;;;;;2;;;;
01/06/2012;18:03:00;136;sem vítima;116;BR-040/RJ;Norte;Colisão Traseira;2;;;;;;;;;;2;;;;
01/06/2012;16:37:00;120;sem vítima;776;BR-040/MG;Sul;Choque - Objeto Fixo;1;;;;;;;;;;1;;;;
01/06/2012;12:06:00;80;sem vítima;120;BR-040/RJ;Sul;Engavetamento;3;;;;;;;;;;3;;;;
02/06/2012;18:17:00;326;com vítima;45;BR-040/RJ;Norte;Choque - Objeto Fixo;1;;;;;;;;;;0;1;;;
02/06/2012;02:34:00;189;sem vítima;82;BR-040/RJ;Norte;Choque - Objeto Fixo;1;;;;;;;;;;1;;;;
02/06/2012;05:18:00;204;sem vítima;90;BR-040/RJ;Norte;Colisão Traseira;1;;;;;;;;;;1;;;;
02/06/2012;05:18:00;207;sem vítima;94;BR-040/RJ;Norte;Choque - Objeto Fixo;1;;;;;;;;;;1;;;;
02/06/2012;05:10:00;206;com vítima;105;BR-040/RJ;Norte;Atropelamento - Pedestre;1;;;;;;;;;;1;;;1;
02/06/2012;13:13:00;270;com vítima;107;BR-040/RJ;Norte;Queda de Moto;;;;1;;;;;;;0;1;;;
02/06/2012;06:42:00;212;sem vítima;821;BR-040/MG;Norte;Choque - Objeto Fixo;1;;;;;;;;;;1;;;;
02/06/2012;04:30:00;201;sem vítima;123;BR-040/RJ;Sul;Choque - Objeto Fixo;1;;;;;;;;;;1;;;;
03/06/2012;16:59:00;470;com vítima;11;BR-040/RJ;Sul;Choque - Objeto Fixo;1;;;;;;;;;;1;1;;;
03/06/2012;18:18:00;484;sem vítima;11;BR-040/RJ;Sul;Colisão Lateral;1;;1;;;;;;;;2;;;;
03/06/2012;09:46:00;404;sem vítima;52;BR-040/RJ;Sul;Choque - Objeto Fixo;1;;;;;;;;;;1;;;;
03/06/2012;10:19:00;410;com vítima;63;BR-040/RJ;Norte;Queda de Moto;;;;1;;;;;;;0;;1;;
03/06/2012;08:25:00;390;sem vítima;74;BR-040/RJ;Norte;Choque - Objeto Fixo;1;;;;;;;;;;1;;;;
03/06/2012;14:03:00;444;com vítima;80;BR-040/RJ;Norte;Choque - Objeto Fixo;1;;;;;;;;;;0;1;;;
03/06/2012;14:15:00;446;sem vítima;94;BR-040/RJ;Norte;Colisão Traseira;2;;;;;;;;;;2;;;;
03/06/2012;02:02:00;365;com vítima;100;BR-040/RJ;Norte;Queda de Moto;;;;1;;;;;;;0;;;1;
03/06/2012;12:50:00;434;com vítima;109;BR-040/RJ;Norte;Queda de Moto;;;;1;;;;;;;0;1;1;;
03/06/2012;19:20:00;499;sem vítima;110;BR-040/RJ;Sul;Engavetamento;1;;;;;2;;;;;3;;;;
03/06/2012;21:00:00;509;sem vítima;796;BR-040/MG;Sul;Choque - Objeto Fixo;1;;;;;;;;;;2;;;;
03/06/2012;07:35:00;387;com vítima;118;BR-040/RJ;Sul;Choque - Objeto Fixo;1;;;;;;;;;;0;;1;;
03/06/2012;08:45:00;392;sem vítima;118;BR-040/RJ;Sul;Colisão Traseira;2;;;;;;;;;;2;;;;
03/06/2012;20:02:00;503;com vítima;121;BR-040/RJ;Sul;Atropelamento - Pedestre;1;;;;;;;;;;1;1;;;
03/06/2012;13:50:00;441;com vítima;123;BR-040/RJ;Norte;Colisão Traseira;2;;;;;;;;;;1;1;;;
04/06/2012;16:58:00;671;com vítima;34;BR-040/RJ;Norte;Tombamento;;;1;;;1;;;;;1;;;;1
04/06/2012;09:20:00;594;com vítima;73;BR-040/RJ;Sul;Colisão Lateral;;;;1;1;;;;;;1;1;;;
04/06/2012;00:25:00;536;sem vítima;76;BR-040/RJ;Sul;Choque - Objeto Fixo;;;1;;;;;;;;1;;;;
04/06/2012;15:29:00;656;com vítima;92;BR-040/RJ;Sul;Tombamento;;;1;;;;;;;;0;2;;;
04/06/2012;20:08:00;688;com vítima;119;BR-040/RJ;Sul;Queda de Moto;;;;1;;;;;;;0;2;;;
04/06/2012;13:01:00;638;com vítima;823;BR-040/MG;Sul;Colisão Lateral;1;;;;;1;;;;;2;1;;;
04/06/2012;12:01:00;627;sem vítima;121;BR-040/RJ;Sul;Colisão Traseira;1;;1;;;;;;;;2;;;;
04/06/2012;16:03:00;662;sem vítima;121;BR-040/RJ;Norte;Colisão Traseira;1;;;;1;;;;;;2;;;;
04/06/2012;09:09:00;589;sem vítima;123;BR-040/RJ;Sul;Colisão Lateral;1;;1;;;;;;;;2;;;;
04/06/2012;08:01:00;579;sem vítima;124;BR-040/RJ;Sul;Colisão Lateral;1;;1;;;;;;;;2;;;;
04/06/2012;20:59:00;696;sem vítima;124;BR-040/RJ;Sul;Colisão Lateral;1;;1;;;;;;;;2;;;;
05/06/2012;16:12:00;849;com vítima;31;BR-040/RJ;Norte;Capotamento;1;;;;;;;;;;0;1;;;
05/06/2012;23:05:00;902;com vítima;53;BR-040/RJ;Norte;Choque - Objeto Fixo;1;;;;;;;;;;0;1;;;
05/06/2012;16:59:00;855;com vítima;74;BR-040/RJ;Sul;Derrapagem;1;;;;;;;;;;0;1;;;
05/06/2012;15:58:00;848;com vítima;78;BR-040/RJ;Sul;Capotamento;1;;;;;;;;;;0;2;;;
05/06/2012;16:14:00;850;sem vítima;78;BR-040/RJ;Sul;Choque - Objeto Fixo;1;;;;;;;;;;1;;;;
05/06/2012;16:22:00;854;sem vítima;78;BR-040/RJ;Sul;Choque - Objeto Fixo;;;;;;1;;;;;1;;;;
05/06/2012;17:46:00;866;com vítima;78;BR-040/RJ;Sul;Choque - Objeto Fixo;1;;;;;;;;;;0;1;;;
05/06/2012;23:32:00;905;sem vítima;104;BR-040/RJ;Norte;Colisão Traseira;1;;1;;;;;;;;2;;;;
05/06/2012;12:27:00;804;sem vítima;111;BR-040/RJ;Sul;Engavetamento;5;;;;;;;;;;5;;;;
05/06/2012;13:36:00;817;sem vítima;817;BR-040/MG;Sul;Capotamento;1;;;;;;;;;;1;;;;
05/06/2012;16:19:00;852;com vítima;825;BR-040/MG;Sul;Capotamento;1;;;;;;;;;;0;1;;;
05/06/2012;08:38:00;759;sem vítima;124;BR-040/RJ;Sul;Engavetamento;2;;1;;;;;;;;3;;;;
05/06/2012;11:50:00;798;sem vítima;124;BR-040/RJ;Sul;Colisão Lateral;3;;;;;;;;;;3;;;;
05/06/2012;22:35:00;899;sem vítima;124;BR-040/RJ;Norte;Choque - Objeto Fixo;1;;;;;;;;;;1;;;;
06/06/2012;12:40:00;999;sem vítima;2;BR-040/RJ;Norte;Choque - Objeto Fixo;1;;;;;;;;;;1;;;;
06/06/2012;08:18:00;950;sem vítima;7;BR-040/RJ;Sul;Choque - Objeto Fixo;1;;;;;;;;;;1;;;;
06/06/2012;21:50:00;1088;com vítima;41;BR-040/RJ;Sul;Atropelamento - Pedestre;1;;;;;;;;;;1;;;;1
06/06/2012;11:17:00;980;com vítima;73;BR-040/RJ;Sul;Choque - Objeto Fixo;1;;;;;;;;;;0;1;;;
06/06/2012;08:19:00;953;sem vítima;78;BR-040/RJ;Sul;Capotamento;1;;;;;;;;;;1;;;;
06/06/2012;14:57:00;1023;sem vítima;78;BR-040/RJ;Sul;Choque - Objeto Fixo;1;;;;;;;;;;1;;;;
06/06/2012;12:00:00;988;sem vítima;82;BR-040/RJ;Norte;Choque - Objeto Fixo;1;;;;;;;;;;1;;;;
06/06/2012;12:08:00;991;sem vítima;82;BR-040/RJ;Sul;Choque - Objeto Fixo;1;;;;;;;;;;1;;;;
06/06/2012;12:25:00;998;sem vítima;82;BR-040/RJ;Sul;Choque - Objeto Fixo;1;;;;;;;;;;1;;;;
06/06/2012;10:25:00;964;sem vítima;84;BR-040/RJ;Norte;Choque - Objeto Fixo;1;;;;;;;;;;1;;;;
06/06/2012;13:06:00;1005;sem vítima;85;BR-040/RJ;Norte;Choque - Objeto Fixo;1;;;;;;;;;;1;;;;
06/06/2012;11:45:00;983;com vítima;86;BR-040/RJ;Sul;Capotamento;1;;;;;;;;;;0;2;;;
06/06/2012;13:35:00;1014;sem vítima;87;BR-040/RJ;Norte;Choque - Objeto Fixo;1;;;;;;;;;;1;;;;
06/06/2012;16:54:00;1039;sem vítima;87;BR-040/RJ;Norte;Colisão Traseira;2;;;;;;;;;;2;;;;
06/06/2012;10:00:00;966;sem vítima;91;BR-040/RJ;Norte;Choque - Objeto Fixo;1;;;;;;;;;;1;;;;
06/06/2012;21:10:00;1081;sem vítima;91;BR-040/RJ;Norte;Choque - Objeto Fixo;1;;;;;;;;;;1;;;;
06/06/2012;10:02:00;969;sem vítima;92;BR-040/RJ;Norte;Choque - Objeto Fixo;1;;;;;;;;;;1;;;;
06/06/2012;10:52:00;977;com vítima;92;BR-040/RJ;Sul;Choque - Objeto Fixo;1;;;;;;;;;;1;1;1;;
06/06/2012;12:17:00;992;sem vítima;105;BR-040/RJ;Norte;Colisão Lateral;2;;;;;;;;;;2;;;;
06/06/2012;23:04:00;1094;com vítima;105;BR-040/RJ;Sul;Queda de Moto;;;;1;;;;;;;0;;1;;
06/06/2012;19:12:00;1062;sem vítima;112;BR-040/RJ;Norte;Colisão Lateral;1;;1;;;;;;;;2;;;;
06/06/2012;17:54:00;1052;sem vítima;113;BR-040/RJ;Norte;Colisão Traseira;2;;;;;;;;;;2;;;;
06/06/2012;07:22:00;943;sem vítima;782;BR-040/MG;Norte;Choque - Objeto Fixo;1;;;;;;;;;;1;;;;
06/06/2012;08:15:00;951;com vítima;785;BR-040/MG;Norte;Capotamento;1;;;;;;;;;;0;1;;;
06/06/2012;06:59:00;940;sem vítima;794;BR-040/MG;Sul;Choque - Objeto Fixo;1;;;;;;;;;;1;;;;
06/06/2012;19:43:00;1071;sem vítima;118;BR-040/RJ;Sul;Choque - Objeto Fixo;1;;;;;;;;;;1;;;;
06/06/2012;10:47:00;975;sem vítima;121;BR-040/RJ;Sul;Colisão Traseira;2;;1;;;;;;;;3;;;;
06/06/2012;14:36:00;1019;sem vítima;123;BR-040/RJ;Sul;Colisão Lateral;1;;1;;;;;;;;2;;;;
06/06/2012;15:23:00;1026;sem vítima;124;BR-040/RJ;Sul;Colisão Lateral;1;;1;;;;;;;;2;;;;
07/06/2012;04:15:00;1114;com vítima;34;BR-040/RJ;Sul;Colisão Frontal;1;;1;;;;;;;;1;1;;1;
07/06/2012;15:17:00;1206;sem vítima;52;BR-040/RJ;Norte;Choque - Objeto Fixo;1;;;;;;;;;;1;;;;
07/06/2012;14:32:00;1200;sem vítima;73;BR-040/RJ;Sul;Colisão Traseira;1;;;;;1;;;;;2;;;;
07/06/2012;14:35:00;1201;sem vítima;73;BR-040/RJ;Sul;Choque - Objeto Fixo;1;;;;;;;;;;1;;;;
07/06/2012;19:52:00;1231;sem vítima;84;BR-040/RJ;Sul;Choque - Objeto Fixo;1;;;;;;;;;;1;;;;
07/06/2012;02:34:00;1107;sem vítima;85;BR-040/RJ;Norte;Choque - Objeto Fixo;1;;;;;;;;;;1;;;;
07/06/2012;09:43:00;1161;sem vítima;85;BR-040/RJ;Norte;Colisão Lateral;1;;;;1;;;;;;2;;;;
07/06/2012;09:30:00;1157;sem vítima;92;BR-040/RJ;Norte;Choque - Objeto Fixo;1;;;;;;;;;;1;;;;
07/06/2012;13:18:00;1191;sem vítima;92;BR-040/RJ;Sul;Choque - Objeto Fixo;1;;;;;;;;;;1;;;;
07/06/2012;14:12:00;1197;com vítima;92;BR-040/RJ;Sul;Derrapagem;1;;;;;;;;;;2;1;;;
07/06/2012;10:04:00;1165;sem vítima;93;BR-040/RJ;Sul;Choque - Objeto Fixo;1;;;;;;;;;;1;;;;
07/06/2012;13:02:00;1187;sem vítima;93;BR-040/RJ;Norte;Choque - Objeto Fixo;1;;;;;;;;;;1;;;;
07/06/2012;13:41:00;1194;com vítima;93;BR-040/RJ;Sul;Choque - Objeto Fixo;1;;;;;;;;;;4;1;;;
07/06/2012;14:18:00;1198;sem vítima;93;BR-040/RJ;Sul;Capotamento;1;;;;;;;;;;2;;;;
07/06/2012;14:52:00;1210;sem vítima;93;BR-040/RJ;Sul;Choque - Objeto Fixo;1;;;;;;;;;;1;;;;
07/06/2012;11:08:00;1169;sem vítima;94;BR-040/RJ;Sul;Engavetamento;3;;;;;;;;;;3;;;;
07/06/2012;11:42:00;1180;sem vítima;96;BR-040/RJ;Norte;Choque - Objeto Fixo;1;;;;;;;;;;3;;;;
07/06/2012;15:51:00;1209;sem vítima;97;BR-040/RJ;Sul;Choque - Objeto Fixo;1;;;;;;;;;;1;;;;
07/06/2012;14:30:00;1199;sem vítima;101;BR-040/RJ;Norte;Choque - Objeto Fixo;1;;;;;;;;;;1;;;;
07/06/2012;16:21:00;1217;com vítima;107;BR-040/RJ;Norte;Choque - Objeto Fixo;1;;;;;;;;;;0;2;;;
07/06/2012;04:06:00;1113;sem vítima;109;BR-040/RJ;Norte;Choque - Objeto Fixo;1;;;;;;;;;;1;;;;
07/06/2012;22:36:00;1244;com vítima;114;BR-040/RJ;Norte;Choque - Objeto Fixo;1;;;;;;;;;;0;1;;;
07/06/2012;12:46:00;1183;sem vítima;118;BR-040/RJ;Norte;Colisão Traseira;1;;1;;;;;;;;2;;;;
07/06/2012;18:59:00;1223;sem vítima;123;BR-040/RJ;Sul;Choque - Objeto Fixo;1;;;;;;;;;;1;;;;
08/06/2012;09:20:00;1300;sem vítima;84;BR-040/RJ;Norte;Choque - Objeto Fixo;1;;;;;;;;;;1;;;;
08/06/2012;11:16:00;1321;sem vítima;94;BR-040/RJ;Sul;Choque - Objeto Fixo;1;;;;;;;;;;4;;;;
08/06/2012;12:08:00;1334;com vítima;96;BR-040/RJ;Sul;Capotamento;1;;;;;;;;;;0;2;;;
08/06/2012;05:27:00;1267;sem vítima;104;BR-040/RJ;Sul;Choque - Objeto Fixo;1;;;;;;;;;;1;;;;
08/06/2012;20:19:00;1413;com vítima;105;BR-040/RJ;Norte;Atropelamento - Pedestre;1;;;;;;;;;;1;;1;;
08/06/2012;10:47:00;1315;sem vítima;106;BR-040/RJ;Sul;Colisão Transversal;1;;;;1;;;;;;2;;;;
08/06/2012;15:27:00;1363;sem vítima;109;BR-040/RJ;Norte;Colisão Traseira;1;;1;;;;;;;;2;;;;
08/06/2012;09:19:00;1299;com vítima;113;BR-040/RJ;Sul;Queda de Moto;;;;1;;;;;;;0;1;;;
08/06/2012;18:23:00;1398;sem vítima;114;BR-040/RJ;Norte;Choque - Objeto Fixo;;;1;;;;;;;;1;;;;
08/06/2012;13:51:00;1348;com vítima;117;BR-040/RJ;Sul;Colisão Lateral;1;;1;;;;;;;;1;1;;;
08/06/2012;17:59:00;1396;sem vítima;119;BR-040/RJ;Norte;Colisão Lateral;1;;1;;;;;;;;2;;;;
08/06/2012;04:09:00;1263;com vítima;120;BR-040/RJ;Norte;Colisão Traseira;2;;;;;;;;;;0;2;;;
08/06/2012;01:43:00;1258;sem vítima;121;BR-040/RJ;Norte;Colisão Traseira;2;;;;;;;;;;2;;;;
08/06/2012;18:40:00;1401;com vítima;123;BR-040/RJ;Norte;Engavetamento;6;;;;;;;;;;5;1;;;
08/06/2012;07:00:00;1273;sem vítima;124;BR-040/RJ;Sul;Colisão Traseira;2;;;;;;;;;;2;;;;
08/06/2012;08:42:00;1293;sem vítima;124;BR-040/RJ;Sul;Engavetamento;1;;1;;;1;;;;;3;;;;
09/06/2012;14:16:00;1532;com vítima;72;BR-040/RJ;Sul;Choque - Objeto Fixo;1;;;;;;;;;;0;1;;;
09/06/2012;22:43:00;1595;sem vítima;82;BR-040/RJ;Norte;Colisão Traseira;2;;;;;;;;;;2;;;;
09/06/2012;08:22:00;1481;sem vítima;83;BR-040/RJ;Norte;Derrapagem;1;;;;;;;;;;1;;;;
09/06/2012;08:50:00;1487;sem vítima;87;BR-040/RJ;Sul;Derrapagem;1;;;;;;;;;;1;;;;
09/06/2012;14:05:00;1530;sem vítima;88;BR-040/RJ;Norte;Choque - Objeto Fixo;1;;;;;;;;;;1;;;;
09/06/2012;16:35:00;1552;sem vítima;92;BR-040/RJ;Sul;Choque - Objeto Fixo;1;;;;;;;;;;1;;;;
09/06/2012;13:45:00;1525;sem vítima;93;BR-040/RJ;Norte;Choque - Objeto Fixo;1;;;;;;;;;;1;;;;
09/06/2012;08:09:00;1479;sem vítima;94;BR-040/RJ;Sul;Choque - Objeto Fixo;1;;;;;;;;;;1;;;;
09/06/2012;08:16:00;1480;sem vítima;94;BR-040/RJ;Sul;Choque - Objeto Fixo;1;;;;;;;;;;1;;;;
09/06/2012;01:37:00;1447;sem vítima;95;BR-040/RJ;Sul;Colisão Traseira;;;1;;;1;;;;;2;;;;
09/06/2012;02:47:00;1450;com vítima;109;BR-040/RJ;Sul;Capotamento;1;;;;;;;;;;0;2;;;
09/06/2012;09:44:00;1496;sem vítima;111;BR-040/RJ;Norte;Colisão Traseira;2;;;;;;;;;;2;;;;
09/06/2012;02:26:00;1449;com vítima;113;BR-040/RJ;Sul;Engavetamento;1;;2;;;;;;;;2;1;1;;
09/06/2012;18:00:00;1563;sem vítima;116;BR-040/RJ;Norte;Colisão Traseira;1;;;;1;;;;;;2;;;;
09/06/2012;00:45:00;1444;com vítima;781;BR-040/MG;Norte;Tombamento;;;1;;;;;;;;0;1;;;
09/06/2012;19:12:00;1575;com vítima;118;BR-040/RJ;Norte;Colisão Lateral;;;;1;;1;;;;;1;1;;;
09/06/2012;18:03:00;1564;sem vítima;810;BR-040/MG;Norte;Choque - Objeto Fixo;1;;;;;;;;;;1;;;;
09/06/2012;20:00:00;1580;sem vítima;119;BR-040/RJ;Norte;Colisão Lateral;;;;;1;1;;;;;2;;;;
09/06/2012;03:57:00;1453;com vítima;121;BR-040/RJ;Norte;Atropelamento - Pedestre;;;;;;1;;;;;1;;;1;
10/06/2012;10:43:00;1659;sem vítima;44;BR-040/RJ;Sul;Derrapagem;1;;;;;;;;;;1;;;;
10/06/2012;18:50:00;1741;sem vítima;59;BR-040/RJ;Sul;Engavetamento;4;;;;;;;;;;5;;;;
10/06/2012;19:12:00;1754;sem vítima;59;BR-040/RJ;Sul;Colisão Traseira;2;;;;;;;;;;2;;;;
10/06/2012;10:20:00;1655;sem vítima;84;BR-040/RJ;Norte;Colisão Lateral;2;;;;;;;;;;2;;;;
10/06/2012;20:42:00;1761;sem vítima;85;BR-040/RJ;Norte;Choque - Objeto Fixo;1;;;;;;;;;;1;;;;
10/06/2012;07:37:00;1633;sem vítima;86;BR-040/RJ;Norte;Colisão Traseira;1;;;;;;;;;;1;;;;
10/06/2012;14:08:00;1699;sem vítima;91;BR-040/RJ;Norte;Choque - Objeto Fixo;1;;;;;;;;;;1;;;;
10/06/2012;17:01:00;1728;sem vítima;93;BR-040/RJ;Norte;Choque - Objeto Fixo;1;;;;;;;;;;1;;;;
10/06/2012;02:39:00;1614;sem vítima;97;BR-040/RJ;Norte;Choque - Objeto Fixo;1;;;;;;;;;;1;;;;
10/06/2012;19:56:00;1757;sem vítima;106;BR-040/RJ;Sul;Colisão Frontal;2;;;;;;;;;;3;;;;
10/06/2012;19:15:00;1747;sem vítima;109;BR-040/RJ;Sul;Engavetamento;3;;;;;;;;;;3;;;;
10/06/2012;00:59:00;1609;com vítima;117;BR-040/RJ;Sul;Engavetamento;1;;;2;;;;;;;1;3;;;
10/06/2012;17:57:00;1735;sem vítima;120;BR-040/RJ;Sul;Engavetamento;3;;;;;;;;;;3;;;;
10/06/2012;17:57:00;1739;sem vítima;120;BR-040/RJ;Sul;Colisão Traseira;2;;;;;;;;;;2;;;;
11/06/2012;01:32:00;1797;sem vítima;14;BR-040/RJ;Sul;Atropelamento - Animal;;;1;;;;;;;;1;;;;
11/06/2012;15:23:00;1906;com vítima;24;BR-040/RJ;Norte;Choque - Objeto Fixo;1;;;;;;;;;;0;1;;;
11/06/2012;20:23:00;1954;sem vítima;34;BR-040/RJ;Norte;Choque - Objeto Fixo;1;;;;;;;;;;1;;;;
11/06/2012;07:47:00;1842;sem vítima;43;BR-040/RJ;Norte;Choque - Objeto Fixo;1;;;;;;;;;;1;;;;
11/06/2012;19:22:00;1947;sem vítima;77;BR-040/RJ;Sul;Choque - Objeto Fixo;1;;;;;;;;;;1;;;;
11/06/2012;15:26:00;1907;sem vítima;84;BR-040/RJ;Sul;Choque - Objeto Fixo;1;;;;;;;;;;1;;;;
11/06/2012;16:10:00;1915;sem vítima;92;BR-040/RJ;Sul;Choque - Objeto Fixo;1;;;;;;;;;;1;;;;
11/06/2012;00:31:00;1791;sem vítima;95;BR-040/RJ;Sul;Choque - Objeto Fixo;1;;;;;;;;;;1;;;;
11/06/2012;23:42:00;1977;com vítima;96;BR-040/RJ;Norte;Tombamento;;;1;;;;;;;;0;1;;;
11/06/2012;21:12:00;1962;sem vítima;109;BR-040/RJ;Norte;Colisão Traseira;;;;;2;;;;;;2;;;;
11/06/2012;21:38:00;1966;sem vítima;120;BR-040/RJ;Norte;Colisão Traseira;1;;;;1;;;;;;2;;;;
11/06/2012;07:17:00;1840;sem vítima;123;BR-040/RJ;Sul;Colisão Lateral;1;;1;;;;;;;;2;;;;
12/06/2012;18:20:00;2114;com vítima;70;BR-040/RJ;Sul;Colisão Transversal;1;;1;;;;;;;;0;3;1;;
12/06/2012;15:52:00;2097;com vítima;89;BR-040/RJ;Sul;Choque - Objeto Fixo;;;1;;;;;;;;0;1;;;
12/06/2012;08:29:00;2029;com vítima;121;BR-040/RJ;Sul;Colisão Traseira;1;;;1;;;;;;;1;1;;;
12/06/2012;13:50:00;2077;sem vítima;122;BR-040/RJ;Norte;Colisão Traseira;1;;1;;;;;;;;2;;;;
12/06/2012;05:10:00;2002;sem vítima;123;BR-040/RJ;Sul;Colisão Lateral;;;;1;1;;;;;;2;;;;
12/06/2012;06:57:00;2018;sem vítima;123;BR-040/RJ;Sul;Colisão Lateral;1;;1;;;;;;;;2;;;;
12/06/2012;11:09:00;2057;sem vítima;124;BR-040/RJ;Sul;Colisão Lateral;1;;1;;;;;;;;2;;;;
13/06/2012;01:25:00;2168;com vítima;107;BR-040/RJ;Sul;Choque - Objeto Fixo;1;;;;;;;;;;0;1;;;
13/06/2012;11:36:00;2229;sem vítima;112;BR-040/RJ;Norte;Colisão Traseira;2;;;;;1;;;;;3;;;;
13/06/2012;18:01:00;2288;sem vítima;119;BR-040/RJ;Norte;Engavetamento;3;;;;;;;;;;3;;;;
13/06/2012;06:47:00;2181;sem vítima;123;BR-040/RJ;Sul;Colisão Lateral;1;;1;;;;;;;;2;;;;
13/06/2012;16:56:00;2279;com vítima;125;BR-040/RJ;Sul;Colisão Lateral;;;;1;1;;;;;;1;;;1;
14/06/2012;04:25:00;2328;com vítima;1;BR-040/RJ;Sul;Tombamento;;;1;;;;;;;;0;1;;;
14/06/2012;13:39:00;2416;com vítima;34;BR-040/RJ;Norte;Capotamento;1;;;;;;;;;;0;2;;;
14/06/2012;06:59:00;2347;sem vítima;36;BR-040/RJ;Sul;Choque - Objeto Fixo;1;;;;;;;;;;1;;;;
14/06/2012;22:04:00;2478;sem vítima;46;BR-040/RJ;Norte;Colisão Traseira;2;;;;;;;;;;2;;;;
14/06/2012;07:45:00;2353;com vítima;68;BR-040/RJ;Norte;Choque - Objeto Fixo;1;;;;;;;;;;0;1;;;
14/06/2012;14:37:00;2423;sem vítima;85;BR-040/RJ;Norte;Choque - Objeto Fixo;;;1;;;;;;;;1;;;;
14/06/2012;15:19:00;2429;sem vítima;104;BR-040/RJ;Norte;Colisão Lateral;;;1;;1;;;;;;2;;;;
14/06/2012;18:02:00;2449;sem vítima;110;BR-040/RJ;Norte;Colisão Lateral;;;1;;1;;;;;;2;;;;
14/06/2012;19:36:00;2461;com vítima;114;BR-040/RJ;Norte;Colisão Lateral;;;1;1;;;;;;;1;;;1;1
14/06/2012;05:53:00;2341;com vítima;117;BR-040/RJ;Norte;Colisão Lateral;1;;2;;;;;;;;2;;1;;
14/06/2012;08:24:00;2359;sem vítima;784;BR-040/MG;Norte;Choque - Objeto Fixo;1;;;;;;;;;;1;;;;
14/06/2012;15:38:00;2432;sem vítima;119;BR-040/RJ;Norte;Engavetamento;1;;2;;;;;;;;3;;;;
14/06/2012;05:17:00;2335;com vítima;825;BR-040/MG;Sul;Tombamento;;;1;;;;;;;;0;1;;;
14/06/2012;07:22:00;2352;com vítima;121;BR-040/RJ;Sul;Colisão Lateral;1;;;1;;;;;;;1;1;;;
15/06/2012;20:54:00;2642;com vítima;58;BR-040/RJ;Norte;Choque - Objeto Fixo;1;;;;;;;;;;2;1;;;
15/06/2012;16:55:00;2613;sem vítima;70;BR-040/RJ;Sul;Colisão Traseira;;;2;;;;;;;;2;;;;
15/06/2012;11:38:00;2558;com vítima;78;BR-040/RJ;Norte;Colisão Traseira;1;;1;;;;;;;;0;4;;;
15/06/2012;08:38:00;2523;sem vítima;80;BR-040/RJ;Norte;Engavetamento;1;;;;;;;;;;1;;;;
15/06/2012;19:07:00;2628;com vítima;80;BR-040/RJ;Norte;Colisão Lateral;1;;1;;;;;;;;1;2;;;
15/06/2012;23:19:00;2659;sem vítima;90;BR-040/RJ;Sul;Colisão Traseira;;;2;;;;;;;;2;;;;
15/06/2012;18:13:00;2617;sem vítima;92;BR-040/RJ;Norte;Derrapagem;1;;;;;;;;;;1;;;;
15/06/2012;13:25:00;2569;com vítima;95;BR-040/RJ;Sul;Choque - Objeto Fixo;1;;;;;;;;;;0;;1;;
15/06/2012;11:23:00;2554;sem vítima;104;BR-040/RJ;Sul;Colisão Traseira;1;;;;;1;;;;;3;;;;
15/06/2012;15:39:00;2588;sem vítima;110;BR-040/RJ;Norte;Colisão Lateral;1;;1;;;;;;;;2;;;;
15/06/2012;18:55:00;2624;sem vítima;115;BR-040/RJ;Sul;Colisão Traseira;2;;;;;;;;;;2;;;;
15/06/2012;22:57:00;2654;sem vítima;119;BR-040/RJ;Norte;Colisão Traseira;2;;;;;;;;;;2;;;;
15/06/2012;09:57:00;2535;sem vítima;124;BR-040/RJ;Sul;Colisão Lateral;1;;1;;;;;;;;2;;;;
15/06/2012;13:22:00;2568;sem vítima;124;BR-040/RJ;Sul;Colisão Lateral;1;;;1;;;;;;;2;;;;
16/06/2012;21:06:00;2821;com vítima;54;BR-040/RJ;Norte;Capotamento;1;;;;;;;;;;0;1;;;
16/06/2012;07:58:00;2698;sem vítima;78;BR-040/RJ;Sul;Choque - Objeto Fixo;1;;;;;;;;;;1;;;;
16/06/2012;07:56:00;2699;sem vítima;82;BR-040/RJ;Norte;Colisão Traseira;2;;;;;;;;;;2;;;;
16/06/2012;08:25:00;2703;sem vítima;82;BR-040/RJ;Norte;Capotamento;1;;;;;;;;;;1;;;;
16/06/2012;08:42:00;2708;sem vítima;82;BR-040/RJ;Norte;Choque - Objeto Fixo;1;;;;;;;;;;1;;;;
16/06/2012;17:23:00;2792;sem vítima;87;BR-040/RJ;Sul;Choque - Objeto Fixo;1;;;;;;;;;;1;;;;
16/06/2012;11:32:00;2728;com vítima;107;BR-040/RJ;Sul;Colisão Traseira;2;;;;;;;;;;2;2;;;