data;horario;n_da_ocorrencia;tipo_de_ocorrencia;km;trecho;sentido;tipo_de_acidente;automovel;bicicleta;caminhao;moto;onibus;outros;tracao_animal;transporte_de_cargas_especiais;trator_maquinas;utilitarios;ilesos;levemente_feridos;moderadamente_feridos;gravemente_feridos;mortos
16/06/2012;00:21:00;2665;sem vítima;110;BR-040/RJ;Norte;Choque - Objeto Fixo;1;;;;;;;;;;1;;;;
16/06/2012;20:08:00;2816;sem vítima;779;BR-040/MG;Norte;Atropelamento - Animal;;;1;;;;;;;;1;;;;
16/06/2012;15:09:00;2764;sem vítima;119;BR-040/RJ;Norte;Engavetamento;1;;1;;1;;;;;;3;;;;
16/06/2012;16:16:00;2779;sem vítima;120;BR-040/RJ;Sul;Choque - Objeto Fixo;1;;;;;;;;;;1;;;;
16/06/2012;14:34:00;2759;sem vítima;124;BR-040/RJ;Sul;Colisão Traseira;2;;;;;;;;;;2;;;;
16/06/2012;20:05:00;2815;sem vítima;124;BR-040/RJ;Sul;Colisão Traseira;1;;;1;;;;;;;2;;;;
17/06/2012;01:22:00;2840;com vítima;31;BR-040/RJ;Norte;Capotamento;1;;;;;;;;;;0;2;;;
17/06/2012;11:52:00;2907;com vítima;73;BR-040/RJ;Norte;Queda de Moto;;;;1;;;;;;;0;;1;;
17/06/2012;00:06:00;2837;com vítima;78;BR-040/RJ;Sul;Capotamento;1;;;;;;;;;;0;1;;;
17/06/2012;08:32:00;2879;sem vítima;82;BR-040/RJ;Sul;Choque - Objeto Fixo;1;;;;;;;;;;1;;;;
17/06/2012;18:53:00;2971;com vítima;84;BR-040/RJ;Sul;Capotamento;1;;;;;;;;;;1;1;;;
17/06/2012;18:32:00;2968;com vítima;114;BR-040/RJ;Sul;Capotamento;1;;;;;;;;;;0;2;;;
17/06/2012;05:32:00;2859;com vítima;780;BR-040/MG;Sul;Capotamento;1;;;;;;;;;;0;1;;;
17/06/2012;18:14:00;2964;sem vítima;796;BR-040/MG;Sul;Derrapagem;1;;;;;;;;;;1;;;;
17/06/2012;09:32:00;2887;com vítima;812;BR-040/MG;Norte;Queda de Moto;;;;1;;;;;;;0;;1;;
17/06/2012;13:59:00;2922;com vítima;823;BR-040/MG;Sul;Queda de Moto;;;;1;;;;;;;0;1;;;
17/06/2012;16:07:00;2939;sem vítima;124;BR-040/RJ;Sul;Colisão Lateral;2;;;;;;;;;;2;;;;
18/06/2012;01:25:00;3021;sem vítima;86;BR-040/RJ;Norte;Choque - Objeto Fixo;1;;;;;;;;;;1;;;;
18/06/2012;18:19:00;3148;sem vítima;107;BR-040/RJ;Norte;Colisão Traseira;1;;1;;;;;;;;2;;;;
18/06/2012;10:36:00;3075;sem vítima;110;BR-040/RJ;Sul;Colisão Traseira;1;;1;;;;;;;;2;;;;
18/06/2012;10:07:00;3069;sem vítima;116;BR-040/RJ;Sul;Colisão Traseira;1;;1;;;;;;;;2;;;;
18/06/2012;07:59:00;3052;com vítima;780;BR-040/MG;Sul;Choque - Objeto Fixo;1;;;;;;;;;;0;1;;;
18/06/2012;16:23:00;3125;sem vítima;799;BR-040/MG;Norte;Choque - Objeto Fixo;1;;;;;;;;;;1;;;;
18/06/2012;10:11:00;3070;sem vítima;121;BR-040/RJ;Sul;Colisão Traseira;1;;1;;;;;;;;2;;;;
19/06/2012;09:09:00;3238;com vítima;74;BR-040/RJ;Sul;Colisão Traseira;1;;1;;;;;;;;1;2;;;
19/06/2012;12:44:00;3272;com vítima;84;BR-040/RJ;Norte;Capotamento;1;;;;;;;;;;0;1;;;
19/06/2012;15:42:00;3294;sem vítima;84;BR-040/RJ;Norte;Colisão Lateral;;;2;;;;;;;;2;;;;
19/06/2012;17:08:00;3310;sem vítima;90;BR-040/RJ;Norte;Choque - Objeto Fixo;1;;;;;;;;;;1;;;;
19/06/2012;14:31:00;3283;sem vítima;101;BR-040/RJ;Sul;Colisão Traseira;2;;;;;;;;;;2;;;;
19/06/2012;04:34:00;3209;sem vítima;111;BR-040/RJ;Norte;Choque - Objeto Fixo;1;;;;;;;;;;1;;;;
19/06/2012;10:22:00;3251;sem vítima;118;BR-040/RJ;Sul;Colisão Traseira;;;2;;;;;;;;2;;;;
19/06/2012;13:45:00;3279;com vítima;805;BR-040/MG;Sul;Colisão Lateral;1;;1;;;;;;;;1;2;;;
19/06/2012;18:52:00;3322;sem vítima;119;BR-040/RJ;Norte;Colisão Lateral;1;;;;1;;;;;;1;;;;
20/06/2012;07:17:00;3374;com vítima;22;BR-040/RJ;Sul;Capotamento;1;;;;;;;;;;0;;2;;
20/06/2012;18:50:00;3478;sem vítima;52;BR-040/RJ;Sul;Colisão Traseira;1;;1;;;;;;;;2;;;;
20/06/2012;19:34:00;3485;com vítima;78;BR-040/RJ;Sul;Choque - Objeto Fixo;1;;;;;;;;;;0;2;;;
20/06/2012;20:21:00;3488;com vítima;84;BR-040/RJ;Sul;Choque - Objeto Fixo;1;;;;;;;;;;0;2;;;
20/06/2012;23:58:00;3505;com vítima;91;BR-040/RJ;Sul;Capotamento;1;;;;;;;;;;0;5;;;
20/06/2012;12:57:00;3434;com vítima;92;BR-040/RJ;Sul;Choque - Objeto Fixo;1;;;;;;;;;;1;2;;;
20/06/2012;19:07:00;3481;sem vítima;94;BR-040/RJ;Norte;Choque - Objeto Fixo;1;;;;;;;;;;1;;;;
20/06/2012;19:27:00;3483;sem vítima;94;BR-040/RJ;Norte;Choque - Objeto Fixo;1;;;;;;;;;;1;;;;
20/06/2012;12:10:00;3428;com vítima;102;BR-040/RJ;Sul;Colisão Frontal;1;;;1;;;;;;;1;1;;1;
20/06/2012;22:49:00;3501;sem vítima;109;BR-040/RJ;Norte;Colisão Lateral;1;;;1;;;;;;;2;;;;
21/06/2012;12:20:00;3585;sem vítima;5;BR-040/RJ;Sul;Choque - Objeto Fixo;1;;;;;;;;;;1;;;;
21/06/2012;23:16:00;3674;sem vítima;22;BR-040/RJ;Sul;Colisão Lateral;1;;1;;;;;;;;2;;;;
21/06/2012;08:56:00;3555;com vítima;32;BR-040/RJ;Norte;Queda de Moto;;;;1;;;;;;;0;1;;;
21/06/2012;06:42:00;3536;com vítima;34;BR-040/RJ;Norte;Choque - Objeto Fixo;1;;;;;;;;;;0;2;;;
21/06/2012;06:37:00;3533;sem vítima;51;BR-040/RJ;Norte;Choque - Objeto Fixo;1;;;;;;;;;;1;;;;
21/06/2012;17:55:00;3636;sem vítima;61;BR-040/RJ;Norte;Colisão Traseira;1;;;1;;;;;;;2;;;;
21/06/2012;22:30:00;3666;sem vítima;78;BR-040/RJ;Sul;Choque - Objeto Fixo;1;;;;;;;;;;1;;;;
21/06/2012;01:10:00;3509;com vítima;83;BR-040/RJ;Sul;Choque - Objeto Fixo;1;;;;;;;;;;0;1;;;
21/06/2012;17:38:00;3634;com vítima;84;BR-040/RJ;Sul;Capotamento;1;;;;;;;;;;0;2;;;
21/06/2012;08:33:00;3553;sem vítima;92;BR-040/RJ;Norte;Choque - Objeto Fixo;1;;;;;;;;;;1;;;;
21/06/2012;21:45:00;3665;com vítima;95;BR-040/RJ;Norte;Atropelamento - Pedestre;;;;;;1;;;;;1;;1;;
21/06/2012;07:06:00;3537;com vítima;96;BR-040/RJ;Sul;Capotamento;1;;;;;;;;;;0;1;;;
21/06/2012;16:31:00;3620;com vítima;110;BR-040/RJ;Norte;Colisão Lateral;;;2;;;;;;;;1;2;;;
21/06/2012;22:36:00;3668;com vítima;110;BR-040/RJ;Norte;Colisão Traseira;2;;;;;;;;;;1;;2;;
21/06/2012;07:45:00;3545;com vítima;779;BR-040/MG;Sul;Capotamento;1;;;;;;;;;;0;2;2;;1
21/06/2012;13:37:00;3596;sem vítima;118;BR-040/RJ;Norte;Colisão Lateral;1;;;1;;;;;;;2;;;;
21/06/2012;07:15:00;3539;sem vítima;823;BR-040/MG;Sul;Choque - Objeto Fixo;1;;;;;;;;;;1;;;;
21/06/2012;04:23:00;3520;sem vítima;121;BR-040/RJ;Sul;Choque - Objeto Fixo;1;;;;;;;;;;1;;;;
21/06/2012;20:33:00;3653;com vítima;121;BR-040/RJ;Norte;Colisão Frontal;1;;1;;;;;;;;1;1;;;
21/06/2012;07:36:00;3542;com vítima;125;BR-040/RJ;Sul;Colisão Traseira;;;;1;1;;;;;;1;1;;;
22/06/2012;09:22:00;3724;sem vítima;13;BR-040/RJ;Norte;Choque - Objeto Fixo;1;;;;;;;;;;1;;;;
22/06/2012;08:15:00;3710;sem vítima;43;BR-040/RJ;Sul;Choque - Objeto Fixo;1;;;;;;;;;;1;;;;
22/06/2012;14:58:00;3773;com vítima;67;BR-040/RJ;Norte;Colisão Lateral;2;;;;;;;;;;2;2;;;
22/06/2012;14:33:00;3770;sem vítima;72;BR-040/RJ;Sul;Choque - Objeto Fixo;1;;;;;;;;;;1;;;;
22/06/2012;08:22:00;3713;sem vítima;81;BR-040/RJ;Sul;Colisão Traseira;2;;;;;;;;;;2;;;;
22/06/2012;08:17:00;3711;sem vítima;93;BR-040/RJ;Norte;Engavetamento;3;;;;;;;;;;3;;;;
22/06/2012;16:04:00;3781;com vítima;96;BR-040/RJ;Norte;Tombamento;;;1;;;;;;;;0;;;;1
22/06/2012;06:00:00;3697;sem vítima;112;BR-040/RJ;Sul;Choque - Objeto Fixo;1;;;;;;;;;;1;;;;
22/06/2012;05:44:00;3695;sem vítima;117;BR-040/RJ;Sul;Colisão Traseira;2;;;;;;;;;;2;;;;
22/06/2012;14:35:00;3771;sem vítima;808;BR-040/MG;Norte;Choque - Objeto Fixo;1;;;;;;;;;;1;;;;
22/06/2012;08:29:00;3715;com vítima;824;BR-040/MG;Sul;Capotamento;1;;;;;;;;;;0;1;;;
22/06/2012;05:50:00;3696;com vítima;122;BR-040/RJ;Sul;Colisão Traseira;1;;1;;;;;;;;1;1;;;
23/06/2012;07:58:00;3883;sem vítima;33;BR-040/RJ;Norte;Choque - Objeto Fixo;1;;;;;;;;;;1;;;;
23/06/2012;17:59:00;3976;com vítima;62;BR-040/RJ;Sul;Colisão Frontal;2;;;;;;;;;;0;2;;;
23/06/2012;22:08:00;3999;sem vítima;78;BR-040/RJ;Sul;Choque - Objeto Fixo;1;;;;;;;;;;1;;;;
23/06/2012;22:41:00;4003;sem vítima;85;BR-040/RJ;Norte;Choque - Objeto Fixo;1;;;;;;;;;;1;;;;
23/06/2012;00:51:00;3847;com vítima;89;BR-040/RJ;Norte;Choque - Objeto Fixo;1;;;;;;;;;;0;;1;1;
23/06/2012;09:49:00;3902;com vítima;91;BR-040/RJ;Norte;Capotamento;1;;;;;;;;;;0;1;;;
23/06/2012;20:23:00;3991;sem vítima;92;BR-040/RJ;Sul;Capotamento;1;;;;;;;;;;1;;;;
23/06/2012;00:27:00;3845;sem vítima;97;BR-040/RJ;Norte;Colisão Lateral;2;;1;;;;;;;;3;;;;
23/06/2012;05:21:00;3863;sem vítima;107;BR-040/RJ;Norte;Colisão Traseira;1;;;1;;;;;;;2;;;;
23/06/2012;03:41:00;3859;com vítima;109;BR-040/RJ;Norte;Queda de Moto;;;;1;;;;;;;0;;;1;
23/06/2012;08:58:00;3890;sem vítima;116;BR-040/RJ;Sul;Colisão Lateral;2;;;;;;;;;;2;;;;
23/06/2012;12:55:00;3933;sem vítima;816;BR-040/MG;Sul;Colisão Traseira;1;;1;;;;;;;;2;;;;
23/06/2012;20:27:00;3992;sem vítima;120;BR-040/RJ;Norte;Queda de Moto;;;;1;;;;;;;1;;;;
24/06/2012;11:48:00;4089;com vítima;51;BR-040/RJ;Norte;Queda de Moto;;;;1;;;;;;;0;;;;1
24/06/2012;23:39:00;4180;com vítima;58;BR-040/RJ;Norte;Capotamento;1;;;;;;;;;;0;;;1;
24/06/2012;03:58:00;4028;sem vítima;74;BR-040/RJ;Norte;Choque - Objeto Fixo;1;;;;;;;;;;1;;;;
24/06/2012;05:25:00;4039;com vítima;103;BR-040/RJ;Norte;Queda de Moto;;;;1;;;;;;;0;2;;;
24/06/2012;05:08:00;4037;sem vítima;113;BR-040/RJ;Norte;Choque - Objeto Fixo;1;;;;;;;;;;1;;;;
24/06/2012;12:21:00;4094;sem vítima;790;BR-040/MG;Norte;Choque - Objeto Fixo;1;;;;;;;;;;1;;;;
24/06/2012;12:05:00;4093;sem vítima;823;BR-040/MG;Sul;Choque - Objeto Fixo;1;;;;;;;;;;1;;;;
24/06/2012;19:50:00;4154;sem vítima;120;BR-040/RJ;Norte;Colisão Traseira;2;;;;;;;;;;2;;;;
24/06/2012;20:44:00;4165;sem vítima;121;BR-040/RJ;Sul;Colisão Traseira;2;;;;;;;;;;2;;;;
24/06/2012;11:14:00;4085;sem vítima;122;BR-040/RJ;Sul;Colisão Traseira;1;;1;;;;;;;;2;;;;
24/06/2012;04:12:00;4029;sem vítima;123;BR-040/RJ;Norte;Queda de Moto;;;;1;;;;;;;1;;;;
25/06/2012;19:27:00;4333;com vítima;75;BR-040/RJ;Sul;Capotamento;1;;;;;;;;;;0;1;;;
25/06/2012;21:11:00;4342;sem vítima;77;BR-040/RJ;Sul;Choque - Objeto Fixo;1;;;;;;;;;;1;;;;
25/06/2012;21:12:00;4344;com vítima;114;BR-040/RJ;Sul;Colisão Traseira;2;;;;;;;;;;1;4;;;
25/06/2012;14:43:00;4284;sem vítima;785;BR-040/MG;Norte;Choque - Objeto Fixo;1;;;;;;;;;;1;;;;
25/06/2012;04:45:00;4202;com vítima;119;BR-040/RJ;Sul;Choque - Objeto Fixo;1;;;;;;;;;;0;1;;;
26/06/2012;12:27:00;4457;com vítima;93;BR-040/RJ;Norte;Queda de Moto;;;;1;;;;;;;0;1;;;
26/06/2012;16:35:00;4495;sem vítima;98;BR-040/RJ;Norte;Colisão Lateral;1;;1;;;;;;;;2;;;;
26/06/2012;00:59:00;4364;sem vítima;118;BR-040/RJ;Sul;Choque - Objeto Fixo;1;;;;;;;;;;1;;;;
26/06/2012;06:18:00;4381;sem vítima;122;BR-040/RJ;Sul;Colisão Traseira;2;;;;;;;;;;2;;;;
26/06/2012;06:30:00;4383;sem vítima;122;BR-040/RJ;Sul;Colisão Lateral;1;;1;;;;;;;;2;;;;
26/06/2012;12:07:00;4456;sem vítima;122;BR-040/RJ;Norte;Engavetamento;3;;;;;;;;;;3;;;;
26/06/2012;15:31:00;4484;sem vítima;123;BR-040/RJ;Sul;Engavetamento;2;;;;1;;;;;;3;;;;
26/06/2012;16:21:00;4492;sem vítima;123;BR-040/RJ;Norte;Colisão Lateral;2;;;;;;;;;;2;;;;
26/06/2012;07:47:00;4395;sem vítima;124;BR-040/RJ;Sul;Colisão Lateral;1;;1;;;;;;;;2;;;;
27/06/2012;02:30:00;4559;sem vítima;43;BR-040/RJ;Sul;Choque - Objeto Fixo;;;1;;;;;;;;1;;;;
27/06/2012;12:35:00;4633;com vítima;66;BR-040/RJ;Norte;Capotamento;1;;;;;;;;;;0;;;1;
27/06/2012;12:41:00;4653;sem vítima;66;BR-040/RJ;Norte;Choque - Objeto Fixo;2;;;;;;;;;;2;;;;
27/06/2012;16:11:00;4673;sem vítima;78;BR-040/RJ;Sul;Choque - Objeto Fixo;1;;;;;;;;;;1;;;;
27/06/2012;19:40:00;4705;com vítima;103;BR-040/RJ;Norte;Colisão Traseira;1;;;1;;;;;;;2;;1;;
27/06/2012;03:20:00;4562;com vítima;107;BR-040/RJ;Norte;Colisão Traseira;2;;;;;;;;;;2;1;;;
27/06/2012;12:28:00;4631;sem vítima;109;BR-040/RJ;Norte;Engavetamento;2;;1;;;;;;;;3;;;;
27/06/2012;17:47:00;4687;sem vítima;109;BR-040/RJ;Norte;Colisão Traseira;1;;1;;;;;;;;2;;;;
27/06/2012;05:43:00;4569;com vítima;112;BR-040/RJ;Norte;Choque - Objeto Fixo;1;;1;;;;;;;;1;1;1;;
27/06/2012;18:05:00;4691;sem vítima;112;BR-040/RJ;Norte;Colisão Traseira;2;;;;;;;;;;2;;;;
27/06/2012;18:21:00;4693;sem vítima;113;BR-040/RJ;Norte;Engavetamento;3;;;;;;;;;;3;;;;
27/06/2012;06:40:00;4571;sem vítima;792;BR-040/MG;Norte;Choque - Objeto Fixo;1;;;;;;;;;;2;;;;
27/06/2012;16:04:00;4671;sem vítima;121;BR-040/RJ;Sul;Colisão Traseira;2;;;;;;;;;;2;;;;
27/06/2012;04:57:00;4565;sem vítima;122;BR-040/RJ;Sul;Colisão Traseira;2;;;;;;;;;;2;;;;
27/06/2012;16:37:00;4678;com vítima;122;BR-040/RJ;Norte;Queda de Moto;;;;1;;;;;;;0;1;1;;
28/06/2012;07:45:00;4766;com vítima;78;BR-040/RJ;Sul;Capotamento;1;;;;;;;;;;0;;1;1;1
28/06/2012;02:09:00;4737;com vítima;80;BR-040/RJ;Sul;Choque - Objeto Fixo;;;1;;;;;;;;0;1;;;
28/06/2012;13:53:00;4821;com vítima;80;BR-040/RJ;Norte;Capotamento;1;;;;;;;;;;0;1;;;
28/06/2012;12:49:00;4816;sem vítima;91;BR-040/RJ;Norte;Choque - Objeto Fixo;1;;;;;;;;;;1;;;;
28/06/2012;14:15:00;4825;sem vítima;96;BR-040/RJ;Sul;Choque - Objeto Fixo;1;;;;;;;;;;1;;;;
28/06/2012;09:53:00;4785;sem vítima;114;BR-040/RJ;Sul;Engavetamento;3;;;;;;;;;;3;;;;
28/06/2012;05:14:00;4745;sem vítima;116;BR-040/RJ;Norte;Choque - Objeto Fixo;1;;;;;;;;;;1;;;;
28/06/2012;07:26:00;4764;com vítima;116;BR-040/RJ;Sul;Colisão Lateral;;;;1;1;;;;;;1;;1;;
28/06/2012;03:45:00;4740;com vítima;782;BR-040/MG;Sul;Atropelamento - Animal;1;;;;;;;;;;1;3;;;
28/06/2012;07:38:00;4765;sem vítima;123;BR-040/RJ;Sul;Colisão Lateral;1;;;;;1;;;;;2;;;;
28/06/2012;05:58:00;4751;sem vítima;124;BR-040/RJ;Sul;Colisão Lateral;;;2;;;;;;;;2;;;;
28/06/2012;06:40:00;4755;sem vítima;124;BR-040/RJ;Sul;Colisão Lateral;1;;1;;;;;;;;2;;;;
28/06/2012;19:43:00;4880;com vítima;124;BR-040/RJ;Sul;Choque - Objeto Fixo;;;1;1;;;;;;;1;;1;;1
29/06/2012;13:55:00;5001;sem vítima;5;BR-040/RJ;Norte;Choque - Objeto Fixo;1;;;;;;;;;;2;;;;
29/06/2012;23:38:00;5093;sem vítima;22;BR-040/RJ;Norte;Choque - Objeto Fixo;1;;;;;;;;;;1;;;;
29/06/2012;12:11:00;4980;sem vítima;34;BR-040/RJ;Norte;Queda de Moto;;;;1;;;;;;;1;;;;
29/06/2012;19:05:00;5055;com vítima;65;BR-040/RJ;Sul;Colisão Lateral;2;;;;;;;;;;0;6;;2;
29/06/2012;12:09:00;4979;com vítima;85;BR-040/RJ;Norte;Queda de Moto;;;;1;;;;;;;0;1;;;
29/06/2012;19:45:00;5063;com vítima;96;BR-040/RJ;Norte;Tombamento;;;1;;;;;;;;0;;1;;
29/06/2012;19:49:00;5064;com vítima;105;BR-040/RJ;Norte;Colisão Lateral;;1;;1;;;;;;;0;3;;;
29/06/2012;13:04:00;4987;sem vítima;113;BR-040/RJ;Sul;Engavetamento;2;;1;;;;;;;;3;;;;
29/06/2012;19:16:00;5059;com vítima;800;BR-040/MG;Sul;Queda de Moto;;;;1;;;;;;;0;;2;;
29/06/2012;07:25:00;4938;sem vítima;123;BR-040/RJ;Sul;Colisão Lateral;1;;1;;;;;;;;2;;;;
29/06/2012;07:25:00;4939;sem vítima;123;BR-040/RJ;Sul;Colisão Lateral;1;;1;;;;;;;;2;;;;
29/06/2012;07:25:00;4942;sem vítima;123;BR-040/RJ;Sul;Colisão Lateral;1;;;;1;;;;;;2;;;;
29/06/2012;16:05:00;5025;sem vítima;124;BR-040/RJ;Sul;Colisão Traseira;2;;;;;;;;;;2;;;;
29/06/2012;20:40:00;5071;sem vítima;124;BR-040/RJ;Norte;Colisão Traseira;1;;1;;;;;;;;2;;;;
30/06/2012;08:31:00;5148;com vítima;12;BR-040/RJ;Sul;Choque - Objeto Fixo;1;;;;;;;;;;0;1;;;
30/06/2012;11:32:00;5167;sem vítima;72;BR-040/RJ;Sul;Colisão Traseira;1;;;;;;;;;;1;;;;
30/06/2012;07:10:00;5133;sem vítima;83;BR-040/RJ;Norte;Colisão Traseira;1;;;;;1;;;;;2;;;;
30/06/2012;19:34:00;5233;sem vítima;106;BR-040/RJ;Norte;Colisão Lateral;1;;1;;;;;;;;2;;;;
30/06/2012;14:45:00;5203;com vítima;111;BR-040/RJ;Norte;Queda de Moto;;;;1;;;;;;;0;2;;;
30/06/2012;19:01:00;5231;com vítima;114;BR-040/RJ;Norte;Queda de Moto;;;;1;;;;;;;0;;1;;
30/06/2012;16:39:00;5218;com vítima;117;BR-040/RJ;Sul;Colisão Traseira;2;;;;;;;;;;0;2;1;;
30/06/2012;09:29:00;5153;com vítima;784;BR-040/MG;Norte;Colisão Traseira;2;;;;;;;;;;1;;1;;
30/06/2012;04:46:00;5116;sem vítima;119;BR-040/RJ;Sul;Choque - Objeto Fixo;1;;;;;;;;;;1;;;;
30/06/2012;07:08:00;5132;sem vítima;122;BR-040/RJ;Sul;Colisão Lateral;1;;1;;;;;;;;2;;;;
01/07/2012;00:38:00;3;sem vítima;59;BR-040/RJ;Sul;Choque - Objeto Fixo;1;;;;;;;;;;1;;;;
01/07/2012;12:19:00;47;com vítima;59;BR-040/RJ;Sul;Queda de Moto;;;;1;;;;;;;0;;;;1
01/07/2012;19:04:00;106;sem vítima;105;BR-040/RJ;Norte;Colisão Traseira;2;;;;;;;;;;2;;;;
01/07/2012;09:10:00;28;sem vítima;112;BR-040/RJ;Norte;Choque - Objeto Fixo;1;;;;;;;;;;1;;;;
01/07/2012;09:26:00;31;sem vítima;116;BR-040/RJ;Sul;Colisão Lateral;2;;;;;;;;;;2;;;;
01/07/2012;13:14:00;54;sem vítima;797;BR-040/MG;Sul;Choque - Objeto Fixo;1;;;;;;;;;;1;;;;
02/07/2012;14:40:00;236;sem vítima;6;BR-040/RJ;Norte;Colisão Traseira;1;;1;;;;;;;;2;;;;
02/07/2012;06:57:00;152;sem vítima;75;BR-040/RJ;Norte;Choque - Objeto Fixo;1;;;;;;;;;;1;;;;
02/07/2012;07:11:00;156;com vítima;101;BR-040/RJ;Norte;Queda de Moto;;;;;;1;;;;;0;1;;;
02/07/2012;07:39:00;162;com vítima;102;BR-040/RJ;Norte;Atropelamento - Pedestre;1;;;;;;;;;;1;;1;;
02/07/2012;05:16:00;147;sem vítima;109;BR-040/RJ;Sul;Engavetamento;2;;;1;;;;;;;3;;;;
02/07/2012;19:35:00;283;com vítima;118;BR-040/RJ;Norte;Colisão Transversal;;;1;1;;;;;;;1;;;;1
02/07/2012;16:35:00;250;sem vítima;815;BR-040/MG;Sul;Choque - Objeto Fixo;1;;;;;;;;;;1;;;;
02/07/2012;19:25:00;281;sem vítima;119;BR-040/RJ;Norte;Colisão Lateral;1;;;;1;;;;;;2;;;;
02/07/2012;09:51:00;189;sem vítima;122;BR-040/RJ;Sul;Engavetamento;2;;2;;;;;;;;4;;;;
02/07/2012;10:04:00;193;sem vítima;124;BR-040/RJ;Sul;Colisão Lateral;1;;;;1;;;;;;2;;;;
03/07/2012;13:58:00;407;sem vítima;65;BR-040/RJ;Sul;Colisão Traseira;1;;1;;;;;;;;2;;;;
03/07/2012;13:08:00;395;sem vítima;95;BR-040/RJ;Norte;Choque - Objeto Fixo;1;;;;;;;;;;1;;;;
03/07/2012;20:51:00;459;com vítima;98;BR-040/RJ;Sul;Atropelamento - Pedestre;1;;;;;;;;;;1;;;;1
03/07/2012;10:34:00;362;sem vítima;110;BR-040/RJ;Norte;Capotamento;1;;;;;;;;;;1;;;;
03/07/2012;13:11:00;396;sem vítima;115;BR-040/RJ;Norte;Capotamento;1;;;;;;;;;;1;;;;
03/07/2012;13:20:00;399;com vítima;773;BR-040/MG;Norte;Choque - Objeto Fixo;1;;;;;;;;;;0;;1;;
03/07/2012;16:01:00;429;com vítima;117;BR-040/RJ;Norte;Colisão Lateral;1;;1;;;;;;;;1;1;;;
03/07/2012;10:48:00;366;sem vítima;122;BR-040/RJ;Sul;Colisão Lateral;1;;1;;;;;;;;2;;;;
03/07/2012;06:53:00;332;sem vítima;124;BR-040/RJ;Norte;Choque - Objeto Fixo;1;;;;;;;;;;1;;;;
04/07/2012;10:20:00;561;sem vítima;78;BR-040/RJ;Sul;Choque - Objeto Fixo;1;;;;;;;;;;1;;;;
04/07/2012;08:11:00;526;sem vítima;81;BR-040/RJ;Norte;Colisão Lateral;1;;1;;;;;;;;2;;;;
04/07/2012;21:17:00;670;com vítima;113;BR-040/RJ;Sul;Colisão Traseira;2;;;;;;;;;;1;;1;;
04/07/2012;17:30:00;635;sem vítima;787;BR-040/MG;Norte;Choque - Objeto Fixo;1;;;;;;;;;;1;;;;
04/07/2012;08:21:00;529;sem vítima;796;BR-040/MG;Norte;Choque - Objeto Fixo;1;;;;;;;;;;1;;;;
04/07/2012;18:16:00;646;com vítima;122;BR-040/RJ;Norte;Colisão Traseira;1;;1;;;;;;;;1;1;;;
04/07/2012;05:50:00;507;sem vítima;123;BR-040/RJ;Sul;Colisão Lateral;1;;1;;;;;;;;2;;;;
04/07/2012;07:11:00;514;sem vítima;123;BR-040/RJ;Sul;Colisão Lateral;1;;1;;;;;;;;2;;;;
04/07/2012;11:57:00;578;com vítima;123;BR-040/RJ;Norte;Colisão Traseira;;;2;;;;;;;;1;1;1;;
05/07/2012;18:38:00;835;sem vítima;91;BR-040/RJ;Sul;Choque - Objeto Fixo;1;;;;;;;;;;1;;;;
05/07/2012;10:33:00;747;sem vítima;111;BR-040/RJ;Sul;Choque - Objeto Fixo;1;;;;;;;;;;1;;;;
05/07/2012;04:26:00;699;com vítima;822;BR-040/MG;Sul;Tombamento;;;1;;;;;;;;0;1;;;
05/07/2012;13:45:00;784;com vítima;824;BR-040/MG;Norte;Queda de Moto;;;;1;;;;;;;0;1;;;
06/07/2012;06:56:00;906;com vítima;56;BR-040/RJ;Norte;Colisão Lateral;1;;;1;;;;;;;1;;1;;
06/07/2012;18:05:00;1035;sem vítima;62;BR-040/RJ;Sul;Engavetamento;3;;;1;;;;;;;4;;;;
06/07/2012;18:46:00;1041;sem vítima;109;BR-040/RJ;Sul;Colisão Lateral;1;;1;;;;;;;;2;;;;
06/07/2012;14:10:00;990;com vítima;110;BR-040/RJ;Sul;Atropelamento - Pedestre;1;;;;;;;;;;1;;1;;
06/07/2012;11:34:00;962;com vítima;113;BR-040/RJ;Norte;Colisão Traseira;1;;1;;;;;;;;1;1;;;
06/07/2012;23:09:00;1078;sem vítima;116;BR-040/RJ;Sul;Engavetamento;4;;;;;;;;;;4;;;;
06/07/2012;07:23:00;910;com vítima;118;BR-040/RJ;Sul;Queda de Moto;;;;1;;;;;;;0;;1;;
06/07/2012;09:58:00;944;sem vítima;121;BR-040/RJ;Norte;Colisão Lateral;2;;;;;;;;;;2;;;;
06/07/2012;07:26:00;913;sem vítima;122;BR-040/RJ;Sul;Colisão Traseira;2;;;;;;;;;;2;;;;
06/07/2012;13:06:00;984;sem vítima;123;BR-040/RJ;Norte;Engavetamento;3;;1;;;;;;;;4;;;;
06/07/2012;04:44:00;894;com vítima;124;BR-040/RJ;Sul;Queda de Moto;;;;1;;;;;;;0;;1;1;
06/07/2012;16:57:00;1018;sem vítima;124;BR-040/RJ;Sul;Colisão Lateral;1;;1;;;;;;;;2;;;;