data;horario;n_da_ocorrencia;tipo_de_ocorrencia;km;trecho;sentido;tipo_de_acidente;automovel;bicicleta;caminhao;moto;onibus;outros;tracao_animal;transporte_de_cargas_especiais;trator_maquinas;utilitarios;ilesos;levemente_feridos;moderadamente_feridos;gravemente_feridos;mortos
07/07/2012;05:29:00;1103;sem vítima;43;BR-040/RJ;Norte;Choque - Objeto Fixo;1;;;;;;;;;;1;;;;
07/07/2012;09:37:00;1150;sem vítima;63;BR-040/RJ;Norte;Choque - Objeto Fixo;1;;;;;;;;;;1;;;;
07/07/2012;11:47:00;1169;sem vítima;73;BR-040/RJ;Sul;Queda de Moto;;;;1;;;;;;;1;;;;
07/07/2012;07:38:00;1122;sem vítima;78;BR-040/RJ;Sul;Choque - Objeto Fixo;1;;;;;;;;;;1;;;;
07/07/2012;09:16:00;1139;sem vítima;84;BR-040/RJ;Norte;Choque - Objeto Fixo;1;;;;;;;;;;1;;;;
07/07/2012;09:22:00;1145;com vítima;111;BR-040/RJ;Sul;Colisão Traseira;;;1;1;;;;;;;1;1;;;
07/07/2012;09:34:00;1148;com vítima;111;BR-040/RJ;Sul;Colisão Traseira;2;;;;;;;;;;4;2;;;
07/07/2012;10:35:00;1161;com vítima;111;BR-040/RJ;Sul;Engavetamento;4;;;;;;;;;;3;1;;;
07/07/2012;11:53:00;1172;sem vítima;781;BR-040/MG;Norte;Colisão Lateral;1;;1;;;;;;;;2;;;;
07/07/2012;12:50:00;1181;sem vítima;797;BR-040/MG;Norte;Choque - Objeto Fixo;1;;;;;;;;;;2;;;;
07/07/2012;11:29:00;1168;sem vítima;120;BR-040/RJ;Sul;Colisão Lateral;1;;1;;;;;;;;2;;;;
08/07/2012;12:19:00;1353;sem vítima;34;BR-040/RJ;Norte;Choque - Objeto Fixo;1;;;;;;;;;;1;;;;
08/07/2012;13:30:00;1365;sem vítima;75;BR-040/RJ;Sul;Choque - Objeto Fixo;1;;;;;;;;;;1;;;;
08/07/2012;14:51:00;1375;sem vítima;77;BR-040/RJ;Sul;Choque - Objeto Fixo;1;;;;;;;;;;1;;;;
08/07/2012;15:05:00;1378;sem vítima;77;BR-040/RJ;Sul;Colisão Traseira;2;;;;;;;;;;2;;;;
08/07/2012;15:52:00;1384;sem vítima;78;BR-040/RJ;Sul;Capotamento;1;;;;;;;;;;1;;;;
08/07/2012;12:58:00;1363;com vítima;82;BR-040/RJ;Sul;Capotamento;1;;;;;;;;;;0;2;;;
08/07/2012;04:00:00;1294;sem vítima;84;BR-040/RJ;Norte;Choque - Objeto Fixo;1;;;;;;;;;;1;;;;
08/07/2012;15:20:00;1380;sem vítima;84;BR-040/RJ;Norte;Choque - Objeto Fixo;1;;;;;;;;;;1;;;;
08/07/2012;20:28:00;1422;com vítima;85;BR-040/RJ;Norte;Outros;1;;;;;;;;;;0;;1;1;
08/07/2012;18:56:00;1411;sem vítima;88;BR-040/RJ;Sul;Choque - Objeto Fixo;1;;;;;;;;;;1;;;;
08/07/2012;09:31:00;1333;sem vítima;91;BR-040/RJ;Norte;Choque - Objeto Fixo;1;;;;;;;;;;1;;;;
08/07/2012;14:27:00;1373;com vítima;91;BR-040/RJ;Sul;Capotamento;1;;;;;;;;;;0;1;;;
08/07/2012;20:10:00;1418;com vítima;91;BR-040/RJ;Sul;Colisão Traseira;1;;1;;;;;;;;1;1;;;
08/07/2012;13:37:00;1370;com vítima;92;BR-040/RJ;Norte;Choque - Objeto Fixo;1;;;;;;;;;;0;1;;;
08/07/2012;21:57:00;1428;com vítima;92;BR-040/RJ;Sul;Colisão Traseira;1;;1;;;;;;;;0;2;;;
08/07/2012;17:04:00;1397;com vítima;94;BR-040/RJ;Sul;Capotamento;1;;;;;;;;;;0;2;2;;
08/07/2012;10:37:00;1342;sem vítima;97;BR-040/RJ;Sul;Choque - Objeto Fixo;1;;;;;;;;;;1;;;;
08/07/2012;14:01:00;1371;sem vítima;105;BR-040/RJ;Norte;Colisão Traseira;1;;;;;1;;;;;2;;;;
08/07/2012;21:30:00;1425;sem vítima;116;BR-040/RJ;Norte;Outros;1;;;;;;;;;;1;;;;
08/07/2012;07:59:00;1320;com vítima;117;BR-040/RJ;Norte;Colisão Traseira;2;;;;;;;;;;1;1;;;
08/07/2012;21:57:00;1427;com vítima;789;BR-040/MG;Norte;Capotamento;1;;;;;;;;;;0;1;1;;
08/07/2012;07:23:00;1314;com vítima;816;BR-040/MG;Norte;Tombamento;;;1;;;;;;;;0;1;;;
08/07/2012;15:59:00;1385;sem vítima;119;BR-040/RJ;Norte;Colisão Traseira;1;;1;;;;;;;;2;;;;
08/07/2012;12:24:00;1354;sem vítima;121;BR-040/RJ;Norte;Colisão Traseira;1;;1;;;;;;;;2;;;;
08/07/2012;19:15:00;1413;sem vítima;121;BR-040/RJ;Norte;Engavetamento;4;;;;;;;;;;4;;;;
09/07/2012;18:15:00;1571;sem vítima;22;BR-040/RJ;Sul;Colisão Traseira;1;;1;;;;;;;;2;;;;
09/07/2012;07:49:00;1471;sem vítima;23;BR-040/RJ;Sul;Colisão Traseira;2;;;;;;;;;;2;;;;
09/07/2012;12:09:00;1518;com vítima;55;BR-040/RJ;Sul;Colisão Traseira;1;;1;;;;;;;;3;2;;;
09/07/2012;08:07:00;1476;sem vítima;64;BR-040/RJ;Norte;Capotamento;1;;;;;;;;;;1;;;;
09/07/2012;08:12:00;1477;com vítima;67;BR-040/RJ;Norte;Choque - Objeto Fixo;1;;;;;;;;;;0;1;;;
09/07/2012;00:30:00;1439;sem vítima;83;BR-040/RJ;Norte;Colisão Traseira;2;;;;;;;;;;2;;;;
09/07/2012;10:38:00;1502;sem vítima;84;BR-040/RJ;Norte;Choque - Objeto Fixo;1;;;;;;;;;;1;;;;
09/07/2012;09:51:00;1493;sem vítima;92;BR-040/RJ;Sul;Choque - Objeto Fixo;1;;;;;;;;;;1;;;;
09/07/2012;09:12:00;1485;sem vítima;97;BR-040/RJ;Sul;Choque - Objeto Fixo;1;;;;;;;;;;1;;;;
09/07/2012;18:06:00;1567;sem vítima;110;BR-040/RJ;Norte;Colisão Traseira;2;;;;;;;;;;2;;;;
09/07/2012;07:49:00;1472;com vítima;111;BR-040/RJ;Norte;Colisão Traseira;1;;1;;;;;;;;1;1;;;
09/07/2012;07:50:00;1474;sem vítima;111;BR-040/RJ;Sul;Engavetamento;1;;;;;2;;;;;3;;;;
09/07/2012;16:14:00;1549;com vítima;114;BR-040/RJ;Norte;Queda de Moto;;;;1;;;;;;;0;2;;;
09/07/2012;18:53:00;1576;com vítima;774;BR-040/MG;Norte;Atropelamento - Pedestre;;;;;;1;;;;;1;;;1;
09/07/2012;17:48:00;1565;com vítima;120;BR-040/RJ;Norte;Colisão Lateral;1;;;1;;;;;;;1;;1;;
09/07/2012;19:16:00;1579;com vítima;120;BR-040/RJ;Sul;Engavetamento;2;;;1;1;;;;;;2;2;;;
09/07/2012;15:10:00;1541;sem vítima;123;BR-040/RJ;Norte;Colisão Traseira;1;;1;;;;;;;;2;;;;
09/07/2012;16:00:00;1546;sem vítima;123;BR-040/RJ;Norte;Colisão Traseira;2;;;;;;;;;;2;;;;
09/07/2012;07:12:00;1465;sem vítima;125;BR-040/RJ;Sul;Colisão Lateral;;;;1;1;;;;;;2;;;;
10/07/2012;16:03:00;1706;sem vítima;82;BR-040/RJ;Norte;Colisão Lateral;1;;;;1;;;;;;2;;;;
10/07/2012;17:04:00;1718;sem vítima;96;BR-040/RJ;Norte;Colisão Lateral;1;;1;;;;;;;;2;;;;
10/07/2012;10:51:00;1650;com vítima;105;BR-040/RJ;Sul;Colisão Traseira;;;;2;;;;;;;1;2;;;
10/07/2012;13:45:00;1681;sem vítima;105;BR-040/RJ;Norte;Colisão Traseira;1;;;;1;;;;;;2;;;;
10/07/2012;11:26:00;1658;sem vítima;109;BR-040/RJ;Norte;Colisão Traseira;2;;;;;;;;;;2;;;;
10/07/2012;15:47:00;1704;sem vítima;123;BR-040/RJ;Norte;Colisão Lateral;1;;1;;;;;;;;2;;;;
11/07/2012;07:47:00;1799;com vítima;78;BR-040/RJ;Sul;Capotamento;1;;;;;;;;;;0;1;;;
11/07/2012;11:42:00;1841;sem vítima;93;BR-040/RJ;Norte;Colisão Traseira;;;2;;;;;;;;2;;;;
11/07/2012;18:39:00;1922;sem vítima;109;BR-040/RJ;Norte;Colisão Lateral;1;;1;;;;;;;;2;;;;
11/07/2012;18:39:00;1921;sem vítima;112;BR-040/RJ;Norte;Colisão Lateral;2;;;;;;;;;;2;;;;
11/07/2012;18:41:00;1923;sem vítima;116;BR-040/RJ;Norte;Engavetamento;4;;;;;;;;;;4;;;;
12/07/2012;21:44:00;2126;sem vítima;34;BR-040/RJ;Norte;Choque - Objeto Fixo;1;;;;;;;;;;4;;;;
12/07/2012;19:31:00;2109;sem vítima;77;BR-040/RJ;Sul;Choque - Objeto Fixo;1;;;;;;;;;;1;;;;
12/07/2012;23:45:00;2139;sem vítima;82;BR-040/RJ;Sul;Choque - Objeto Fixo;1;;;;;;;;;;1;;;;
12/07/2012;14:48:00;2066;com vítima;98;BR-040/RJ;Norte;Choque - Objeto Fixo;1;;;;;;;;;;1;2;;;
12/07/2012;19:16:00;2107;sem vítima;98;BR-040/RJ;Norte;Choque - Objeto Fixo;;;1;;;;;;;;1;;;;
12/07/2012;23:53:00;2140;sem vítima;105;BR-040/RJ;Norte;Choque - Objeto Fixo;1;;;;;;;;;;1;;;;
12/07/2012;07:34:00;1990;sem vítima;113;BR-040/RJ;Sul;Choque - Objeto Fixo;1;;;;;;;;;;1;;;;
12/07/2012;19:24:00;2108;sem vítima;113;BR-040/RJ;Sul;Derrapagem;1;;;;;;;;;;1;;;;
12/07/2012;20:12:00;2112;sem vítima;114;BR-040/RJ;Norte;Engavetamento;3;;;;;;;;;;3;;;;
12/07/2012;21:10:00;2121;sem vítima;114;BR-040/RJ;Sul;Tombamento;;;1;;;;;;;;1;;;;
12/07/2012;23:07:00;2132;sem vítima;114;BR-040/RJ;Sul;Colisão Traseira;2;;;;;;;;;;2;;;;
12/07/2012;21:15:00;2123;sem vítima;801;BR-040/MG;Sul;Choque - Objeto Fixo;1;;;;;;;;;;1;;;;
12/07/2012;05:43:00;1980;sem vítima;122;BR-040/RJ;Sul;Queda de Moto;1;;;1;;;;;;;2;;;;
13/07/2012;12:09:00;2212;sem vítima;82;BR-040/RJ;Sul;Colisão Traseira;1;;1;;;;;;;;2;;;;
13/07/2012;10:33:00;2205;sem vítima;96;BR-040/RJ;Norte;Choque - Objeto Fixo;;;1;;;;;;;;1;;;;
14/07/2012;13:00:00;2404;sem vítima;24;BR-040/RJ;Sul;Choque - Objeto Fixo;1;;;;;;;;;;1;;;;
14/07/2012;06:21:00;2333;com vítima;37;BR-040/RJ;Sul;Capotamento;1;;;;;;;;;;0;1;1;;
14/07/2012;11:15:00;2384;sem vítima;81;BR-040/RJ;Norte;Choque - Objeto Fixo;1;;;;;;;;;;1;;;;
14/07/2012;16:17:00;2433;com vítima;83;BR-040/RJ;Sul;Choque - Objeto Fixo;1;;;;;;;;;;4;2;;;
14/07/2012;19:07:00;2458;com vítima;93;BR-040/RJ;Sul;Capotamento;1;;;;;;;;;;0;2;;;
14/07/2012;21:19:00;2472;sem vítima;93;BR-040/RJ;Norte;Colisão Traseira;1;;1;;;;;;;;2;;;;
14/07/2012;04:48:00;2328;sem vítima;101;BR-040/RJ;Norte;Colisão Traseira;2;;;;;;;;;;2;;;;
14/07/2012;09:40:00;2364;com vítima;109;BR-040/RJ;Sul;Queda de Moto;;;;1;;;;;;;0;1;;;
14/07/2012;19:47:00;2465;com vítima;109;BR-040/RJ;Norte;Queda de Moto;;;;1;;;;;;;0;2;;;
14/07/2012;17:30:00;2447;sem vítima;114;BR-040/RJ;Norte;Colisão Lateral;1;;;;1;;;;;;2;;;;
14/07/2012;02:47:00;2320;sem vítima;118;BR-040/RJ;Norte;Colisão Traseira;1;;;;1;;;;;;2;;;;
14/07/2012;15:48:00;2423;sem vítima;120;BR-040/RJ;Norte;Colisão Lateral;;;;1;;1;;;;;2;;;;
14/07/2012;15:58:00;2426;sem vítima;120;BR-040/RJ;Norte;Colisão Traseira;2;;;;;;;;;;2;;;;
15/07/2012;12:39:00;2557;com vítima;4;BR-040/RJ;Sul;Tombamento;;;1;;;;;;;;0;;;;1
15/07/2012;02:36:00;2501;sem vítima;52;BR-040/RJ;Norte;Colisão Traseira;1;;1;;;;;;;;2;;;;
15/07/2012;14:34:00;2572;sem vítima;58;BR-040/RJ;Norte;Choque - Objeto Fixo;1;;;;;;;;;;1;;;;
15/07/2012;07:17:00;2520;sem vítima;66;BR-040/RJ;Sul;Choque - Objeto Fixo;1;;;;;;;;;;1;;;;
15/07/2012;08:51:00;2530;sem vítima;73;BR-040/RJ;Sul;Capotamento;1;;;;;;;;;;1;;;;
15/07/2012;13:10:00;2560;sem vítima;73;BR-040/RJ;Sul;Choque - Objeto Fixo;1;;;;;;;;;;1;;;;
15/07/2012;11:43:00;2547;sem vítima;84;BR-040/RJ;Norte;Choque - Objeto Fixo;1;;;;;;;;;;1;;;;
15/07/2012;11:52:00;2548;sem vítima;92;BR-040/RJ;Sul;Choque - Objeto Fixo;1;;;;;;;;;;5;;;;
15/07/2012;13:41:00;2564;com vítima;92;BR-040/RJ;Sul;Capotamento;1;;;;;;;;;;1;2;;;
15/07/2012;13:16:00;2561;sem vítima;95;BR-040/RJ;Sul;Choque - Objeto Fixo;1;;;;;;;;;;1;;;;
15/07/2012;15:23:00;2577;sem vítima;96;BR-040/RJ;Sul;Choque - Objeto Fixo;1;;;;;;;;;;1;;;;
15/07/2012;03:57:00;2506;sem vítima;105;BR-040/RJ;Sul;Choque - Objeto Fixo;1;;;;;;;;;;1;;;;
15/07/2012;18:06:00;2609;com vítima;105;BR-040/RJ;Sul;Atropelamento - Pedestre;;;;;;1;;;;;1;1;;;
15/07/2012;14:15:00;2568;com vítima;106;BR-040/RJ;Norte;Colisão Traseira;1;1;;;;;;;;;1;1;1;;
15/07/2012;17:00:00;2598;sem vítima;109;BR-040/RJ;Sul;Colisão Traseira;2;;;;;;;;;;2;;;;
15/07/2012;18:40:00;2615;com vítima;815;BR-040/MG;Sul;Choque - Objeto Fixo;1;;;;;;;;;;0;2;;;
15/07/2012;18:30:00;2613;sem vítima;123;BR-040/RJ;Sul;Capotamento;1;;;;;;;;;;1;;;;
15/07/2012;06:52:00;2515;sem vítima;124;BR-040/RJ;Sul;Engavetamento;3;;;;;;;;;;3;;;;
16/07/2012;21:33:00;2794;sem vítima;3;BR-040/RJ;Sul;Choque - Objeto Fixo;1;;;;;;;;;;1;;;;
16/07/2012;10:17:00;2702;com vítima;75;BR-040/RJ;Sul;Capotamento;1;;;;;;;;;;0;3;;;
16/07/2012;07:24:00;2662;com vítima;78;BR-040/RJ;Sul;Capotamento;1;;;;;;;;;;0;1;;;
16/07/2012;11:38:00;2712;sem vítima;82;BR-040/RJ;Sul;Colisão Traseira;2;;;;;;;;;;2;;;;
16/07/2012;08:31:00;2676;sem vítima;89;BR-040/RJ;Sul;Colisão Traseira;1;;1;;;;;;;;2;;;;
16/07/2012;13:37:00;2733;sem vítima;92;BR-040/RJ;Norte;Derrapagem;1;;;;;;;;;;1;;;;
16/07/2012;12:32:00;2722;sem vítima;94;BR-040/RJ;Sul;Choque - Objeto Fixo;1;;;;;;;;;;1;;;;
16/07/2012;14:29:00;2739;sem vítima;96;BR-040/RJ;Sul;Choque - Objeto Fixo;1;;;;;;;;;;1;;;;
16/07/2012;18:16:00;2771;com vítima;111;BR-040/RJ;Norte;Engavetamento;2;;;;;1;;;;;1;3;;;
16/07/2012;07:16:00;2661;sem vítima;119;BR-040/RJ;Sul;Colisão Traseira;2;;;;;;;;;;2;;;;
17/07/2012;19:35:00;2980;sem vítima;45;BR-040/RJ;Norte;Engavetamento;3;;;;;;;;;;3;;;;
17/07/2012;14:42:00;2928;sem vítima;79;BR-040/RJ;Sul;Choque - Objeto Fixo;1;;;;;;;;;;1;;;;
17/07/2012;01:54:00;2818;sem vítima;81;BR-040/RJ;Norte;Colisão Lateral;;;2;;;;;;;;2;;;;
17/07/2012;18:39:00;2973;sem vítima;83;BR-040/RJ;Sul;Choque - Objeto Fixo;;;1;;;;;;;;1;;;;
17/07/2012;13:27:00;2918;sem vítima;109;BR-040/RJ;Norte;Colisão Lateral;1;;1;;;;;;;;2;;;;
17/07/2012;18:55:00;2975;sem vítima;109;BR-040/RJ;Norte;Colisão Traseira;2;;;;;;;;;;2;;;;
17/07/2012;15:10:00;2935;com vítima;110;BR-040/RJ;Sul;Colisão Traseira;;;1;1;;;;;;;1;1;;;
17/07/2012;05:40:00;2835;sem vítima;116;BR-040/RJ;Sul;Choque - Objeto Fixo;2;;;;;;;;;;2;;;;
17/07/2012;14:58:00;2933;com vítima;119;BR-040/RJ;Norte;Choque - Objeto Fixo;;;1;;;;;;;;0;1;;;
17/07/2012;20:42:00;2992;sem vítima;123;BR-040/RJ;Sul;Choque - Objeto Fixo;1;;;;;;;;;;1;;;;
17/07/2012;07:54:00;2852;com vítima;124;BR-040/RJ;Sul;Atropelamento - Pedestre;;;;1;;;;;;;1;1;;;
17/07/2012;13:02:00;2911;sem vítima;124;BR-040/RJ;Sul;Colisão Traseira;1;;1;;;;;;;;2;;;;
18/07/2012;13:35:00;3096;com vítima;2;BR-040/RJ;Sul;Choque - Objeto Fixo;1;;;;;;;;;;2;1;1;;
18/07/2012;16:57:00;3141;com vítima;13;BR-040/RJ;Norte;Capotamento;1;;;;;;;;;;0;2;;;
18/07/2012;03:49:00;3027;com vítima;30;BR-040/RJ;Norte;Tombamento;;;1;;;;;;;;0;;1;;
18/07/2012;16:56:00;3140;sem vítima;43;BR-040/RJ;Norte;Choque - Objeto Fixo;1;;;;;;;;;;2;;;;
18/07/2012;16:37:00;3136;sem vítima;80;BR-040/RJ;Norte;Colisão Traseira;1;;;;1;;;;;;2;;;;
18/07/2012;14:45:00;3109;sem vítima;84;BR-040/RJ;Norte;Choque - Objeto Fixo;1;;;;;;;;;;1;;;;
18/07/2012;14:18:00;3104;sem vítima;86;BR-040/RJ;Sul;Choque - Objeto Fixo;1;;;;;;;;;;1;;;;
18/07/2012;13:36:00;3097;sem vítima;92;BR-040/RJ;Sul;Choque - Objeto Fixo;1;;;;;;;;;;1;;;;
18/07/2012;09:12:00;3057;sem vítima;97;BR-040/RJ;Norte;Colisão Traseira;2;;;;;;;;;;2;;;;
18/07/2012;13:48:00;3099;sem vítima;110;BR-040/RJ;Norte;Colisão Traseira;1;;1;;;;;;;;2;;;;
18/07/2012;18:57:00;3162;sem vítima;111;BR-040/RJ;Norte;Colisão Traseira;2;;;;;;;;;;2;;;;
18/07/2012;12:56:00;3091;sem vítima;784;BR-040/MG;Norte;Choque - Objeto Fixo;;;1;;;;;;;;1;;;;
18/07/2012;09:50:00;3061;com vítima;786;BR-040/MG;Norte;Capotamento;1;;;;;;;;;;0;2;;;
18/07/2012;00:34:00;3014;sem vítima;815;BR-040/MG;Sul;Capotamento;1;;;;;;;;;;1;;;;
18/07/2012;16:24:00;3133;sem vítima;120;BR-040/RJ;Sul;Colisão Lateral;1;;1;;;;;;;;2;;;;
18/07/2012;07:13:00;3045;sem vítima;122;BR-040/RJ;Sul;Engavetamento;3;;1;;;;;;;;4;;;;
19/07/2012;14:38:00;3320;sem vítima;65;BR-040/RJ;Sul;Choque - Objeto Fixo;1;;;;;;;;;;1;;;;
19/07/2012;12:02:00;3289;com vítima;72;BR-040/RJ;Norte;Choque - Objeto Fixo;1;;;;;;;;;;0;;2;;
19/07/2012;12:15:00;3297;sem vítima;72;BR-040/RJ;Norte;Colisão Traseira;2;;;;;;;;;;2;;;;
19/07/2012;12:15:00;3298;sem vítima;72;BR-040/RJ;Norte;Choque - Objeto Fixo;1;;;;;;;;;;5;;;;
19/07/2012;12:15:00;3299;sem vítima;72;BR-040/RJ;Norte;Choque - Objeto Fixo;;;1;;;;;;;;1;;;;
19/07/2012;12:15:00;3300;sem vítima;72;BR-040/RJ;Norte;Choque - Objeto Fixo;1;;;;;;;;;;4;;;;
19/07/2012;09:32:00;3251;sem vítima;91;BR-040/RJ;Norte;Colisão Traseira;2;;;;;;;;;;2;;;;
19/07/2012;15:40:00;3334;sem vítima;94;BR-040/RJ;Norte;Engavetamento;2;;1;;;;;;;;3;;;;
19/07/2012;14:51:00;3323;sem vítima;109;BR-040/RJ;Norte;Engavetamento;1;;2;;;;;;;;3;;;;
19/07/2012;09:56:00;3262;com vítima;110;BR-040/RJ;Norte;Colisão Traseira;1;;1;;;;;;;;0;2;;;
19/07/2012;19:34:00;3373;sem vítima;111;BR-040/RJ;Sul;Colisão Traseira;2;;;;;;;;;;2;;;;
19/07/2012;11:26:00;3280;com vítima;800;BR-040/MG;Sul;Colisão Traseira;1;;1;;;;;;;;1;3;;;
19/07/2012;15:15:00;3330;sem vítima;828;BR-040/MG;Norte;Choque - Objeto Fixo;1;;;;;;;;;;1;;;;
19/07/2012;20:28:00;3379;sem vítima;122;BR-040/RJ;Norte;Queda de Moto;;;;1;;;;;;;1;;;;
19/07/2012;14:53:00;3324;sem vítima;124;BR-040/RJ;Norte;Colisão Lateral;1;;1;;;;;;;;2;;;;
20/07/2012;16:06:00;3526;sem vítima;90;BR-040/RJ;Norte;Colisão Traseira;2;;;;;;;;;;2;;;;
20/07/2012;20:19:00;3578;sem vítima;95;BR-040/RJ;Norte;Colisão Lateral;;;2;;;;;;;;2;;;;
20/07/2012;14:56:00;3506;sem vítima;105;BR-040/RJ;Norte;Colisão Traseira;3;;;;;;;;;;3;;;;
20/07/2012;01:35:00;3413;sem vítima;113;BR-040/RJ;Sul;Choque - Objeto Fixo;1;;;;;;;;;;1;;;;
20/07/2012;18:07:00;3556;sem vítima;113;BR-040/RJ;Norte;Colisão Lateral;1;;;;;1;;;;;2;;;;
20/07/2012;22:02:00;3592;sem vítima;113;BR-040/RJ;Norte;Choque - Objeto Fixo;1;;;;;;;;;;1;;;;
20/07/2012;21:40:00;3590;com vítima;784;BR-040/MG;Norte;Choque - Objeto Fixo;1;;;;;;;;;;0;1;;;
20/07/2012;15:36:00;3516;sem vítima;118;BR-040/RJ;Sul;Choque - Objeto Fixo;1;;;;;;;;;;1;;;;
20/07/2012;02:16:00;3416;sem vítima;811;BR-040/MG;Sul;Colisão Traseira;;;2;;;;;;;;2;;;;
20/07/2012;22:01:00;3591;com vítima;815;BR-040/MG;Sul;Choque - Objeto Fixo;1;;;;;;;;;;0;1;;;
20/07/2012;17:16:00;3545;com vítima;119;BR-040/RJ;Sul;Colisão Traseira;;;2;;;;;;;;1;2;1;;
20/07/2012;15:13:00;3510;sem vítima;121;BR-040/RJ;Norte;Colisão Traseira;2;;;;;;;;;;2;;;;
20/07/2012;21:17:00;3586;sem vítima;121;BR-040/RJ;Norte;Colisão Lateral;1;;;;1;;;;;;2;;;;
20/07/2012;20:23:00;3580;sem vítima;123;BR-040/RJ;Norte;Colisão Lateral;1;;1;;;;;;;;2;;;;
21/07/2012;23:52:00;3837;sem vítima;43;BR-040/RJ;Sul;Choque - Objeto Fixo;1;;;;;;;;;;1;;;;
21/07/2012;09:59:00;3694;com vítima;77;BR-040/RJ;Sul;Capotamento;1;;;;;;;;;;0;5;;;
21/07/2012;06:09:00;3642;sem vítima;79;BR-040/RJ;Sul;Queda de Moto;;;;1;;;;;;;1;;;;
21/07/2012;06:38:00;3643;sem vítima;79;BR-040/RJ;Sul;Choque - Objeto Fixo;1;;;;;;;;;;1;;;;
21/07/2012;05:00:00;3634;com vítima;84;BR-040/RJ;Sul;Choque - Objeto Fixo;1;;;;;;;;;;0;;1;;
21/07/2012;12:05:00;3722;com vítima;86;BR-040/RJ;Norte;Colisão Traseira;1;;1;;;;;;;;0;2;;;
21/07/2012;02:41:00;3625;sem vítima;104;BR-040/RJ;Norte;Colisão Traseira;2;;;;;;;;;;2;;;;
21/07/2012;14:19:00;3748;com vítima;794;BR-040/MG;Norte;Capotamento;1;;;;;;;;;;0;1;;;
21/07/2012;06:00:00;3639;com vítima;121;BR-040/RJ;Sul;Colisão Frontal;1;;;1;;;;;;;1;;1;;
21/07/2012;00:48:00;3612;sem vítima;124;BR-040/RJ;Sul;Colisão Lateral;;;1;1;;2;;;;;4;;;;
21/07/2012;11:55:00;3721;sem vítima;124;BR-040/RJ;Norte;Choque - Objeto Fixo;1;;;;;;;;;;1;;;;
21/07/2012;12:11:00;3725;sem vítima;124;BR-040/RJ;Norte;Engavetamento;3;;1;;;;;;;;4;;;;
22/07/2012;01:15:00;3843;sem vítima;13;BR-040/RJ;Norte;Choque - Objeto Fixo;1;;;;;;;;;;1;;;;
22/07/2012;18:56:00;3991;com vítima;68;BR-040/RJ;Norte;Colisão Traseira;2;;;;;;;;;;0;8;;;
22/07/2012;10:10:00;3895;com vítima;78;BR-040/RJ;Sul;Queda de Moto;;;;1;;;;;;;0;1;;;
22/07/2012;22:23:00;4013;com vítima;79;BR-040/RJ;Sul;Atropelamento - Pedestre;1;;;;;;;;;;1;;;;1
22/07/2012;15:15:00;3944;sem vítima;112;BR-040/RJ;Norte;Capotamento;1;;;;;;;;;;1;;;;
22/07/2012;15:18:00;3945;com vítima;782;BR-040/MG;Sul;Capotamento;1;;;;;;;;;;0;1;1;;
23/07/2012;19:31:00;4200;com vítima;35;BR-040/RJ;Norte;Tombamento;;;1;;;;;;;;0;;1;;
23/07/2012;10:43:00;4107;sem vítima;61;BR-040/RJ;Norte;Colisão Lateral;;;;;1;1;;;;;2;;;;
23/07/2012;16:53:00;4172;sem vítima;92;BR-040/RJ;Sul;Derrapagem;1;;;;;;;;;;1;;;;
23/07/2012;13:21:00;4127;sem vítima;93;BR-040/RJ;Norte;Colisão Lateral;;;;;1;1;;;;;2;;;;
23/07/2012;03:12:00;4031;com vítima;109;BR-040/RJ;Sul;Colisão Lateral;1;;;1;;;;;;;0;2;1;;
23/07/2012;16:28:00;4164;sem vítima;109;BR-040/RJ;Norte;Colisão Lateral;1;;1;;;;;;;;2;;;;
23/07/2012;16:19:00;4160;sem vítima;111;BR-040/RJ;Norte;Colisão Lateral;1;;1;;;;;;;;2;;;;
23/07/2012;17:12:00;4178;sem vítima;119;BR-040/RJ;Sul;Derrapagem;1;;;;;;;;;;1;;;;
23/07/2012;07:48:00;4053;sem vítima;122;BR-040/RJ;Sul;Colisão Lateral;1;;;;;1;;;;;2;;;;
23/07/2012;07:36:00;4057;sem vítima;123;BR-040/RJ;Sul;Colisão Lateral;1;;;;;1;;;;;2;;;;
23/07/2012;04:39:00;4037;com vítima;125;BR-040/RJ;Sul;Capotamento;1;;;;;;;;;;0;1;;;
24/07/2012;07:47:00;4250;com vítima;117;BR-040/RJ;Sul;Choque - Objeto Fixo;;;;;1;;;;;;0;3;;;
25/07/2012;10:51:00;4474;sem vítima;85;BR-040/RJ;Norte;Engavetamento;3;;1;;;;;;;;4;;;;
25/07/2012;09:18:00;4450;sem vítima;92;BR-040/RJ;Norte;Colisão Lateral;1;;1;;;;;;;;2;;;;
25/07/2012;08:47:00;4448;com vítima;107;BR-040/RJ;Sul;Colisão Frontal;4;;;;;;;;;;3;1;;;
25/07/2012;08:23:00;4443;sem vítima;109;BR-040/RJ;Sul;Colisão Lateral;1;;;;;1;;;;;2;;;;
25/07/2012;15:03:00;4518;sem vítima;117;BR-040/RJ;Sul;Engavetamento;;;1;;2;;;;;;3;;;;
25/07/2012;16:00:00;4529;sem vítima;117;BR-040/RJ;Sul;Colisão Lateral;;;1;;1;;;;;;2;;;;
25/07/2012;08:15:00;4441;sem vítima;800;BR-040/MG;Norte;Colisão Lateral;1;;;;1;;;;;;2;;;;