data;horario;n_da_ocorrencia;tipo_de_ocorrencia;km;trecho;sentido;tipo_de_acidente;automovel;bicicleta;caminhao;moto;onibus;outros;tracao_animal;transporte_de_cargas_especiais;trator_maquinas;utilitarios;ilesos;levemente_feridos;moderadamente_feridos;gravemente_feridos;mortos
17/08/2012;15:57:00;3043;com vítima;80;BR-040/RJ;Sul;Choque - Objeto Fixo;1;;;;;;;;;;0;;1;;
17/08/2012;16:29:00;3050;com vítima;80;BR-040/RJ;Sul;Tombamento;1;;;;;;;;;;0;2;;;
17/08/2012;19:20:00;3072;sem vítima;90;BR-040/RJ;Norte;Colisão Lateral;;;2;;;;;;;;2;;;;
17/08/2012;16:48:00;3054;com vítima;95;BR-040/RJ;Norte;Derrapagem;;;;1;;;;;;;0;1;1;;
17/08/2012;03:22:00;2903;com vítima;106;BR-040/RJ;Norte;Choque - Objeto Fixo;1;;;;;;;;;;0;;1;;
17/08/2012;09:10:00;2959;sem vítima;108;BR-040/RJ;Norte;Colisão Traseira;1;;1;;;;;;;;2;;;;
17/08/2012;15:26:00;3031;sem vítima;109;BR-040/RJ;Norte;Colisão Lateral;1;;1;;;;;;;;2;;;;
17/08/2012;12:11:00;2993;sem vítima;110;BR-040/RJ;Sul;Colisão Lateral;1;;1;;;;;;;;2;;;;
17/08/2012;16:14:00;3047;com vítima;787;BR-040/MG;Norte;Tombamento;;;1;;;;;;;;0;1;;;
17/08/2012;21:23:00;3093;com vítima;827;BR-040/MG;Sul;Capotamento;1;;;;;;;;;;0;1;;;
18/08/2012;19:10:00;3252;sem vítima;22;BR-040/RJ;Sul;Choque - Objeto Fixo;1;;;;;;;;;;1;;;;
18/08/2012;10:18:00;3165;sem vítima;70;BR-040/RJ;Sul;Choque - Objeto Fixo;1;;;;;;;;;;1;;;;
18/08/2012;08:44:00;3152;sem vítima;80;BR-040/RJ;Norte;Choque - Objeto Fixo;1;;;;;;;;;;1;;;;
18/08/2012;01:12:00;3113;com vítima;90;BR-040/RJ;Norte;Choque - Objeto Fixo;1;;;;;;;;;;0;1;;;
18/08/2012;23:39:00;3283;sem vítima;92;BR-040/RJ;Sul;Choque - Objeto Fixo;1;;;;;;;;;;1;;;;
18/08/2012;02:09:00;3118;sem vítima;107;BR-040/RJ;Sul;Choque - Objeto Fixo;1;;;;;;;;;;1;;;;
18/08/2012;09:40:00;3160;sem vítima;110;BR-040/RJ;Sul;Colisão Lateral;;;1;;1;;;;;;2;;;;
18/08/2012;18:58:00;3253;sem vítima;112;BR-040/RJ;Sul;Colisão Traseira;1;;;;;1;;;;;2;;;;
18/08/2012;04:59:00;3129;com vítima;775;BR-040/MG;Norte;Queda de Moto;;;;1;;;;;;;0;1;;;
18/08/2012;07:10:00;3134;sem vítima;780;BR-040/MG;Norte;Colisão Traseira;1;;1;;;;;;;;2;;;;
18/08/2012;08:34:00;3151;com vítima;804;BR-040/MG;Norte;Derrapagem;;;1;;;;;;;;0;;;;1
18/08/2012;12:20:00;3192;sem vítima;122;BR-040/RJ;Norte;Colisão Frontal;2;;;;;;;;;;2;;;;
18/08/2012;14:56:00;3216;sem vítima;122;BR-040/RJ;Norte;Colisão Lateral;2;;;;;1;;;;;3;;;;
19/08/2012;09:22:00;3338;com vítima;73;BR-040/RJ;Norte;Atropelamento - Pedestre;1;1;;;;;;;;;0;2;;;
19/08/2012;00:25:00;3289;sem vítima;91;BR-040/RJ;Sul;Choque - Objeto Fixo;1;;;;;;;;;;1;;;;
19/08/2012;08:16:00;3324;com vítima;93;BR-040/RJ;Norte;Queda de Moto;;;;1;;;;;;;0;2;;;
19/08/2012;09:24:00;3339;sem vítima;95;BR-040/RJ;Norte;Queda de Moto;;;;1;;;;;;;1;;;;
19/08/2012;10:59:00;3350;com vítima;111;BR-040/RJ;Norte;Colisão Traseira;2;;;;;;;;;;0;3;1;;
19/08/2012;19:57:00;3420;com vítima;112;BR-040/RJ;Sul;Atropelamento - Pedestre;1;;;;;;;;;;1;;;;1
19/08/2012;23:03:00;3437;sem vítima;115;BR-040/RJ;Sul;Colisão Lateral;2;;;;;;;;;;2;;;;
19/08/2012;04:41:00;3307;sem vítima;794;BR-040/MG;Norte;Colisão Traseira;2;;;;;;;;;;2;;;;
19/08/2012;04:48:00;3308;com vítima;123;BR-040/RJ;Sul;Colisão Traseira;1;;;1;;;;;;;1;1;;;
20/08/2012;16:02:00;3557;com vítima;7;BR-040/RJ;Sul;Capotamento;1;;;;;;;;;;0;2;;;
20/08/2012;17:16:00;3572;com vítima;25;BR-040/RJ;Norte;Choque - Objeto Fixo;;;1;;;;;;;;0;1;;;
20/08/2012;02:59:00;3454;com vítima;37;BR-040/RJ;Sul;Colisão Traseira;;;2;;;;;;;;1;1;;;
20/08/2012;04:44:00;3462;sem vítima;67;BR-040/RJ;Norte;Atropelamento - Animal;1;;;;;;;;;;1;;;;
20/08/2012;08:49:00;3496;sem vítima;72;BR-040/RJ;Sul;Choque - Objeto Fixo;1;;;;;1;;;;;2;;;;
20/08/2012;15:35:00;3550;com vítima;74;BR-040/RJ;Sul;Choque - Objeto Fixo;;;1;;;;;;;;0;1;2;;
20/08/2012;11:06:00;3516;sem vítima;75;BR-040/RJ;Norte;Choque - Objeto Fixo;1;;;;;;;;;;1;;;;
20/08/2012;08:22:00;3491;sem vítima;120;BR-040/RJ;Sul;Colisão Traseira;1;;1;;;;;;;;2;;;;
20/08/2012;06:22:00;3470;sem vítima;124;BR-040/RJ;Sul;Colisão Lateral;1;;;;;1;;;;;2;;;;
21/08/2012;13:50:00;3713;com vítima;30;BR-040/RJ;Norte;Tombamento;2;;1;;;;;;;;2;1;;;
21/08/2012;17:06:00;3746;com vítima;57;BR-040/RJ;Norte;Queda de Moto;;;;1;;;;;;;0;2;;;
21/08/2012;07:58:00;3656;sem vítima;109;BR-040/RJ;Norte;Colisão Lateral;2;;;;;;;;;;2;;;;
21/08/2012;15:45:00;3729;sem vítima;109;BR-040/RJ;Norte;Colisão Lateral;1;;1;;;;;;;;2;;;;
21/08/2012;11:40:00;3694;sem vítima;113;BR-040/RJ;Norte;Colisão Lateral;2;;;;;;;;;;2;;;;
21/08/2012;05:05:00;3629;sem vítima;780;BR-040/MG;Sul;Choque - Objeto Fixo;1;;;;;;;;;;1;;;;
21/08/2012;16:05:00;3732;com vítima;798;BR-040/MG;Norte;Queda de Moto;;;;1;;;;;;;0;;;1;
22/08/2012;08:37:00;3837;com vítima;78;BR-040/RJ;Sul;Derrapagem;1;;;;;;;;;;0;1;;;
22/08/2012;19:24:00;3952;sem vítima;84;BR-040/RJ;Norte;Choque - Objeto Fixo;1;;;;;;;;;;1;;;;
22/08/2012;19:56:00;3960;com vítima;117;BR-040/RJ;Norte;Capotamento;2;;;;;;;;;;0;2;1;;
22/08/2012;07:29:00;3827;com vítima;124;BR-040/RJ;Norte;Queda de Moto;;;;1;;1;;;;;1;2;;;
22/08/2012;17:32:00;3937;sem vítima;124;BR-040/RJ;Norte;Colisão Traseira;2;;;;;;;;;;2;;;;
23/08/2012;22:30:00;4152;com vítima;48;BR-040/RJ;Norte;Queda de Moto;;;;1;;;;;;;0;1;;;
23/08/2012;06:53:00;4019;sem vítima;105;BR-040/RJ;Norte;Colisão Lateral;1;;;1;;;;;;;2;;;;
23/08/2012;18:47:00;4133;sem vítima;105;BR-040/RJ;Norte;Derrapagem;1;;;;;;;;;;1;;;;
23/08/2012;08:20:00;4039;sem vítima;108;BR-040/RJ;Norte;Colisão Lateral;1;;1;;;;;;;;2;;;;
23/08/2012;09:41:00;4060;sem vítima;109;BR-040/RJ;Norte;Colisão Lateral;;;2;;;;;;;;2;;;;
23/08/2012;16:24:00;4112;sem vítima;113;BR-040/RJ;Norte;Engavetamento;4;;;;;;;;;;4;;;;
23/08/2012;05:24:00;4012;sem vítima;114;BR-040/RJ;Sul;Colisão Traseira;;;;;2;;;;;;2;;;;
23/08/2012;06:55:00;4022;sem vítima;820;BR-040/MG;Sul;Choque - Objeto Fixo;1;;;;;;;;;;1;;;;
23/08/2012;13:06:00;4089;sem vítima;123;BR-040/RJ;Norte;Colisão Lateral;1;;1;;;;;;;;2;;;;
23/08/2012;18:26:00;4130;sem vítima;123;BR-040/RJ;Sul;Colisão Traseira;2;;;;;;;;;;2;;;;
23/08/2012;10:45:00;4070;sem vítima;124;BR-040/RJ;Sul;Colisão Lateral;1;;1;;;;;;;;2;;;;
24/08/2012;18:05:00;4335;com vítima;58;BR-040/RJ;Sul;Atropelamento - Pedestre;1;;;;;;;;;;1;;1;;
24/08/2012;19:00:00;4341;sem vítima;65;BR-040/RJ;Sul;Choque - Objeto Fixo;1;;;;;;;;;;1;;;;
24/08/2012;16:37:00;4316;com vítima;114;BR-040/RJ;Norte;Colisão Lateral;1;;;1;;;;;;;1;;1;;
24/08/2012;12:34:00;4270;sem vítima;122;BR-040/RJ;Sul;Engavetamento;2;;;;1;;;;;;3;;;;
24/08/2012;23:50:00;4378;com vítima;122;BR-040/RJ;Sul;Atropelamento - Pedestre;1;;;;;;;;;;1;;;;1
24/08/2012;14:08:00;4284;sem vítima;124;BR-040/RJ;Sul;Queda de Moto;;;1;1;;1;;;;;3;;;;
25/08/2012;20:26:00;4568;sem vítima;18;BR-040/RJ;Norte;Choque - Objeto Fixo;1;;;;;;;;;;1;;;;
25/08/2012;07:55:00;4427;sem vítima;102;BR-040/RJ;Norte;Colisão Lateral;1;;1;;;;;;;;2;;;;
25/08/2012;19:11:00;4557;com vítima;105;BR-040/RJ;Norte;Atropelamento - Pedestre;;;;1;;;;;;;0;2;;;
25/08/2012;01:31:00;4387;sem vítima;114;BR-040/RJ;Sul;Colisão Lateral;2;;;;;;;;;;2;;;;
25/08/2012;20:01:00;4566;sem vítima;114;BR-040/RJ;Sul;Derrapagem;1;;;;;;;;;;1;;;;
25/08/2012;04:29:00;4398;com vítima;116;BR-040/RJ;Sul;Choque - Objeto Fixo;1;;;;;;;;;;0;2;1;;
25/08/2012;19:57:00;4564;com vítima;116;BR-040/RJ;Sul;Derrapagem;2;;;1;;;;;;;2;;1;;
26/08/2012;06:56:00;4618;com vítima;3;BR-040/RJ;Sul;Derrapagem;1;;;;;;;;;;0;1;;;
26/08/2012;09:15:00;4648;com vítima;3;BR-040/RJ;Sul;Colisão Traseira;2;;;;;;;;;;0;2;;;
26/08/2012;07:46:00;4623;com vítima;76;BR-040/RJ;Norte;Capotamento;1;;;;;;;;;;0;5;;;
26/08/2012;20:46:00;4746;sem vítima;82;BR-040/RJ;Sul;Colisão Traseira;2;;;;;;;;;;2;;;;
26/08/2012;01:06:00;4593;sem vítima;88;BR-040/RJ;Norte;Choque - Objeto Fixo;1;;;;;;;;;;1;;;;
26/08/2012;07:49:00;4625;com vítima;90;BR-040/RJ;Sul;Capotamento;1;;;;;;;;;;0;1;;;
26/08/2012;05:00:00;4603;sem vítima;93;BR-040/RJ;Norte;Choque - Objeto Fixo;1;;;;;;;;;;1;;;;
26/08/2012;04:38:00;4601;sem vítima;102;BR-040/RJ;Norte;Choque - Objeto Fixo;1;;;;;;;;;;1;;;;
26/08/2012;09:49:00;4652;com vítima;116;BR-040/RJ;Norte;Queda de Moto;;;;1;;;;;;;0;1;;;
26/08/2012;23:29:00;4769;com vítima;805;BR-040/MG;Norte;Choque - Objeto Fixo;1;;;;;;;;;;3;1;;;
26/08/2012;11:53:00;4667;sem vítima;810;BR-040/MG;Sul;Choque - Objeto Fixo;;;1;;;;;;;;1;;;;
26/08/2012;05:00:00;4602;sem vítima;119;BR-040/RJ;Sul;Choque - Objeto Fixo;1;;;;;;;;;;1;;;;
26/08/2012;11:43:00;4666;com vítima;120;BR-040/RJ;Sul;Colisão Lateral;2;;;;;;;;;;0;2;;;
26/08/2012;05:15:00;4605;sem vítima;124;BR-040/RJ;Sul;Choque - Objeto Fixo;1;;;;;;;;;;1;;;;
27/08/2012;19:16:00;4918;sem vítima;78;BR-040/RJ;Sul;Choque - Objeto Fixo;1;;;;;;;;;;1;;;;
27/08/2012;19:26:00;4921;com vítima;87;BR-040/RJ;Sul;Choque - Objeto Fixo;1;;;;;;;;;;0;2;;;
27/08/2012;20:13:00;4930;com vítima;92;BR-040/RJ;Norte;Choque - Objeto Fixo;1;;;;;;;;;;0;1;;;
27/08/2012;18:42:00;4913;sem vítima;94;BR-040/RJ;Sul;Choque - Objeto Fixo;1;;;;;;;;;;1;;;;
27/08/2012;23:01:00;4941;sem vítima;97;BR-040/RJ;Norte;Choque - Objeto Fixo;1;;;;;;;;;;1;;;;
27/08/2012;19:31:00;4923;com vítima;783;BR-040/MG;Norte;Tombamento;;;1;;;;;;;;0;1;;;
27/08/2012;06:59:00;4794;sem vítima;122;BR-040/RJ;Sul;Colisão Lateral;1;;;;1;;;;;;2;;;;
27/08/2012;08:40:00;4819;sem vítima;124;BR-040/RJ;Sul;Colisão Lateral;1;;1;;;;;;;;2;;;;
28/08/2012;14:16:00;5034;com vítima;24;BR-040/RJ;Norte;Choque - Objeto Fixo;1;;;;;;;;;;0;;1;;
28/08/2012;08:05:00;4981;com vítima;66;BR-040/RJ;Sul;Queda de Moto;;;;1;;;;;;;0;1;;;
28/08/2012;23:55:00;5100;com vítima;77;BR-040/RJ;Sul;Choque - Objeto Fixo;1;;;;;;;;;;0;;1;;
28/08/2012;15:26:00;5044;sem vítima;79;BR-040/RJ;Norte;Colisão Traseira;;;2;;;;;;;;2;;;;
28/08/2012;15:42:00;5045;sem vítima;80;BR-040/RJ;Norte;Choque - Objeto Fixo;1;;;;;;;;;;1;;;;
28/08/2012;17:25:00;5058;sem vítima;80;BR-040/RJ;Norte;Colisão Traseira;2;;;;;;;;;;2;;;;
28/08/2012;17:30:00;5060;com vítima;94;BR-040/RJ;Sul;Capotamento;1;;;;;;;;;;0;3;;;
28/08/2012;19:50:00;5078;sem vítima;94;BR-040/RJ;Sul;Choque - Objeto Fixo;1;;;;;;;;;;1;;;;
28/08/2012;18:52:00;5070;com vítima;96;BR-040/RJ;Sul;Choque - Objeto Fixo;1;;;;;;;;;;0;2;1;;
28/08/2012;01:35:00;4953;com vítima;787;BR-040/MG;Norte;Tombamento;;;1;;;;;;;;0;;;;1
29/08/2012;20:46:00;5259;sem vítima;72;BR-040/RJ;Sul;Choque - Objeto Fixo;1;;;;;;;;;;1;;;;
29/08/2012;11:09:00;5177;com vítima;86;BR-040/RJ;Sul;Choque - Objeto Fixo;1;;;;;;;;;;0;1;;;
29/08/2012;11:02:00;5175;com vítima;92;BR-040/RJ;Sul;Choque - Objeto Fixo;1;;;;;;;;;;0;;1;;
29/08/2012;11:50:00;5182;sem vítima;94;BR-040/RJ;Sul;Choque - Objeto Fixo;1;;;;;;;;;;1;;;;
29/08/2012;12:06:00;5184;sem vítima;94;BR-040/RJ;Sul;Choque - Objeto Fixo;1;;;;;;;;;;1;;;;
29/08/2012;14:00:00;5203;com vítima;95;BR-040/RJ;Norte;Queda de Moto;;;;1;;;;;;;0;1;;;
29/08/2012;14:22:00;5206;sem vítima;95;BR-040/RJ;Norte;Choque - Objeto Fixo;1;;;;;;;;;;1;;;;
29/08/2012;19:02:00;5245;sem vítima;109;BR-040/RJ;Sul;Colisão Lateral;1;;;;;1;;;;;2;;;;
30/08/2012;23:57:00;5472;sem vítima;82;BR-040/RJ;Sul;Choque - Objeto Fixo;1;;;;;;;;;;1;;;;
30/08/2012;18:51:00;5434;sem vítima;88;BR-040/RJ;Norte;Colisão Lateral;;;2;;;;;;;;2;;;;
30/08/2012;19:29:00;5439;sem vítima;96;BR-040/RJ;Sul;Choque - Objeto Fixo;1;;;;;;;;;;1;;;;
30/08/2012;16:46:00;5415;sem vítima;104;BR-040/RJ;Sul;Colisão Traseira;1;;;;1;;;;;;2;;;;
30/08/2012;19:07:00;5436;sem vítima;109;BR-040/RJ;Norte;Colisão Lateral;2;;;;;;;;;;2;;;;
30/08/2012;19:27:00;5438;sem vítima;115;BR-040/RJ;Norte;Choque - Objeto Fixo;1;;;;;;;;;;1;;;;
31/08/2012;23:05:00;5629;com vítima;1;BR-040/RJ;Norte;Choque - Objeto Fixo;1;;;;;;;;;;0;1;;;
31/08/2012;17:18:00;5576;com vítima;66;BR-040/RJ;Sul;Colisão Lateral;1;;;1;;;;;;;0;3;;;
31/08/2012;10:53:00;5522;com vítima;70;BR-040/RJ;Sul;Choque - Objeto Fixo;1;;;;;;;;;;0;1;;;
31/08/2012;09:50:00;5513;com vítima;79;BR-040/RJ;Norte;Capotamento;1;;;;;;;;;;0;1;;;1
31/08/2012;20:12:00;5607;sem vítima;82;BR-040/RJ;Sul;Engavetamento;3;;;;;;;;;;3;;;;
31/08/2012;03:12:00;5480;com vítima;93;BR-040/RJ;Norte;Choque - Objeto Fixo;1;;;;;;;;;;0;1;;;
31/08/2012;23:11:00;5630;com vítima;105;BR-040/RJ;Norte;Colisão Lateral;1;1;;;;;;;;;1;1;;;
31/08/2012;18:16:00;5587;sem vítima;110;BR-040/RJ;Norte;Colisão Traseira;2;;;;;;;;;;2;;;;
31/08/2012;19:49:00;5605;sem vítima;112;BR-040/RJ;Norte;Colisão Traseira;2;;;;;;;;;;2;;;;
31/08/2012;17:49:00;5581;sem vítima;113;BR-040/RJ;Norte;Colisão Traseira;1;;1;;;;;;;;2;;;;
31/08/2012;18:00:00;5583;sem vítima;781;BR-040/MG;Norte;Choque - Objeto Fixo;1;;;;;;;;;;1;;;;
31/08/2012;23:02:00;5628;sem vítima;815;BR-040/MG;Sul;Choque - Objeto Fixo;1;;;;;;;;;;1;;;;
31/08/2012;07:20:00;5496;sem vítima;816;BR-040/MG;Sul;Colisão Lateral;1;;1;;;;;;;;2;;;;
01/09/2012;19:51:00;168;sem vítima;60;BR-040/RJ;Sul;Choque - Objeto Fixo;1;;;;;;;;;;1;;;;
01/09/2012;01:37:00;4;com vítima;69;BR-040/RJ;Norte;Choque - Objeto Fixo;1;;;;;;;;;;0;1;;;
01/09/2012;21:33:00;188;sem vítima;81;BR-040/RJ;Norte;Derrapagem;1;;;;;;;;;;1;;;;
01/09/2012;11:50:00;87;sem vítima;90;BR-040/RJ;Norte;Colisão Traseira;2;;;;;;;;;;2;;;;
01/09/2012;17:42:00;143;sem vítima;92;BR-040/RJ;Norte;Choque - Objeto Fixo;1;;;;;;;;;;1;;;;
01/09/2012;12:39:00;97;sem vítima;101;BR-040/RJ;Norte;Colisão Traseira;2;;;;;;;;;;2;;;;
01/09/2012;06:47:00;32;sem vítima;104;BR-040/RJ;Sul;Colisão Lateral;2;;;;;;;;;;2;;;;
01/09/2012;09:32:00;64;com vítima;105;BR-040/RJ;Norte;Atropelamento - Pedestre;;1;;1;;;;;;;0;1;1;;
01/09/2012;17:23:00;141;com vítima;105;BR-040/RJ;Norte;Colisão Frontal;1;;;1;;;;;;;1;1;;;
01/09/2012;10:01:00;68;com vítima;109;BR-040/RJ;Norte;Capotamento;1;;;;;;;;;;3;1;;;
01/09/2012;18:05:00;153;sem vítima;109;BR-040/RJ;Sul;Choque - Objeto Fixo;1;;;;;;;;;;1;;;;
01/09/2012;11:20:00;84;sem vítima;812;BR-040/MG;Norte;Choque - Objeto Fixo;1;;;;;;;;;;1;;;;
01/09/2012;08:02:00;44;sem vítima;124;BR-040/RJ;Sul;Engavetamento;2;;2;;;;;;;;4;;;;
02/09/2012;08:47:00;239;com vítima;53;BR-040/RJ;Norte;Queda de Moto;1;;;1;;;;;;;2;;;;1
02/09/2012;05:51:00;225;com vítima;107;BR-040/RJ;Norte;Colisão Lateral;2;;;;;;;;;;1;2;;;
02/09/2012;18:28:00;337;com vítima;107;BR-040/RJ;Norte;Choque - Objeto Fixo;1;;;;;;;;;;0;1;;;
02/09/2012;19:01:00;346;sem vítima;117;BR-040/RJ;Sul;Choque - Objeto Fixo;1;;;;;;;;;;1;;;;
02/09/2012;15:25:00;303;sem vítima;122;BR-040/RJ;Sul;Colisão Traseira;2;;;;;;;;;;2;;;;
02/09/2012;04:50:00;223;sem vítima;123;BR-040/RJ;Sul;Colisão Traseira;1;;;1;;;;;;;2;;;;
02/09/2012;03:44:00;217;com vítima;124;BR-040/RJ;Sul;Capotamento;1;;;;;;;;;;0;1;;;
02/09/2012;14:07:00;286;sem vítima;124;BR-040/RJ;Sul;Colisão Traseira;2;;;;;;;;;;2;;;;
03/09/2012;13:43:00;492;com vítima;58;BR-040/RJ;Sul;Atropelamento - Pedestre;;;;;;1;;;;;1;1;;;
03/09/2012;19:20:00;542;com vítima;96;BR-040/RJ;Sul;Tombamento;;;1;;;;;;;;0;2;;;
03/09/2012;20:02:00;547;com vítima;97;BR-040/RJ;Sul;Queda de Moto;;;;1;;;;;;;0;2;1;;
03/09/2012;16:12:00;514;sem vítima;105;BR-040/RJ;Norte;Engavetamento;3;;;;;;;;;;3;;;;
03/09/2012;14:46:00;502;sem vítima;109;BR-040/RJ;Sul;Colisão Traseira;1;;1;;;;;;;;2;;;;
03/09/2012;15:42:00;510;sem vítima;109;BR-040/RJ;Norte;Colisão Lateral;2;;;;;;;;;;2;;;;
03/09/2012;20:30:00;549;sem vítima;111;BR-040/RJ;Norte;Colisão Lateral;1;;1;;;;;;;;2;;;;
03/09/2012;22:27:00;557;com vítima;115;BR-040/RJ;Norte;Capotamento;1;;;;;1;;;;;1;2;;;
03/09/2012;12:56:00;475;com vítima;778;BR-040/MG;Sul;Tombamento;;;1;;;;;;;;0;1;;;
03/09/2012;06:43:00;404;com vítima;120;BR-040/RJ;Sul;Queda de Moto;;;;1;;;;;;;0;1;;;
03/09/2012;13:29:00;486;sem vítima;123;BR-040/RJ;Sul;Colisão Lateral;1;;;;1;;;;;;2;;;;
03/09/2012;11:00:00;452;sem vítima;124;BR-040/RJ;Sul;Colisão Lateral;1;;1;;;;;;;;2;;;;
04/09/2012;12:07:00;650;com vítima;73;BR-040/RJ;Norte;Choque - Objeto Fixo;1;;;;;;;;;;0;1;;;
04/09/2012;12:16:00;651;sem vítima;74;BR-040/RJ;Norte;Choque - Objeto Fixo;1;;;;;;;;;;1;;;;
04/09/2012;07:11:00;596;sem vítima;78;BR-040/RJ;Sul;Choque - Objeto Fixo;1;;;;;;;;;;1;;;;
04/09/2012;07:38:00;605;sem vítima;78;BR-040/RJ;Sul;Choque - Objeto Fixo;1;;;;;;;;;;1;;;;
04/09/2012;14:27:00;669;sem vítima;81;BR-040/RJ;Norte;Choque - Objeto Fixo;1;;;;;;;;;;1;;;;
04/09/2012;11:47:00;646;sem vítima;84;BR-040/RJ;Sul;Choque - Objeto Fixo;1;;;;;;;;;;1;;;;
04/09/2012;12:42:00;655;sem vítima;85;BR-040/RJ;Norte;Choque - Objeto Fixo;1;;;;;;;;;;1;;;;
04/09/2012;23:43:00;734;com vítima;92;BR-040/RJ;Sul;Colisão Traseira;;;2;;;;;;;;1;;1;;
04/09/2012;07:59:00;607;sem vítima;94;BR-040/RJ;Sul;Choque - Objeto Fixo;1;;;;;;;;;;1;;;;
04/09/2012;09:43:00;623;sem vítima;99;BR-040/RJ;Norte;Colisão Frontal;2;;1;;;;;;;;3;;;;
04/09/2012;10:05:00;625;com vítima;101;BR-040/RJ;Sul;Capotamento;1;;;;;;;;;;0;4;;;
04/09/2012;15:24:00;679;sem vítima;109;BR-040/RJ;Norte;Colisão Lateral;1;;1;;;;;;;;2;;;;
04/09/2012;11:32:00;644;com vítima;778;BR-040/MG;Sul;Capotamento;;;1;;;;;;;;0;;;;1
05/09/2012;23:18:00;916;com vítima;72;BR-040/RJ;Sul;Capotamento;1;;;;;;;;;;0;1;3;;
05/09/2012;16:10:00;855;sem vítima;80;BR-040/RJ;Sul;Choque - Objeto Fixo;1;;;;;;;;;;1;;;;
05/09/2012;12:37:00;814;com vítima;85;BR-040/RJ;Norte;Choque - Objeto Fixo;1;;;;;;;;;;0;1;;;
05/09/2012;17:32:00;874;com vítima;109;BR-040/RJ;Norte;Colisão Traseira;2;;;;;;;;;;1;1;;;
05/09/2012;20:09:00;896;sem vítima;111;BR-040/RJ;Norte;Engavetamento;5;;;;;;;;;;5;;;;
05/09/2012;08:56:00;779;com vítima;112;BR-040/RJ;Sul;Colisão Lateral;1;;1;;;;;;;;1;2;;;
05/09/2012;14:28:00;834;sem vítima;118;BR-040/RJ;Norte;Colisão Traseira;2;;;;;;;;;;2;;;;
05/09/2012;05:41:00;755;com vítima;123;BR-040/RJ;Sul;Engavetamento;2;;2;;;;;;;;3;1;;;
05/09/2012;18:00:00;881;com vítima;123;BR-040/RJ;Norte;Atropelamento - Pedestre;;;;;1;;;;;;1;1;;;
05/09/2012;13:41:00;829;sem vítima;124;BR-040/RJ;Norte;Engavetamento;3;;1;;;;;;;;4;;;;
06/09/2012;22:30:00;1112;sem vítima;22;BR-040/RJ;Norte;Choque - Objeto Fixo;1;;;;;;;;;;1;;;;
06/09/2012;12:37:00;1012;sem vítima;41;BR-040/RJ;Norte;Choque - Objeto Fixo;1;;;;;;;;;;1;;;;
06/09/2012;19:07:00;1082;com vítima;60;BR-040/RJ;Norte;Colisão Traseira;1;;1;;;;;;;;1;;1;;
06/09/2012;09:28:00;973;sem vítima;74;BR-040/RJ;Sul;Colisão Lateral;1;;1;;;;;;;;2;;;;
06/09/2012;17:54:00;1069;sem vítima;82;BR-040/RJ;Norte;Colisão Traseira;2;;;;;;;;;;2;;;;
06/09/2012;23:30:00;1125;sem vítima;93;BR-040/RJ;Norte;Colisão Traseira;2;;;;;;;;;;2;;;;
06/09/2012;13:30:00;1017;sem vítima;105;BR-040/RJ;Sul;Colisão Lateral;2;;;;;;;;;;2;;;;
06/09/2012;15:55:00;1048;com vítima;109;BR-040/RJ;Norte;Colisão Lateral;1;;;1;;;;;;;1;1;;;
06/09/2012;20:23:00;1093;com vítima;815;BR-040/MG;Sul;Choque - Objeto Fixo;1;;;;;;;;;;0;2;;;
06/09/2012;12:23:00;1007;sem vítima;816;BR-040/MG;Norte;Colisão Traseira;;;2;;;;;;;;2;;;;
06/09/2012;22:40:00;1115;sem vítima;821;BR-040/MG;Norte;Colisão Traseira;;;2;;;;;;;;2;;;;
06/09/2012;07:21:00;946;com vítima;121;BR-040/RJ;Sul;Engavetamento;2;;;1;;;;;;;2;2;;;
07/09/2012;07:29:00;1162;com vítima;65;BR-040/RJ;Norte;Colisão Traseira;;;1;1;;;;;;;1;;;;1
07/09/2012;03:32:00;1145;sem vítima;84;BR-040/RJ;Sul;Colisão Traseira;1;;;;;1;;;;;2;;;;
07/09/2012;12:09:00;1203;sem vítima;88;BR-040/RJ;Norte;Choque - Objeto Fixo;1;;;;;;;;;;1;;;;
07/09/2012;12:30:00;1210;sem vítima;104;BR-040/RJ;Sul;Colisão Lateral;;;2;;;;;;;;2;;;;
07/09/2012;13:39:00;1220;com vítima;106;BR-040/RJ;Norte;Colisão Traseira;;;;2;;;;;;;1;;1;;
07/09/2012;09:31:00;1183;com vítima;117;BR-040/RJ;Norte;Queda de Moto;;;;1;;;;;;;0;;;1;
07/09/2012;07:55:00;1166;com vítima;780;BR-040/MG;Sul;Queda de Moto;;;;1;;;;;;;0;2;;;
07/09/2012;19:05:00;1280;sem vítima;784;BR-040/MG;Norte;Colisão Lateral;2;;;;;;;;;;2;;;;
07/09/2012;21:11:00;1296;sem vítima;118;BR-040/RJ;Norte;Colisão Traseira;2;;;;;;;;;;2;;;;
07/09/2012;07:20:00;1159;com vítima;805;BR-040/MG;Norte;Colisão Traseira;1;;1;;;;;;;;3;2;;;
07/09/2012;03:43:00;1147;sem vítima;816;BR-040/MG;Norte;Choque - Objeto Fixo;1;;;;;;;;;;1;;;;