data;horario;n_da_ocorrencia;tipo_de_ocorrencia;km;trecho;sentido;tipo_de_acidente;automovel;bicicleta;caminhao;moto;onibus;outros;tracao_animal;transporte_de_cargas_especiais;trator_maquinas;utilitarios;ilesos;levemente_feridos;moderadamente_feridos;gravemente_feridos;mortos
14/11/2012;18:03:00;2213;sem vítima;96;BR-040/RJ;Sul;Choque - Objeto Fixo;1;;;;;;;;;;1;;;;
14/11/2012;10:10:00;2136;sem vítima;109;BR-040/RJ;Norte;Colisão Lateral;2;;;;;;;;;;2;;;;
14/11/2012;17:08:00;2200;sem vítima;109;BR-040/RJ;Norte;Engavetamento;2;;1;;;;;;;;3;;;;
14/11/2012;18:42:00;2216;com vítima;109;BR-040/RJ;Norte;Colisão Lateral;1;;;1;;;;;;;1;;1;;
14/11/2012;20:39:00;2231;sem vítima;109;BR-040/RJ;Norte;Engavetamento;2;;;;;2;;;;;4;;;;
14/11/2012;21:54:00;2238;sem vítima;111;BR-040/RJ;Norte;Colisão Transversal;1;;1;;;;;;;;2;;;;
14/11/2012;22:01:00;2244;com vítima;112;BR-040/RJ;Norte;Colisão Traseira;2;;;;;;;;;;1;1;;;
14/11/2012;09:16:00;2123;sem vítima;116;BR-040/RJ;Sul;Colisão Traseira;1;;;;;1;;;;;2;;;;
14/11/2012;09:17:00;2124;com vítima;782;BR-040/MG;Norte;Colisão Lateral;;;1;1;;;;;;;1;2;;;
14/11/2012;15:58:00;2188;sem vítima;801;BR-040/MG;Sul;Choque - Objeto Fixo;1;;;;;;;;;;1;;;;
14/11/2012;15:23:00;2180;sem vítima;804;BR-040/MG;Sul;Choque - Objeto Fixo;1;;;;;;;;;;1;;;;
14/11/2012;17:10:00;2201;com vítima;808;BR-040/MG;Sul;Colisão Lateral;1;;;1;;;;;;;1;1;;;
14/11/2012;17:25:00;2206;sem vítima;825;BR-040/MG;Sul;Choque - Objeto Fixo;1;;;;;;;;;;1;;;;
14/11/2012;17:40:00;2209;sem vítima;825;BR-040/MG;Sul;Colisão Lateral;2;;;;;;;;;;2;;;;
15/11/2012;11:24:00;2323;com vítima;25;BR-040/RJ;Sul;Capotamento;1;;;;;;;;;;0;1;1;;
15/11/2012;23:44:00;2416;sem vítima;38;BR-040/RJ;Norte;Choque - Objeto Fixo;1;;;;;;;;;;1;;;;
15/11/2012;12:36:00;2335;com vítima;71;BR-040/RJ;Sul;Tombamento;;;1;;;;;;;;0;1;;;
15/11/2012;05:23:00;2272;sem vítima;78;BR-040/RJ;Sul;Choque - Objeto Fixo;1;;;;;;;;;;1;;;;
15/11/2012;15:53:00;2354;sem vítima;84;BR-040/RJ;Sul;Colisão Traseira;1;;1;;;;;;;;2;;;;
15/11/2012;07:10:00;2282;sem vítima;85;BR-040/RJ;Norte;Choque - Objeto Fixo;1;;;;;;;;;;1;;;;
15/11/2012;16:50:00;2364;sem vítima;85;BR-040/RJ;Norte;Choque - Objeto Fixo;1;;;;;;;;;;1;;;;
15/11/2012;06:36:00;2278;sem vítima;86;BR-040/RJ;Norte;Choque - Objeto Fixo;1;;;;;;;;;;1;;;;
15/11/2012;06:36:00;2279;sem vítima;86;BR-040/RJ;Norte;Colisão Traseira;2;;;;;;;;;;2;;;;
15/11/2012;06:51:00;2280;sem vítima;87;BR-040/RJ;Norte;Choque - Objeto Fixo;1;;;;;;;;;;1;;;;
15/11/2012;04:03:00;2266;com vítima;91;BR-040/RJ;Sul;Choque - Objeto Fixo;1;;;;;;;;;;0;1;;;
15/11/2012;17:13:00;2372;sem vítima;91;BR-040/RJ;Sul;Choque - Objeto Fixo;1;;;;;;;;;;1;;;;
15/11/2012;00:43:00;2255;sem vítima;92;BR-040/RJ;Sul;Choque - Objeto Fixo;1;;;;;;;;;;1;;;;
15/11/2012;16:26:00;2361;sem vítima;93;BR-040/RJ;Norte;Choque - Objeto Fixo;1;;;;;;;;;;1;;;;
15/11/2012;22:36:00;2412;com vítima;102;BR-040/RJ;Norte;Colisão Lateral;2;;;;;;;;;;2;1;;;
15/11/2012;01:11:00;2257;sem vítima;109;BR-040/RJ;Norte;Colisão Traseira;1;;;;1;;;;;;2;;;;
15/11/2012;19:10:00;2391;sem vítima;109;BR-040/RJ;Sul;Choque - Objeto Fixo;1;;;;;;;;;;1;;;;
15/11/2012;07:19:00;2285;sem vítima;112;BR-040/RJ;Sul;Colisão Traseira;2;;;;;;;;;;2;;;;
15/11/2012;07:56:00;2296;sem vítima;115;BR-040/RJ;Norte;Choque - Objeto Fixo;1;;;;;;;;;;1;;;;
15/11/2012;07:40:00;2291;com vítima;790;BR-040/MG;Sul;Colisão Lateral;1;;1;;;;;;;;1;2;;;
15/11/2012;15:07:00;2350;com vítima;816;BR-040/MG;Norte;Colisão Traseira;2;;;;;;;;;;2;2;1;;
16/11/2012;16:03:00;2516;sem vítima;6;BR-040/RJ;Norte;Choque - Objeto Fixo;1;;;;;;;;;;1;;;;
16/11/2012;13:06:00;2496;sem vítima;61;BR-040/RJ;Norte;Colisão Lateral;1;;;1;;;;;;;2;;;;
16/11/2012;23:28:00;2570;sem vítima;73;BR-040/RJ;Norte;Choque - Objeto Fixo;;;2;;;;;;;;2;;;;
16/11/2012;04:19:00;2432;sem vítima;89;BR-040/RJ;Norte;Choque - Objeto Fixo;1;;;;;;;;;;1;;;;
16/11/2012;15:43:00;2514;sem vítima;94;BR-040/RJ;Sul;Capotamento;1;;;;;;;;;;2;;;;
16/11/2012;15:07:00;2510;sem vítima;105;BR-040/RJ;Norte;Colisão Lateral;2;;;;;;;;;;2;;;;
16/11/2012;00:26:00;2419;com vítima;780;BR-040/MG;Sul;Colisão Lateral;;;2;;;;;;;;1;1;;;
16/11/2012;19:34:00;2544;sem vítima;786;BR-040/MG;Norte;Choque - Objeto Fixo;1;;;;;;;;;;1;;;;
16/11/2012;06:35:00;2444;com vítima;801;BR-040/MG;Sul;Tombamento;;;1;;;;;;;;0;1;;;
16/11/2012;07:04:00;2448;sem vítima;821;BR-040/MG;Sul;Choque - Objeto Fixo;;;1;;;;;;;;1;;;;
16/11/2012;07:20:00;2450;com vítima;123;BR-040/RJ;Sul;Colisão Lateral;;;;2;;;;;;;1;1;;;
17/11/2012;10:40:00;2628;com vítima;66;BR-040/RJ;Norte;Choque - Objeto Fixo;1;;;;;;;;;;0;1;;;
17/11/2012;20:44:00;2709;sem vítima;74;BR-040/RJ;Sul;Choque - Objeto Fixo;1;;;;;;;;;;1;;;;
17/11/2012;07:22:00;2600;sem vítima;89;BR-040/RJ;Norte;Choque - Objeto Fixo;1;;;;;;;;;;1;;;;
17/11/2012;08:38:00;2607;sem vítima;93;BR-040/RJ;Sul;Choque - Objeto Fixo;1;;;;;;;;;;1;;;;
17/11/2012;08:42:00;2608;sem vítima;93;BR-040/RJ;Sul;Choque - Objeto Fixo;1;;;;;;;;;;2;;;;
17/11/2012;17:46:00;2689;com vítima;105;BR-040/RJ;Sul;Capotamento;1;;;;;;;;;;0;5;;;
17/11/2012;21:32:00;2718;sem vítima;105;BR-040/RJ;Sul;Colisão Traseira;2;;;;;;;;;;2;;;;
17/11/2012;19:11:00;2696;sem vítima;109;BR-040/RJ;Sul;Capotamento;1;;;;;;;;;;1;;;;
17/11/2012;17:16:00;2680;sem vítima;114;BR-040/RJ;Sul;Queda de Moto;;;;1;;;;;;;1;;;;
17/11/2012;20:58:00;2712;com vítima;817;BR-040/MG;Sul;Atropelamento - Animal;1;;;;;;;;;;0;4;;;
17/11/2012;17:30:00;2685;com vítima;121;BR-040/RJ;Sul;Colisão Lateral;1;;1;;;;;;;;1;;1;;
17/11/2012;15:56:00;2666;sem vítima;124;BR-040/RJ;Sul;Colisão Lateral;1;;;;1;;;;;;2;;;;
18/11/2012;10:11:00;2768;com vítima;34;BR-040/RJ;Norte;Queda de Moto;;;;1;;;;;;;0;1;;;
18/11/2012;10:36:00;2771;sem vítima;70;BR-040/RJ;Norte;Choque - Objeto Fixo;1;;;;;;;;;;1;;;;
18/11/2012;05:34:00;2747;sem vítima;73;BR-040/RJ;Sul;Choque - Objeto Fixo;1;;;;;;;;;;1;;;;
18/11/2012;20:09:00;2854;sem vítima;81;BR-040/RJ;Sul;Choque - Objeto Fixo;1;;;;;;;;;;1;;;;
18/11/2012;17:40:00;2832;com vítima;87;BR-040/RJ;Norte;Choque - Objeto Fixo;1;;;;;;;;;;0;1;;;
18/11/2012;06:38:00;2752;sem vítima;98;BR-040/RJ;Norte;Choque - Objeto Fixo;1;;;;;;;;;;1;;;;
18/11/2012;01:27:00;2731;sem vítima;115;BR-040/RJ;Norte;Atropelamento - Animal;1;;;;;;;;;;1;;;;
18/11/2012;18:38:00;2842;sem vítima;793;BR-040/MG;Norte;Choque - Objeto Fixo;1;;;;;;;;;;1;;;;
18/11/2012;21:19:00;2863;com vítima;828;BR-040/MG;Norte;Queda de Moto;;;;1;;;;;;;0;1;;;
18/11/2012;07:37:00;2758;sem vítima;120;BR-040/RJ;Norte;Colisão Traseira;2;;;;;;;;;;2;;;;
18/11/2012;15:42:00;2807;sem vítima;120;BR-040/RJ;Norte;Choque - Objeto Fixo;;;1;;;;;;;;1;;;;
18/11/2012;15:42:00;2815;sem vítima;120;BR-040/RJ;Norte;Choque - Objeto Fixo;1;;;;;;;;;;1;;;;
18/11/2012;16:45:00;2820;sem vítima;122;BR-040/RJ;Norte;Colisão Lateral;2;;;;;;;;;;2;;;;
19/11/2012;04:40:00;2902;sem vítima;93;BR-040/RJ;Sul;Choque - Objeto Fixo;1;;;;;;;;;;1;;;;
19/11/2012;19:46:00;3050;com vítima;116;BR-040/RJ;Sul;Colisão Traseira;2;;;;;;;;;;1;1;;;
19/11/2012;06:03:00;2910;com vítima;796;BR-040/MG;Sul;Colisão Transversal;2;;;;;;;;;;1;1;;;
20/11/2012;08:14:00;3129;com vítima;33;BR-040/RJ;Sul;Choque - Objeto Fixo;1;;1;;;;;;;;1;1;;;
20/11/2012;19:18:00;3205;sem vítima;70;BR-040/RJ;Norte;Choque - Objeto Fixo;1;;;;;;;;;;1;;;;
20/11/2012;07:06:00;3125;sem vítima;80;BR-040/RJ;Sul;Choque - Objeto Fixo;1;;;;;;;;;;1;;;;
20/11/2012;05:59:00;3113;com vítima;84;BR-040/RJ;Sul;Capotamento;1;;;;;;;;;;0;1;;;
20/11/2012;11:43:00;3147;com vítima;87;BR-040/RJ;Norte;Choque - Objeto Fixo;1;;;;;;;;;;0;2;;;
20/11/2012;11:47:00;3148;com vítima;91;BR-040/RJ;Sul;Capotamento;1;;;;;;;;;;0;1;;;
20/11/2012;11:19:00;3145;sem vítima;93;BR-040/RJ;Sul;Choque - Objeto Fixo;1;;;;;;;;;;1;;;;
20/11/2012;06:40:00;3121;sem vítima;94;BR-040/RJ;Sul;Choque - Objeto Fixo;1;;;;;;;;;;1;;;;
20/11/2012;11:08:00;3142;com vítima;95;BR-040/RJ;Sul;Capotamento;1;;;;;;;;;;0;1;;;
20/11/2012;07:03:00;3124;sem vítima;96;BR-040/RJ;Norte;Choque - Objeto Fixo;1;;;;;;;;;;1;;;;
20/11/2012;06:40:00;3122;com vítima;107;BR-040/RJ;Sul;Colisão Frontal;;1;;1;;;;;;;1;;1;;
20/11/2012;17:47:00;3194;com vítima;109;BR-040/RJ;Norte;Queda de Moto;;;;1;;;;;;;0;1;;;
20/11/2012;12:14:00;3152;sem vítima;787;BR-040/MG;Sul;Capotamento;1;;;;;;;;;;1;;;;
20/11/2012;09:12:00;3133;sem vítima;792;BR-040/MG;Norte;Capotamento;1;;;;;;;;;;1;;;;
20/11/2012;11:12:00;3143;sem vítima;793;BR-040/MG;Sul;Choque - Objeto Fixo;1;;;;;;;;;;1;;;;
20/11/2012;13:11:00;3156;sem vítima;801;BR-040/MG;Sul;Choque - Objeto Fixo;1;;;;;;;;;;3;;;;
20/11/2012;09:19:00;3135;sem vítima;822;BR-040/MG;Norte;Choque - Objeto Fixo;1;;;;;;;;;;1;;;;
21/11/2012;16:51:00;3352;sem vítima;109;BR-040/RJ;Norte;Colisão Lateral;1;;1;;;;;;;;2;;;;
21/11/2012;05:39:00;3258;sem vítima;111;BR-040/RJ;Sul;Engavetamento;3;;;;;;;;;;3;;;;
21/11/2012;19:00:00;3373;sem vítima;124;BR-040/RJ;Sul;Colisão Lateral;1;;1;;;;;;;;2;;;;
22/11/2012;09:19:00;3436;sem vítima;21;BR-040/RJ;Norte;Choque - Objeto Fixo;;;1;;;;;;;;1;;;;
22/11/2012;10:39:00;3449;com vítima;88;BR-040/RJ;Norte;Colisão Traseira;2;;;;;;;;;;2;2;;;
22/11/2012;13:41:00;3468;com vítima;93;BR-040/RJ;Norte;Queda de Moto;;;;1;;;;;;;0;;1;;
22/11/2012;17:04:00;3500;sem vítima;109;BR-040/RJ;Norte;Colisão Lateral;1;;1;;;;;;;;2;;;;
22/11/2012;17:46:00;3504;sem vítima;111;BR-040/RJ;Norte;Colisão Traseira;2;;;;;;;;;;2;;;;
22/11/2012;08:03:00;3421;sem vítima;117;BR-040/RJ;Norte;Engavetamento;4;;1;;;;;;;;5;;;;
22/11/2012;11:06:00;3451;com vítima;784;BR-040/MG;Norte;Colisão Lateral;1;;;1;;;;;;;1;;;1;
22/11/2012;08:51:00;3430;com vítima;120;BR-040/RJ;Sul;Engavetamento;1;;;;2;;;;;;2;1;;;
22/11/2012;06:41:00;3417;com vítima;122;BR-040/RJ;Sul;Colisão Traseira;;;1;1;;;;;;;1;;1;;
22/11/2012;06:41:00;3419;com vítima;122;BR-040/RJ;Sul;Queda de Moto;;;;1;;;;;;;0;1;;;
23/11/2012;13:01:00;3637;sem vítima;73;BR-040/RJ;Sul;Choque - Objeto Fixo;1;;;;;;;;;;1;;;;
23/11/2012;15:30:00;3663;sem vítima;86;BR-040/RJ;Norte;Engavetamento;3;;;;;;;;;;3;;;;
23/11/2012;11:40:00;3621;com vítima;94;BR-040/RJ;Norte;Colisão Traseira;1;;;1;;;;;;;1;1;;;
23/11/2012;22:20:00;3728;sem vítima;96;BR-040/RJ;Norte;Choque - Objeto Fixo;1;;1;;;;;;;;2;;;;
23/11/2012;15:23:00;3659;sem vítima;104;BR-040/RJ;Sul;Colisão Traseira;1;;;;1;;;;;;2;;;;
23/11/2012;12:04:00;3627;com vítima;105;BR-040/RJ;Norte;Colisão Frontal;1;;;1;;;;;;;1;1;;;
23/11/2012;18:05:00;3692;sem vítima;111;BR-040/RJ;Norte;Colisão Traseira;2;;;;;;;;;;2;;;;
23/11/2012;07:56:00;3585;sem vítima;116;BR-040/RJ;Norte;Colisão Lateral;1;;1;;;;;;;;2;;;;
23/11/2012;16:43:00;3679;sem vítima;797;BR-040/MG;Sul;Choque - Objeto Fixo;1;;;;;;;;;;1;;;;
23/11/2012;16:14:00;3669;sem vítima;812;BR-040/MG;Norte;Choque - Objeto Fixo;1;;;;;;;;;;1;;;;
24/11/2012;07:58:00;3781;sem vítima;50;BR-040/RJ;Norte;Choque - Objeto Fixo;1;;;;;;;;;;3;;;;
24/11/2012;22:21:00;3915;sem vítima;84;BR-040/RJ;Norte;Choque - Objeto Fixo;1;;;;;;;;;;1;;;;
24/11/2012;17:35:00;3873;sem vítima;92;BR-040/RJ;Sul;Choque - Objeto Fixo;1;;;;;;;;;;1;;;;
24/11/2012;05:55:00;3765;sem vítima;97;BR-040/RJ;Sul;Choque - Objeto Fixo;1;;;;;;;;;;1;;;;
24/11/2012;13:07:00;3821;sem vítima;111;BR-040/RJ;Norte;Colisão Traseira;1;;1;;;;;;;;2;;;;
24/11/2012;15:13:00;3844;sem vítima;115;BR-040/RJ;Norte;Colisão Traseira;1;;;;;1;;;;;2;;;;
24/11/2012;22:45:00;3918;sem vítima;124;BR-040/RJ;Norte;Choque - Objeto Fixo;1;;;;;;;;;;1;;;;
25/11/2012;11:30:00;3980;sem vítima;5;BR-040/RJ;Norte;Capotamento;1;;;;;;;;;;2;;;;
25/11/2012;16:50:00;4020;com vítima;30;BR-040/RJ;Norte;Capotamento;1;;;;;;;;;;0;1;;;
25/11/2012;13:30:00;3997;sem vítima;31;BR-040/RJ;Norte;Choque - Objeto Fixo;1;;;;;;;;;;1;;;;
25/11/2012;17:32:00;4030;sem vítima;32;BR-040/RJ;Sul;Choque - Objeto Fixo;1;;;;;;;;;;1;;;;
25/11/2012;13:18:00;3995;com vítima;53;BR-040/RJ;Sul;Choque - Objeto Fixo;1;;;;;;;;;;0;5;;;
25/11/2012;14:51:00;4009;com vítima;72;BR-040/RJ;Sul;Capotamento;1;;;;;;;;;;1;1;;;
25/11/2012;19:12:00;4042;sem vítima;78;BR-040/RJ;Sul;Choque - Objeto Fixo;1;;;;;;;;;;1;;;;
25/11/2012;12:56:00;3990;sem vítima;81;BR-040/RJ;Sul;Capotamento;1;;;;;;;;;;2;;;;
25/11/2012;23:33:00;4069;sem vítima;85;BR-040/RJ;Norte;Colisão Lateral;;;2;;;;;;;;2;;;;
25/11/2012;03:10:00;3943;sem vítima;87;BR-040/RJ;Sul;Choque - Objeto Fixo;1;;;;;;;;;;1;;;;
25/11/2012;06:54:00;3958;com vítima;87;BR-040/RJ;Sul;Tombamento;;;1;;;;;;;;0;;1;;
25/11/2012;15:35:00;4014;sem vítima;91;BR-040/RJ;Norte;Choque - Objeto Fixo;1;;;;;;;;;;1;;;;
25/11/2012;11:33:00;3981;sem vítima;92;BR-040/RJ;Sul;Choque - Objeto Fixo;1;;;;;;;;;;1;;;;
25/11/2012;10:11:00;3971;sem vítima;93;BR-040/RJ;Sul;Choque - Objeto Fixo;1;;;;;;;;;;1;;;;
25/11/2012;13:00:00;3991;sem vítima;93;BR-040/RJ;Sul;Choque - Objeto Fixo;1;;;;;;;;;;1;;;;
25/11/2012;14:15:00;4002;com vítima;93;BR-040/RJ;Sul;Capotamento;1;;;;;;;;;;0;4;;;
25/11/2012;13:47:00;4001;sem vítima;94;BR-040/RJ;Norte;Choque - Objeto Fixo;1;;;;;;;;;;1;;;;
25/11/2012;16:14:00;4017;sem vítima;94;BR-040/RJ;Sul;Choque - Objeto Fixo;1;;;;;;;;;;1;;;;
25/11/2012;16:56:00;4021;sem vítima;97;BR-040/RJ;Sul;Choque - Objeto Fixo;1;;;;;;;;;;1;;;;
25/11/2012;06:49:00;3957;sem vítima;105;BR-040/RJ;Norte;Colisão Lateral;2;;;;;;;;;;2;;;;
25/11/2012;19:58:00;4049;sem vítima;105;BR-040/RJ;Norte;Colisão Transversal;2;;;;;;;;;;2;;;;
25/11/2012;03:44:00;3948;com vítima;113;BR-040/RJ;Norte;Choque - Objeto Fixo;1;;;;;;;;;;0;1;;;
25/11/2012;05:37:00;3955;sem vítima;113;BR-040/RJ;Norte;Colisão Lateral;1;;;;;1;;;;;2;;;;
25/11/2012;00:28:00;3929;com vítima;791;BR-040/MG;Sul;Capotamento;1;;;;;;;;;;0;;1;;
25/11/2012;18:05:00;4037;com vítima;815;BR-040/MG;Norte;Choque - Objeto Fixo;1;;;;;;;;;;2;1;;;
25/11/2012;21:27:00;4054;com vítima;821;BR-040/MG;Norte;Colisão Lateral;;1;;;;1;;;;;1;;1;;
25/11/2012;09:25:00;3968;com vítima;120;BR-040/RJ;Norte;Choque - Objeto Fixo;1;;;;;;;;;;0;1;;;
25/11/2012;12:46:00;3989;com vítima;124;BR-040/RJ;Norte;Capotamento;1;;;;;1;;;;;1;1;;;
26/11/2012;16:26:00;4183;sem vítima;32;BR-040/RJ;Sul;Choque - Objeto Fixo;;;1;;;;;;;;1;;;;
26/11/2012;06:44:00;4101;sem vítima;84;BR-040/RJ;Norte;Choque - Objeto Fixo;1;;;;;;;;;;1;;;;
26/11/2012;10:07:00;4131;sem vítima;87;BR-040/RJ;Norte;Choque - Objeto Fixo;1;;;;;;;;;;1;;;;
26/11/2012;22:59:00;4220;com vítima;87;BR-040/RJ;Norte;Choque - Objeto Fixo;1;;;;;;;;;;0;2;2;;
26/11/2012;23:32:00;4221;sem vítima;87;BR-040/RJ;Norte;Colisão Lateral;1;;1;;;;;;;;2;;;;
26/11/2012;10:36:00;4138;sem vítima;90;BR-040/RJ;Sul;Choque - Objeto Fixo;1;;;;;;;;;;1;;;;
26/11/2012;17:21:00;4191;sem vítima;91;BR-040/RJ;Norte;Choque - Objeto Fixo;1;;;;;;;;;;1;;;;
26/11/2012;07:43:00;4108;sem vítima;92;BR-040/RJ;Norte;Choque - Objeto Fixo;1;;;;;;;;;;1;;;;
26/11/2012;16:17:00;4182;sem vítima;94;BR-040/RJ;Sul;Capotamento;1;;;;;;;;;;1;;;;
26/11/2012;18:53:00;4196;sem vítima;96;BR-040/RJ;Norte;Choque - Objeto Fixo;1;;;;;;;;;;1;;;;
26/11/2012;11:20:00;4144;sem vítima;105;BR-040/RJ;Sul;Colisão Lateral;2;;;;;;;;;;2;;;;
26/11/2012;01:00:00;4079;com vítima;109;BR-040/RJ;Sul;Atropelamento - Pedestre;1;;;;;;;;;;1;;1;;
26/11/2012;07:37:00;4107;com vítima;111;BR-040/RJ;Sul;Engavetamento;3;;;;;1;;;;;4;4;;;
26/11/2012;09:12:00;4123;sem vítima;117;BR-040/RJ;Sul;Colisão Traseira;1;;1;;;;;;;;2;;;;
26/11/2012;16:28:00;4184;sem vítima;781;BR-040/MG;Sul;Choque - Objeto Fixo;1;;;;;;;;;;1;;;;
26/11/2012;17:03:00;4187;sem vítima;782;BR-040/MG;Norte;Choque - Objeto Fixo;1;;;;;;;;;;1;;;;
26/11/2012;18:55:00;4197;sem vítima;788;BR-040/MG;Sul;Choque - Objeto Fixo;1;;;;;;;;;;1;;;;
26/11/2012;12:29:00;4152;sem vítima;121;BR-040/RJ;Norte;Colisão Lateral;1;;1;;;;;;;;2;;;;
26/11/2012;14:54:00;4173;sem vítima;123;BR-040/RJ;Norte;Colisão Lateral;;;2;;;;;;;;2;;;;
27/11/2012;13:59:00;4314;sem vítima;11;BR-040/RJ;Norte;Choque - Objeto Fixo;1;;;;;;;;;;1;;;;
27/11/2012;13:51:00;4312;com vítima;68;BR-040/RJ;Sul;Capotamento;1;;;;;;;;;;0;;1;;
27/11/2012;13:51:00;4323;sem vítima;68;BR-040/RJ;Sul;Choque - Objeto Fixo;1;;;;;;;;;;1;;;;
27/11/2012;15:48:00;4334;sem vítima;69;BR-040/RJ;Norte;Choque - Objeto Fixo;1;;;;;;;;;;1;;;;
27/11/2012;20:35:00;4393;com vítima;92;BR-040/RJ;Sul;Tombamento;;;1;;;;;;;;0;;1;;
27/11/2012;07:17:00;4263;com vítima;105;BR-040/RJ;Sul;Colisão Lateral;1;;;1;;;;;;;1;1;;;
27/11/2012;18:20:00;4364;sem vítima;105;BR-040/RJ;Norte;Choque - Objeto Fixo;1;;;;;;;;;;1;;;;
27/11/2012;10:11:00;4283;sem vítima;112;BR-040/RJ;Norte;Colisão Lateral;1;;1;;;;;;;;2;;;;
27/11/2012;22:41:00;4405;sem vítima;112;BR-040/RJ;Norte;Colisão Traseira;1;;;;1;;;;;;2;;;;
27/11/2012;18:42:00;4369;sem vítima;113;BR-040/RJ;Sul;Choque - Objeto Fixo;1;;;;;;;;;;1;;;;
27/11/2012;17:47:00;4357;sem vítima;778;BR-040/MG;Sul;Choque - Objeto Fixo;1;;;;;;;;;;1;;;;
27/11/2012;19:51:00;4383;sem vítima;784;BR-040/MG;Norte;Choque - Objeto Fixo;;;1;;;;;;;;1;;;;
27/11/2012;16:08:00;4340;com vítima;787;BR-040/MG;Norte;Colisão Lateral;1;;1;;;;;;;;1;1;1;;
27/11/2012;18:46:00;4371;sem vítima;793;BR-040/MG;Sul;Choque - Objeto Fixo;1;;;;;;;;;;1;;;;
27/11/2012;15:17:00;4326;sem vítima;794;BR-040/MG;Norte;Choque - Objeto Fixo;1;;;;;;;;;;1;;;;
27/11/2012;00:11:00;4226;sem vítima;799;BR-040/MG;Norte;Choque - Objeto Fixo;1;;;;;;;;;;1;;;;
27/11/2012;13:56:00;4313;sem vítima;121;BR-040/RJ;Sul;Choque - Objeto Fixo;1;;;;;;;;;;1;;;;
27/11/2012;07:03:00;4261;sem vítima;122;BR-040/RJ;Sul;Colisão Lateral;1;;;;1;;;;;;2;;;;
27/11/2012;17:17:00;4354;sem vítima;122;BR-040/RJ;Sul;Colisão Traseira;2;;;;;;;;;;2;;;;
27/11/2012;20:03:00;4385;sem vítima;123;BR-040/RJ;Norte;Colisão Traseira;1;;1;;;;;;;;2;;;;
28/11/2012;17:13:00;4535;sem vítima;22;BR-040/RJ;Sul;Capotamento;1;;;;;;;;;;1;;;;
28/11/2012;07:37:00;4445;sem vítima;80;BR-040/RJ;Sul;Tombamento;;;1;;;;;;;;1;;;;
28/11/2012;08:51:00;4455;sem vítima;80;BR-040/RJ;Sul;Choque - Objeto Fixo;;;1;;;;;;;;1;;;;
28/11/2012;09:05:00;4456;sem vítima;88;BR-040/RJ;Norte;Choque - Objeto Fixo;1;;;;;;;;;;1;;;;
28/11/2012;17:17:00;4538;sem vítima;89;BR-040/RJ;Norte;Colisão Lateral;1;;1;;;;;;;;2;;;;
28/11/2012;15:46:00;4522;com vítima;96;BR-040/RJ;Sul;Capotamento;1;;;;;;;;;;0;1;;;
28/11/2012;07:56:00;4448;com vítima;101;BR-040/RJ;Norte;Colisão Traseira;2;;;;;;;;;;1;1;;;
28/11/2012;11:25:00;4474;com vítima;104;BR-040/RJ;Sul;Colisão Traseira;1;;1;;;;;;;;1;;1;;
28/11/2012;15:59:00;4525;sem vítima;109;BR-040/RJ;Norte;Colisão Lateral;1;;1;;;;;;;;2;;;;
28/11/2012;17:40:00;4541;sem vítima;109;BR-040/RJ;Norte;Colisão Lateral;1;;1;;;;;;;;2;;;;
28/11/2012;06:50:00;4441;sem vítima;110;BR-040/RJ;Norte;Engavetamento;3;;1;;;;;;;;4;;;;
28/11/2012;17:47:00;4544;sem vítima;115;BR-040/RJ;Norte;Colisão Traseira;1;;;;;1;;;;;2;;;;
28/11/2012;18:01:00;4548;sem vítima;116;BR-040/RJ;Norte;Colisão Traseira;2;;;;;;;;;;2;;;;
28/11/2012;07:10:00;4444;sem vítima;787;BR-040/MG;Norte;Choque - Objeto Fixo;1;;;;;;;;;;1;;;;
28/11/2012;17:33:00;4540;sem vítima;793;BR-040/MG;Sul;Choque - Objeto Fixo;1;;;;;;;;;;1;;;;
28/11/2012;04:34:00;4429;sem vítima;118;BR-040/RJ;Norte;Colisão Traseira;2;;;;;;;;;;2;;;;
28/11/2012;00:05:00;4416;com vítima;123;BR-040/RJ;Sul;Colisão Frontal;1;;1;;;;;;;;1;;;1;
28/11/2012;15:00:00;4505;sem vítima;124;BR-040/RJ;Norte;Colisão Lateral;;;1;;1;;;;;;2;;;;
29/11/2012;23:51:00;4790;sem vítima;75;BR-040/RJ;Sul;Choque - Objeto Fixo;1;;;;;;;;;;1;;;;
29/11/2012;14:25:00;4695;sem vítima;77;BR-040/RJ;Sul;Choque - Objeto Fixo;1;;;;;;;;;;1;;;;
29/11/2012;18:42:00;4757;com vítima;95;BR-040/RJ;Sul;Queda de Moto;;;;1;;;;;;;0;1;;;
29/11/2012;12:06:00;4676;com vítima;105;BR-040/RJ;Norte;Choque - Objeto Fixo;1;;;;;;;;;;0;1;;;
29/11/2012;14:48:00;4699;com vítima;105;BR-040/RJ;Sul;Colisão Lateral;2;;;;;;;;;;4;1;;;
29/11/2012;07:44:00;4637;sem vítima;118;BR-040/RJ;Norte;Colisão Lateral;1;;;;1;;;;;;2;;;;
29/11/2012;08:49:00;4651;sem vítima;122;BR-040/RJ;Sul;Colisão Traseira;1;;1;;;;;;;;2;;;;
30/11/2012;08:39:00;4845;com vítima;31;BR-040/RJ;Sul;Tombamento;1;;;;;;;;;;0;1;;;