data;horario;n_da_ocorrencia;tipo_de_ocorrencia;km;trecho;sentido;tipo_de_acidente;automovel;bicicleta;caminhao;moto;onibus;outros;tracao_animal;transporte_de_cargas_especiais;trator_maquinas;utilitarios;ilesos;levemente_feridos;moderadamente_feridos;gravemente_feridos;mortos
14/12/2012;19:59:00;2582;com vítima;34;BR-040/RJ;Norte;Choque - Objeto Fixo;1;;;;;;;;;;1;;1;;
14/12/2012;15:58:00;2515;sem vítima;70;BR-040/RJ;Norte;Choque - Objeto Fixo;1;;;;;;;;;;2;;;;
14/12/2012;18:59:00;2566;sem vítima;82;BR-040/RJ;Sul;Choque - Objeto Fixo;1;;;;;;;;;;1;;;;
14/12/2012;18:26:00;2556;sem vítima;90;BR-040/RJ;Norte;Choque - Objeto Fixo;1;;;;;;;;;;1;;;;
14/12/2012;21:27:00;2594;sem vítima;90;BR-040/RJ;Sul;Choque - Objeto Fixo;1;;;;;;;;;;1;;;;
14/12/2012;13:34:00;2477;sem vítima;113;BR-040/RJ;Sul;Colisão Lateral;1;;1;;;1;;;;;3;;;;
14/12/2012;07:33:00;2427;sem vítima;114;BR-040/RJ;Norte;Choque - Objeto Fixo;1;;;;;;;;;;1;;;;
14/12/2012;07:13:00;2425;sem vítima;785;BR-040/MG;Norte;Choque - Objeto Fixo;1;;;;;;;;;;1;;;;
14/12/2012;07:26:00;2431;com vítima;787;BR-040/MG;Norte;Choque - Objeto Fixo;1;;;;;;;;;;0;1;;;
14/12/2012;01:52:00;2392;com vítima;795;BR-040/MG;Norte;Colisão Traseira;1;;;;;1;;;;;1;1;;;
14/12/2012;14:48:00;2495;sem vítima;828;BR-040/MG;Norte;Choque - Objeto Fixo;1;;;;;;;;;;1;;;;
14/12/2012;03:20:00;2399;sem vítima;120;BR-040/RJ;Norte;Choque - Objeto Fixo;1;;;;;;;;;;1;;;;
14/12/2012;20:33:00;2587;sem vítima;121;BR-040/RJ;Norte;Colisão Traseira;1;;;;;1;;;;;2;;;;
14/12/2012;10:05:00;2447;com vítima;123;BR-040/RJ;Sul;Colisão Lateral;;;;1;;1;;;;;1;1;;;
15/12/2012;14:59:00;2736;sem vítima;34;BR-040/RJ;Norte;Choque - Objeto Fixo;1;;;;;;;;;;3;;;;
15/12/2012;17:04:00;2766;com vítima;34;BR-040/RJ;Norte;Capotamento;1;;;;;;;;;;0;1;;;
15/12/2012;12:13:00;2710;com vítima;56;BR-040/RJ;Norte;Choque - Objeto Fixo;1;;;;;;;;;;0;3;;;
15/12/2012;08:34:00;2661;sem vítima;91;BR-040/RJ;Norte;Choque - Objeto Fixo;1;;;;;1;;;;;2;;;;
15/12/2012;02:55:00;2629;sem vítima;95;BR-040/RJ;Norte;Choque - Objeto Fixo;1;;;;;;;;;;1;;;;
15/12/2012;06:34:00;2645;com vítima;96;BR-040/RJ;Sul;Capotamento;1;;;;;;;;;;0;2;;;
15/12/2012;15:32:00;2744;com vítima;103;BR-040/RJ;Sul;Choque - Objeto Fixo;1;;;;;;;;;;0;1;;;
15/12/2012;14:52:00;2735;sem vítima;104;BR-040/RJ;Sul;Colisão Traseira;2;;;;;;;;;;2;;;;
15/12/2012;17:48:00;2777;sem vítima;104;BR-040/RJ;Sul;Engavetamento;3;;;;;;;;;;3;;;;
15/12/2012;16:36:00;2764;sem vítima;106;BR-040/RJ;Sul;Engavetamento;3;;;;;;;;;;3;;;;
15/12/2012;08:55:00;2668;sem vítima;111;BR-040/RJ;Sul;Colisão Traseira;1;;;;;1;;;;;2;;;;
15/12/2012;14:16:00;2724;com vítima;786;BR-040/MG;Norte;Choque - Objeto Fixo;1;;;;;;;;;;0;2;;;
15/12/2012;15:24:00;2742;com vítima;787;BR-040/MG;Norte;Capotamento;1;;;;;;;;;;0;1;;;
15/12/2012;06:35:00;2646;sem vítima;794;BR-040/MG;Sul;Choque - Objeto Fixo;1;;;;;;;;;;1;;;;
15/12/2012;23:41:00;2826;sem vítima;799;BR-040/MG;Sul;Choque - Objeto Fixo;1;;;;;;;;;;1;;;;
15/12/2012;06:08:00;2643;com vítima;120;BR-040/RJ;Sul;Capotamento;1;;;;;;;;;;0;2;;;
15/12/2012;07:10:00;2649;sem vítima;120;BR-040/RJ;Sul;Colisão Lateral;2;;1;;;;;;;;3;;;;
15/12/2012;11:32:00;2693;sem vítima;124;BR-040/RJ;Sul;Colisão Lateral;1;;1;;;;;;;;2;;;;
16/12/2012;06:16:00;2845;com vítima;9;BR-040/RJ;Norte;Capotamento;1;;;;;;;;;;0;1;;;
16/12/2012;10:51:00;2872;sem vítima;31;BR-040/RJ;Sul;Choque - Objeto Fixo;1;;;;;;;;;;1;;;;
16/12/2012;05:13:00;2838;sem vítima;48;BR-040/RJ;Norte;Choque - Objeto Fixo;1;;;;;;;;;;1;;;;
16/12/2012;11:19:00;2873;com vítima;81;BR-040/RJ;Sul;Queda de Moto;;;;1;;;;;;;0;;1;;
16/12/2012;18:48:00;2943;sem vítima;87;BR-040/RJ;Norte;Choque - Objeto Fixo;1;;;;;;;;;;1;;;;
16/12/2012;16:44:00;2919;sem vítima;90;BR-040/RJ;Norte;Choque - Objeto Fixo;1;;;;;;;;;;1;;;;
16/12/2012;17:30:00;2933;com vítima;90;BR-040/RJ;Norte;Colisão Lateral;;;;1;1;;;;;;1;;2;;
16/12/2012;17:23:00;2932;com vítima;92;BR-040/RJ;Sul;Choque - Objeto Fixo;1;;;;;;;;;;1;3;;;
16/12/2012;17:46:00;2935;sem vítima;92;BR-040/RJ;Sul;Choque - Objeto Fixo;1;;;;;;;;;;1;;;;
16/12/2012;06:14:00;2844;sem vítima;93;BR-040/RJ;Sul;Choque - Objeto Fixo;1;;;;;;;;;;1;;;;
16/12/2012;19:22:00;2945;sem vítima;96;BR-040/RJ;Sul;Choque - Objeto Fixo;1;;;;;;;;;;1;;;;
16/12/2012;17:03:00;2924;sem vítima;98;BR-040/RJ;Sul;Choque - Objeto Fixo;1;;;;;;;;;;1;;;;
16/12/2012;06:21:00;2846;com vítima;99;BR-040/RJ;Norte;Choque - Objeto Fixo;1;;;;;;;;;;0;1;;;
16/12/2012;05:30:00;2841;com vítima;112;BR-040/RJ;Norte;Choque - Objeto Fixo;;;;1;;;;;;;0;;1;;
16/12/2012;10:35:00;2871;com vítima;119;BR-040/RJ;Norte;Colisão Traseira;1;;;;1;;;;;;1;1;;;
16/12/2012;09:11:00;2859;sem vítima;121;BR-040/RJ;Norte;Colisão Lateral;1;;;;1;;;;;;2;;;;
17/12/2012;18:10:00;3126;com vítima;24;BR-040/RJ;Norte;Tombamento;;;1;;;;;;;;0;1;;;
17/12/2012;00:29:00;2985;com vítima;72;BR-040/RJ;Norte;Choque - Objeto Fixo;1;;;;;;;;;;0;1;;;
17/12/2012;14:17:00;3079;sem vítima;74;BR-040/RJ;Norte;Choque - Objeto Fixo;1;;;;;;;;;;1;;;;
17/12/2012;16:29:00;3106;com vítima;77;BR-040/RJ;Sul;Choque - Objeto Fixo;1;;;;;;;;;;0;;2;;
17/12/2012;16:45:00;3110;com vítima;90;BR-040/RJ;Sul;Capotamento;1;;;;;;;;;;1;2;;;
17/12/2012;01:41:00;2991;com vítima;118;BR-040/RJ;Sul;Queda de Moto;;;;1;;;;;;;0;;1;;
17/12/2012;13:39:00;3071;com vítima;808;BR-040/MG;Sul;Choque - Objeto Fixo;1;;;;;;;;;;0;2;;;
17/12/2012;03:52:00;2999;com vítima;119;BR-040/RJ;Norte;Atropelamento - Animal;1;;;;;;;;;;0;1;;;
17/12/2012;20:00:00;3145;sem vítima;122;BR-040/RJ;Norte;Colisão Lateral;;;;1;;1;;;;;2;;;;
17/12/2012;09:51:00;3035;sem vítima;124;BR-040/RJ;Norte;Colisão Traseira;;;1;;1;;;;;;2;;;;
18/12/2012;14:46:00;3274;sem vítima;14;BR-040/RJ;Sul;Choque - Objeto Fixo;1;;;;;;;;;;1;;;;
18/12/2012;14:16:00;3270;com vítima;78;BR-040/RJ;Norte;Colisão Lateral;2;;;;;;;;;;0;1;1;;
18/12/2012;14:26:00;3271;sem vítima;96;BR-040/RJ;Norte;Colisão Lateral;;;1;;;1;;;;;2;;;;
18/12/2012;23:04:00;3359;sem vítima;106;BR-040/RJ;Sul;Colisão Lateral;1;;;;1;;;;;;2;;;;
18/12/2012;10:37:00;3242;com vítima;111;BR-040/RJ;Norte;Queda de Moto;;;;1;;;;;;;0;;1;;
18/12/2012;07:13:00;3203;sem vítima;112;BR-040/RJ;Norte;Colisão Lateral;1;;1;;;;;;;;2;;;;
18/12/2012;06:58:00;3198;sem vítima;120;BR-040/RJ;Sul;Colisão Traseira;2;;;;;;;;;;2;;;;
18/12/2012;06:50:00;3196;sem vítima;122;BR-040/RJ;Norte;Colisão Traseira;1;;1;;;;;;;;2;;;;
18/12/2012;13:36:00;3267;sem vítima;123;BR-040/RJ;Sul;Colisão Lateral;1;;1;;;;;;;;2;;;;
18/12/2012;15:55:00;3287;sem vítima;123;BR-040/RJ;Sul;Colisão Lateral;1;;1;;;;;;;;2;;;;
18/12/2012;18:13:00;3311;sem vítima;124;BR-040/RJ;Sul;Colisão Lateral;1;;1;;;;;;;;2;;;;
19/12/2012;17:36:00;3521;sem vítima;28;BR-040/RJ;Sul;Choque - Objeto Fixo;1;;;;;;;;;;1;;;;
19/12/2012;07:39:00;3413;com vítima;86;BR-040/RJ;Norte;Queda de Moto;;;;1;;;;;;;0;1;;;
19/12/2012;15:27:00;3492;com vítima;90;BR-040/RJ;Norte;Colisão Lateral;1;;;;1;;;;;;1;1;;;
19/12/2012;16:19:00;3504;sem vítima;94;BR-040/RJ;Sul;Choque - Objeto Fixo;1;;;;;;;;;;1;;;;
19/12/2012;17:13:00;3515;sem vítima;94;BR-040/RJ;Sul;Tombamento;1;;;;;;;;;;1;;;;
19/12/2012;05:31:00;3392;sem vítima;111;BR-040/RJ;Sul;Engavetamento;4;;;;;;;;;;4;;;;
19/12/2012;23:50:00;3576;com vítima;112;BR-040/RJ;Sul;Capotamento;1;;;;;;;;;;3;3;;;
19/12/2012;16:02:00;3498;com vítima;113;BR-040/RJ;Norte;Colisão Traseira;2;;;;;;;;;;1;;1;;
19/12/2012;16:14:00;3502;sem vítima;113;BR-040/RJ;Norte;Colisão Traseira;1;;1;;;;;;;;2;;;;
19/12/2012;16:15:00;3506;sem vítima;805;BR-040/MG;Norte;Choque - Objeto Fixo;1;;;;;;;;;;1;;;;
19/12/2012;15:46:00;3494;sem vítima;119;BR-040/RJ;Norte;Colisão Traseira;1;;;;1;;;;;;2;;;;
19/12/2012;12:26:00;3472;sem vítima;123;BR-040/RJ;Sul;Colisão Traseira;1;;1;;;;;;;;2;;;;
19/12/2012;08:40:00;3431;sem vítima;124;BR-040/RJ;Sul;Colisão Traseira;1;;1;;;;;;;;2;;;;
20/12/2012;09:44:00;3624;sem vítima;7;BR-040/RJ;Sul;Choque - Objeto Fixo;1;;;;;;;;;;1;;;;
20/12/2012;12:12:00;3656;sem vítima;63;BR-040/RJ;Sul;Colisão Lateral;1;;1;;;;;;;;2;;;;
20/12/2012;09:01:00;3616;sem vítima;72;BR-040/RJ;Norte;Colisão Lateral;1;;1;;;;;;;;2;;;;
20/12/2012;15:46:00;3702;sem vítima;96;BR-040/RJ;Norte;Choque - Objeto Fixo;1;;;;;;;;;;1;;;;
20/12/2012;14:58:00;3690;com vítima;114;BR-040/RJ;Sul;Queda de Moto;;;;1;;;;;;;0;1;;;
20/12/2012;08:10:00;3608;sem vítima;118;BR-040/RJ;Sul;Colisão Traseira;2;;;;;;;;;;2;;;;
20/12/2012;19:30:00;3751;sem vítima;800;BR-040/MG;Sul;Choque - Objeto Fixo;1;;;;;;;;;;1;;;;
20/12/2012;07:44:00;3604;com vítima;810;BR-040/MG;Norte;Colisão Frontal;1;;1;;;;;;;;1;1;;;
20/12/2012;14:12:00;3683;com vítima;122;BR-040/RJ;Sul;Colisão Lateral;1;;;1;;;;;;;1;1;1;;
20/12/2012;18:33:00;3745;com vítima;124;BR-040/RJ;Sul;Queda de Moto;;;;1;;;;;;;0;;1;;
21/12/2012;07:36:00;3822;sem vítima;25;BR-040/RJ;Sul;Choque - Objeto Fixo;1;;;;;;;;;;1;;;;
21/12/2012;12:27:00;3873;sem vítima;62;BR-040/RJ;Sul;Tombamento;;;1;;;;;;;;1;;;;
21/12/2012;17:17:00;3935;com vítima;68;BR-040/RJ;Norte;Tombamento;;;1;;;;;;;;0;;1;;
21/12/2012;14:33:00;3897;sem vítima;69;BR-040/RJ;Sul;Colisão Lateral;2;;;;;;;;;;4;;;;
21/12/2012;15:39:00;3912;com vítima;92;BR-040/RJ;Sul;Capotamento;1;;;;;;;;;;1;1;;;
21/12/2012;06:15:00;3806;sem vítima;94;BR-040/RJ;Sul;Tombamento;;;1;;;;;;;;1;;;;
21/12/2012;19:32:00;3965;com vítima;102;BR-040/RJ;Norte;Queda de Moto;;;;1;;;;;;;0;;1;;
21/12/2012;11:35:00;3860;com vítima;105;BR-040/RJ;Sul;Colisão Lateral;;;1;1;;;;;;;1;1;;;
21/12/2012;15:46:00;3917;sem vítima;109;BR-040/RJ;Sul;Colisão Lateral;1;;;;;1;;;;;2;;;;
21/12/2012;10:32:00;3847;com vítima;114;BR-040/RJ;Sul;Queda de Moto;;;;1;;;;;;;0;1;;;
21/12/2012;19:37:00;3966;sem vítima;117;BR-040/RJ;Norte;Colisão Lateral;;;;;1;1;;;;;2;;;;
21/12/2012;08:22:00;3825;com vítima;794;BR-040/MG;Sul;Choque - Objeto Fixo;1;;;;;;;;;;0;1;;;
21/12/2012;15:34:00;3908;com vítima;120;BR-040/RJ;Norte;Colisão Traseira;1;;1;;;;;;;;1;1;;;
21/12/2012;16:09:00;3925;sem vítima;120;BR-040/RJ;Norte;Colisão Lateral;1;;1;;;;;;;;2;;;;
21/12/2012;12:20:00;3869;com vítima;121;BR-040/RJ;Sul;Atropelamento - Pedestre;1;;;;;;;;;;1;;;1;
21/12/2012;21:18:00;3978;com vítima;123;BR-040/RJ;Sul;Colisão Traseira;1;;;;1;;;;;;1;1;;;
21/12/2012;20:54:00;3976;sem vítima;124;BR-040/RJ;Norte;Engavetamento;1;;2;;;;;;;;3;;;;
22/12/2012;04:18:00;4016;sem vítima;55;BR-040/RJ;Sul;Choque - Objeto Fixo;1;;;;;;;;;;1;;;;
22/12/2012;16:06:00;4148;sem vítima;60;BR-040/RJ;Norte;Colisão Lateral;1;;1;;;;;;;;2;;;;
22/12/2012;23:50:00;4230;sem vítima;84;BR-040/RJ;Norte;Choque - Objeto Fixo;1;;;;;;;;;;1;;;;
22/12/2012;14:32:00;4117;sem vítima;93;BR-040/RJ;Norte;Colisão Traseira;1;;1;;;;;;;;2;;;;
22/12/2012;01:34:00;4004;sem vítima;94;BR-040/RJ;Norte;Colisão Lateral;1;;1;;;;;;;;2;;;;
22/12/2012;09:23:00;4056;sem vítima;95;BR-040/RJ;Norte;Choque - Objeto Fixo;;;1;;;;;;;;1;;;;
22/12/2012;07:49:00;4038;sem vítima;100;BR-040/RJ;Sul;Choque - Objeto Fixo;1;;;;;;;;;;1;;;;
22/12/2012;07:04:00;4029;sem vítima;104;BR-040/RJ;Sul;Colisão Traseira;1;;;;;1;;;;;2;;;;
22/12/2012;14:45:00;4121;sem vítima;104;BR-040/RJ;Sul;Colisão Traseira;2;;;;;;;;;;2;;;;
22/12/2012;15:38:00;4138;sem vítima;110;BR-040/RJ;Sul;Capotamento;1;;;;;;;;;;1;;;;
22/12/2012;16:32:00;4155;sem vítima;777;BR-040/MG;Norte;Queda de Moto;;;;1;;;;;;;1;;;;
22/12/2012;17:31:00;4164;sem vítima;780;BR-040/MG;Norte;Capotamento;1;;;;;;;;;;1;;;;
22/12/2012;17:47:00;4169;sem vítima;781;BR-040/MG;Norte;Colisão Lateral;2;;;;;;;;;;2;;;;
22/12/2012;04:01:00;4014;sem vítima;811;BR-040/MG;Sul;Choque - Objeto Fixo;1;;;;;;;;;;1;;;;
23/12/2012;19:18:00;4374;sem vítima;53;BR-040/RJ;Norte;Choque - Objeto Fixo;1;;;;;;;;;;1;;;;
23/12/2012;15:02:00;4330;com vítima;59;BR-040/RJ;Sul;Choque - Objeto Fixo;1;;;;;;;;;;1;1;;;
23/12/2012;15:29:00;4335;com vítima;68;BR-040/RJ;Norte;Choque - Objeto Fixo;2;;;;;;;;;;3;;1;;
23/12/2012;16:35:00;4353;sem vítima;68;BR-040/RJ;Norte;Choque - Objeto Fixo;1;;;;;;;;;;1;;;;
23/12/2012;16:58:00;4348;sem vítima;69;BR-040/RJ;Norte;Choque - Objeto Fixo;1;;;;;;;;;;1;;;;
23/12/2012;16:28:00;4342;sem vítima;70;BR-040/RJ;Norte;Choque - Objeto Fixo;1;;;;;;;;;;2;;;;
23/12/2012;17:43:00;4358;com vítima;75;BR-040/RJ;Sul;Capotamento;1;;;;;;;;;;0;1;;;
23/12/2012;19:39:00;4375;sem vítima;77;BR-040/RJ;Sul;Choque - Objeto Fixo;1;;;;;;;;;;1;;;;
23/12/2012;17:32:00;4357;com vítima;84;BR-040/RJ;Sul;Capotamento;1;;;;;;;;;;0;2;1;;
23/12/2012;19:00:00;4370;sem vítima;84;BR-040/RJ;Sul;Choque - Objeto Fixo;1;;;;;;;;;;1;;;;
23/12/2012;19:00:00;4378;sem vítima;84;BR-040/RJ;Sul;Choque - Objeto Fixo;1;;;;;;;;;;1;;;;
23/12/2012;17:44:00;4359;sem vítima;85;BR-040/RJ;Norte;Choque - Objeto Fixo;1;;;;;;;;;;1;;;;
23/12/2012;18:47:00;4367;sem vítima;85;BR-040/RJ;Norte;Choque - Objeto Fixo;1;;;;;;;;;;1;;;;
23/12/2012;17:28:00;4356;sem vítima;91;BR-040/RJ;Norte;Choque - Objeto Fixo;1;;;;;;;;;;1;;;;
23/12/2012;00:42:00;4233;sem vítima;93;BR-040/RJ;Norte;Choque - Objeto Fixo;1;;;;;;;;;;1;;;;
23/12/2012;18:37:00;4364;sem vítima;94;BR-040/RJ;Sul;Choque - Objeto Fixo;1;;;;;;;;;;1;;;;
23/12/2012;16:58:00;4347;com vítima;96;BR-040/RJ;Norte;Choque - Objeto Fixo;1;;;;;;;;;;0;3;;;
23/12/2012;02:20:00;4246;sem vítima;101;BR-040/RJ;Sul;Choque - Objeto Fixo;1;;;;;;;;;;1;;;;
23/12/2012;05:55:00;4251;sem vítima;111;BR-040/RJ;Sul;Choque - Objeto Fixo;1;;;;;;;;;;1;;;;
23/12/2012;15:23:00;4333;com vítima;777;BR-040/MG;Norte;Atropelamento - Pedestre;;;;;;1;;;;;1;;;;1
23/12/2012;22:18:00;4391;sem vítima;118;BR-040/RJ;Sul;Colisão Traseira;1;;;;;1;;;;;2;;;;
23/12/2012;07:29:00;4255;sem vítima;119;BR-040/RJ;Norte;Choque - Objeto Fixo;1;;;;;;;;;;1;;;;
23/12/2012;23:16:00;4395;com vítima;121;BR-040/RJ;Norte;Choque - Objeto Fixo;1;;;;;;;;;;0;1;;;
23/12/2012;20:59:00;4386;com vítima;123;BR-040/RJ;Norte;Capotamento;1;;;;;;;;;;0;1;;;
24/12/2012;01:16:00;4405;com vítima;7;BR-040/RJ;Sul;Atropelamento - Pedestre;;;;;;1;;;;;1;;;;1
24/12/2012;06:37:00;4424;sem vítima;52;BR-040/RJ;Norte;Choque - Objeto Fixo;1;;;;;;;;;;1;;;;
24/12/2012;16:25:00;4490;sem vítima;82;BR-040/RJ;Sul;Choque - Objeto Fixo;1;;;;;;;;;;1;;;;
24/12/2012;04:50:00;4415;sem vítima;86;BR-040/RJ;Norte;Choque - Objeto Fixo;1;;;;;;;;;;1;;;;
24/12/2012;00:46:00;4404;sem vítima;104;BR-040/RJ;Norte;Colisão Traseira;1;;;;;1;;;;;2;;;;
24/12/2012;22:38:00;4532;com vítima;105;BR-040/RJ;Norte;Atropelamento - Pedestre;1;;;;;;;;;;1;;1;;
24/12/2012;11:09:00;4451;com vítima;123;BR-040/RJ;Norte;Colisão Lateral;1;;;1;;;;;;;1;;1;;
25/12/2012;07:33:00;4555;sem vítima;82;BR-040/RJ;Sul;Choque - Objeto Fixo;1;;;;;;;;;;1;;;;
25/12/2012;16:50:00;4631;com vítima;87;BR-040/RJ;Norte;Colisão Traseira;1;;;1;;;;;;;1;1;1;;
25/12/2012;18:13:00;4645;com vítima;113;BR-040/RJ;Norte;Colisão Traseira;2;;;;;;;;;;1;2;1;;
25/12/2012;16:21:00;4622;sem vítima;118;BR-040/RJ;Norte;Colisão Traseira;2;;;;;;;;;;2;;;;
25/12/2012;18:13:00;4646;com vítima;821;BR-040/MG;Norte;Queda de Moto;;;;1;;;;;;;0;;;;1
25/12/2012;22:41:00;4683;sem vítima;125;BR-040/RJ;Norte;Colisão Traseira;2;;;;;;;;;;2;;;;
26/12/2012;11:47:00;4791;com vítima;88;BR-040/RJ;Norte;Choque - Objeto Fixo;1;;;;;;;;;;0;;2;;
26/12/2012;04:46:00;4717;com vítima;91;BR-040/RJ;Sul;Choque - Objeto Fixo;;;1;;;;;;;;0;2;;;
26/12/2012;07:16:00;4735;com vítima;106;BR-040/RJ;Norte;Colisão Traseira;;;;;2;;;;;;1;1;;;
26/12/2012;20:21:00;4909;com vítima;124;BR-040/RJ;Norte;Colisão Lateral;1;;;;1;;;;;;4;1;1;;
27/12/2012;20:38:00;5097;sem vítima;43;BR-040/RJ;Norte;Tombamento;;;1;;;;;;;;2;;;;
27/12/2012;15:14:00;5055;sem vítima;60;BR-040/RJ;Norte;Choque - Objeto Fixo;1;;;;;;;;;;1;;;;
27/12/2012;17:03:00;5073;sem vítima;78;BR-040/RJ;Sul;Choque - Objeto Fixo;1;;;;;;;;;;1;;;;
27/12/2012;23:12:00;5109;sem vítima;85;BR-040/RJ;Sul;Colisão Traseira;;;1;;;1;;;;;2;;;;
27/12/2012;11:22:00;5008;sem vítima;94;BR-040/RJ;Norte;Colisão Traseira;1;;1;;;;;;;;2;;;;
27/12/2012;08:01:00;4966;sem vítima;105;BR-040/RJ;Norte;Colisão Traseira;2;;;;;;;;;;2;;;;
27/12/2012;10:46:00;5002;sem vítima;108;BR-040/RJ;Norte;Colisão Traseira;2;;;;;;;;;;2;;;;
27/12/2012;10:00:00;4994;com vítima;109;BR-040/RJ;Sul;Capotamento;1;;;;;;;;;;0;2;;;
27/12/2012;01:22:00;4940;sem vítima;117;BR-040/RJ;Norte;Colisão Traseira;2;;;;;;;;;;2;;;;
27/12/2012;17:25:00;5076;com vítima;123;BR-040/RJ;Norte;Colisão Traseira;1;;1;;;;;;;;2;2;;;
27/12/2012;06:53:00;4957;sem vítima;124;BR-040/RJ;Sul;Colisão Lateral;1;;1;;;;;;;;2;;;;
28/12/2012;16:05:00;5236;sem vítima;56;BR-040/RJ;Sul;Choque - Objeto Fixo;1;;;;;;;;;;1;;;;
28/12/2012;15:46:00;5227;sem vítima;58;BR-040/RJ;Norte;Colisão Lateral;1;;1;;;;;;;;2;;;;
28/12/2012;16:00:00;5232;sem vítima;78;BR-040/RJ;Norte;Choque - Objeto Fixo;1;;;;;;;;;;1;;;;
28/12/2012;16:16:00;5242;com vítima;78;BR-040/RJ;Norte;Colisão Traseira;2;;;;;;;;;;0;3;;;
28/12/2012;06:46:00;5151;sem vítima;83;BR-040/RJ;Sul;Choque - Objeto Fixo;1;;;;;;;;;;1;;;;
28/12/2012;16:08:00;5238;sem vítima;91;BR-040/RJ;Sul;Capotamento;1;;;;;;;;;;1;;;;
28/12/2012;16:08:00;5239;com vítima;91;BR-040/RJ;Sul;Capotamento;1;;;;;;;;;;1;2;;;
28/12/2012;00:58:00;5117;sem vítima;96;BR-040/RJ;Sul;Choque - Objeto Fixo;;;1;;;;;;;;1;;;;
28/12/2012;16:21:00;5243;sem vítima;96;BR-040/RJ;Sul;Choque - Objeto Fixo;1;;;;;;;;;;1;;;;
28/12/2012;22:00:00;5291;sem vítima;99;BR-040/RJ;Norte;Choque - Objeto Fixo;1;;;;;;;;;;2;;;;
28/12/2012;18:01:00;5263;sem vítima;105;BR-040/RJ;Norte;Colisão Traseira;2;;;;;;;;;;2;;;;
28/12/2012;22:35:00;5293;sem vítima;117;BR-040/RJ;Norte;Colisão Transversal;2;;;;;;;;;;2;;;;
28/12/2012;08:50:00;5165;com vítima;782;BR-040/MG;Norte;Tombamento;;;1;;;;;;;;0;2;;;
28/12/2012;04:20:00;5134;com vítima;119;BR-040/RJ;Sul;Capotamento;1;;;;;;;;;;0;1;;;
29/12/2012;15:50:00;5416;sem vítima;78;BR-040/RJ;Sul;Choque - Objeto Fixo;1;;;;;;;;;;1;;;;
29/12/2012;20:52:00;5475;sem vítima;78;BR-040/RJ;Sul;Choque - Objeto Fixo;1;;;;;;;;;;1;;;;
29/12/2012;16:01:00;5418;com vítima;85;BR-040/RJ;Sul;Choque - Objeto Fixo;1;;;;;;;;;;2;2;;;
29/12/2012;19:01:00;5453;sem vítima;96;BR-040/RJ;Norte;Queda de Moto;;;;1;;;;;;;1;;;;
29/12/2012;21:27:00;5482;sem vítima;105;BR-040/RJ;Norte;Colisão Lateral;2;;;;;;;;;;2;;;;
29/12/2012;21:22:00;5481;com vítima;113;BR-040/RJ;Norte;Engavetamento;3;;;;;;;;;;2;2;;;
29/12/2012;15:40:00;5410;sem vítima;117;BR-040/RJ;Norte;Colisão Lateral;2;;;;;;;;;;2;;;;
29/12/2012;07:31:00;5338;sem vítima;796;BR-040/MG;Sul;Choque - Objeto Fixo;1;;;;;;;;;;1;;;;
29/12/2012;07:30:00;5339;sem vítima;815;BR-040/MG;Sul;Choque - Objeto Fixo;1;;;;;;;;;;1;;;;
29/12/2012;12:19:00;5370;sem vítima;123;BR-040/RJ;Sul;Colisão Lateral;1;;1;;;;;;;;2;;;;
30/12/2012;23:05:00;5650;sem vítima;80;BR-040/RJ;Sul;Choque - Objeto Fixo;1;;;;;;;;;;1;;;;
30/12/2012;22:34:00;5644;sem vítima;82;BR-040/RJ;Sul;Choque - Objeto Fixo;1;;;;;;;;;;1;;;;
30/12/2012;16:25:00;5604;sem vítima;84;BR-040/RJ;Sul;Choque - Objeto Fixo;1;;;;;;;;;;1;;;;
30/12/2012;05:01:00;5530;sem vítima;85;BR-040/RJ;Norte;Choque - Objeto Fixo;1;;;;;;;;;;1;;;;
30/12/2012;15:11:00;5589;sem vítima;87;BR-040/RJ;Sul;Colisão Traseira;2;;;;;;;;;;2;;;;
30/12/2012;16:05:00;5595;com vítima;91;BR-040/RJ;Norte;Queda de Moto;;;;1;;;;;;;0;2;;;
30/12/2012;16:15:00;5600;com vítima;93;BR-040/RJ;Sul;Capotamento;1;;;;;;;;;;0;2;;;
30/12/2012;21:02:00;5639;sem vítima;93;BR-040/RJ;Sul;Choque - Objeto Fixo;1;;;;;;;;;;1;;;;
30/12/2012;23:02:00;5647;com vítima;775;BR-040/MG;Sul;Choque - Objeto Fixo;1;;;;;;;;;;0;;1;;
30/12/2012;13:53:00;5581;sem vítima;793;BR-040/MG;Sul;Choque - Objeto Fixo;1;;;;;;;;;;1;;;;
30/12/2012;11:00:00;5566;sem vítima;816;BR-040/MG;Norte;Colisão Traseira;1;;;;;;;;;;1;;;;
31/12/2012;16:52:00;5739;sem vítima;84;BR-040/RJ;Sul;Choque - Objeto Fixo;1;;;;;;;;;;1;;;;
31/12/2012;18:16:00;5745;sem vítima;89;BR-040/RJ;Norte;Colisão Traseira;2;;;;;;;;;;2;;;;
31/12/2012;09:14:00;5680;com vítima;93;BR-040/RJ;Norte;Queda de Moto;;;;1;;;;;;;0;2;;;
31/12/2012;16:22:00;5735;com vítima;823;BR-040/MG;Norte;Choque - Objeto Fixo;1;;;;;;;;;;3;1;;;