data;horario;n_da_ocorrencia;tipo_de_ocorrencia;km;trecho;sentido;tipo_de_acidente;automovel;bicicleta;caminhao;moto;onibus;outros;tracao_animal;transporte_de_cargas_especiais;trator_maquinas;utilitarios;ilesos;levemente_feridos;moderadamente_feridos;gravemente_feridos;mortos
31/12/2012;08:41:00;5677;sem vítima;124;BR-040/RJ;Norte;Choque - Objeto Fixo;1;;;;;;;;;;1;;;;
01/01/2013;22:19:00;168;com vítima;784;BR-040/MG;Norte;Choque - Objeto Fixo;1;;1;;;;;;;;4;2;;;
01/01/2013;20:17:00;152;sem vítima;796;BR-040/MG;Sul;Choque - Objeto Fixo;1;;;;;;;;;;1;;;;
01/01/2013;08:13:00;23;sem vítima;121;BR-040/RJ;Norte;Choque - Objeto Fixo;1;;;;;;;;;;1;;;;
01/01/2013;19:53:00;149;sem vítima;124;BR-040/RJ;Sul;Colisão Traseira;2;;;;;;;;;;2;;;;
02/01/2013;10:16:00;242;sem vítima;50;BR-040/RJ;Norte;Choque - Objeto Fixo;1;;;;;;;;;;1;;;;
02/01/2013;09:46:00;234;com vítima;76;BR-040/RJ;Norte;Atropelamento - Pedestre;1;;;;;;;;;;1;;1;;
02/01/2013;15:45:00;291;sem vítima;85;BR-040/RJ;Norte;Colisão Lateral;;;2;;;;;;;;2;;;;
02/01/2013;19:20:00;325;sem vítima;85;BR-040/RJ;Norte;Derrapagem;1;;;;;;;;;;1;;;;
02/01/2013;09:45:00;233;sem vítima;99;BR-040/RJ;Norte;Choque - Objeto Fixo;1;;;;;;;;;;1;;;;
02/01/2013;10:16:00;243;com vítima;99;BR-040/RJ;Norte;Queda de Moto;;;;1;;;;;;;0;1;;;
02/01/2013;20:52:00;342;com vítima;104;BR-040/RJ;Norte;Colisão Transversal;2;;;;;;;;;;1;;2;;
02/01/2013;10:11:00;240;sem vítima;106;BR-040/RJ;Norte;Choque - Objeto Fixo;1;;;;;;;;;;1;;;;
02/01/2013;18:29:00;318;sem vítima;109;BR-040/RJ;Sul;Engavetamento;2;;;;;1;;;;;3;;;;
02/01/2013;00:14:00;195;sem vítima;775;BR-040/MG;Norte;Choque - Objeto Fixo;1;;;;;;;;;;1;;;;
02/01/2013;18:48:00;320;sem vítima;787;BR-040/MG;Norte;Capotamento;1;;;;;;;;;;1;;;;
02/01/2013;16:20:00;297;sem vítima;118;BR-040/RJ;Norte;Colisão Lateral;1;;;;;1;;;;;2;;;;
02/01/2013;19:33:00;330;sem vítima;810;BR-040/MG;Norte;Choque - Objeto Fixo;1;;;;;;;;;;1;;;;
03/01/2013;02:57:00;383;sem vítima;0;BR-040/RJ;Sul;Atropelamento - Animal;1;;;;;;;;;;1;;;;
03/01/2013;07:05:00;403;com vítima;2;BR-040/RJ;Norte;Choque - Objeto Fixo;1;;;;;;;;;;0;3;;;
03/01/2013;07:15:00;407;sem vítima;5;BR-040/RJ;Sul;Choque - Objeto Fixo;1;;;;;;;;;;1;;;;
03/01/2013;06:27:00;399;com vítima;29;BR-040/RJ;Norte;Capotamento;1;;;;;;;;;;0;;1;;
03/01/2013;07:56:00;412;com vítima;57;BR-040/RJ;Sul;Colisão Traseira;1;;;1;;;;;;;1;;;;1
03/01/2013;18:53:00;507;sem vítima;60;BR-040/RJ;Norte;Choque - Objeto Fixo;1;;;;;;;;;;1;;;;
03/01/2013;09:51:00;427;sem vítima;74;BR-040/RJ;Norte;Choque - Objeto Fixo;1;;;;;;;;;;1;;;;
03/01/2013;21:46:00;523;sem vítima;74;BR-040/RJ;Norte;Choque - Objeto Fixo;1;;;;;;;;;;1;;;;
03/01/2013;07:22:00;406;sem vítima;77;BR-040/RJ;Sul;Choque - Objeto Fixo;1;;;;;;;;;;1;;;;
03/01/2013;14:32:00;472;sem vítima;77;BR-040/RJ;Sul;Choque - Objeto Fixo;1;;;;;;;;;;1;;;;
03/01/2013;10:41:00;437;sem vítima;80;BR-040/RJ;Sul;Choque - Objeto Fixo;1;;;;;;;;;;1;;;;
03/01/2013;18:45:00;504;com vítima;82;BR-040/RJ;Sul;Choque - Objeto Fixo;1;;;;;;;;;;0;1;;;
03/01/2013;22:00:00;525;com vítima;91;BR-040/RJ;Sul;Capotamento;1;;;;;;;;;;0;1;;;
03/01/2013;01:44:00;374;sem vítima;105;BR-040/RJ;Norte;Choque - Objeto Fixo;1;;;;;;;;;;1;;;;
03/01/2013;12:03:00;450;sem vítima;108;BR-040/RJ;Norte;Choque - Objeto Fixo;1;;;;;;;;;;1;;;;
03/01/2013;10:09:00;429;sem vítima;114;BR-040/RJ;Norte;Colisão Traseira;1;;1;;;;;;;;2;;;;
03/01/2013;10:33:00;435;com vítima;114;BR-040/RJ;Norte;Capotamento;1;;;;;;;;;;0;1;;;
03/01/2013;16:18:00;489;sem vítima;118;BR-040/RJ;Norte;Tombamento;1;;;;;;;;;;1;;;;
03/01/2013;17:21:00;498;com vítima;118;BR-040/RJ;Sul;Capotamento;1;;;;;;;;;;0;;1;;1
03/01/2013;06:15:00;398;com vítima;823;BR-040/MG;Sul;Choque - Objeto Fixo;1;;;;;;;;;;1;1;;;
03/01/2013;09:34:00;425;sem vítima;119;BR-040/RJ;Norte;Colisão Traseira;1;;;;1;;;;;;2;;;;
03/01/2013;16:59:00;494;sem vítima;120;BR-040/RJ;Sul;Derrapagem;1;;;;;;;;;;1;;;;
03/01/2013;15:44:00;484;sem vítima;122;BR-040/RJ;Norte;Colisão Traseira;;;;1;;;;;;;1;;;;
03/01/2013;14:05:00;469;sem vítima;124;BR-040/RJ;Norte;Colisão Traseira;1;;1;;;;;;;;2;;;;
04/01/2013;13:41:00;594;sem vítima;37;BR-040/RJ;Norte;Choque - Objeto Fixo;1;;;;;;;;;;4;;;;
04/01/2013;22:23:00;659;sem vítima;70;BR-040/RJ;Sul;Choque - Objeto Fixo;1;;;;;;;;;;1;;;;
04/01/2013;11:34:00;577;sem vítima;74;BR-040/RJ;Norte;Derrapagem;1;;;;;;;;;;1;;;;
04/01/2013;18:38:00;638;sem vítima;82;BR-040/RJ;Sul;Derrapagem;1;;;;;;;;;;1;;;;
04/01/2013;21:21:00;656;com vítima;88;BR-040/RJ;Norte;Tombamento;1;;;;;;;;;;0;1;;;
04/01/2013;09:43:00;565;com vítima;89;BR-040/RJ;Sul;Choque - Objeto Fixo;1;;;;;;;;;;0;3;2;;
04/01/2013;07:03:00;546;sem vítima;90;BR-040/RJ;Sul;Choque - Objeto Fixo;1;;;;;;;;;;1;;;;
04/01/2013;18:23:00;634;sem vítima;116;BR-040/RJ;Norte;Capotamento;1;;;;;;;;;;1;;;;
04/01/2013;08:07:00;557;sem vítima;780;BR-040/MG;Norte;Choque - Objeto Fixo;1;;;;;;;;;;1;;;;
04/01/2013;16:52:00;621;sem vítima;782;BR-040/MG;Norte;Choque - Objeto Fixo;1;;;;;;;;;;1;;;;
04/01/2013;16:52:00;624;sem vítima;782;BR-040/MG;Norte;Choque - Objeto Fixo;1;;;;;;;;;;1;;;;
04/01/2013;17:30:00;630;sem vítima;782;BR-040/MG;Norte;Choque - Objeto Fixo;1;;;;;;;;;;1;;;;
04/01/2013;07:55:00;556;sem vítima;783;BR-040/MG;Sul;Choque - Objeto Fixo;1;;;;;;;;;;1;;;;
04/01/2013;19:26:00;644;sem vítima;124;BR-040/RJ;Sul;Colisão Traseira;1;;1;;;;;;;;2;;;;
05/01/2013;16:35:00;762;com vítima;24;BR-040/RJ;Norte;Tombamento;;;1;;;;;;;;0;1;;;
05/01/2013;11:29:00;733;com vítima;105;BR-040/RJ;Sul;Colisão Traseira;;1;;1;;;;;;;1;1;;;
05/01/2013;15:07:00;754;com vítima;105;BR-040/RJ;Norte;Colisão Transversal;2;;;;;;;;;;1;1;;;
05/01/2013;11:24:00;729;sem vítima;111;BR-040/RJ;Sul;Colisão Lateral;2;;;;;;;;;;2;;;;
05/01/2013;05:54:00;691;com vítima;119;BR-040/RJ;Norte;Colisão Transversal;1;;1;;;;;;;;1;5;5;;
06/01/2013;12:00:00;866;com vítima;70;BR-040/RJ;Sul;Colisão Lateral;2;;;;;;;;;;3;1;;;
06/01/2013;16:37:00;920;sem vítima;70;BR-040/RJ;Norte;Choque - Objeto Fixo;1;;;;;;;;;;1;;;;
06/01/2013;14:57:00;895;sem vítima;87;BR-040/RJ;Norte;Colisão Lateral;2;;;;;;;;;;2;;;;
06/01/2013;11:30:00;859;sem vítima;89;BR-040/RJ;Norte;Colisão Traseira;2;;;;;;;;;;2;;;;
06/01/2013;05:20:00;826;com vítima;92;BR-040/RJ;Sul;Capotamento;1;;;;;;;;;;0;1;;;
06/01/2013;04:22:00;819;com vítima;93;BR-040/RJ;Norte;Choque - Objeto Fixo;1;;;;;;;;;;0;1;;;
06/01/2013;19:04:00;945;com vítima;102;BR-040/RJ;Norte;Queda de Moto;;;;1;;;;;;;0;1;;;
06/01/2013;21:18:00;964;sem vítima;121;BR-040/RJ;Norte;Choque - Objeto Fixo;1;;;;;;;;;;1;;;;
06/01/2013;18:10:00;935;com vítima;123;BR-040/RJ;Norte;Colisão Lateral;1;;;;;1;;;;;1;;1;;
07/01/2013;13:58:00;1078;sem vítima;83;BR-040/RJ;Norte;Choque - Objeto Fixo;1;;;;;;;;;;1;;;;
07/01/2013;07:24:00;1004;sem vítima;100;BR-040/RJ;Norte;Choque - Objeto Fixo;1;;;;;;;;;;1;;;;
07/01/2013;16:18:00;1111;sem vítima;102;BR-040/RJ;Sul;Colisão Traseira;2;;;;;;;;;;2;;;;
07/01/2013;21:10:00;1161;sem vítima;105;BR-040/RJ;Norte;Colisão Lateral;1;;;;;1;;;;;2;;;;
07/01/2013;10:35:00;1041;sem vítima;109;BR-040/RJ;Norte;Colisão Traseira;1;;1;;;;;;;;2;;;;
07/01/2013;17:21:00;1128;com vítima;787;BR-040/MG;Norte;Capotamento;1;;;;;;;;;;0;1;;;
07/01/2013;17:53:00;1134;sem vítima;119;BR-040/RJ;Norte;Colisão Lateral;1;;1;;;;;;;;2;;;;
07/01/2013;17:09:00;1124;sem vítima;122;BR-040/RJ;Norte;Choque - Objeto Fixo;1;;;;;;;;;;1;;;;
08/01/2013;10:37:00;1238;sem vítima;113;BR-040/RJ;Sul;Engavetamento;3;;;;;1;;;;;4;;;;
08/01/2013;08:05:00;1211;sem vítima;793;BR-040/MG;Sul;Choque - Objeto Fixo;1;;;;;;;;;;1;;;;
08/01/2013;15:14:00;1280;sem vítima;801;BR-040/MG;Norte;Choque - Objeto Fixo;1;;;;;;;;;;1;;;;
08/01/2013;15:43:00;1284;sem vítima;810;BR-040/MG;Norte;Choque - Objeto Fixo;1;;;;;;;;;;1;;;;
08/01/2013;18:16:00;1306;sem vítima;119;BR-040/RJ;Norte;Colisão Lateral;1;;1;;;;;;;;2;;;;
08/01/2013;16:45:00;1300;sem vítima;122;BR-040/RJ;Sul;Colisão Traseira;;;;;1;1;;;;;2;;;;
08/01/2013;06:19:00;1212;com vítima;124;BR-040/RJ;Norte;Queda de Moto;;;;1;;;;;;;0;1;;;
08/01/2013;21:05:00;1337;sem vítima;124;BR-040/RJ;Sul;Colisão Traseira;;;1;;1;;;;;;2;;;;
08/01/2013;21:17:00;1339;sem vítima;124;BR-040/RJ;Sul;Colisão Lateral;1;;1;;;;;;;;2;;;;
09/01/2013;04:36:00;1366;sem vítima;13;BR-040/RJ;Sul;Colisão Traseira;1;;1;;;;;;;;2;;;;
09/01/2013;02:44:00;1361;sem vítima;80;BR-040/RJ;Sul;Choque - Objeto Fixo;;;1;;;;;;;;1;;;;
09/01/2013;18:33:00;1461;com vítima;80;BR-040/RJ;Sul;Capotamento;1;;;;;;;;;;0;1;;;
09/01/2013;23:12:00;1494;com vítima;80;BR-040/RJ;Norte;Queda de Moto;;;;1;;;;;;;0;2;;;
09/01/2013;17:48:00;1454;sem vítima;91;BR-040/RJ;Norte;Tombamento;1;;;;;;;;;;1;;;;
09/01/2013;20:08:00;1472;sem vítima;94;BR-040/RJ;Sul;Choque - Objeto Fixo;1;;;;;;;;;;1;;;;
09/01/2013;08:29:00;1392;sem vítima;98;BR-040/RJ;Norte;Choque - Objeto Fixo;1;;;;;;;;;;1;;;;
09/01/2013;01:29:00;1357;com vítima;111;BR-040/RJ;Sul;Capotamento;2;;;;;;;;;;1;1;;;
09/01/2013;15:11:00;1434;com vítima;111;BR-040/RJ;Sul;Colisão Lateral;1;;1;;;;;;;;4;;6;;2
09/01/2013;07:25:00;1375;com vítima;115;BR-040/RJ;Sul;Colisão Traseira;;;;3;;;;;;;1;2;1;;
09/01/2013;07:54:00;1386;sem vítima;799;BR-040/MG;Sul;Choque - Objeto Fixo;1;;;;;;;;;;1;;;;
09/01/2013;13:00:00;1417;sem vítima;118;BR-040/RJ;Norte;Colisão Lateral;1;;1;;;;;;;;2;;;;
09/01/2013;20:38:00;1478;sem vítima;810;BR-040/MG;Sul;Choque - Objeto Fixo;1;;;;;;;;;;1;;;;
09/01/2013;18:48:00;1463;sem vítima;121;BR-040/RJ;Norte;Colisão Traseira;2;;;;;;;;;;2;;;;
09/01/2013;10:50:00;1406;sem vítima;125;BR-040/RJ;Norte;Colisão Lateral;1;;1;;;;;;;;2;;;;
10/01/2013;17:47:00;1612;sem vítima;2;BR-040/RJ;Sul;Choque - Objeto Fixo;1;;;;;;;;;;1;;;;
10/01/2013;03:48:00;1506;sem vítima;34;BR-040/RJ;Norte;Choque - Objeto Fixo;1;;;;;;;;;;1;;;;
10/01/2013;16:23:00;1598;sem vítima;37;BR-040/RJ;Norte;Colisão Traseira;;;1;;1;;;;;;5;;;;
10/01/2013;04:53:00;1509;com vítima;43;BR-040/RJ;Sul;Choque - Objeto Fixo;1;;;;;;;;;;0;1;;;
10/01/2013;10:59:00;1553;sem vítima;45;BR-040/RJ;Norte;Colisão Traseira;1;;1;;;;;;;;3;;;;
10/01/2013;11:13:00;1555;sem vítima;47;BR-040/RJ;Norte;Choque - Objeto Fixo;1;;;;;;;;;;1;;;;
10/01/2013;17:10:00;1603;sem vítima;54;BR-040/RJ;Sul;Choque - Objeto Fixo;1;;;;;;;;;;1;;;;
10/01/2013;14:49:00;1585;com vítima;70;BR-040/RJ;Norte;Colisão Lateral;2;;;;;;;;;;2;;2;;
10/01/2013;04:44:00;1508;com vítima;72;BR-040/RJ;Norte;Tombamento;;;1;;;;;;;;0;1;;;
10/01/2013;09:42:00;1539;sem vítima;72;BR-040/RJ;Norte;Derrapagem;1;;;;;;;;;;1;;;;
10/01/2013;13:38:00;1579;sem vítima;72;BR-040/RJ;Sul;Choque - Objeto Fixo;1;;;;;;;;;;1;;;;
10/01/2013;06:20:00;1515;com vítima;74;BR-040/RJ;Norte;Choque - Objeto Fixo;1;;;;;;;;;;0;1;;;
10/01/2013;09:57:00;1543;sem vítima;77;BR-040/RJ;Sul;Choque - Objeto Fixo;1;;;;;;;;;;1;;;;
10/01/2013;06:32:00;1516;sem vítima;78;BR-040/RJ;Sul;Choque - Objeto Fixo;1;;;;;;;;;;1;;;;
10/01/2013;08:56:00;1535;sem vítima;78;BR-040/RJ;Sul;Choque - Objeto Fixo;1;;;;;;;;;;1;;;;
10/01/2013;06:50:00;1520;com vítima;82;BR-040/RJ;Sul;Capotamento;1;;;;;;;;;;0;1;;;
10/01/2013;09:42:00;1538;sem vítima;84;BR-040/RJ;Sul;Choque - Objeto Fixo;1;;;;;;;;;;1;;;;
10/01/2013;12:37:00;1568;sem vítima;90;BR-040/RJ;Sul;Tombamento;1;;;;;;;;;;1;;;;
10/01/2013;13:04:00;1573;sem vítima;90;BR-040/RJ;Norte;Choque - Objeto Fixo;1;;;;;;;;;;1;;;;
10/01/2013;08:06:00;1527;sem vítima;92;BR-040/RJ;Sul;Choque - Objeto Fixo;1;;;;;;;;;;1;;;;
10/01/2013;11:14:00;1556;sem vítima;93;BR-040/RJ;Sul;Choque - Objeto Fixo;1;;;;;;;;;;1;;;;
10/01/2013;16:09:00;1597;sem vítima;94;BR-040/RJ;Sul;Choque - Objeto Fixo;1;;;;;;;;;;1;;;;
10/01/2013;15:17:00;1588;sem vítima;101;BR-040/RJ;Sul;Colisão Traseira;2;;;;;;;;;;2;;;;
10/01/2013;17:26:00;1609;sem vítima;112;BR-040/RJ;Norte;Colisão Traseira;1;;1;;;;;;;;2;;;;
10/01/2013;12:09:00;1562;com vítima;115;BR-040/RJ;Sul;Choque - Objeto Fixo;1;;;;;1;;;;;2;2;;;
10/01/2013;19:13:00;1624;com vítima;119;BR-040/RJ;Sul;Capotamento;1;;;;;;;;;;0;;1;;
10/01/2013;12:12:00;1563;sem vítima;123;BR-040/RJ;Norte;Colisão Traseira;2;;;;;;;;;;2;;;;
10/01/2013;08:42:00;1532;com vítima;124;BR-040/RJ;Sul;Queda de Moto;;;;1;;;;;;;0;1;;;
10/01/2013;23:22:00;1654;sem vítima;124;BR-040/RJ;Sul;Choque - Objeto Fixo;1;;;;;;;;;;1;;;;
11/01/2013;19:13:00;1788;sem vítima;75;BR-040/RJ;Sul;Derrapagem;1;;;;;;;;;;1;;;;
11/01/2013;19:20:00;1789;sem vítima;75;BR-040/RJ;Sul;Choque - Objeto Fixo;1;;;;;;;;;;3;;;;
11/01/2013;08:58:00;1701;sem vítima;80;BR-040/RJ;Sul;Choque - Objeto Fixo;1;;;;;;;;;;1;;;;
11/01/2013;13:26:00;1741;sem vítima;82;BR-040/RJ;Sul;Colisão Lateral;2;;;;;;;;;;2;;;;
11/01/2013;11:14:00;1721;sem vítima;83;BR-040/RJ;Norte;Choque - Objeto Fixo;1;;;;;;;;;;1;;;;
11/01/2013;16:02:00;1762;com vítima;85;BR-040/RJ;Sul;Capotamento;1;;;;;;;;;;0;;2;;
11/01/2013;19:31:00;1792;sem vítima;87;BR-040/RJ;Sul;Choque - Objeto Fixo;1;;;;;;;;;;1;;;;
11/01/2013;09:45:00;1707;sem vítima;91;BR-040/RJ;Sul;Derrapagem;1;;;;;;;;;;1;;;;
11/01/2013;09:11:00;1703;sem vítima;94;BR-040/RJ;Sul;Choque - Objeto Fixo;1;;;;;;;;;;1;;;;
11/01/2013;11:00:00;1718;com vítima;94;BR-040/RJ;Sul;Tombamento;1;;;;;;;;;;0;1;;;
11/01/2013;22:44:00;1815;sem vítima;94;BR-040/RJ;Sul;Choque - Objeto Fixo;1;;;;;;;;;;1;;;;
11/01/2013;23:43:00;1822;sem vítima;101;BR-040/RJ;Sul;Choque - Objeto Fixo;1;;;;;;;;;;1;;;;
11/01/2013;19:21:00;1790;sem vítima;784;BR-040/MG;Norte;Colisão Transversal;2;;;;;;;;;;2;;;;
11/01/2013;09:02:00;1702;sem vítima;785;BR-040/MG;Sul;Choque - Objeto Fixo;1;;;;;;;;;;1;;;;
11/01/2013;18:46:00;1785;sem vítima;787;BR-040/MG;Norte;Choque - Objeto Fixo;1;;;;;;;;;;1;;;;
11/01/2013;12:36:00;1732;sem vítima;800;BR-040/MG;Sul;Choque - Objeto Fixo;1;;;;;;;;;;1;;;;
11/01/2013;17:48:00;1776;com vítima;801;BR-040/MG;Norte;Choque - Objeto Fixo;1;;;;;;;;;;0;1;;;
11/01/2013;11:30:00;1727;sem vítima;816;BR-040/MG;Norte;Colisão Traseira;2;;;;;;;;;;2;;;;
11/01/2013;17:19:00;1774;sem vítima;119;BR-040/RJ;Sul;Colisão Traseira;2;;;;;;;;;;2;;;;
11/01/2013;07:07:00;1685;sem vítima;122;BR-040/RJ;Sul;Colisão Traseira;1;;1;;;;;;;;2;;;;
11/01/2013;07:48:00;1695;sem vítima;123;BR-040/RJ;Sul;Colisão Lateral;1;;;;1;;;;;;2;;;;
11/01/2013;23:05:00;1818;com vítima;124;BR-040/RJ;Norte;Choque - Objeto Fixo;1;;;;;;;;;;0;1;;;
12/01/2013;07:14:00;1856;sem vítima;34;BR-040/RJ;Norte;Choque - Objeto Fixo;1;;;;;;;;;;1;;;;
12/01/2013;05:14:00;1848;sem vítima;51;BR-040/RJ;Norte;Choque - Objeto Fixo;1;;;;;;;;;;1;;;;
12/01/2013;11:25:00;1883;com vítima;72;BR-040/RJ;Norte;Choque - Objeto Fixo;1;;;;;;;;;;0;1;;;
12/01/2013;11:25:00;1887;com vítima;72;BR-040/RJ;Norte;Engavetamento;1;;1;;;1;;;;;1;5;;;
12/01/2013;10:21:00;1875;sem vítima;84;BR-040/RJ;Norte;Choque - Objeto Fixo;1;;;;;;;;;;1;;;;
12/01/2013;10:05:00;1872;sem vítima;93;BR-040/RJ;Sul;Choque - Objeto Fixo;1;;;;;;;;;;1;;;;
12/01/2013;11:00:00;1880;sem vítima;93;BR-040/RJ;Norte;Engavetamento;1;;;;;4;;;;;5;;;;
12/01/2013;15:56:00;1907;sem vítima;97;BR-040/RJ;Norte;Choque - Objeto Fixo;1;;;;;;;;;;1;;;;
12/01/2013;16:07:00;1909;sem vítima;102;BR-040/RJ;Sul;Choque - Objeto Fixo;1;;;;;;;;;;2;;;;
12/01/2013;03:14:00;1839;sem vítima;114;BR-040/RJ;Norte;Choque - Objeto Fixo;1;;;;;;;;;;1;;;;
13/01/2013;02:40:00;1982;sem vítima;80;BR-040/RJ;Sul;Choque - Objeto Fixo;1;;;;;;;;;;1;;;;
13/01/2013;20:36:00;2079;sem vítima;90;BR-040/RJ;Norte;Choque - Objeto Fixo;1;;;;;;;;;;1;;;;
13/01/2013;19:55:00;2075;sem vítima;96;BR-040/RJ;Sul;Choque - Objeto Fixo;1;;;;;;;;;;1;;;;
13/01/2013;04:11:00;1987;sem vítima;110;BR-040/RJ;Norte;Choque - Objeto Fixo;1;;;;;;;;;;1;;;;
13/01/2013;01:59:00;1978;sem vítima;784;BR-040/MG;Norte;Choque - Objeto Fixo;1;;;;;;;;;;1;;;;
13/01/2013;10:31:00;2010;com vítima;785;BR-040/MG;Norte;Choque - Objeto Fixo;1;;;;;;;;;;1;2;;;
13/01/2013;11:10:00;2014;com vítima;121;BR-040/RJ;Sul;Queda de Moto;1;;;1;;;;;;;0;1;1;;
14/01/2013;06:54:00;2121;com vítima;0;BR-040/RJ;Sul;Choque - Objeto Fixo;1;;;;;;;;;;0;1;;;
14/01/2013;15:35:00;2189;com vítima;7;BR-040/RJ;Norte;Choque - Objeto Fixo;1;;;;;;;;;;1;1;;;
14/01/2013;20:35:00;2232;sem vítima;42;BR-040/RJ;Sul;Colisão Traseira;;;2;;;;;;;;2;;;;
14/01/2013;21:31:00;2238;sem vítima;68;BR-040/RJ;Norte;Choque - Objeto Fixo;1;;;;;;;;;;1;;;;
14/01/2013;06:53:00;2120;com vítima;84;BR-040/RJ;Norte;Choque - Objeto Fixo;1;;;;;;;;;;1;2;;;
14/01/2013;07:50:00;2128;sem vítima;89;BR-040/RJ;Sul;Choque - Objeto Fixo;1;;;;;;;;;;1;;;;
14/01/2013;15:25:00;2188;sem vítima;112;BR-040/RJ;Norte;Colisão Lateral;1;;1;;;;;;;;2;;;;
14/01/2013;20:12:00;2226;com vítima;783;BR-040/MG;Sul;Choque - Objeto Fixo;1;;;;;;;;;;1;2;;;
14/01/2013;23:11:00;2246;sem vítima;794;BR-040/MG;Norte;Colisão Traseira;1;;;;1;;;;;;2;;;;
14/01/2013;07:12:00;2124;com vítima;805;BR-040/MG;Norte;Choque - Objeto Fixo;1;;;;;;;;;;0;2;;;
14/01/2013;10:32:00;2146;sem vítima;122;BR-040/RJ;Sul;Engavetamento;1;;;;1;1;;;;;3;;;;
14/01/2013;16:34:00;2198;sem vítima;122;BR-040/RJ;Norte;Colisão Traseira;1;;;;1;;;;;;2;;;;
14/01/2013;00:49:00;2096;com vítima;123;BR-040/RJ;Sul;Atropelamento - Pedestre;1;;;;;;;;;;1;;;;1
14/01/2013;06:08:00;2111;sem vítima;123;BR-040/RJ;Sul;Colisão Lateral;1;;1;;;;;;;;2;;;;
15/01/2013;19:31:00;2387;sem vítima;14;BR-040/RJ;Norte;Choque - Objeto Fixo;1;;;;;;;;;;1;;;;
15/01/2013;06:22:00;2270;sem vítima;39;BR-040/RJ;Sul;Choque - Objeto Fixo;;;1;;;;;;;;1;;;;
15/01/2013;20:41:00;2406;sem vítima;78;BR-040/RJ;Sul;Choque - Objeto Fixo;1;;;;;;;;;;1;;;;
15/01/2013;10:55:00;2310;sem vítima;89;BR-040/RJ;Norte;Colisão Traseira;;;2;;;;;;;;2;;;;
15/01/2013;05:26:00;2265;com vítima;105;BR-040/RJ;Norte;Queda de Moto;;;;1;;;;;;;0;1;1;;
15/01/2013;15:43:00;2350;sem vítima;105;BR-040/RJ;Norte;Colisão Lateral;;;;;1;1;;;;;2;;;;
15/01/2013;19:50:00;2390;sem vítima;116;BR-040/RJ;Norte;Colisão Lateral;1;;1;;;;;;;;2;;;;
15/01/2013;15:42:00;2349;sem vítima;786;BR-040/MG;Norte;Choque - Objeto Fixo;1;;;;;;;;;;1;;;;
15/01/2013;18:56:00;2379;com vítima;810;BR-040/MG;Sul;Tombamento;1;;;;;;;;;;0;2;;;
15/01/2013;17:53:00;2372;sem vítima;120;BR-040/RJ;Sul;Colisão Traseira;1;;1;;;;;;;;2;;;;
15/01/2013;11:14:00;2315;com vítima;123;BR-040/RJ;Sul;Tombamento;1;;1;;;;;;;;1;1;;;
15/01/2013;13:23:00;2330;sem vítima;123;BR-040/RJ;Sul;Colisão Lateral;1;;1;;;;;;;;2;;;;
15/01/2013;12:40:00;2323;sem vítima;124;BR-040/RJ;Sul;Queda de Moto;;;;1;;;;;;;2;;;;
16/01/2013;08:33:00;2463;sem vítima;2;BR-040/RJ;Norte;Choque - Objeto Fixo;1;;;;;;;;;;1;;;;
16/01/2013;12:30:00;2491;com vítima;6;BR-040/RJ;Norte;Tombamento;;;1;;;;;;;;0;;1;;
16/01/2013;09:42:00;2472;com vítima;11;BR-040/RJ;Norte;Capotamento;1;;;;;;;;;;3;1;;;
16/01/2013;00:52:00;2429;sem vítima;42;BR-040/RJ;Sul;Colisão Traseira;;;2;;;;;;;;2;;;;
16/01/2013;19:17:00;2560;sem vítima;78;BR-040/RJ;Sul;Choque - Objeto Fixo;1;;;;;1;;;;;2;;;;
16/01/2013;07:40:00;2460;sem vítima;89;BR-040/RJ;Norte;Colisão Lateral;2;;;;;;;;;;2;;;;
16/01/2013;09:09:00;2467;com vítima;780;BR-040/MG;Sul;Choque - Objeto Fixo;1;;;;;;;;;;1;2;;;
16/01/2013;10:18:00;2477;com vítima;794;BR-040/MG;Sul;Colisão Traseira;1;;1;;;;;;;;4;2;;;
16/01/2013;21:43:00;2577;sem vítima;825;BR-040/MG;Norte;Choque - Objeto Fixo;1;;;;;;;;;;1;;;;
16/01/2013;07:51:00;2461;sem vítima;120;BR-040/RJ;Norte;Colisão Lateral;1;;1;;;;;;;;2;;;;
17/01/2013;15:51:00;2675;sem vítima;4;BR-040/RJ;Sul;Choque - Objeto Fixo;1;;;;;;;;;;1;;;;
17/01/2013;18:34:00;2703;sem vítima;31;BR-040/RJ;Norte;Choque - Objeto Fixo;1;;;;;;;;;;1;;;;
17/01/2013;19:10:00;2704;sem vítima;33;BR-040/RJ;Norte;Choque - Objeto Fixo;1;;;;;;;;;;1;;;;
17/01/2013;14:11:00;2656;sem vítima;49;BR-040/RJ;Sul;Colisão Lateral;1;;;;;1;;;;;2;;;;
17/01/2013;18:29:00;2701;com vítima;69;BR-040/RJ;Sul;Capotamento;1;;;;;;;;;;0;1;;;
17/01/2013;08:05:00;2622;sem vítima;81;BR-040/RJ;Sul;Choque - Objeto Fixo;1;;;;;;;;;;1;;;;
17/01/2013;14:31:00;2658;sem vítima;84;BR-040/RJ;Sul;Choque - Objeto Fixo;1;;;;;;;;;;1;;;;