data;horario;n_da_ocorrencia;tipo_de_ocorrencia;km;trecho;sentido;tipo_de_acidente;automovel;bicicleta;caminhao;moto;onibus;outros;tracao_animal;transporte_de_cargas_especiais;trator_maquinas;utilitarios;ilesos;levemente_feridos;moderadamente_feridos;gravemente_feridos;mortos
04/02/2013;20:15:00;652;sem vítima;92;BR-040/RJ;Norte;Colisão Lateral;1;;;;;1;;;;;2;;;;
04/02/2013;07:24:00;542;sem vítima;113;BR-040/RJ;Sul;Colisão Traseira;1;;;;;1;;;;;2;;;;
04/02/2013;16:15:00;604;sem vítima;116;BR-040/RJ;Norte;Derrapagem;1;;;;;;;;;;1;;;;
04/02/2013;12:07:00;578;sem vítima;784;BR-040/MG;Sul;Colisão Transversal;1;;;;;;;;;;1;;;;
04/02/2013;12:49:00;583;sem vítima;786;BR-040/MG;Norte;Choque - Objeto Fixo;1;;;;;;;;;;1;;;;
04/02/2013;06:36:00;532;sem vítima;119;BR-040/RJ;Norte;Colisão Traseira;2;;;;;;;;;;2;;;;
04/02/2013;07:00:00;537;sem vítima;119;BR-040/RJ;Sul;Choque - Objeto Fixo;1;;;;;;;;;;1;;;;
04/02/2013;21:05:00;657;com vítima;119;BR-040/RJ;Sul;Choque - Objeto Fixo;;;1;;;;;;;;0;1;;;
04/02/2013;11:09:00;569;com vítima;122;BR-040/RJ;Sul;Atropelamento - Pedestre;;;;;;1;;;;;1;1;;;
05/02/2013;01:07:00;678;sem vítima;47;BR-040/RJ;Sul;Choque - Objeto Fixo;1;;;;;;;;;;1;;;;
05/02/2013;20:28:00;827;sem vítima;80;BR-040/RJ;Sul;Choque - Objeto Fixo;1;;;;;;;;;;1;;;;
05/02/2013;15:28:00;839;sem vítima;82;BR-040/RJ;Sul;Colisão Traseira;1;;1;;;;;;;;2;;;;
05/02/2013;20:42:00;828;sem vítima;83;BR-040/RJ;Sul;Choque - Objeto Fixo;1;;;;;;;;;;1;;;;
05/02/2013;06:20:00;707;com vítima;85;BR-040/RJ;Sul;Colisão Traseira;2;;;;;;;;;;3;2;;;
05/02/2013;06:20:00;708;sem vítima;85;BR-040/RJ;Sul;Choque - Objeto Fixo;1;;;;;;;;;;3;;;;
05/02/2013;17:44:00;801;com vítima;85;BR-040/RJ;Sul;Choque - Objeto Fixo;1;;;;;;;;;;1;2;;;
05/02/2013;00:22:00;675;com vítima;89;BR-040/RJ;Sul;Choque - Objeto Fixo;;;1;;;;;;;;0;1;;;
05/02/2013;16:59:00;792;sem vítima;91;BR-040/RJ;Norte;Choque - Objeto Fixo;1;;;;;;;;;;1;;;;
05/02/2013;06:45:00;704;sem vítima;93;BR-040/RJ;Sul;Choque - Objeto Fixo;1;;;;;;;;;;1;;;;
05/02/2013;10:47:00;748;com vítima;100;BR-040/RJ;Norte;Tombamento;;;1;;;1;;;;;1;1;;;
05/02/2013;08:52:00;727;sem vítima;105;BR-040/RJ;Sul;Colisão Lateral;2;;;;;;;;;;2;;;;
05/02/2013;08:09:00;724;sem vítima;113;BR-040/RJ;Sul;Colisão Traseira;1;;1;;;;;;;;2;;;;
05/02/2013;18:37:00;811;sem vítima;113;BR-040/RJ;Norte;Choque - Objeto Fixo;;;;;1;;;;;;1;;;;
05/02/2013;02:39:00;684;sem vítima;780;BR-040/MG;Sul;Choque - Objeto Fixo;1;;;;;;;;;;1;;;;
05/02/2013;15:32:00;778;com vítima;121;BR-040/RJ;Norte;Tombamento;;;1;;;;;;;;2;;;1;
06/02/2013;18:27:00;979;com vítima;53;BR-040/RJ;Norte;Colisão Traseira;1;;1;;;;;;;;2;2;1;;
06/02/2013;03:41:00;862;sem vítima;86;BR-040/RJ;Norte;Choque - Objeto Fixo;;;1;;;;;;;;1;;;;
06/02/2013;14:24:00;933;sem vítima;109;BR-040/RJ;Norte;Colisão Transversal;1;;1;;;;;;;;2;;;;
06/02/2013;14:45:00;935;sem vítima;110;BR-040/RJ;Sul;Colisão Lateral;;;2;;;;;;;;2;;;;
06/02/2013;15:02:00;936;sem vítima;110;BR-040/RJ;Sul;Engavetamento;3;;;;;;;;;;3;;;;
06/02/2013;13:04:00;920;com vítima;120;BR-040/RJ;Sul;Colisão Traseira;2;;;;;;;;;;1;1;;;
06/02/2013;18:00:00;970;sem vítima;122;BR-040/RJ;Sul;Colisão Lateral;1;;;;;1;;;;;2;;;;
06/02/2013;07:55:00;873;sem vítima;123;BR-040/RJ;Sul;Engavetamento;2;;2;;;;;;;;4;;;;
07/02/2013;07:19:00;1049;sem vítima;34;BR-040/RJ;Norte;Choque - Objeto Fixo;1;;;;;;;;;;1;;;;
07/02/2013;14:30:00;1106;sem vítima;68;BR-040/RJ;Norte;Choque - Objeto Fixo;1;;;;;;;;;;1;;;;
07/02/2013;12:18:00;1085;sem vítima;84;BR-040/RJ;Sul;Choque - Objeto Fixo;1;;;;;;;;;;1;;;;
07/02/2013;05:16:00;1035;sem vítima;91;BR-040/RJ;Norte;Choque - Objeto Fixo;1;;;;;;;;;;1;;;;
07/02/2013;00:20:00;1022;com vítima;105;BR-040/RJ;Norte;Atropelamento - Pedestre;1;;;;;;;;;;0;1;;;1
07/02/2013;20:51:00;1167;com vítima;111;BR-040/RJ;Norte;Colisão Lateral;1;1;;;;;;;;;1;1;;;
07/02/2013;11:20:00;1076;com vítima;114;BR-040/RJ;Norte;Colisão Traseira;;;;1;;;;;;;0;1;1;;
07/02/2013;17:07:00;1139;sem vítima;784;BR-040/MG;Sul;Colisão Lateral;1;;1;;;;;;;;2;;;;
07/02/2013;12:10:00;1083;com vítima;123;BR-040/RJ;Sul;Colisão Lateral;1;;1;;;;;;;;1;1;;;
08/02/2013;10:55:00;1251;com vítima;37;BR-040/RJ;Norte;Choque - Objeto Fixo;1;;;;;;;;;;0;1;;;
08/02/2013;11:27:00;1263;com vítima;55;BR-040/RJ;Norte;Capotamento;1;;;;;;;;;;0;1;1;1;
08/02/2013;13:09:00;1282;com vítima;57;BR-040/RJ;Norte;Colisão Lateral;2;;;;;;;;;;0;3;;;
08/02/2013;15:26:00;1305;com vítima;83;BR-040/RJ;Norte;Colisão Lateral;1;;1;;;;;;;;3;1;;;
08/02/2013;10:26:00;1246;sem vítima;88;BR-040/RJ;Norte;Choque - Objeto Fixo;1;;;;;;;;;;1;;;;
08/02/2013;11:03:00;1252;sem vítima;93;BR-040/RJ;Norte;Choque - Objeto Fixo;1;;;;;;;;;;1;;;;
08/02/2013;11:36:00;1267;sem vítima;97;BR-040/RJ;Sul;Colisão Traseira;1;;1;;;;;;;;2;;;;
08/02/2013;15:09:00;1302;com vítima;105;BR-040/RJ;Norte;Colisão Lateral;1;;;1;;;;;;;1;1;;;
08/02/2013;08:23:00;1230;sem vítima;111;BR-040/RJ;Norte;Choque - Objeto Fixo;1;;;;;;;;;;1;;;;
08/02/2013;08:55:00;1236;sem vítima;786;BR-040/MG;Sul;Choque - Objeto Fixo;1;;;;;;;;;;1;;;;
08/02/2013;22:11:00;1379;sem vítima;120;BR-040/RJ;Norte;Colisão Traseira;1;;;;;1;;;;;2;;;;
08/02/2013;05:07:00;1208;sem vítima;122;BR-040/RJ;Sul;Colisão Traseira;2;;;;;;;;;;2;;;;
08/02/2013;07:20:00;1222;com vítima;123;BR-040/RJ;Norte;Atropelamento - Pedestre;;;;;;1;;;;;1;1;;;
09/02/2013;05:01:00;1443;com vítima;7;BR-040/RJ;Sul;Derrapagem;1;;;;;;;;;;0;5;;;
09/02/2013;07:14:00;1457;com vítima;70;BR-040/RJ;Sul;Colisão Traseira;2;;;;;;;;;;0;8;1;;
09/02/2013;13:10:00;1546;sem vítima;78;BR-040/RJ;Sul;Choque - Objeto Fixo;1;;;;;;;;;;1;;;;
09/02/2013;17:54:00;1599;com vítima;82;BR-040/RJ;Sul;Queda de Moto;;;;1;;;;;;;0;1;;;
09/02/2013;08:55:00;1481;com vítima;84;BR-040/RJ;Sul;Queda de Moto;;;;1;;;;;;;0;1;;;
09/02/2013;10:11:00;1502;sem vítima;84;BR-040/RJ;Sul;Choque - Objeto Fixo;1;;;;;;;;;;1;;;;
09/02/2013;10:23:00;1519;sem vítima;84;BR-040/RJ;Sul;Choque - Objeto Fixo;;;1;;;;;;;;1;;;;
09/02/2013;14:09:00;1555;sem vítima;87;BR-040/RJ;Sul;Choque - Objeto Fixo;1;;;;;;;;;;1;;;;
09/02/2013;10:01:00;1499;com vítima;95;BR-040/RJ;Sul;Choque - Objeto Fixo;1;;;;;;;;;;0;;1;;
09/02/2013;03:57:00;1429;com vítima;116;BR-040/RJ;Sul;Queda de Moto;1;;;1;;;;;;;0;1;;;1
09/02/2013;12:30:00;1535;com vítima;116;BR-040/RJ;Sul;Choque - Objeto Fixo;1;;;;;;;;;;0;;1;;
09/02/2013;19:50:00;1621;sem vítima;790;BR-040/MG;Sul;Choque - Objeto Fixo;1;;;;;;;;;;1;;;;
09/02/2013;06:51:00;1456;com vítima;791;BR-040/MG;Sul;Atropelamento - Pedestre;1;1;;;;;;;;;1;;1;;
09/02/2013;09:22:00;1489;sem vítima;815;BR-040/MG;Sul;Colisão Traseira;2;;;;;;;;;;2;;;;
09/02/2013;00:12:00;1405;sem vítima;122;BR-040/RJ;Sul;Choque - Objeto Fixo;1;;;;;;;;;;1;;;;
10/02/2013;05:25:00;1669;com vítima;20;BR-040/RJ;Sul;Choque - Objeto Fixo;1;;;;;;;;;;0;5;;;
10/02/2013;20:18:00;1772;com vítima;74;BR-040/RJ;Sul;Queda de Moto;;;;1;;;;;;;0;1;;;
10/02/2013;06:11:00;1673;com vítima;84;BR-040/RJ;Sul;Capotamento;1;;;;;;;;;;0;2;;;
10/02/2013;08:59:00;1687;sem vítima;84;BR-040/RJ;Sul;Choque - Objeto Fixo;1;;;;;;;;;;1;;;;
10/02/2013;11:40:00;1704;com vítima;84;BR-040/RJ;Sul;Choque - Objeto Fixo;1;;;;;;;;;;0;4;;;
10/02/2013;06:02:00;1672;sem vítima;104;BR-040/RJ;Norte;Choque - Objeto Fixo;1;;;;;;;;;;1;;;;
10/02/2013;06:50:00;1676;com vítima;105;BR-040/RJ;Norte;Colisão Lateral;1;;;2;;;;;;;0;3;;;
10/02/2013;09:56:00;1694;sem vítima;111;BR-040/RJ;Norte;Colisão Lateral;1;;1;;;;;;;;2;;;;
10/02/2013;06:38:00;1675;com vítima;825;BR-040/MG;Sul;Choque - Objeto Fixo;;;1;;;;;;;;0;1;;;
10/02/2013;17:33:00;1753;sem vítima;119;BR-040/RJ;Norte;Capotamento;1;;;;;;;;;;1;;;;
11/02/2013;06:29:00;1804;sem vítima;37;BR-040/RJ;Sul;Choque - Objeto Fixo;1;;;;;;;;;;1;;;;
11/02/2013;15:27:00;1866;com vítima;84;BR-040/RJ;Sul;Queda de Moto;;;;1;;;;;;;0;1;;;
11/02/2013;15:27:00;1867;com vítima;84;BR-040/RJ;Sul;Queda de Moto;;;;1;;;;;;;0;1;;;
11/02/2013;16:26:00;1872;sem vítima;104;BR-040/RJ;Sul;Colisão Traseira;1;;;;;1;;;;;2;;;;
11/02/2013;04:18:00;1799;com vítima;105;BR-040/RJ;Norte;Colisão Lateral;1;;;1;;;;;;;2;1;;;
11/02/2013;20:25:00;1897;com vítima;113;BR-040/RJ;Norte;Engavetamento;3;;;;;;;;;;2;1;;;
11/02/2013;13:15:00;1846;sem vítima;122;BR-040/RJ;Sul;Colisão Traseira;2;;;;;;;;;;2;;;;
13/02/2013;16:48:00;2187;sem vítima;1;BR-040/RJ;Norte;Choque - Objeto Fixo;1;;;;;;;;;;1;;;;
13/02/2013;06:55:00;2090;com vítima;39;BR-040/RJ;Sul;Queda de Moto;;;;1;;;;;;;0;2;;;
13/02/2013;15:37:00;2171;sem vítima;84;BR-040/RJ;Sul;Derrapagem;1;;;;;;;;;;1;;;;
13/02/2013;17:11:00;2192;sem vítima;112;BR-040/RJ;Sul;Colisão Traseira;2;;;;;;;;;;2;;;;
13/02/2013;11:49:00;2127;sem vítima;115;BR-040/RJ;Sul;Engavetamento;3;;;;;;;;;;4;;;;
13/02/2013;20:21:00;2231;com vítima;798;BR-040/MG;Sul;Queda de Moto;;;;1;;;;;;;0;1;;;
13/02/2013;20:19:00;2229;sem vítima;807;BR-040/MG;Sul;Colisão Lateral;1;;;;;1;;;;;2;;;;
13/02/2013;19:33:00;2224;com vítima;121;BR-040/RJ;Norte;Choque - Objeto Fixo;1;;;;;;;;;;0;1;1;;
14/02/2013;16:41:00;2391;com vítima;12;BR-040/RJ;Norte;Capotamento;1;;;;;;;;;;0;1;;;
14/02/2013;13:01:00;2351;sem vítima;74;BR-040/RJ;Sul;Choque - Objeto Fixo;1;;;;;;;;;;1;;;;
14/02/2013;18:00:00;2411;sem vítima;100;BR-040/RJ;Norte;Choque - Objeto Fixo;1;;;;;1;;;;;2;;;;
14/02/2013;19:53:00;2423;sem vítima;101;BR-040/RJ;Sul;Choque - Objeto Fixo;1;;;;;;;;;;1;;;;
15/02/2013;14:58:00;2547;sem vítima;92;BR-040/RJ;Norte;Colisão Traseira;1;;1;;;;;;;;2;;;;
15/02/2013;09:14:00;2488;com vítima;101;BR-040/RJ;Sul;Atropelamento - Pedestre;;;;1;;;;;;;0;1;1;;
15/02/2013;17:38:00;2592;sem vítima;122;BR-040/RJ;Sul;Engavetamento;3;;;;;;;;;;3;;;;
15/02/2013;15:39:00;2555;sem vítima;124;BR-040/RJ;Sul;Colisão Traseira;1;;;;1;;;;;;2;;;;
16/02/2013;21:53:00;2801;com vítima;95;BR-040/RJ;Norte;Queda de Moto;;;;1;;;;;;;0;;1;;
16/02/2013;06:30:00;2663;sem vítima;100;BR-040/RJ;Sul;Choque - Objeto Fixo;1;;;;;;;;;;1;;;;
16/02/2013;21:34:00;2799;sem vítima;118;BR-040/RJ;Norte;Colisão Traseira;2;;;;;;;;;;2;;;;
16/02/2013;20:18:00;2795;com vítima;122;BR-040/RJ;Norte;Atropelamento - Pedestre;1;;;;;;;;;;1;;;1;
17/02/2013;09:18:00;2856;sem vítima;2;BR-040/RJ;Norte;Choque - Objeto Fixo;1;;;;;;;;;;1;;;;
17/02/2013;22:58:00;2973;com vítima;24;BR-040/RJ;Norte;Capotamento;1;;;;;;;;;;0;1;;;
17/02/2013;04:42:00;2824;sem vítima;110;BR-040/RJ;Norte;Capotamento;1;;;;;;;;;;1;;;;
17/02/2013;16:40:00;2930;sem vítima;110;BR-040/RJ;Norte;Colisão Traseira;2;;;;;;;;;;2;;;;
17/02/2013;17:13:00;2936;sem vítima;792;BR-040/MG;Sul;Choque - Objeto Fixo;1;;;;;;;;;;1;;;;
17/02/2013;19:16:00;2947;com vítima;807;BR-040/MG;Norte;Queda de Moto;;;;1;;;;;;;0;1;1;;
17/02/2013;22:21:00;2971;com vítima;122;BR-040/RJ;Sul;Colisão Lateral;2;;;;;;;;;;1;2;;;
17/02/2013;17:40:00;2940;com vítima;124;BR-040/RJ;Norte;Colisão Lateral;1;;1;;;;;;;;1;1;;;
18/02/2013;17:35:00;3107;sem vítima;35;BR-040/RJ;Norte;Colisão Lateral;1;;1;;;;;;;;2;;;;
18/02/2013;04:28:00;2991;sem vítima;796;BR-040/MG;Sul;Choque - Objeto Fixo;1;;;;;;;;;;1;;;;
18/02/2013;18:53:00;3116;sem vítima;805;BR-040/MG;Norte;Colisão Lateral;2;;;;;;;;;;2;;;;
18/02/2013;05:52:00;2999;com vítima;123;BR-040/RJ;Sul;Colisão Lateral;1;;;1;;;;;;;1;1;;;
19/02/2013;12:42:00;3216;sem vítima;45;BR-040/RJ;Norte;Colisão Lateral;1;;1;;;;;;;;2;;;;
19/02/2013;16:08:00;3241;sem vítima;54;BR-040/RJ;Sul;Choque - Objeto Fixo;;;1;;;;;;;;3;;;;
19/02/2013;16:04:00;3240;sem vítima;73;BR-040/RJ;Norte;Choque - Objeto Fixo;1;;;;;;;;;;1;;;;
19/02/2013;15:12:00;3234;com vítima;78;BR-040/RJ;Sul;Choque - Objeto Fixo;1;;;;;;;;;;1;1;;;
19/02/2013;15:16:00;3236;sem vítima;83;BR-040/RJ;Sul;Choque - Objeto Fixo;1;;;;;;;;;;1;;;;
19/02/2013;10:20:00;3197;sem vítima;84;BR-040/RJ;Sul;Colisão Lateral;2;;;;;;;;;;2;;;;
19/02/2013;17:00:00;3251;sem vítima;85;BR-040/RJ;Sul;Choque - Objeto Fixo;1;;;;;;;;;;1;;;;
19/02/2013;06:22:00;3165;sem vítima;90;BR-040/RJ;Sul;Choque - Objeto Fixo;1;;;;;;;;;;1;;;;
19/02/2013;17:00:00;3248;sem vítima;91;BR-040/RJ;Sul;Choque - Objeto Fixo;1;;;;;;;;;;1;;;;
19/02/2013;15:11:00;3233;sem vítima;94;BR-040/RJ;Sul;Capotamento;1;;;;;;;;;;3;;;;
19/02/2013;16:03:00;3239;sem vítima;94;BR-040/RJ;Norte;Choque - Objeto Fixo;;;1;;;;;;;;1;;;;
19/02/2013;23:29:00;3286;com vítima;116;BR-040/RJ;Norte;Queda de Moto;;;;1;;;;;;;0;;1;;
19/02/2013;11:42:00;3206;com vítima;118;BR-040/RJ;Norte;Choque - Objeto Fixo;1;;;;;;;;;;0;2;;;
19/02/2013;08:30:00;3183;sem vítima;121;BR-040/RJ;Sul;Colisão Lateral;1;;1;;;;;;;;2;;;;
19/02/2013;10:22:00;3198;sem vítima;123;BR-040/RJ;Sul;Colisão Lateral;1;;1;;;;;;;;2;;;;
20/02/2013;00:34:00;3290;sem vítima;40;BR-040/RJ;Sul;Choque - Objeto Fixo;;;1;;;;;;;;1;;;;
20/02/2013;15:45:00;3376;sem vítima;99;BR-040/RJ;Norte;Colisão Transversal;2;;;;;;;;;;2;;;;
20/02/2013;07:39:00;3315;sem vítima;105;BR-040/RJ;Norte;Colisão Lateral;1;;;1;;;;;;;2;;;;
20/02/2013;16:53:00;3388;sem vítima;112;BR-040/RJ;Sul;Tombamento;1;;;;;;;;;;1;;;;
20/02/2013;17:29:00;3396;sem vítima;112;BR-040/RJ;Norte;Colisão Traseira;2;;;;;;;;;;2;;;;
20/02/2013;17:13:00;3391;com vítima;116;BR-040/RJ;Sul;Queda de Moto;;;;1;;;;;;;0;1;;;
20/02/2013;21:40:00;3424;sem vítima;119;BR-040/RJ;Norte;Choque - Objeto Fixo;1;;;;;;;;;;1;;;;
20/02/2013;05:33:00;3304;com vítima;120;BR-040/RJ;Sul;Choque - Objeto Fixo;1;;;;;;;;;;0;;2;;1
20/02/2013;13:54:00;3361;sem vítima;122;BR-040/RJ;Norte;Colisão Lateral;1;;1;;;;;;;;2;;;;
20/02/2013;20:11:00;3418;sem vítima;124;BR-040/RJ;Norte;Colisão Traseira;1;;1;;;;;;;;2;;;;
21/02/2013;07:15:00;3467;sem vítima;74;BR-040/RJ;Sul;Colisão Traseira;;;1;;;1;;;;;2;;;;
21/02/2013;15:37:00;3548;sem vítima;86;BR-040/RJ;Norte;Choque - Objeto Fixo;1;;;;;;;;;;1;;;;
21/02/2013;19:07:00;3586;sem vítima;105;BR-040/RJ;Norte;Colisão Traseira;1;;1;;;;;;;;2;;;;
21/02/2013;17:44:00;3570;sem vítima;106;BR-040/RJ;Norte;Colisão Traseira;;;2;;;;;;;;2;;;;
21/02/2013;20:43:00;3597;sem vítima;109;BR-040/RJ;Norte;Colisão Traseira;1;;1;;;;;;;;2;;;;
21/02/2013;16:41:00;3561;sem vítima;110;BR-040/RJ;Norte;Colisão Lateral;1;;;;;1;;;;;2;;;;
21/02/2013;18:49:00;3583;sem vítima;124;BR-040/RJ;Sul;Colisão Traseira;2;;;;;;;;;;2;;;;
21/02/2013;23:18:00;3610;sem vítima;124;BR-040/RJ;Norte;Colisão Traseira;1;;;;1;;;;;;2;;;;
22/02/2013;11:59:00;3693;com vítima;50;BR-040/RJ;Norte;Colisão Traseira;2;;;;;;;;;;0;2;1;;
22/02/2013;13:57:00;3709;sem vítima;58;BR-040/RJ;Sul;Choque - Objeto Fixo;1;;;;;;;;;;1;;;;
22/02/2013;20:48:00;3783;com vítima;76;BR-040/RJ;Norte;Choque - Objeto Fixo;1;;;;;;;;;;0;1;;;
22/02/2013;14:43:00;3714;sem vítima;80;BR-040/RJ;Sul;Choque - Objeto Fixo;1;;;;;;;;;;1;;;;
22/02/2013;16:16:00;3739;com vítima;87;BR-040/RJ;Norte;Colisão Traseira;2;;;;;;;;;;3;1;;;
22/02/2013;17:39:00;3755;sem vítima;89;BR-040/RJ;Norte;Choque - Objeto Fixo;1;;;;;;;;;;1;;;;
22/02/2013;01:53:00;3619;com vítima;109;BR-040/RJ;Norte;Tombamento;;;;;1;;;;;;0;;;;1
22/02/2013;17:27:00;3753;sem vítima;109;BR-040/RJ;Norte;Engavetamento;4;;;;;;;;;;4;;;;
22/02/2013;12:50:00;3702;sem vítima;114;BR-040/RJ;Norte;Colisão Traseira;2;;;;;;;;;;2;;;;
22/02/2013;07:18:00;3637;sem vítima;121;BR-040/RJ;Sul;Colisão Traseira;2;;;;;;;;;;2;;;;
22/02/2013;23:48:00;3800;sem vítima;122;BR-040/RJ;Norte;Colisão Traseira;2;;;;;;;;;;2;;;;
22/02/2013;10:00:00;3674;sem vítima;123;BR-040/RJ;Sul;Colisão Traseira;;;2;;;;;;;;2;;;;
22/02/2013;10:55:00;3681;sem vítima;123;BR-040/RJ;Norte;Colisão Traseira;;;2;;;;;;;;2;;;;
23/02/2013;19:03:00;3923;sem vítima;17;BR-040/RJ;Sul;Queda de Moto;;;;1;;;;;;;1;;;;
23/02/2013;17:23:00;3913;sem vítima;74;BR-040/RJ;Norte;Choque - Objeto Fixo;1;;;;;;;;;;1;;;;
23/02/2013;08:53:00;3846;sem vítima;93;BR-040/RJ;Norte;Choque - Objeto Fixo;1;;;;;;;;;;1;;;;
23/02/2013;16:49:00;3909;sem vítima;93;BR-040/RJ;Sul;Choque - Objeto Fixo;1;;;;;;;;;;1;;;;
23/02/2013;18:20:00;3919;com vítima;782;BR-040/MG;Sul;Tombamento;1;;;;;;;;;;0;3;;;
23/02/2013;18:17:00;3918;sem vítima;793;BR-040/MG;Norte;Choque - Objeto Fixo;1;;;;;;;;;;1;;;;
23/02/2013;21:09:00;3941;com vítima;123;BR-040/RJ;Sul;Atropelamento - Pedestre;;;;;;1;;;;;1;;;1;
24/02/2013;18:06:00;4059;sem vítima;25;BR-040/RJ;Sul;Choque - Objeto Fixo;;;1;;;;;;;;1;;;;
24/02/2013;10:11:00;3999;com vítima;59;BR-040/RJ;Sul;Queda de Moto;;;;1;;;;;;;0;1;;;
24/02/2013;13:49:00;4019;com vítima;67;BR-040/RJ;Sul;Choque - Objeto Fixo;1;;;;;;;;;;1;1;;;
24/02/2013;14:11:00;4023;sem vítima;94;BR-040/RJ;Sul;Queda de Moto;;;;1;;;;;;;1;;;;
25/02/2013;05:12:00;4106;sem vítima;66;BR-040/RJ;Sul;Choque - Objeto Fixo;1;;;;;;;;;;1;;;;
25/02/2013;16:42:00;4196;sem vítima;94;BR-040/RJ;Sul;Choque - Objeto Fixo;1;;;;;;;;;;1;;;;
25/02/2013;18:55:00;4219;sem vítima;111;BR-040/RJ;Norte;Colisão Traseira;2;;;;;;;;;;2;;;;
25/02/2013;23:24:00;4252;sem vítima;776;BR-040/MG;Sul;Colisão Lateral;1;;;1;;;;;;;2;;;;
25/02/2013;10:33:00;4143;sem vítima;123;BR-040/RJ;Sul;Colisão Lateral;1;;1;;;;;;;;2;;;;
25/02/2013;09:47:00;4136;sem vítima;124;BR-040/RJ;Sul;Colisão Lateral;1;;1;;;;;;;;2;;;;
25/02/2013;11:52:00;4149;sem vítima;124;BR-040/RJ;Norte;Engavetamento;1;;2;;;;;;;;3;;;;
25/02/2013;20:03:00;4234;sem vítima;124;BR-040/RJ;Sul;Colisão Lateral;1;;;;;;;;;;1;;;;
26/02/2013;17:17:00;4364;com vítima;55;BR-040/RJ;Sul;Capotamento;1;;;;;1;;;;;1;;1;;
26/02/2013;20:13:00;4391;sem vítima;80;BR-040/RJ;Sul;Choque - Objeto Fixo;1;;;;;;;;;;1;;;;
26/02/2013;20:11:00;4389;com vítima;83;BR-040/RJ;Norte;Choque - Objeto Fixo;1;;;;;;;;;;0;1;;;
26/02/2013;23:06:00;4404;com vítima;116;BR-040/RJ;Norte;Capotamento;1;;;;;;;;;;0;2;;;
26/02/2013;23:20:00;4405;sem vítima;786;BR-040/MG;Sul;Choque - Objeto Fixo;1;;;;;;;;;;1;;;;
26/02/2013;19:59:00;4387;sem vítima;119;BR-040/RJ;Norte;Choque - Objeto Fixo;;;1;;;;;;;;1;;;;
26/02/2013;18:20:00;4373;sem vítima;120;BR-040/RJ;Norte;Colisão Lateral;2;;;;;;;;;;2;;;;
26/02/2013;13:32:00;4330;sem vítima;121;BR-040/RJ;Sul;Colisão Lateral;1;;;;1;;;;;;2;;;;
26/02/2013;09:41:00;4298;sem vítima;123;BR-040/RJ;Sul;Colisão Lateral;1;;;;;1;;;;;2;;;;
26/02/2013;23:40:00;4407;com vítima;123;BR-040/RJ;Sul;Choque - Objeto Fixo;1;;;;;;;;;;0;1;1;;
27/02/2013;01:32:00;4412;sem vítima;22;BR-040/RJ;Sul;Choque - Objeto Fixo;1;;;;;;;;;;1;;;;
27/02/2013;17:14:00;4515;com vítima;77;BR-040/RJ;Sul;Capotamento;1;;;;;;;;;;0;1;;;
27/02/2013;05:09:00;4422;sem vítima;78;BR-040/RJ;Sul;Choque - Objeto Fixo;1;;;;;;;;;;1;;;;
27/02/2013;15:01:00;4487;sem vítima;78;BR-040/RJ;Sul;Choque - Objeto Fixo;1;;;;;;;;;;1;;;;
27/02/2013;14:43:00;4484;sem vítima;82;BR-040/RJ;Sul;Choque - Objeto Fixo;1;;;;;;;;;;1;;;;
27/02/2013;00:27:00;4410;sem vítima;83;BR-040/RJ;Norte;Choque - Objeto Fixo;1;;;;;;;;;;1;;;;
27/02/2013;05:01:00;4421;sem vítima;86;BR-040/RJ;Norte;Choque - Objeto Fixo;1;;;;;;;;;;1;;;;
27/02/2013;04:49:00;4420;sem vítima;109;BR-040/RJ;Norte;Colisão Traseira;1;;1;;;;;;;;2;;;;
27/02/2013;10:00:00;4458;sem vítima;812;BR-040/MG;Sul;Colisão Traseira;1;;1;;;;;;;;2;;;;
27/02/2013;04:38:00;4419;sem vítima;119;BR-040/RJ;Norte;Choque - Objeto Fixo;1;;;;;;;;;;1;;;;
27/02/2013;11:13:00;4466;com vítima;119;BR-040/RJ;Sul;Colisão Traseira;1;;1;;;;;;;;0;2;1;;
27/02/2013;09:16:00;4451;sem vítima;123;BR-040/RJ;Sul;Colisão Lateral;1;;1;;;;;;;;2;;;;
28/02/2013;16:55:00;4675;sem vítima;34;BR-040/RJ;Norte;Choque - Objeto Fixo;1;;;;;;;;;;1;;;;
28/02/2013;14:23:00;4650;sem vítima;53;BR-040/RJ;Norte;Choque - Objeto Fixo;1;;;;;;;;;;1;;;;
28/02/2013;10:34:00;4619;com vítima;55;BR-040/RJ;Sul;Choque - Objeto Fixo;1;;;;;;;;;;0;1;;;
28/02/2013;09:19:00;4606;sem vítima;81;BR-040/RJ;Norte;Choque - Objeto Fixo;1;;;;;;;;;;1;;;;
28/02/2013;16:42:00;4672;sem vítima;84;BR-040/RJ;Norte;Choque - Objeto Fixo;1;;;;;;;;;;1;;;;
28/02/2013;19:51:00;4702;sem vítima;84;BR-040/RJ;Norte;Choque - Objeto Fixo;1;;;;;;;;;;1;;;;
28/02/2013;08:27:00;4595;sem vítima;88;BR-040/RJ;Norte;Choque - Objeto Fixo;1;;;;;;;;;;1;;;;
28/02/2013;03:18:00;4575;sem vítima;89;BR-040/RJ;Sul;Colisão Traseira;1;;1;;;;;;;;2;;;;