data;horario;n_da_ocorrencia;tipo_de_ocorrencia;km;trecho;sentido;tipo_de_acidente;automovel;bicicleta;caminhao;moto;onibus;outros;tracao_animal;transporte_de_cargas_especiais;trator_maquinas;utilitarios;ilesos;levemente_feridos;moderadamente_feridos;gravemente_feridos;mortos
21/03/2013;15:45:00;3213;sem vítima;85;BR-040/RJ;Norte;Colisão Lateral;1;;1;;;;;;;;2;;;;
21/03/2013;21:54:00;3269;com vítima;91;BR-040/RJ;Norte;Queda de Moto;;;;1;;;;;;;0;1;;;
21/03/2013;11:07:00;3177;sem vítima;98;BR-040/RJ;Sul;Choque - Objeto Fixo;1;;;;;;;;;;1;;;;
21/03/2013;01:47:00;3132;sem vítima;101;BR-040/RJ;Sul;Choque - Objeto Fixo;;;1;;;;;;;;1;;;;
21/03/2013;17:22:00;3235;com vítima;104;BR-040/RJ;Sul;Colisão Lateral;1;;1;;;;;;;;0;3;1;;
21/03/2013;05:40:00;3145;sem vítima;107;BR-040/RJ;Sul;Colisão Lateral;2;;;;;;;;;;2;;;;
21/03/2013;14:58:00;3203;sem vítima;123;BR-040/RJ;Sul;Colisão Lateral;2;;;;;;;;;;2;;;;
21/03/2013;15:23:00;3206;sem vítima;124;BR-040/RJ;Sul;Colisão Lateral;1;;1;;;;;;;;2;;;;
22/03/2013;20:40:00;3432;com vítima;24;BR-040/RJ;Norte;Capotamento;1;;;;;;;;;;0;1;1;;
22/03/2013;21:35:00;3438;com vítima;67;BR-040/RJ;Norte;Choque - Objeto Fixo;1;;;;;;;;;;0;1;;;
22/03/2013;15:48:00;3383;sem vítima;82;BR-040/RJ;Norte;Choque - Objeto Fixo;1;;;;;;;;;;1;;;;
22/03/2013;18:18:00;3413;com vítima;91;BR-040/RJ;Norte;Derrapagem;1;;;;;;;;;;0;1;;;
22/03/2013;17:15:00;3398;sem vítima;104;BR-040/RJ;Norte;Colisão Lateral;2;;;;;;;;;;2;;;;
22/03/2013;19:25:00;3426;sem vítima;109;BR-040/RJ;Norte;Colisão Traseira;1;;1;;;;;;;;2;;;;
22/03/2013;18:34:00;3418;sem vítima;114;BR-040/RJ;Norte;Colisão Traseira;1;;;;;1;;;;;2;;;;
22/03/2013;08:31:00;3324;sem vítima;115;BR-040/RJ;Sul;Colisão Lateral;1;;1;;;;;;;;2;;;;
22/03/2013;14:29:00;3373;sem vítima;806;BR-040/MG;Norte;Choque - Objeto Fixo;1;;;;;;;;;;1;;;;
22/03/2013;14:42:00;3374;sem vítima;121;BR-040/RJ;Sul;Colisão Traseira;1;;;1;;;;;;;2;;;;
23/03/2013;17:43:00;3558;sem vítima;13;BR-040/RJ;Sul;Choque - Objeto Fixo;1;;;;;;;;;;1;;;;
23/03/2013;16:31:00;3544;sem vítima;31;BR-040/RJ;Norte;Choque - Objeto Fixo;1;;;;;;;;;;1;;;;
23/03/2013;15:26:00;3529;sem vítima;39;BR-040/RJ;Sul;Choque - Objeto Fixo;1;;;;;;;;;;1;;;;
23/03/2013;16:58:00;3548;sem vítima;45;BR-040/RJ;Norte;Colisão Traseira;1;;1;;;;;;;;2;;;;
23/03/2013;14:04:00;3517;sem vítima;47;BR-040/RJ;Sul;Choque - Objeto Fixo;1;;;;;;;;;;1;;;;
23/03/2013;15:42:00;3534;sem vítima;77;BR-040/RJ;Sul;Choque - Objeto Fixo;1;;;;;;;;;;1;;;;
23/03/2013;18:26:00;3566;com vítima;92;BR-040/RJ;Sul;Choque - Objeto Fixo;1;;;;;;;;;;0;1;;;
23/03/2013;16:14:00;3541;sem vítima;94;BR-040/RJ;Sul;Choque - Objeto Fixo;1;;;;;;;;;;1;;;;
23/03/2013;16:22:00;3543;sem vítima;94;BR-040/RJ;Sul;Choque - Objeto Fixo;1;;;;;;;;;;1;;;;
23/03/2013;22:32:00;3585;com vítima;105;BR-040/RJ;Norte;Atropelamento - Pedestre;;;;;;1;;;;;1;;;;1
23/03/2013;01:49:00;3458;com vítima;111;BR-040/RJ;Norte;Capotamento;1;;;;;;;;;;0;;;;1
23/03/2013;16:47:00;3545;sem vítima;116;BR-040/RJ;Norte;Colisão Lateral;2;;;;;;;;;;2;;;;
23/03/2013;15:39:00;3532;sem vítima;123;BR-040/RJ;Sul;Choque - Objeto Fixo;1;;;;;;;;;;1;;;;
24/03/2013;14:14:00;3641;sem vítima;60;BR-040/RJ;Sul;Capotamento;1;;;;;;;;;;2;;;;
24/03/2013;15:23:00;3651;com vítima;66;BR-040/RJ;Sul;Choque - Objeto Fixo;1;;;;;;;;;;0;;;1;
24/03/2013;06:23:00;3608;com vítima;73;BR-040/RJ;Sul;Atropelamento - Pedestre;1;;;;;;;;;;0;1;;;1
24/03/2013;14:01:00;3640;com vítima;78;BR-040/RJ;Sul;Capotamento;1;;;;;;;;;;0;2;;;
24/03/2013;01:11:00;3595;sem vítima;92;BR-040/RJ;Sul;Choque - Objeto Fixo;1;;;;;;;;;;1;;;;
24/03/2013;21:15:00;3682;com vítima;105;BR-040/RJ;Norte;Choque - Objeto Fixo;1;;;;;;;;;;0;1;;;
24/03/2013;00:46:00;3592;sem vítima;107;BR-040/RJ;Norte;Capotamento;1;;;;;;;;;;1;;;;
24/03/2013;13:00:00;3635;sem vítima;787;BR-040/MG;Norte;Choque - Objeto Fixo;1;;;;;;;;;;1;;;;
24/03/2013;01:14:00;3596;sem vítima;124;BR-040/RJ;Sul;Choque - Objeto Fixo;1;;;;;;;;;;1;;;;
25/03/2013;17:20:00;3813;sem vítima;30;BR-040/RJ;Norte;Derrapagem;1;;;;;;;;;;1;;;;
25/03/2013;05:54:00;3707;sem vítima;92;BR-040/RJ;Sul;Choque - Objeto Fixo;1;;;;;;;;;;1;;;;
25/03/2013;19:45:00;3834;sem vítima;104;BR-040/RJ;Norte;Colisão Lateral;1;;1;;;;;;;;2;;;;
25/03/2013;05:40:00;3705;com vítima;105;BR-040/RJ;Norte;Colisão Traseira;2;;;;;;;;;;0;5;;;
25/03/2013;21:12:00;3845;sem vítima;109;BR-040/RJ;Norte;Colisão Lateral;;;1;;1;;;;;;2;;;;
25/03/2013;10:57:00;3747;sem vítima;110;BR-040/RJ;Sul;Queda de Moto;;;;1;;;;;;;1;;;;
25/03/2013;12:28:00;3768;sem vítima;110;BR-040/RJ;Sul;Derrapagem;;;1;;;;;;;;1;;;;
25/03/2013;12:34:00;3773;sem vítima;118;BR-040/RJ;Sul;Colisão Traseira;;;1;;1;;;;;;2;;;;
25/03/2013;15:04:00;3790;sem vítima;801;BR-040/MG;Sul;Choque - Objeto Fixo;1;;;;;;;;;;1;;;;
25/03/2013;08:36:00;3730;sem vítima;123;BR-040/RJ;Sul;Colisão Lateral;;;2;;;;;;;;2;;;;
25/03/2013;14:14:00;3785;sem vítima;123;BR-040/RJ;Sul;Colisão Lateral;;;2;;;;;;;;2;;;;
25/03/2013;15:43:00;3800;sem vítima;124;BR-040/RJ;Sul;Queda de Moto;;;;1;;;;;;;1;;;;
26/03/2013;15:39:00;3957;sem vítima;85;BR-040/RJ;Norte;Choque - Objeto Fixo;1;;;;;;;;;;1;;;;
26/03/2013;18:46:00;3981;sem vítima;86;BR-040/RJ;Norte;Colisão Lateral;;;2;;;;;;;;2;;;;
26/03/2013;17:35:00;3973;sem vítima;100;BR-040/RJ;Norte;Choque - Objeto Fixo;1;;;;;;;;;;1;;;;
26/03/2013;07:16:00;3877;sem vítima;105;BR-040/RJ;Sul;Colisão Traseira;2;;;;1;;;;;;3;;;;
26/03/2013;19:04:00;3982;sem vítima;109;BR-040/RJ;Sul;Colisão Traseira;1;;;;;1;;;;;2;;;;
26/03/2013;17:41:00;3974;sem vítima;779;BR-040/MG;Sul;Choque - Objeto Fixo;1;;;;;;;;;;1;;;;
26/03/2013;08:47:00;3893;sem vítima;122;BR-040/RJ;Sul;Colisão Lateral;2;;;;;;;;;;2;;;;
26/03/2013;18:54:00;3983;com vítima;123;BR-040/RJ;Norte;Engavetamento;2;;;;;1;;;;;2;;1;;
26/03/2013;10:41:00;3917;sem vítima;124;BR-040/RJ;Sul;Atropelamento - Pedestre;;;;;;1;;;;;2;;;;
26/03/2013;13:53:00;3942;sem vítima;125;BR-040/RJ;Sul;Colisão Lateral;1;;1;;;;;;;;2;;;;
27/03/2013;15:29:00;4119;sem vítima;13;BR-040/RJ;Sul;Choque - Objeto Fixo;1;;;;;;;;;;1;;;;
27/03/2013;17:17:00;4133;sem vítima;32;BR-040/RJ;Sul;Choque - Objeto Fixo;1;;;;;;;;;;1;;;;
27/03/2013;11:43:00;4084;com vítima;43;BR-040/RJ;Norte;Choque - Objeto Fixo;1;;;;;;;;;;1;1;;;
27/03/2013;16:00:00;4125;sem vítima;43;BR-040/RJ;Sul;Choque - Objeto Fixo;1;;;;;;;;;;1;;;;
27/03/2013;11:15:00;4079;com vítima;62;BR-040/RJ;Sul;Tombamento;;;1;;;;;;;;2;2;;;
27/03/2013;10:56:00;4075;sem vítima;65;BR-040/RJ;Sul;Colisão Traseira;2;;;;;;;;;;2;;;;
27/03/2013;18:03:00;4141;sem vítima;84;BR-040/RJ;Sul;Colisão Lateral;1;;;;;1;;;;;2;;;;
27/03/2013;13:56:00;4102;sem vítima;90;BR-040/RJ;Norte;Choque - Objeto Fixo;1;;;;;;;;;;1;;;;
27/03/2013;15:23:00;4117;com vítima;94;BR-040/RJ;Sul;Capotamento;1;;;;;;;;;;0;2;;;
27/03/2013;18:10:00;4142;sem vítima;101;BR-040/RJ;Norte;Colisão Traseira;1;;;;;1;;;;;3;;;;
27/03/2013;17:31:00;4136;sem vítima;104;BR-040/RJ;Sul;Colisão Traseira;1;;;;;1;;;;;2;;;;
27/03/2013;13:19:00;4100;sem vítima;109;BR-040/RJ;Norte;Choque - Objeto Fixo;;;1;;;1;;;;;2;;;;
27/03/2013;15:50:00;4124;sem vítima;794;BR-040/MG;Norte;Choque - Objeto Fixo;1;;;;;;;;;;1;;;;
27/03/2013;17:52:00;4140;sem vítima;801;BR-040/MG;Sul;Capotamento;1;;;;;;;;;;1;;;;
27/03/2013;15:07:00;4111;com vítima;824;BR-040/MG;Sul;Capotamento;1;;;;;;;;;;3;1;;;
27/03/2013;08:06:00;4046;com vítima;123;BR-040/RJ;Sul;Queda de Moto;;;;1;;1;;;;;1;2;;;
27/03/2013;07:35:00;4040;com vítima;125;BR-040/RJ;Sul;Tombamento;;;1;;;;;;;;0;1;;;
28/03/2013;15:14:00;4287;sem vítima;30;BR-040/RJ;Sul;Derrapagem;1;;;;;;;;;;1;;;;
28/03/2013;15:33:00;4292;sem vítima;45;BR-040/RJ;Norte;Colisão Lateral;2;;;;;;;;;;2;;;;
28/03/2013;14:44:00;4283;sem vítima;95;BR-040/RJ;Norte;Colisão Traseira;2;;;;;;;;;;2;;;;
28/03/2013;09:55:00;4237;sem vítima;107;BR-040/RJ;Norte;Choque - Objeto Fixo;1;;;;;;;;;;1;;;;
28/03/2013;08:35:00;4223;sem vítima;780;BR-040/MG;Norte;Choque - Objeto Fixo;1;;;;;;;;;;1;;;;
29/03/2013;07:23:00;4401;sem vítima;11;BR-040/RJ;Norte;Choque - Objeto Fixo;1;;;;;;;;;;1;;;;
29/03/2013;01:10:00;4378;sem vítima;44;BR-040/RJ;Sul;Choque - Objeto Fixo;1;;;;;;;;;;1;;;;
29/03/2013;13:06:00;4437;com vítima;86;BR-040/RJ;Norte;Queda de Moto;1;;;;;;;;;;0;1;;;
29/03/2013;08:10:00;4408;sem vítima;89;BR-040/RJ;Sul;Choque - Objeto Fixo;1;;;;;;;;;;1;;;;
29/03/2013;08:51:00;4410;com vítima;91;BR-040/RJ;Sul;Capotamento;1;;;;;;;;;;2;4;;;
29/03/2013;00:46:00;4376;sem vítima;94;BR-040/RJ;Sul;Choque - Objeto Fixo;1;;;;;;;;;;1;;;;
29/03/2013;02:25:00;4381;sem vítima;108;BR-040/RJ;Norte;Choque - Objeto Fixo;1;;;;;;;;;;1;;;;
29/03/2013;05:02:00;4390;sem vítima;116;BR-040/RJ;Norte;Capotamento;1;;;;;;;;;;2;;;;
29/03/2013;18:34:00;4475;sem vítima;801;BR-040/MG;Norte;Colisão Traseira;2;;;;;;;;;;2;;;;
29/03/2013;14:59:00;4445;sem vítima;124;BR-040/RJ;Norte;Choque - Objeto Fixo;1;;;;;;;;;;1;;;;
30/03/2013;15:46:00;4553;sem vítima;35;BR-040/RJ;Sul;Choque - Objeto Fixo;1;;;;;;;;;;1;;;;
30/03/2013;14:16:00;4544;com vítima;44;BR-040/RJ;Sul;Queda de Moto;;;;1;;;;;;;0;1;;;
30/03/2013;14:37:00;4548;sem vítima;58;BR-040/RJ;Norte;Derrapagem;1;;;;;;;;;;1;;;;
30/03/2013;05:09:00;4505;com vítima;67;BR-040/RJ;Sul;Tombamento;;;1;;;;;;;;0;;1;;
30/03/2013;17:20:00;4565;sem vítima;93;BR-040/RJ;Sul;Choque - Objeto Fixo;1;;;;;;;;;;1;;;;
30/03/2013;17:02:00;4561;sem vítima;94;BR-040/RJ;Sul;Choque - Objeto Fixo;1;;;;;;;;;;1;;;;
30/03/2013;19:35:00;4578;sem vítima;102;BR-040/RJ;Norte;Choque - Objeto Fixo;1;;;;;1;;;;;2;;;;
30/03/2013;23:12:00;4593;com vítima;109;BR-040/RJ;Norte;Colisão Traseira;1;;;;1;;;;;;1;1;;;
30/03/2013;12:02:00;4535;com vítima;793;BR-040/MG;Sul;Choque - Objeto Fixo;1;;;;;;;;;;0;1;;;
30/03/2013;22:33:00;4589;sem vítima;121;BR-040/RJ;Sul;Colisão Lateral;1;;1;;;;;;;;2;;;;
30/03/2013;05:08:00;4506;com vítima;122;BR-040/RJ;Sul;Atropelamento - Pedestre;1;;;;;;;;;;1;;1;;
30/03/2013;05:31:00;4507;sem vítima;122;BR-040/RJ;Sul;Colisão Lateral;1;;1;;;;;;;;2;;;;
30/03/2013;04:07:00;4501;sem vítima;124;BR-040/RJ;Sul;Colisão Lateral;2;;;;;;;;;;2;;;;
31/03/2013;10:07:00;4623;sem vítima;32;BR-040/RJ;Sul;Choque - Objeto Fixo;1;;;;;;;;;;2;;;;
31/03/2013;15:24:00;4670;com vítima;45;BR-040/RJ;Norte;Colisão Traseira;2;;;;;;;;;;2;3;;;
31/03/2013;15:59:00;4676;sem vítima;46;BR-040/RJ;Norte;Colisão Traseira;2;;;;;;;;;;5;;;;
31/03/2013;12:42:00;4644;com vítima;65;BR-040/RJ;Sul;Colisão Lateral;2;;;;;;;;;;4;1;;;
31/03/2013;19:32:00;4717;com vítima;80;BR-040/RJ;Norte;Choque - Objeto Fixo;1;;;;;;;;;;0;1;;;
31/03/2013;12:23:00;4640;com vítima;84;BR-040/RJ;Sul;Capotamento;1;;;;;;;;;;0;4;;;
31/03/2013;17:51:00;4697;sem vítima;84;BR-040/RJ;Norte;Choque - Objeto Fixo;1;;;;;;;;;;1;;;;
31/03/2013;16:15:00;4679;com vítima;102;BR-040/RJ;Norte;Queda de Moto;;;;1;;;;;;;0;1;;;
31/03/2013;12:03:00;4633;sem vítima;780;BR-040/MG;Norte;Capotamento;1;;;;;;;;;;1;;;;
31/03/2013;02:45:00;4598;com vítima;793;BR-040/MG;Norte;Choque - Objeto Fixo;1;;;;;;;;;;0;2;;;
31/03/2013;16:30:00;4682;com vítima;805;BR-040/MG;Norte;Colisão Traseira;1;;1;;;;;;;;5;2;;;
31/03/2013;04:00:00;4600;com vítima;119;BR-040/RJ;Norte;Atropelamento - Pedestre;;;;;;1;;;;;1;;1;;1
31/03/2013;04:23:00;4602;com vítima;119;BR-040/RJ;Norte;Capotamento;1;;;;;;;;;;0;4;;;
31/03/2013;20:39:00;4727;sem vítima;119;BR-040/RJ;Norte;Colisão Traseira;2;;;;;;;;;;2;;;;
31/03/2013;17:00:00;4689;sem vítima;121;BR-040/RJ;Norte;Capotamento;1;;;;;;;;;;1;;;;
31/03/2013;02:29:00;4597;sem vítima;123;BR-040/RJ;Sul;Choque - Objeto Fixo;1;;;;;;;;;;1;;;;
01/04/2013;10:02:00;67;com vítima;28;BR-040/RJ;Norte;Capotamento;1;;;;;;;;;;0;1;;;
01/04/2013;16:25:00;119;com vítima;62;BR-040/RJ;Norte;Capotamento;1;;;;;;;;;;0;;1;1;
01/04/2013;09:30:00;59;sem vítima;73;BR-040/RJ;Sul;Choque - Objeto Fixo;1;;;;;;;;;;1;;;;
01/04/2013;18:10:00;140;com vítima;92;BR-040/RJ;Sul;Queda de Moto;;;;1;;;;;;;0;;1;;
01/04/2013;07:13:00;39;sem vítima;109;BR-040/RJ;Sul;Colisão Lateral;1;;;;1;;;;;;2;;;;
01/04/2013;18:42:00;145;com vítima;109;BR-040/RJ;Sul;Colisão Traseira;1;;1;;;;;;;;1;2;;;
01/04/2013;05:26:00;22;sem vítima;110;BR-040/RJ;Sul;Colisão Traseira;1;;1;;;;;;;;2;;;;
01/04/2013;05:32:00;25;sem vítima;111;BR-040/RJ;Sul;Colisão Traseira;1;;;;1;;;;;;2;;;;
01/04/2013;18:20:00;142;com vítima;114;BR-040/RJ;Sul;Engavetamento;2;;;1;1;;;;;;3;1;;;
01/04/2013;13:31:00;96;sem vítima;786;BR-040/MG;Sul;Choque - Objeto Fixo;1;;;;;;;;;;1;;;;
02/04/2013;17:33:00;291;sem vítima;80;BR-040/RJ;Sul;Choque - Objeto Fixo;1;;;;;;;;;;2;;;;
02/04/2013;10:20:00;229;sem vítima;83;BR-040/RJ;Sul;Colisão Traseira;1;;1;;;;;;;;2;;;;
02/04/2013;13:01:00;247;com vítima;84;BR-040/RJ;Sul;Capotamento;1;;;;;;;;;;0;3;2;;
02/04/2013;21:10:00;323;sem vítima;91;BR-040/RJ;Norte;Choque - Objeto Fixo;1;;;;;;;;;;1;;;;
02/04/2013;08:16:00;216;sem vítima;109;BR-040/RJ;Norte;Colisão Lateral;1;;;;1;;;;;;2;;;;
02/04/2013;18:47:00;302;sem vítima;112;BR-040/RJ;Sul;Colisão Lateral;2;;;;;;;;;;2;;;;
02/04/2013;00:18:00;186;sem vítima;113;BR-040/RJ;Sul;Colisão Lateral;1;;1;;;;;;;;2;;;;
02/04/2013;06:52:00;205;com vítima;115;BR-040/RJ;Sul;Colisão Traseira;2;;;;;;;;;;1;1;;;
03/04/2013;05:18:00;349;com vítima;78;BR-040/RJ;Sul;Capotamento;1;;;;;;;;;;0;1;;;
03/04/2013;19:12:00;445;com vítima;80;BR-040/RJ;Sul;Choque - Objeto Fixo;1;;;;;;;;;;0;;1;;
03/04/2013;21:16:00;456;com vítima;85;BR-040/RJ;Sul;Choque - Objeto Fixo;1;;;;;;;;;;0;1;;;
03/04/2013;22:22:00;464;sem vítima;85;BR-040/RJ;Norte;Colisão Lateral;;;1;;1;;;;;;2;;;;
03/04/2013;17:42:00;431;sem vítima;784;BR-040/MG;Norte;Colisão Lateral;1;;1;;;;;;;;2;;;;
03/04/2013;17:42:00;436;sem vítima;784;BR-040/MG;Norte;Choque - Objeto Fixo;1;;;;;;;;;;1;;;;
03/04/2013;15:29:00;416;sem vítima;794;BR-040/MG;Norte;Capotamento;1;;;;;;;;;;1;;;;
03/04/2013;11:52:00;389;sem vítima;118;BR-040/RJ;Sul;Colisão Lateral;1;;1;;;;;;;;2;;;;
03/04/2013;09:21:00;369;sem vítima;122;BR-040/RJ;Sul;Colisão Traseira;2;;;;;;;;;;2;;;;
03/04/2013;09:29:00;373;sem vítima;123;BR-040/RJ;Sul;Colisão Lateral;1;;1;;;;;;;;2;;;;
04/04/2013;08:41:00;487;com vítima;73;BR-040/RJ;Norte;Capotamento;1;;;;;;;;;;0;;1;;
04/04/2013;05:00:00;478;com vítima;74;BR-040/RJ;Norte;Choque - Objeto Fixo;1;;;;;;;;;;0;;1;;
04/04/2013;23:26:00;597;com vítima;100;BR-040/RJ;Sul;Choque - Objeto Fixo;1;;;;;;;;;;1;1;;;
04/04/2013;14:38:00;523;com vítima;105;BR-040/RJ;Norte;Queda de Moto;;;;1;;;;;;;0;1;;;
04/04/2013;17:26:00;554;com vítima;109;BR-040/RJ;Sul;Colisão Traseira;1;;;;1;;;;;;2;1;;;
04/04/2013;21:43:00;590;sem vítima;109;BR-040/RJ;Norte;Colisão Lateral;1;;1;;;;;;;;2;;;;
04/04/2013;18:45:00;568;sem vítima;111;BR-040/RJ;Norte;Colisão Lateral;1;;1;;;;;;;;2;;;;
04/04/2013;13:48:00;521;sem vítima;113;BR-040/RJ;Sul;Colisão Lateral;1;;1;;;;;;;;2;;;;
04/04/2013;10:46:00;506;sem vítima;782;BR-040/MG;Sul;Choque - Objeto Fixo;1;;;;;;;;;;1;;;;
04/04/2013;09:26:00;500;com vítima;783;BR-040/MG;Norte;Tombamento;;;1;;;;;;;;0;1;;;
04/04/2013;12:23:00;514;com vítima;122;BR-040/RJ;Sul;Colisão Traseira;1;;1;;;;;;;;0;2;;;
04/04/2013;09:53:00;502;sem vítima;123;BR-040/RJ;Sul;Colisão Traseira;1;;;;1;;;;;;2;;;;
05/04/2013;16:43:00;683;sem vítima;14;BR-040/RJ;Norte;Choque - Objeto Fixo;1;;;;;;;;;;1;;;;
05/04/2013;17:31:00;688;sem vítima;43;BR-040/RJ;Norte;Choque - Objeto Fixo;1;;;;;;;;;;1;;;;
05/04/2013;09:51:00;632;sem vítima;61;BR-040/RJ;Norte;Choque - Objeto Fixo;1;;;;;;;;;;1;;;;
05/04/2013;19:15:00;704;sem vítima;65;BR-040/RJ;Sul;Choque - Objeto Fixo;1;;;;;;;;;;1;;;;
05/04/2013;13:31:00;646;sem vítima;78;BR-040/RJ;Sul;Choque - Objeto Fixo;1;;;;;1;;;;;2;;;;
05/04/2013;12:41:00;644;sem vítima;81;BR-040/RJ;Sul;Choque - Objeto Fixo;1;;;;;;;;;;1;;;;
05/04/2013;14:45:00;653;sem vítima;84;BR-040/RJ;Norte;Choque - Objeto Fixo;1;;;;;;;;;;1;;;;
05/04/2013;11:02:00;639;sem vítima;85;BR-040/RJ;Sul;Colisão Traseira;;;1;1;;;;;;;2;;;;
05/04/2013;11:45:00;642;sem vítima;92;BR-040/RJ;Sul;Choque - Objeto Fixo;1;;;;;;;;;;1;;;;
05/04/2013;16:49:00;684;sem vítima;92;BR-040/RJ;Sul;Choque - Objeto Fixo;1;;;;;;;;;;1;;;;
05/04/2013;15:00:00;659;sem vítima;94;BR-040/RJ;Sul;Choque - Objeto Fixo;1;;;;;;;;;;1;;;;
05/04/2013;21:30:00;718;com vítima;101;BR-040/RJ;Norte;Colisão Traseira;1;;;;1;;;;;;0;3;;;
05/04/2013;15:26:00;664;sem vítima;105;BR-040/RJ;Norte;Colisão Lateral;1;;1;;;;;;;;2;;;;
05/04/2013;23:03:00;727;com vítima;105;BR-040/RJ;Norte;Colisão Frontal;;;;2;;;;;;;1;2;;;
05/04/2013;14:46:00;654;sem vítima;110;BR-040/RJ;Sul;Colisão Lateral;1;;1;;;;;;;;2;;;;
05/04/2013;16:38:00;680;sem vítima;783;BR-040/MG;Norte;Choque - Objeto Fixo;1;;;;;;;;;;1;;;;
05/04/2013;22:07:00;721;sem vítima;788;BR-040/MG;Sul;Tombamento;1;;;;;;;;;;1;;;;
05/04/2013;18:31:00;697;sem vítima;790;BR-040/MG;Sul;Choque - Objeto Fixo;1;;;;;;;;;;1;;;;
05/04/2013;09:51:00;633;sem vítima;120;BR-040/RJ;Norte;Queda de Moto;;;;1;;;;;;;1;;;;
05/04/2013;18:55:00;701;sem vítima;122;BR-040/RJ;Norte;Engavetamento;3;;;;;;;;;;3;;;;
05/04/2013;22:07:00;720;sem vítima;123;BR-040/RJ;Norte;Colisão Lateral;1;;;;1;;;;;;2;;;;
05/04/2013;22:48:00;730;sem vítima;123;BR-040/RJ;Norte;Choque - Objeto Fixo;1;;;;;;;;;;1;;;;
06/04/2013;09:04:00;782;com vítima;31;BR-040/RJ;Norte;Choque - Objeto Fixo;1;;;;;;;;;;0;1;1;;
06/04/2013;13:32:00;811;sem vítima;47;BR-040/RJ;Sul;Derrapagem;1;;;;;;;;;;1;;;;
06/04/2013;08:40:00;775;com vítima;109;BR-040/RJ;Sul;Engavetamento;2;;;;1;;;;;;2;1;;;
06/04/2013;16:44:00;841;sem vítima;109;BR-040/RJ;Norte;Choque - Objeto Fixo;1;;;;;;;;;;1;;;;
06/04/2013;13:45:00;816;sem vítima;807;BR-040/MG;Sul;Choque - Objeto Fixo;1;;;;;;;;;;1;;;;
06/04/2013;05:06:00;758;com vítima;815;BR-040/MG;Sul;Choque - Objeto Fixo;1;;;;;;;;;;0;3;;;
06/04/2013;02:41:00;749;sem vítima;123;BR-040/RJ;Norte;Colisão Traseira;;;1;;;1;;;;;2;;;;
07/04/2013;10:45:00;920;com vítima;84;BR-040/RJ;Sul;Capotamento;1;;;;;;;;;;0;3;;;
07/04/2013;15:00:00;942;com vítima;84;BR-040/RJ;Sul;Choque - Objeto Fixo;1;;;;;;;;;;0;2;;;
07/04/2013;22:31:00;992;com vítima;84;BR-040/RJ;Sul;Tombamento;;;1;;;;;;;;0;1;;;
07/04/2013;20:04:00;981;sem vítima;90;BR-040/RJ;Sul;Colisão Lateral;;;2;;;;;;;;2;;;;
07/04/2013;09:59:00;917;sem vítima;92;BR-040/RJ;Norte;Colisão Traseira;1;;;;;;;;;;1;;;;
07/04/2013;14:50:00;940;com vítima;103;BR-040/RJ;Norte;Colisão Lateral;;;;2;;;;;;;1;1;;;
07/04/2013;03:18:00;889;sem vítima;778;BR-040/MG;Sul;Choque - Objeto Fixo;;;1;;;;;;;;1;;;;
07/04/2013;18:05:00;966;com vítima;816;BR-040/MG;Norte;Choque - Objeto Fixo;1;;;;;;;;;;0;1;;;
07/04/2013;00:19:00;884;sem vítima;119;BR-040/RJ;Sul;Colisão Traseira;2;;;;;;;;;;2;;;;
08/04/2013;13:56:00;1074;sem vítima;15;BR-040/RJ;Norte;Colisão Traseira;2;;;;;;;;;;2;;;;
08/04/2013;14:37:00;1078;com vítima;52;BR-040/RJ;Norte;Queda de Moto;;;;1;;;;;;;0;1;;;
08/04/2013;15:11:00;1082;sem vítima;78;BR-040/RJ;Sul;Choque - Objeto Fixo;1;;;;;;;;;;1;;;;
08/04/2013;19:40:00;1118;sem vítima;80;BR-040/RJ;Norte;Colisão Traseira;1;;1;;;;;;;;2;;;;
08/04/2013;13:41:00;1068;com vítima;82;BR-040/RJ;Sul;Capotamento;1;;;;;;;;;;0;;4;;
08/04/2013;04:11:00;1013;sem vítima;83;BR-040/RJ;Norte;Choque - Objeto Fixo;1;;;;;;;;;;1;;;;
08/04/2013;05:43:00;1019;sem vítima;84;BR-040/RJ;Norte;Choque - Objeto Fixo;1;;;;;;;;;;1;;;;
08/04/2013;17:22:00;1099;sem vítima;84;BR-040/RJ;Sul;Choque - Objeto Fixo;1;;;;;;;;;;1;;;;
08/04/2013;05:06:00;1016;sem vítima;91;BR-040/RJ;Norte;Choque - Objeto Fixo;1;;;;;;;;;;1;;;;
08/04/2013;05:53:00;1020;sem vítima;91;BR-040/RJ;Norte;Choque - Objeto Fixo;1;;;;;;;;;;1;;;;
08/04/2013;17:35:00;1101;sem vítima;92;BR-040/RJ;Sul;Choque - Objeto Fixo;1;;;;;;;;;;1;;;;
08/04/2013;02:00:00;1009;sem vítima;93;BR-040/RJ;Norte;Choque - Objeto Fixo;1;;;;;;;;;;1;;;;
08/04/2013;21:09:00;1131;com vítima;115;BR-040/RJ;Sul;Tombamento;;;1;;;;;;;;0;1;;;
08/04/2013;07:58:00;1026;sem vítima;123;BR-040/RJ;Sul;Colisão Traseira;;;2;;;;;;;;2;;;;
08/04/2013;15:48:00;1090;sem vítima;123;BR-040/RJ;Sul;Colisão Traseira;2;;;;;;;;;;2;;;;