data;horario;n_da_ocorrencia;tipo_de_ocorrencia;km;trecho;sentido;tipo_de_acidente;automovel;bicicleta;caminhao;moto;onibus;outros;tracao_animal;transporte_de_cargas_especiais;trator_maquinas;utilitarios;ilesos;levemente_feridos;moderadamente_feridos;gravemente_feridos;mortos
08/04/2013;19:25:00;1117;com vítima;124;BR-040/RJ;Sul;Capotamento;1;;;;;;;;;;0;1;;;
09/04/2013;11:41:00;1187;sem vítima;77;BR-040/RJ;Sul;Colisão Traseira;1;;1;;;;;;;;2;;;;
09/04/2013;18:12:00;1240;sem vítima;83;BR-040/RJ;Norte;Choque - Objeto Fixo;1;;;;;;;;;;1;;;;
09/04/2013;00:24:00;1141;com vítima;86;BR-040/RJ;Sul;Tombamento;;;1;;;;;;;;0;;1;;
09/04/2013;16:47:00;1226;sem vítima;121;BR-040/RJ;Sul;Colisão Lateral;1;;1;;;;;;;;2;;;;
09/04/2013;07:23:00;1158;sem vítima;123;BR-040/RJ;Sul;Colisão Lateral;1;;1;;;;;;;;2;;;;
09/04/2013;08:05:00;1162;com vítima;124;BR-040/RJ;Norte;Atropelamento - Pedestre;1;;;;;;;;;;1;1;;;
10/04/2013;23:11:00;1415;com vítima;31;BR-040/RJ;Norte;Tombamento;;;1;;;;;;;;0;;;;1
10/04/2013;18:06:00;1384;sem vítima;50;BR-040/RJ;Norte;Colisão Lateral;1;;;;1;;;;;;2;;;;
10/04/2013;20:22:00;1402;sem vítima;784;BR-040/MG;Norte;Colisão Traseira;2;;;;;;;;;;2;;;;
10/04/2013;17:35:00;1378;sem vítima;121;BR-040/RJ;Sul;Colisão Lateral;1;;1;;;;;;;;2;;;;
11/04/2013;07:17:00;1439;sem vítima;109;BR-040/RJ;Norte;Choque - Objeto Fixo;1;;;;;;;;;;1;;;;
11/04/2013;12:05:00;1486;sem vítima;113;BR-040/RJ;Norte;Colisão Lateral;2;;;;;;;;;;2;;;;
11/04/2013;06:32:00;1436;com vítima;117;BR-040/RJ;Sul;Colisão Lateral;1;;;;1;;;;;;1;1;;;
11/04/2013;15:45:00;1520;sem vítima;117;BR-040/RJ;Norte;Colisão Traseira;;;1;;1;;;;;;2;;;;
11/04/2013;15:45:00;1521;sem vítima;117;BR-040/RJ;Norte;Colisão Traseira;1;;1;;;;;;;;2;;;;
11/04/2013;02:50:00;1424;sem vítima;119;BR-040/RJ;Norte;Choque - Objeto Fixo;1;;;;;;;;;;1;;;;
11/04/2013;11:46:00;1494;sem vítima;120;BR-040/RJ;Sul;Colisão Traseira;2;;;;;;;;;;2;;;;
11/04/2013;08:35:00;1454;com vítima;121;BR-040/RJ;Sul;Colisão Traseira;1;;1;;;;;;;;1;1;;;
12/04/2013;07:48:00;1595;sem vítima;54;BR-040/RJ;Sul;Choque - Objeto Fixo;;;1;;;;;;;;3;;;;
12/04/2013;19:57:00;1691;com vítima;79;BR-040/RJ;Norte;Atropelamento - Pedestre;1;;;;;;;;;;0;2;;1;
12/04/2013;20:46:00;1693;sem vítima;79;BR-040/RJ;Norte;Colisão Traseira;1;;;;;1;;;;;2;;;;
12/04/2013;06:20:00;1589;sem vítima;88;BR-040/RJ;Sul;Choque - Objeto Fixo;1;;;;;;;;;;1;;;;
12/04/2013;05:59:00;1587;sem vítima;101;BR-040/RJ;Sul;Atropelamento - Animal;;;1;;;;;;;;1;;;;
12/04/2013;14:05:00;1643;com vítima;101;BR-040/RJ;Norte;Colisão Traseira;1;;1;;;;;;;;1;3;;;
12/04/2013;22:27:00;1703;com vítima;104;BR-040/RJ;Norte;Colisão Frontal;1;;;1;;;;;;;1;;;1;
12/04/2013;05:15:00;1584;sem vítima;122;BR-040/RJ;Sul;Colisão Lateral;1;;;;1;;;;;;2;;;;
13/04/2013;06:27:00;1737;com vítima;0;BR-040/RJ;Sul;Capotamento;1;;;;;;;;;;0;2;;;
13/04/2013;09:04:00;1754;com vítima;58;BR-040/RJ;Sul;Atropelamento - Pedestre;1;;;;;;;;;;2;;1;;
13/04/2013;22:10:00;1862;com vítima;111;BR-040/RJ;Sul;Colisão Traseira;1;;;;1;;;;;;1;4;;;
13/04/2013;20:22:00;1849;sem vítima;114;BR-040/RJ;Sul;Capotamento;1;;;;;;;;;;1;;;;
13/04/2013;15:00:00;1801;sem vítima;115;BR-040/RJ;Norte;Queda de Moto;;;;1;;;;;;;1;;;;
13/04/2013;16:47:00;1821;sem vítima;119;BR-040/RJ;Norte;Choque - Objeto Fixo;1;;;;;1;;;;;2;;;;
13/04/2013;22:34:00;1864;sem vítima;122;BR-040/RJ;Sul;Choque - Objeto Fixo;1;;;;;;;;;;1;;;;
13/04/2013;00:23:00;1717;sem vítima;124;BR-040/RJ;Norte;Choque - Objeto Fixo;1;;;;;;;;;;1;;;;
14/04/2013;03:31:00;1886;sem vítima;38;BR-040/RJ;Sul;Choque - Objeto Fixo;1;;;;;;;;;;1;;;;
14/04/2013;21:50:00;1990;com vítima;70;BR-040/RJ;Norte;Choque - Objeto Fixo;1;;;;;;;;;;1;1;;;
14/04/2013;09:49:00;1918;com vítima;82;BR-040/RJ;Sul;Capotamento;1;;;;;;;;;;0;2;;;
14/04/2013;19:07:00;1978;sem vítima;84;BR-040/RJ;Sul;Choque - Objeto Fixo;1;;;;;;;;;;1;;;;
14/04/2013;14:13:00;1936;sem vítima;87;BR-040/RJ;Norte;Choque - Objeto Fixo;1;;;;;;;;;;1;;;;
14/04/2013;16:23:00;1957;com vítima;89;BR-040/RJ;Sul;Colisão Traseira;1;;;;;1;;;;;1;1;;;
14/04/2013;14:59:00;1944;sem vítima;90;BR-040/RJ;Sul;Choque - Objeto Fixo;1;;;;;;;;;;1;;;;
14/04/2013;07:13:00;1902;sem vítima;91;BR-040/RJ;Norte;Choque - Objeto Fixo;1;;;;;;;;;;1;;;;
14/04/2013;12:32:00;1926;sem vítima;91;BR-040/RJ;Norte;Choque - Objeto Fixo;1;;;;;;;;;;1;;;;
14/04/2013;16:16:00;1956;sem vítima;92;BR-040/RJ;Sul;Choque - Objeto Fixo;1;;;;;;;;;;1;;;;
14/04/2013;17:11:00;1963;sem vítima;93;BR-040/RJ;Sul;Choque - Objeto Fixo;1;;;;;;;;;;1;;;;
14/04/2013;11:33:00;1925;sem vítima;106;BR-040/RJ;Sul;Colisão Transversal;2;;;;;1;;;;;3;;;;
14/04/2013;05:40:00;1896;sem vítima;109;BR-040/RJ;Norte;Choque - Objeto Fixo;1;;;;;;;;;;1;;;;
14/04/2013;04:10:00;1889;sem vítima;113;BR-040/RJ;Sul;Choque - Objeto Fixo;1;;;;;;;;;;1;;;;
14/04/2013;06:06:00;1899;sem vítima;115;BR-040/RJ;Norte;Choque - Objeto Fixo;1;;;;1;;;;;;2;;;;
14/04/2013;21:25:00;1989;sem vítima;118;BR-040/RJ;Norte;Colisão Traseira;2;;;;;;;;;;2;;;;
14/04/2013;23:25:00;1999;com vítima;120;BR-040/RJ;Norte;Queda de Moto;;;;1;;;;;;;0;1;;;
15/04/2013;07:57:00;2030;com vítima;34;BR-040/RJ;Norte;Queda de Moto;;;;1;;;;;;;0;2;;;
15/04/2013;18:30:00;2114;com vítima;62;BR-040/RJ;Norte;Colisão Frontal;;;1;1;;;;;;;1;;;1;
15/04/2013;06:26:00;2023;com vítima;85;BR-040/RJ;Sul;Colisão Lateral;1;;;1;;;;;;;1;;1;;
15/04/2013;12:05:00;2068;sem vítima;113;BR-040/RJ;Sul;Colisão Lateral;2;;;;;;;;;;2;;;;
15/04/2013;10:55:00;2054;com vítima;115;BR-040/RJ;Norte;Colisão Lateral;1;;;1;;;;;;;0;2;;;
15/04/2013;03:01:00;2008;sem vítima;804;BR-040/MG;Sul;Choque - Objeto Fixo;1;;;;;;;;;;1;;;;
15/04/2013;15:10:00;2088;sem vítima;119;BR-040/RJ;Norte;Colisão Traseira;1;;1;;;;;;;;2;;;;
16/04/2013;15:56:00;2216;sem vítima;90;BR-040/RJ;Norte;Colisão Lateral;;;2;;;;;;;;2;;;;
16/04/2013;11:47:00;2197;sem vítima;95;BR-040/RJ;Sul;Choque - Objeto Fixo;;;1;;;;;;;;1;;;;
16/04/2013;23:20:00;2268;com vítima;96;BR-040/RJ;Norte;Tombamento;;;1;;;;;;;;0;;1;;
16/04/2013;23:48:00;2269;sem vítima;120;BR-040/RJ;Norte;Colisão Traseira;2;;;;;;;;;;2;;;;
16/04/2013;15:58:00;2217;sem vítima;122;BR-040/RJ;Norte;Colisão Lateral;1;;;;;1;;;;;2;;;;
17/04/2013;12:14:00;2334;sem vítima;43;BR-040/RJ;Norte;Tombamento;;;1;;;;;;;;1;;;;
17/04/2013;12:09:00;2333;com vítima;85;BR-040/RJ;Norte;Capotamento;1;;;;;;;;;;0;3;;;
17/04/2013;18:38:00;2383;com vítima;110;BR-040/RJ;Sul;Atropelamento - Pedestre;1;;;;;;;;;;1;;;1;
17/04/2013;15:16:00;2357;com vítima;111;BR-040/RJ;Norte;Queda de Moto;;;;1;;;;;;;0;1;;;
17/04/2013;08:24:00;2304;sem vítima;113;BR-040/RJ;Sul;Engavetamento;;;;;2;1;;;;;3;;;;
17/04/2013;08:38:00;2309;sem vítima;113;BR-040/RJ;Sul;Colisão Traseira;1;;;1;;1;;;;;3;;;;
17/04/2013;11:02:00;2324;sem vítima;114;BR-040/RJ;Norte;Colisão Lateral;1;;1;;;;;;;;2;;;;
17/04/2013;09:01:00;2308;sem vítima;116;BR-040/RJ;Sul;Engavetamento;2;;1;;;;;;;;3;;;;
17/04/2013;17:36:00;2373;sem vítima;781;BR-040/MG;Sul;Colisão Traseira;;;1;;1;;;;;;2;;;;
17/04/2013;11:09:00;2326;com vítima;118;BR-040/RJ;Norte;Choque - Objeto Fixo;1;;;;;;;;;;0;;1;;
17/04/2013;00:18:00;2273;sem vítima;121;BR-040/RJ;Sul;Colisão Traseira;1;;1;;;;;;;;2;;;;
17/04/2013;17:51:00;2377;sem vítima;124;BR-040/RJ;Norte;Colisão Traseira;2;;;;;;;;;;2;;;;
18/04/2013;17:24:00;2525;sem vítima;6;BR-040/RJ;Norte;Choque - Objeto Fixo;1;;;;;;;;;;1;;;;
18/04/2013;08:10:00;2441;sem vítima;79;BR-040/RJ;Sul;Colisão Traseira;1;;;;;1;;;;;2;;;;
18/04/2013;10:00:00;2456;sem vítima;96;BR-040/RJ;Norte;Engavetamento;3;;;;;;;;;;3;;;;
18/04/2013;17:17:00;2524;com vítima;100;BR-040/RJ;Norte;Choque - Objeto Fixo;1;;;;;;;;;;0;;;1;
18/04/2013;09:24:00;2447;sem vítima;109;BR-040/RJ;Sul;Choque - Objeto Fixo;1;;;;;;;;;;1;;;;
18/04/2013;19:31:00;2535;sem vítima;109;BR-040/RJ;Norte;Colisão Traseira;1;;;;;1;;;;;2;;;;
18/04/2013;10:00:00;2455;sem vítima;119;BR-040/RJ;Sul;Colisão Lateral;1;;1;;;;;;;;2;;;;
18/04/2013;10:46:00;2464;sem vítima;122;BR-040/RJ;Sul;Colisão Traseira;1;;1;;;;;;;;2;;;;
19/04/2013;19:55:00;2716;com vítima;51;BR-040/RJ;Sul;Atropelamento - Pedestre;1;;;;;;;;;;2;;1;;
19/04/2013;11:40:00;2634;sem vítima;82;BR-040/RJ;Norte;Choque - Objeto Fixo;1;;;;;;;;;;1;;;;
19/04/2013;12:19:00;2639;com vítima;100;BR-040/RJ;Norte;Tombamento;;;1;;;;;;;;0;1;;;
19/04/2013;08:02:00;2592;com vítima;101;BR-040/RJ;Norte;Queda de Moto;;;;1;;;;;;;0;2;;;
19/04/2013;14:53:00;2656;com vítima;105;BR-040/RJ;Sul;Colisão Lateral;;;;1;;1;;;;;1;;1;;
19/04/2013;19:05:00;2706;sem vítima;114;BR-040/RJ;Norte;Colisão Traseira;2;;;;;;;;;;2;;;;
19/04/2013;19:25:00;2709;sem vítima;114;BR-040/RJ;Norte;Colisão Traseira;1;;;;;1;;;;;2;;;;
19/04/2013;19:47:00;2714;sem vítima;114;BR-040/RJ;Norte;Colisão Traseira;2;;;;;;;;;;2;;;;
19/04/2013;22:17:00;2730;sem vítima;114;BR-040/RJ;Norte;Queda de Moto;1;;;;;1;;;;;2;;;;
19/04/2013;15:00:00;2659;sem vítima;124;BR-040/RJ;Norte;Colisão Lateral;1;;1;;;;;;;;2;;;;
20/04/2013;19:28:00;2880;com vítima;72;BR-040/RJ;Norte;Choque - Objeto Fixo;1;;;;;;;;;;0;1;;;
20/04/2013;08:38:00;2795;com vítima;78;BR-040/RJ;Sul;Capotamento;1;;;;;;;;;;0;3;;;
20/04/2013;08:50:00;2802;sem vítima;78;BR-040/RJ;Sul;Choque - Objeto Fixo;1;;;;;;;;;;1;;;;
20/04/2013;08:50:00;2803;sem vítima;78;BR-040/RJ;Sul;Choque - Objeto Fixo;1;;;;;;;;;;2;;;;
20/04/2013;09:26:00;2800;sem vítima;82;BR-040/RJ;Norte;Choque - Objeto Fixo;1;;;;;;;;;;1;;;;
20/04/2013;11:54:00;2828;com vítima;86;BR-040/RJ;Sul;Choque - Objeto Fixo;;;1;;;;;;;;0;1;;;
20/04/2013;18:50:00;2876;sem vítima;87;BR-040/RJ;Sul;Choque - Objeto Fixo;1;;;;;;;;;;1;;;;
20/04/2013;07:46:00;2789;sem vítima;91;BR-040/RJ;Norte;Choque - Objeto Fixo;1;;;;;;;;;;1;;;;
20/04/2013;13:21:00;2833;com vítima;92;BR-040/RJ;Sul;Colisão Traseira;;;2;;;;;;;;1;;;1;
20/04/2013;00:34:00;2748;sem vítima;93;BR-040/RJ;Norte;Choque - Objeto Fixo;1;;;;;;;;;;1;;;;
20/04/2013;19:04:00;2877;com vítima;98;BR-040/RJ;Sul;Atropelamento - Pedestre;1;;;;;;;;;;5;;;;1
20/04/2013;11:53:00;2827;com vítima;106;BR-040/RJ;Sul;Choque - Objeto Fixo;1;;;;;;;;;;0;1;;;
20/04/2013;07:25:00;2783;com vítima;109;BR-040/RJ;Norte;Colisão Traseira;1;;;1;;;;;;;1;1;;;
20/04/2013;14:48:00;2843;com vítima;110;BR-040/RJ;Sul;Capotamento;1;;;;;;;;;;0;;1;;
20/04/2013;22:58:00;2898;sem vítima;110;BR-040/RJ;Norte;Choque - Objeto Fixo;1;;;;;;;;;;1;;;;
20/04/2013;14:33:00;2840;sem vítima;805;BR-040/MG;Norte;Capotamento;1;;;;;;;;;;1;;;;
20/04/2013;08:33:00;2792;com vítima;123;BR-040/RJ;Sul;Queda de Moto;;;;1;;;;;;;0;1;;;
21/04/2013;03:47:00;2909;com vítima;8;BR-040/RJ;Sul;Queda de Moto;;;;1;;;;;;;0;;1;;
21/04/2013;06:14:00;2915;com vítima;52;BR-040/RJ;Norte;Capotamento;1;;;;;;;;;;0;3;;;
21/04/2013;18:16:00;2985;sem vítima;67;BR-040/RJ;Norte;Choque - Objeto Fixo;1;;;;;;;;;;1;;;;
21/04/2013;13:15:00;2949;sem vítima;69;BR-040/RJ;Sul;Choque - Objeto Fixo;1;;;;;;;;;;1;;;;
21/04/2013;22:54:00;3007;sem vítima;75;BR-040/RJ;Norte;Choque - Objeto Fixo;1;;;;;;;;;;1;;;;
21/04/2013;15:32:00;2963;sem vítima;80;BR-040/RJ;Sul;Choque - Objeto Fixo;1;;;;;;;;;;1;;;;
21/04/2013;17:13:00;2973;sem vítima;80;BR-040/RJ;Sul;Choque - Objeto Fixo;1;;;;;;;;;;1;;;;
21/04/2013;06:51:00;2920;sem vítima;81;BR-040/RJ;Sul;Choque - Objeto Fixo;1;;;;;;;;;;1;;;;
21/04/2013;16:30:00;2970;sem vítima;82;BR-040/RJ;Sul;Capotamento;1;;;;;;;;;;1;;;;
21/04/2013;17:14:00;2974;com vítima;82;BR-040/RJ;Sul;Colisão Traseira;1;;1;;;;;;;;2;2;;;
21/04/2013;06:55:00;2922;sem vítima;85;BR-040/RJ;Sul;Choque - Objeto Fixo;1;;;;;;;;;;1;;;;
21/04/2013;15:27:00;2962;sem vítima;85;BR-040/RJ;Sul;Choque - Objeto Fixo;1;;;;;;;;;;1;;;;
21/04/2013;16:03:00;2969;com vítima;85;BR-040/RJ;Sul;Capotamento;1;;;;;;;;;;0;;1;;
21/04/2013;18:40:00;2981;sem vítima;85;BR-040/RJ;Norte;Choque - Objeto Fixo;1;;;;;;;;;;1;;;;
21/04/2013;17:50:00;2983;sem vítima;85;BR-040/RJ;Sul;Choque - Objeto Fixo;1;;;;;;;;;;1;;;;
21/04/2013;15:59:00;2968;com vítima;91;BR-040/RJ;Sul;Choque - Objeto Fixo;1;;;;;;;;;;0;2;;;
21/04/2013;13:54:00;2952;sem vítima;92;BR-040/RJ;Sul;Choque - Objeto Fixo;1;;;;;;;;;;1;;;;
21/04/2013;14:27:00;2955;com vítima;92;BR-040/RJ;Sul;Capotamento;1;;;;;;;;;;0;1;;1;
21/04/2013;06:26:00;2916;sem vítima;93;BR-040/RJ;Norte;Queda de Moto;;;;1;;;;;;;1;;;;
21/04/2013;07:45:00;2930;sem vítima;93;BR-040/RJ;Sul;Choque - Objeto Fixo;1;;;;;;;;;;1;;;;
21/04/2013;02:00:00;2907;com vítima;103;BR-040/RJ;Sul;Choque - Objeto Fixo;1;;;;;;;;;;0;;;;1
21/04/2013;07:29:00;2927;sem vítima;105;BR-040/RJ;Sul;Choque - Objeto Fixo;;;;;1;;;;;;1;;;;
21/04/2013;17:32:00;2977;sem vítima;105;BR-040/RJ;Norte;Colisão Lateral;2;;;;;;;;;;2;;;;
21/04/2013;18:46:00;2988;sem vítima;110;BR-040/RJ;Sul;Colisão Lateral;2;;;;;;;;;;2;;;;
21/04/2013;16:48:00;2971;com vítima;810;BR-040/MG;Sul;Queda de Moto;;;;1;;;;;;;0;;1;;
21/04/2013;19:40:00;2993;sem vítima;119;BR-040/RJ;Norte;Choque - Objeto Fixo;1;;;;;;;;;;1;;;;
22/04/2013;19:19:00;3116;com vítima;74;BR-040/RJ;Sul;Queda de Moto;;;;1;;;;;;;0;;;;1
22/04/2013;07:15:00;3035;sem vítima;85;BR-040/RJ;Norte;Choque - Objeto Fixo;1;;;;;;;;;;1;;;;
22/04/2013;03:39:00;3022;sem vítima;87;BR-040/RJ;Norte;Choque - Objeto Fixo;1;;;;;;;;;;1;;;;
22/04/2013;05:40:00;3030;sem vítima;109;BR-040/RJ;Norte;Colisão Frontal;2;;;;;;;;;;2;;;;
22/04/2013;14:09:00;3085;sem vítima;119;BR-040/RJ;Sul;Choque - Objeto Fixo;;;1;;;;;;;;1;;;;
22/04/2013;19:37:00;3119;sem vítima;123;BR-040/RJ;Sul;Colisão Lateral;2;;;;;;;;;;2;;;;
23/04/2013;17:16:00;3223;sem vítima;25;BR-040/RJ;Norte;Choque - Objeto Fixo;1;;;;;;;;;;1;;;;
23/04/2013;23:58:00;3260;com vítima;43;BR-040/RJ;Sul;Colisão Traseira;1;;1;;;;;;;;1;;1;;
23/04/2013;11:56:00;3183;sem vítima;60;BR-040/RJ;Sul;Choque - Objeto Fixo;;;;1;;;;;;;1;;;;
23/04/2013;14:00:00;3196;com vítima;65;BR-040/RJ;Norte;Colisão Lateral;1;1;;;;;;;;;1;;1;;
23/04/2013;05:15:00;3143;sem vítima;77;BR-040/RJ;Norte;Choque - Objeto Fixo;1;;;;;;;;;;1;;;;
23/04/2013;18:45:00;3238;sem vítima;96;BR-040/RJ;Norte;Choque - Objeto Fixo;1;;;;;;;;;;1;;;;
23/04/2013;07:34:00;3158;sem vítima;112;BR-040/RJ;Norte;Choque - Objeto Fixo;1;;;;;1;;;;;2;;;;
23/04/2013;10:39:00;3177;com vítima;804;BR-040/MG;Sul;Choque - Objeto Fixo;1;;;;;;;;;;0;1;;;
23/04/2013;20:44:00;3252;com vítima;121;BR-040/RJ;Sul;Colisão Traseira;1;;;1;;;;;;;1;;1;;
23/04/2013;00:00:00;3134;sem vítima;123;BR-040/RJ;Sul;Colisão Frontal;2;;;;;;;;;;2;;;;
24/04/2013;14:39:00;3328;sem vítima;11;BR-040/RJ;Sul;Choque - Objeto Fixo;1;;;;;;;;;;1;;;;
24/04/2013;23:20:00;3381;sem vítima;54;BR-040/RJ;Norte;Colisão Traseira;;;2;;;;;;;;2;;;;
24/04/2013;14:47:00;3330;com vítima;100;BR-040/RJ;Sul;Queda de Moto;;;;1;;;;;;;0;1;1;;
24/04/2013;05:37:00;3271;com vítima;102;BR-040/RJ;Sul;Atropelamento - Pedestre;1;;;;;;;;;;0;1;;;1
24/04/2013;18:36:00;3359;sem vítima;111;BR-040/RJ;Norte;Colisão Lateral;1;;;;1;;;;;;2;;;;
24/04/2013;06:05:00;3272;sem vítima;114;BR-040/RJ;Sul;Colisão Traseira;2;;;;;;;;;;2;;;;
24/04/2013;10:54:00;3298;com vítima;775;BR-040/MG;Sul;Capotamento;1;;;;;;;;;;0;2;;;
24/04/2013;05:27:00;3270;com vítima;117;BR-040/RJ;Sul;Capotamento;2;;;;;;;;;;3;2;;;
24/04/2013;00:13:00;3261;sem vítima;789;BR-040/MG;Sul;Atropelamento - Animal;;;;;1;;;;;;1;;;;
24/04/2013;00:13:00;3263;com vítima;789;BR-040/MG;Norte;Atropelamento - Animal;1;;;;;;;;;;0;1;;;
24/04/2013;09:03:00;3285;com vítima;118;BR-040/RJ;Sul;Queda de Moto;;;;1;;;;;;;0;;1;;
24/04/2013;14:42:00;3329;sem vítima;121;BR-040/RJ;Sul;Engavetamento;4;;;;;;;;;;4;;;;
25/04/2013;12:08:00;3443;sem vítima;76;BR-040/RJ;Norte;Colisão Traseira;;;2;;;;;;;;2;;;;
25/04/2013;09:32:00;3430;sem vítima;77;BR-040/RJ;Sul;Tombamento;;;1;;;;;;;;1;;;;
25/04/2013;13:31:00;3455;sem vítima;78;BR-040/RJ;Sul;Choque - Objeto Fixo;1;;;;;;;;;;1;;;;
25/04/2013;18:04:00;3494;sem vítima;102;BR-040/RJ;Sul;Colisão Lateral;1;;1;;;;;;;;2;;;;
25/04/2013;07:45:00;3415;com vítima;111;BR-040/RJ;Sul;Engavetamento;1;;2;;;1;;;;;3;1;;;
25/04/2013;16:09:00;3476;com vítima;112;BR-040/RJ;Sul;Atropelamento - Pedestre;1;;;;;;;;;;1;;1;;
25/04/2013;08:31:00;3421;sem vítima;117;BR-040/RJ;Norte;Choque - Objeto Fixo;1;;;;;;;;;;1;;;;
25/04/2013;12:10:00;3444;sem vítima;124;BR-040/RJ;Sul;Colisão Lateral;1;;1;;;;;;;;2;;;;
25/04/2013;17:45:00;3491;sem vítima;124;BR-040/RJ;Norte;Colisão Lateral;1;;1;;;;;;;;2;;;;
26/04/2013;05:52:00;3547;sem vítima;38;BR-040/RJ;Sul;Choque - Objeto Fixo;1;;;;;;;;;;1;;;;
26/04/2013;18:01:00;3640;com vítima;65;BR-040/RJ;Norte;Atropelamento - Pedestre;;;;;;1;;;;;1;;;;1
26/04/2013;10:32:00;3579;com vítima;80;BR-040/RJ;Sul;Tombamento;;;1;;;;;;;;0;;;1;
26/04/2013;11:18:00;3584;com vítima;90;BR-040/RJ;Sul;Tombamento;;;2;;;;;;;;1;1;;;
26/04/2013;13:33:00;3600;com vítima;105;BR-040/RJ;Norte;Engavetamento;3;;;;;;;;;;2;2;1;;
26/04/2013;17:42:00;3638;sem vítima;108;BR-040/RJ;Norte;Colisão Lateral;1;;1;;;;;;;;2;;;;
26/04/2013;16:12:00;3624;sem vítima;109;BR-040/RJ;Norte;Colisão Lateral;1;;1;;;;;;;;2;;;;
26/04/2013;19:13:00;3646;sem vítima;114;BR-040/RJ;Norte;Engavetamento;2;;;;;1;;;;;3;;;;
26/04/2013;18:04:00;3641;com vítima;115;BR-040/RJ;Norte;Engavetamento;3;;;;;;;;;;2;3;;;
26/04/2013;08:31:00;3561;sem vítima;782;BR-040/MG;Norte;Choque - Objeto Fixo;1;;1;;;;;;;;2;;;;
26/04/2013;17:54:00;3639;com vítima;801;BR-040/MG;Norte;Colisão Traseira;1;;1;;;;;;;;1;1;;;
26/04/2013;13:17:00;3598;sem vítima;123;BR-040/RJ;Norte;Choque - Objeto Fixo;1;;;;;;;;;;1;;;;
26/04/2013;10:50:00;3582;sem vítima;124;BR-040/RJ;Sul;Colisão Traseira;1;;1;;;;;;;;2;;;;
26/04/2013;21:17:00;3663;sem vítima;124;BR-040/RJ;Sul;Queda de Moto;1;;;1;;;;;;;2;;;;
27/04/2013;13:47:00;3746;sem vítima;33;BR-040/RJ;Norte;Choque - Objeto Fixo;1;;;;;;;;;;1;;;;
27/04/2013;22:27:00;3810;sem vítima;45;BR-040/RJ;Sul;Colisão Traseira;2;;;;;;;;;;2;;;;
27/04/2013;15:26:00;3767;sem vítima;89;BR-040/RJ;Norte;Engavetamento;2;;;;;1;;;;;3;;;;
27/04/2013;16:21:00;3774;sem vítima;97;BR-040/RJ;Norte;Engavetamento;1;;;;;3;;;;;4;;;;
27/04/2013;19:59:00;3799;sem vítima;114;BR-040/RJ;Sul;Colisão Traseira;1;;;;;1;;;;;2;;;;
27/04/2013;15:55:00;3773;sem vítima;121;BR-040/RJ;Norte;Choque - Objeto Fixo;1;;;;;;;;;;1;;;;
27/04/2013;05:34:00;3696;sem vítima;122;BR-040/RJ;Norte;Engavetamento;2;;1;;;;;;;;3;;;;
27/04/2013;05:18:00;3694;sem vítima;123;BR-040/RJ;Sul;Colisão Traseira;2;;;;1;;;;;;3;;;;
27/04/2013;17:11:00;3785;com vítima;123;BR-040/RJ;Sul;Colisão Traseira;1;;;1;;;;;;;1;1;;;
28/04/2013;02:55:00;3824;com vítima;77;BR-040/RJ;Sul;Queda de Moto;;;;1;;;;;;;0;;1;;
28/04/2013;10:19:00;3852;com vítima;84;BR-040/RJ;Norte;Queda de Moto;;;;1;;;;;;;0;1;;;
28/04/2013;14:22:00;3874;sem vítima;84;BR-040/RJ;Sul;Capotamento;1;;;;;;;;;;1;;;;
28/04/2013;04:45:00;3828;com vítima;85;BR-040/RJ;Sul;Choque - Objeto Fixo;1;;;;;;;;;;0;1;;;
28/04/2013;07:51:00;3843;sem vítima;85;BR-040/RJ;Sul;Choque - Objeto Fixo;1;;;;;;;;;;1;;;;
28/04/2013;12:01:00;3860;sem vítima;100;BR-040/RJ;Norte;Colisão Lateral;2;;;;;;;;;;2;;;;
28/04/2013;13:10:00;3867;sem vítima;105;BR-040/RJ;Norte;Choque - Objeto Fixo;1;;;;;;;;;;1;;;;
29/04/2013;21:30:00;4068;sem vítima;92;BR-040/RJ;Norte;Choque - Objeto Fixo;1;;;;;;;;;;1;;;;
29/04/2013;18:35:00;4054;sem vítima;94;BR-040/RJ;Norte;Colisão Lateral;1;;1;;;;;;;;2;;;;
30/04/2013;23:47:00;4236;sem vítima;13;BR-040/RJ;Sul;Choque - Objeto Fixo;;;1;;;;;;;;1;;;;
30/04/2013;19:28:00;4209;sem vítima;64;BR-040/RJ;Sul;Choque - Objeto Fixo;1;;;;;;;;;;1;;;;
30/04/2013;23:05:00;4231;sem vítima;82;BR-040/RJ;Norte;Choque - Objeto Fixo;1;;;;;;;;;;1;;;;
30/04/2013;11:10:00;4133;sem vítima;84;BR-040/RJ;Sul;Choque - Objeto Fixo;1;;;;;;;;;;1;;;;
30/04/2013;17:14:00;4183;com vítima;84;BR-040/RJ;Sul;Queda de Moto;;;;1;;;;;;;0;2;;;
30/04/2013;02:48:00;4080;sem vítima;88;BR-040/RJ;Sul;Colisão Traseira;;;2;;;;;;;;2;;;;
30/04/2013;22:13:00;4223;com vítima;94;BR-040/RJ;Sul;Tombamento;;;1;;;;;;;;0;;1;;
30/04/2013;18:15:00;4194;sem vítima;106;BR-040/RJ;Norte;Colisão Traseira;2;;;;;;;;;;2;;;;