data;horario;n_da_ocorrencia;tipo_de_ocorrencia;km;trecho;sentido;tipo_de_acidente;automovel;bicicleta;caminhao;moto;onibus;outros;tracao_animal;transporte_de_cargas_especiais;trator_maquinas;utilitarios;ilesos;levemente_feridos;moderadamente_feridos;gravemente_feridos;mortos
30/06/2013;17:10:00;4996;sem vítima;90;BR-040/RJ;Norte;Derrapagem;1;;;;;;;;;;1;;;;
30/06/2013;17:33:00;5000;com vítima;101;BR-040/RJ;Sul;Atropelamento - Pedestre;;1;;;;1;;;;;1;;;;1
30/06/2013;19:55:00;5015;sem vítima;100;BR-040/RJ;Sul;Colisão Lateral;2;;;;;;;;;;2;;;;
30/06/2013;20:24:00;5018;sem vítima;92;BR-040/RJ;Norte;Derrapagem;1;;;;;;;;;;1;;;;
30/06/2013;23:32:00;5035;sem vítima;85;BR-040/RJ;Norte;Choque - Objeto Fixo;1;;;;;;;;;;1;;;;
01/07/2013;19:21:00;114;com vítima;15;BR-040/RJ;Norte;Choque - Objeto Fixo;1;;;;;;;;;;0;1;;;
01/07/2013;16:21:00;96;sem vítima;43;BR-040/RJ;Sul;Choque - Objeto Fixo;1;;;;;;;;;;1;;;;
01/07/2013;12:05:00;68;com vítima;47;BR-040/RJ;Norte;Atropelamento - Pedestre;1;;;;;;;;;;0;2;;;
01/07/2013;04:16:00;20;sem vítima;74;BR-040/RJ;Norte;Choque - Objeto Fixo;1;;;;;;;;;;1;;;;
01/07/2013;05:08:00;22;com vítima;90;BR-040/RJ;Sul;Choque - Objeto Fixo;1;;;;;;;;;;0;1;;;
01/07/2013;10:45:00;62;sem vítima;91;BR-040/RJ;Norte;Choque - Objeto Fixo;1;;;;;;;;;;1;;;;
01/07/2013;18:27:00;105;com vítima;91;BR-040/RJ;Norte;Choque - Objeto Fixo;1;;;;;;;;;;0;1;;;
01/07/2013;12:57:00;70;com vítima;105;BR-040/RJ;Sul;Colisão Lateral;1;;;1;;;;;;;1;;1;;
01/07/2013;13:36:00;74;com vítima;116;BR-040/RJ;Sul;Capotamento;1;;;;;;;;;;0;;1;;
01/07/2013;20:29:00;122;sem vítima;815;BR-040/MG;Sul;Choque - Objeto Fixo;1;;;;;;;;;;1;;;;
01/07/2013;19:08:00;111;sem vítima;119;BR-040/RJ;Norte;Choque - Objeto Fixo;1;;;;;;;;;;1;;;;
01/07/2013;02:45:00;16;sem vítima;120;BR-040/RJ;Sul;Choque - Objeto Fixo;1;;;;;;;;;;1;;;;
01/07/2013;16:38:00;98;com vítima;121;BR-040/RJ;Norte;Colisão Lateral;1;;;1;;;;;;;0;2;;;
01/07/2013;17:56:00;101;sem vítima;122;BR-040/RJ;Norte;Colisão Traseira;2;;;;;;;;;;2;;;;
02/07/2013;14:27:00;206;com vítima;43;BR-040/RJ;Norte;Tombamento;;;1;;;;;;;;0;1;;;
02/07/2013;12:17:00;186;sem vítima;76;BR-040/RJ;Norte;Choque - Objeto Fixo;1;;;;;;;;;;1;;;;
02/07/2013;08:54:00;166;com vítima;77;BR-040/RJ;Sul;Capotamento;1;;;;;;;;;;0;1;;;
02/07/2013;13:43:00;199;com vítima;78;BR-040/RJ;Sul;Capotamento;1;;;;;;;;;;0;1;;;
02/07/2013;11:50:00;185;sem vítima;80;BR-040/RJ;Sul;Colisão Traseira;1;;;;;1;;;;;2;;;;
02/07/2013;16:18:00;215;sem vítima;90;BR-040/RJ;Norte;Choque - Objeto Fixo;1;;;;;;;;;;1;;;;
02/07/2013;12:34:00;189;sem vítima;92;BR-040/RJ;Sul;Choque - Objeto Fixo;1;;;;;;;;;;1;;;;
02/07/2013;15:00:00;209;sem vítima;92;BR-040/RJ;Sul;Choque - Objeto Fixo;1;;;;;;;;;;1;;;;
02/07/2013;15:19:00;212;sem vítima;92;BR-040/RJ;Sul;Choque - Objeto Fixo;1;;;;;;;;;;1;;;;
02/07/2013;13:51:00;202;sem vítima;93;BR-040/RJ;Sul;Choque - Objeto Fixo;1;;;;;;;;;;1;;;;
02/07/2013;09:39:00;169;sem vítima;94;BR-040/RJ;Sul;Choque - Objeto Fixo;1;;;;;;;;;;1;;;;
02/07/2013;13:51:00;201;sem vítima;94;BR-040/RJ;Sul;Choque - Objeto Fixo;1;;;;;;;;;;1;;;;
02/07/2013;11:40:00;180;sem vítima;96;BR-040/RJ;Sul;Choque - Objeto Fixo;1;;;;;;;;;;1;;;;
02/07/2013;12:12:00;184;sem vítima;101;BR-040/RJ;Norte;Choque - Objeto Fixo;;;1;;;;;;;;1;;;;
02/07/2013;15:40:00;214;sem vítima;111;BR-040/RJ;Norte;Colisão Traseira;1;;;;1;;;;;;2;;;;
02/07/2013;13:30:00;198;sem vítima;115;BR-040/RJ;Norte;Colisão Traseira;1;;;;1;;;;;;2;;;;
02/07/2013;13:04:00;193;com vítima;787;BR-040/MG;Norte;Choque - Objeto Fixo;1;;;;;;;;;;0;1;;;
02/07/2013;10:55:00;176;com vítima;805;BR-040/MG;Sul;Colisão Lateral;3;;1;;;;;;;;2;2;1;;
02/07/2013;17:20:00;221;com vítima;805;BR-040/MG;Sul;Colisão Traseira;1;;1;1;;;;;;;2;1;;;
03/07/2013;22:55:00;415;com vítima;81;BR-040/RJ;Norte;Queda de Moto;;;;1;;;;;;;0;1;;;
03/07/2013;18:30:00;386;sem vítima;85;BR-040/RJ;Norte;Colisão Traseira;2;;;;;;;;;;2;;;;
03/07/2013;17:56:00;378;sem vítima;109;BR-040/RJ;Norte;Colisão Traseira;1;;;;;;;;;;1;;;;
03/07/2013;18:27:00;384;sem vítima;109;BR-040/RJ;Norte;Colisão Traseira;1;;1;;;;;;;;2;;;;
03/07/2013;05:21:00;267;sem vítima;113;BR-040/RJ;Sul;Colisão Traseira;2;;;;;;;;;;2;;;;
03/07/2013;05:39:00;277;com vítima;113;BR-040/RJ;Sul;Engavetamento;4;;;;;;;;;;3;1;;;
03/07/2013;04:54:00;266;com vítima;115;BR-040/RJ;Sul;Atropelamento - Pedestre;1;;1;;;;;;;;1;1;;;
03/07/2013;16:04:00;364;sem vítima;123;BR-040/RJ;Sul;Colisão Lateral;1;;;;1;;;;;;2;;;;
03/07/2013;03:45:00;260;com vítima;124;BR-040/RJ;Sul;Capotamento;1;;;;;;;;;;0;;;;1
04/07/2013;07:30:00;443;sem vítima;14;BR-040/RJ;Norte;Choque - Objeto Fixo;1;;;;;;;;;;1;;;;
04/07/2013;15:32:00;497;com vítima;30;BR-040/RJ;Norte;Tombamento;;;1;;;;;;;;0;;;;1
04/07/2013;15:54:00;501;sem vítima;77;BR-040/RJ;Sul;Choque - Objeto Fixo;1;;;;;;;;;;1;;;;
04/07/2013;09:30:00;459;com vítima;78;BR-040/RJ;Sul;Capotamento;1;;;;;;;;;;0;4;;;
04/07/2013;22:29:00;554;sem vítima;80;BR-040/RJ;Sul;Choque - Objeto Fixo;1;;;;;;;;;;1;;;;
04/07/2013;09:16:00;457;com vítima;84;BR-040/RJ;Sul;Capotamento;1;;;;;;;;;;1;3;;;
04/07/2013;14:10:00;486;com vítima;94;BR-040/RJ;Sul;Tombamento;;;1;;;;;;;;0;1;;;
04/07/2013;22:13:00;553;sem vítima;104;BR-040/RJ;Sul;Colisão Traseira;2;;;;;;;;;;3;;;;
04/07/2013;17:50:00;532;sem vítima;109;BR-040/RJ;Norte;Engavetamento;2;;1;;;;;;;;3;;;;
04/07/2013;21:26:00;551;sem vítima;118;BR-040/RJ;Sul;Atropelamento - Animal;1;;;;;;;;;;1;;;;
04/07/2013;18:02:00;529;com vítima;801;BR-040/MG;Norte;Choque - Objeto Fixo;1;;;;;;;;;;0;1;;;
04/07/2013;10:49:00;466;com vítima;815;BR-040/MG;Sul;Tombamento;;;1;;;;;;;;0;1;;;
04/07/2013;07:24:00;440;com vítima;123;BR-040/RJ;Sul;Colisão Traseira;;;1;1;;;;;;;1;;;;1
04/07/2013;18:03:00;530;sem vítima;123;BR-040/RJ;Sul;Colisão Lateral;1;;;;;1;;;;;2;;;;
04/07/2013;13:25:00;482;sem vítima;124;BR-040/RJ;Norte;Colisão Traseira;;;1;;1;;;;;;2;;;;
04/07/2013;16:54:00;512;sem vítima;124;BR-040/RJ;Norte;Colisão Traseira;1;;;;1;;;;;;2;;;;
05/07/2013;13:48:00;649;sem vítima;61;BR-040/RJ;Norte;Colisão Lateral;1;;1;;;;;;;;2;;;;
05/07/2013;23:15:00;764;com vítima;81;BR-040/RJ;Sul;Queda de Moto;;;;1;;;;;;;0;1;;;
05/07/2013;20:25:00;735;sem vítima;83;BR-040/RJ;Norte;Choque - Objeto Fixo;1;;;;;;;;;;1;;;;
05/07/2013;16:05:00;679;sem vítima;84;BR-040/RJ;Norte;Colisão Traseira;1;;1;;;;;;;;2;;;;
05/07/2013;21:55:00;746;sem vítima;91;BR-040/RJ;Norte;Choque - Objeto Fixo;1;;;;;;;;;;1;;;;
05/07/2013;17:37:00;709;com vítima;105;BR-040/RJ;Norte;Colisão Lateral;2;;;;;;;;;;1;1;;;
05/07/2013;16:44:00;693;sem vítima;109;BR-040/RJ;Norte;Colisão Lateral;1;;1;;;;;;;;2;;;;
05/07/2013;19:55:00;729;sem vítima;109;BR-040/RJ;Sul;Colisão Lateral;1;;1;;;;;;;;2;;;;
05/07/2013;16:51:00;696;sem vítima;111;BR-040/RJ;Norte;Colisão Lateral;2;;;;;;;;;;2;;;;
05/07/2013;01:25:00;566;sem vítima;112;BR-040/RJ;Norte;Choque - Objeto Fixo;1;;;;;;;;;;1;;;;
05/07/2013;17:25:00;706;sem vítima;113;BR-040/RJ;Norte;Colisão Lateral;1;;1;;;;;;;;2;;;;
05/07/2013;18:19:00;712;sem vítima;114;BR-040/RJ;Norte;Engavetamento;2;;;;;1;;;;;3;;;;
05/07/2013;05:34:00;578;sem vítima;803;BR-040/MG;Norte;Colisão Frontal;1;;1;;;;;;;;2;;;;
05/07/2013;02:21:00;570;com vítima;122;BR-040/RJ;Sul;Colisão Lateral;1;;;1;;;;;;;1;2;;;
05/07/2013;10:42:00;619;sem vítima;123;BR-040/RJ;Sul;Choque - Objeto Fixo;1;;;;;;;;;;1;;;;
06/07/2013;10:17:00;824;sem vítima;78;BR-040/RJ;Sul;Choque - Objeto Fixo;1;;;;;;;;;;1;;;;
06/07/2013;17:26:00;893;com vítima;79;BR-040/RJ;Sul;Capotamento;1;;;;;;;;;;1;1;;;
06/07/2013;07:38:00;798;sem vítima;80;BR-040/RJ;Sul;Tombamento;1;;;;1;;;;;;2;;;;
06/07/2013;17:14:00;895;sem vítima;114;BR-040/RJ;Norte;Choque - Objeto Fixo;1;;;;;;;;;;1;;;;
06/07/2013;07:36:00;797;sem vítima;119;BR-040/RJ;Sul;Choque - Objeto Fixo;1;;;;;;;;;;1;;;;
07/07/2013;11:12:00;997;com vítima;27;BR-040/RJ;Norte;Colisão Lateral;1;;;1;;;;;;;1;1;;;
07/07/2013;04:52:00;966;com vítima;48;BR-040/RJ;Sul;Queda de Moto;;;;1;;;;;;;0;;1;1;
07/07/2013;20:47:00;1084;sem vítima;72;BR-040/RJ;Norte;Capotamento;1;;;;;;;;;;1;;;;
07/07/2013;06:34:00;971;sem vítima;78;BR-040/RJ;Sul;Capotamento;1;;;;;;;;;;1;;;;
07/07/2013;15:43:00;1027;sem vítima;82;BR-040/RJ;Norte;Colisão Traseira;2;;;;;;;;;;2;;;;
07/07/2013;02:52:00;958;sem vítima;101;BR-040/RJ;Norte;Choque - Objeto Fixo;1;;;;;;;;;;1;;;;
07/07/2013;16:45:00;1040;sem vítima;110;BR-040/RJ;Sul;Colisão Traseira;1;;;1;;;;;;;2;;;;
07/07/2013;23:58:00;1097;com vítima;113;BR-040/RJ;Norte;Queda de Moto;;;;1;;;;;;;0;1;;;
07/07/2013;04:53:00;967;sem vítima;114;BR-040/RJ;Norte;Capotamento;1;;;;;;;;;;1;;;;
07/07/2013;07:58:00;981;com vítima;118;BR-040/RJ;Sul;Colisão Lateral;;;;1;1;;;;;;1;1;;;
07/07/2013;07:11:00;976;sem vítima;124;BR-040/RJ;Norte;Colisão Lateral;1;;;;;1;;;;;2;;;;
08/07/2013;10:15:00;1170;sem vítima;89;BR-040/RJ;Sul;Colisão Traseira;;;1;;;1;;;;;2;;;;
08/07/2013;22:20:00;1274;com vítima;92;BR-040/RJ;Sul;Choque - Objeto Fixo;1;;;;;;;;;;0;3;;;
08/07/2013;15:21:00;1220;com vítima;93;BR-040/RJ;Norte;Capotamento;1;;;;;;;;;;0;1;;;
08/07/2013;20:10:00;1258;sem vítima;93;BR-040/RJ;Sul;Choque - Objeto Fixo;1;;;;;;;;;;1;;;;
08/07/2013;20:10:00;1261;sem vítima;93;BR-040/RJ;Sul;Choque - Objeto Fixo;1;;;;;;;;;;1;;;;
08/07/2013;20:21:00;1262;sem vítima;105;BR-040/RJ;Norte;Colisão Traseira;1;;;;1;;;;;;2;;;;
08/07/2013;22:03:00;1273;sem vítima;108;BR-040/RJ;Norte;Choque - Objeto Fixo;1;;;;;;;;;;1;;;;
08/07/2013;00:50:00;1106;sem vítima;113;BR-040/RJ;Norte;Choque - Objeto Fixo;1;;;;;;;;;;1;;;;
08/07/2013;08:02:00;1144;sem vítima;113;BR-040/RJ;Sul;Choque - Objeto Fixo;1;;;;;;;;;;1;;;;
08/07/2013;18:40:00;1248;sem vítima;113;BR-040/RJ;Norte;Colisão Lateral;;;1;;1;;;;;;2;;;;
09/07/2013;17:26:00;1397;sem vítima;76;BR-040/RJ;Sul;Choque - Objeto Fixo;1;;;;;;;;;;1;;;;
09/07/2013;07:20:00;1310;sem vítima;78;BR-040/RJ;Sul;Choque - Objeto Fixo;1;;;;;;;;;;1;;;;
09/07/2013;07:40:00;1311;sem vítima;84;BR-040/RJ;Norte;Choque - Objeto Fixo;1;;;;;;;;;;1;;;;
09/07/2013;16:21:00;1387;sem vítima;89;BR-040/RJ;Sul;Choque - Objeto Fixo;1;;;;;;;;;;1;;;;
09/07/2013;06:18:00;1305;sem vítima;91;BR-040/RJ;Sul;Choque - Objeto Fixo;1;;;;;;;;;;1;;;;
09/07/2013;09:12:00;1327;com vítima;92;BR-040/RJ;Sul;Capotamento;1;;;;;;;;;;0;1;;;
09/07/2013;12:13:00;1358;sem vítima;92;BR-040/RJ;Sul;Choque - Objeto Fixo;1;;;;;;;;;;1;;;;
09/07/2013;16:04:00;1382;sem vítima;93;BR-040/RJ;Sul;Choque - Objeto Fixo;1;;;;;;;;;;1;;;;
09/07/2013;07:56:00;1312;sem vítima;105;BR-040/RJ;Norte;Colisão Traseira;1;;;;1;;;;;;2;;;;
09/07/2013;17:57:00;1402;sem vítima;113;BR-040/RJ;Sul;Choque - Objeto Fixo;1;;;;;;;;;;1;;;;
09/07/2013;15:22:00;1375;com vítima;785;BR-040/MG;Sul;Choque - Objeto Fixo;1;;;;;;;;;;0;1;;;
09/07/2013;05:21:00;1298;com vítima;813;BR-040/MG;Sul;Colisão Traseira;;;2;;;;;;;;1;1;;1;
09/07/2013;16:18:00;1386;sem vítima;119;BR-040/RJ;Sul;Colisão Traseira;1;;1;;;;;;;;2;;;;
09/07/2013;06:28:00;1306;sem vítima;122;BR-040/RJ;Sul;Engavetamento;3;;;;;;;;;;3;;;;
09/07/2013;18:56:00;1410;sem vítima;124;BR-040/RJ;Norte;Colisão Traseira;2;;;;;;;;;;2;;;;
10/07/2013;11:30:00;1493;sem vítima;85;BR-040/RJ;Norte;Choque - Objeto Fixo;1;;;;;;;;;;1;;;;
10/07/2013;18:43:00;1550;com vítima;85;BR-040/RJ;Norte;Capotamento;1;;;;;;;;;;0;1;;;
10/07/2013;09:24:00;1473;sem vítima;89;BR-040/RJ;Sul;Tombamento;;;1;;;;;;;;1;;;;
10/07/2013;15:39:00;1523;com vítima;100;BR-040/RJ;Norte;Tombamento;;;1;;;;;;;;0;1;;;
10/07/2013;22:16:00;1568;sem vítima;102;BR-040/RJ;Sul;Choque - Objeto Fixo;1;;;;;;;;;;1;;;;
10/07/2013;16:57:00;1538;sem vítima;105;BR-040/RJ;Norte;Colisão Lateral;2;;;;;;;;;;2;;;;
10/07/2013;18:25:00;1549;sem vítima;105;BR-040/RJ;Norte;Colisão Lateral;1;;1;;;;;;;;2;;;;
10/07/2013;08:30:00;1469;sem vítima;113;BR-040/RJ;Norte;Colisão Traseira;1;;;1;;;;;;;2;;;;
10/07/2013;10:41:00;1486;sem vítima;123;BR-040/RJ;Sul;Colisão Lateral;1;;1;;;;;;;;2;;;;
11/07/2013;12:45:00;1632;sem vítima;27;BR-040/RJ;Norte;Choque - Objeto Fixo;1;;;;;;;;;;1;;;;
11/07/2013;21:39:00;1714;sem vítima;68;BR-040/RJ;Norte;Derrapagem;1;;;;;;;;;;1;;;;
11/07/2013;00:39:00;1575;sem vítima;78;BR-040/RJ;Sul;Choque - Objeto Fixo;1;;;;;;;;;;1;;;;
11/07/2013;12:05:00;1628;sem vítima;100;BR-040/RJ;Norte;Queda de Moto;;;;1;;;;;;;1;;;;
11/07/2013;18:27:00;1698;sem vítima;104;BR-040/RJ;Norte;Colisão Traseira;2;;;;;;;;;;2;;;;
11/07/2013;16:56:00;1681;sem vítima;110;BR-040/RJ;Sul;Colisão Traseira;2;;;;;;;;;;2;;;;
11/07/2013;10:47:00;1622;sem vítima;112;BR-040/RJ;Norte;Capotamento;1;;;;;;;;;;1;;;;
11/07/2013;18:23:00;1697;sem vítima;786;BR-040/MG;Norte;Atropelamento - Animal;1;;;;;;;;;;1;;;;
11/07/2013;04:22:00;1585;sem vítima;119;BR-040/RJ;Sul;Choque - Objeto Fixo;1;;;;;;;;;;1;;;;
11/07/2013;04:17:00;1584;sem vítima;120;BR-040/RJ;Sul;Colisão Traseira;1;;1;;;;;;;;2;;;;
12/07/2013;01:54:00;1726;sem vítima;45;BR-040/RJ;Sul;Colisão Traseira;1;;1;;;;;;;;2;;;;
12/07/2013;23:58:00;1897;sem vítima;80;BR-040/RJ;Sul;Choque - Objeto Fixo;1;;;;;;;;;;1;;;;
12/07/2013;11:10:00;1772;sem vítima;96;BR-040/RJ;Norte;Choque - Objeto Fixo;1;;;;;;;;;;1;;;;
12/07/2013;16:42:00;1833;com vítima;107;BR-040/RJ;Sul;Colisão Lateral;1;;;1;;;;;;;1;;1;;
12/07/2013;16:08:00;1822;sem vítima;110;BR-040/RJ;Norte;Choque - Objeto Fixo;;;1;;;;;;;;1;;;;
12/07/2013;18:27:00;1848;sem vítima;110;BR-040/RJ;Norte;Colisão Lateral;1;;1;;;;;;;;2;;;;
12/07/2013;07:24:00;1743;sem vítima;114;BR-040/RJ;Sul;Colisão Traseira;2;;;;;;;;;;2;;;;
12/07/2013;17:13:00;1836;sem vítima;798;BR-040/MG;Norte;Colisão Traseira;2;;;;;;;;;;2;;;;
12/07/2013;12:04:00;1783;sem vítima;118;BR-040/RJ;Sul;Queda de Moto;;;;1;;;;;;;1;;;;
12/07/2013;12:30:00;1789;sem vítima;118;BR-040/RJ;Sul;Colisão Traseira;1;;1;;;;;;;;2;;;;
12/07/2013;16:04:00;1821;com vítima;813;BR-040/MG;Norte;Colisão Traseira;1;;1;;;;;;;;1;;1;2;
12/07/2013;11:16:00;1774;sem vítima;120;BR-040/RJ;Norte;Queda de Moto;;;;1;;;;;;;1;;;;
12/07/2013;20:42:00;1873;sem vítima;121;BR-040/RJ;Sul;Colisão Lateral;1;;;;;1;;;;;2;;;;
12/07/2013;06:23:00;1736;sem vítima;123;BR-040/RJ;Sul;Colisão Traseira;1;;;;1;;;;;;2;;;;
12/07/2013;05:24:00;1733;sem vítima;124;BR-040/RJ;Sul;Choque - Objeto Fixo;1;;;;;;;;;;1;;;;
13/07/2013;01:07:00;1906;sem vítima;34;BR-040/RJ;Norte;Choque - Objeto Fixo;1;;;;;;;;;;1;;;;
13/07/2013;12:11:00;1968;com vítima;75;BR-040/RJ;Sul;Queda de Moto;;;;1;;;;;;;0;;1;;
13/07/2013;01:00:00;1905;com vítima;77;BR-040/RJ;Sul;Choque - Objeto Fixo;1;;;;;;;;;;1;1;;;
13/07/2013;08:26:00;1933;com vítima;86;BR-040/RJ;Norte;Choque - Objeto Fixo;1;;;;;;;;;;0;1;1;;
13/07/2013;14:48:00;2002;sem vítima;92;BR-040/RJ;Norte;Colisão Traseira;1;;1;;;;;;;;2;;;;
13/07/2013;11:31:00;1962;sem vítima;109;BR-040/RJ;Norte;Colisão Traseira;2;;;;;;;;;;2;;;;
14/07/2013;07:16:00;2099;sem vítima;11;BR-040/RJ;Norte;Choque - Objeto Fixo;1;;;;;;;;;;1;;;;
14/07/2013;16:05:00;2145;com vítima;53;BR-040/RJ;Sul;Atropelamento - Pedestre;1;;;;;;;;;;1;3;;;
14/07/2013;05:09:00;2096;com vítima;77;BR-040/RJ;Sul;Choque - Objeto Fixo;1;;;;;;;;;;0;1;;;
14/07/2013;02:09:00;2085;sem vítima;78;BR-040/RJ;Sul;Choque - Objeto Fixo;1;;;;;;;;;;1;;;;
14/07/2013;10:28:00;2119;sem vítima;78;BR-040/RJ;Sul;Choque - Objeto Fixo;1;;;;;;;;;;1;;;;
14/07/2013;21:25:00;2184;sem vítima;84;BR-040/RJ;Norte;Choque - Objeto Fixo;1;;;;;;;;;;1;;;;
14/07/2013;11:41:00;2127;com vítima;85;BR-040/RJ;Sul;Queda de Moto;;;;1;;;;;;;0;1;;;
14/07/2013;16:36:00;2152;sem vítima;109;BR-040/RJ;Norte;Colisão Lateral;2;;;;;;;;;;2;;;;
14/07/2013;18:26:00;2164;sem vítima;109;BR-040/RJ;Norte;Colisão Lateral;2;;;;;;;;;;2;;;;
14/07/2013;08:50:00;2110;sem vítima;112;BR-040/RJ;Norte;Queda de Moto;;;;1;;;;;;;1;;;;
14/07/2013;14:02:00;2136;com vítima;119;BR-040/RJ;Norte;Atropelamento - Pedestre;;;;;;1;;;;;1;;;;1
14/07/2013;03:09:00;2089;com vítima;124;BR-040/RJ;Sul;Queda de Moto;;;;1;;;;;;;0;1;1;;
15/07/2013;21:54:00;2356;com vítima;86;BR-040/RJ;Sul;Capotamento;1;;;;;;;;;;0;3;;;
15/07/2013;15:05:00;2301;sem vítima;90;BR-040/RJ;Norte;Engavetamento;2;;;;;1;;;;;3;;;;
15/07/2013;22:33:00;2357;com vítima;91;BR-040/RJ;Sul;Capotamento;1;;;;;;;;;;0;1;;;
15/07/2013;10:29:00;2262;com vítima;109;BR-040/RJ;Sul;Colisão Traseira;1;;;1;;;;;;;0;2;;;
15/07/2013;15:36:00;2307;com vítima;120;BR-040/RJ;Norte;Colisão Traseira;;;1;;1;;;;;;12;2;;;
15/07/2013;06:58:00;2231;sem vítima;121;BR-040/RJ;Sul;Colisão Traseira;1;;1;;;;;;;;2;;;;
15/07/2013;00:02:00;2209;sem vítima;123;BR-040/RJ;Sul;Choque - Objeto Fixo;1;;;;;;;;;;1;;;;
15/07/2013;08:47:00;2241;sem vítima;123;BR-040/RJ;Sul;Colisão Lateral;1;;1;;;;;;;;2;;;;
15/07/2013;18:53:00;2333;sem vítima;125;BR-040/RJ;Sul;Colisão Lateral;1;;1;;;;;;;;2;;;;
16/07/2013;09:18:00;2415;com vítima;77;BR-040/RJ;Sul;Capotamento;1;;;;;;;;;;0;2;;;
16/07/2013;09:12:00;2412;sem vítima;81;BR-040/RJ;Norte;Choque - Objeto Fixo;1;;;;;;;;;;1;;;;
16/07/2013;07:09:00;2395;sem vítima;82;BR-040/RJ;Sul;Choque - Objeto Fixo;1;;;;;;;;;;1;;;;
16/07/2013;16:50:00;2483;com vítima;101;BR-040/RJ;Norte;Colisão Lateral;1;;1;;;;;;;;1;1;;;
16/07/2013;14:32:00;2462;com vítima;105;BR-040/RJ;Norte;Colisão Lateral;2;;;;;;;;;;1;1;;;
16/07/2013;09:55:00;2420;sem vítima;118;BR-040/RJ;Norte;Colisão Traseira;1;;1;;;;;;;;2;;;;
16/07/2013;07:58:00;2400;sem vítima;808;BR-040/MG;Sul;Choque - Objeto Fixo;1;;;;;;;;;;1;;;;
16/07/2013;06:18:00;2391;sem vítima;119;BR-040/RJ;Sul;Choque - Objeto Fixo;1;;;;;;;;;;1;;;;
16/07/2013;04:17:00;2383;com vítima;123;BR-040/RJ;Norte;Colisão Frontal;1;;1;;;;;;;;1;3;;;
16/07/2013;14:05:00;2457;com vítima;123;BR-040/RJ;Norte;Colisão Traseira;1;;1;;;;;;;;1;1;;;
16/07/2013;15:48:00;2472;sem vítima;123;BR-040/RJ;Norte;Colisão Traseira;1;;1;;;;;;;;2;;;;
16/07/2013;04:46:00;2385;sem vítima;124;BR-040/RJ;Sul;Engavetamento;3;;;;;;;;;;3;;;;
17/07/2013;07:26:00;2549;sem vítima;16;BR-040/RJ;Norte;Colisão Lateral;1;;;;;1;;;;;2;;;;
17/07/2013;00:19:00;2528;sem vítima;85;BR-040/RJ;Sul;Choque - Objeto Fixo;1;;;;;;;;;;1;;;;
17/07/2013;11:59:00;2586;sem vítima;89;BR-040/RJ;Sul;Choque - Objeto Fixo;1;;;;;;;;;;1;;;;
17/07/2013;10:18:00;2572;sem vítima;109;BR-040/RJ;Sul;Colisão Lateral;;;1;;1;;;;;;2;;;;
17/07/2013;17:28:00;2636;sem vítima;109;BR-040/RJ;Norte;Colisão Traseira;2;;;;;;;;;;2;;;;
17/07/2013;17:43:00;2641;sem vítima;112;BR-040/RJ;Norte;Engavetamento;3;;;;;;;;;;3;;;;
17/07/2013;19:15:00;2649;sem vítima;115;BR-040/RJ;Norte;Colisão Traseira;;;2;;;;;;;;2;;;;
17/07/2013;06:59:00;2547;sem vítima;123;BR-040/RJ;Sul;Colisão Lateral;1;;1;;;;;;;;2;;;;
18/07/2013;09:00:00;2712;sem vítima;45;BR-040/RJ;Norte;Colisão Traseira;2;;;;;;;;;;2;;;;
18/07/2013;20:53:00;2848;com vítima;74;BR-040/RJ;Norte;Capotamento;1;;;;;;;;;;0;1;;;
18/07/2013;10:31:00;2728;sem vítima;80;BR-040/RJ;Sul;Choque - Objeto Fixo;1;;;;;;;;;;1;;;;
18/07/2013;06:39:00;2695;com vítima;122;BR-040/RJ;Sul;Colisão Traseira;1;;;1;;;;;;;1;1;1;;
18/07/2013;16:22:00;2789;sem vítima;123;BR-040/RJ;Norte;Colisão Traseira;2;;;;;;;;;;2;;;;
18/07/2013;18:06:00;2817;sem vítima;124;BR-040/RJ;Norte;Engavetamento;4;;;;;;;;;;4;;;;
19/07/2013;07:14:00;2900;sem vítima;0;BR-040/RJ;Norte;Choque - Objeto Fixo;1;;;;;;;;;;1;;;;
19/07/2013;00:03:00;3067;sem vítima;33;BR-040/RJ;Sul;Choque - Objeto Fixo;1;;;;;;;;;;1;;;;
19/07/2013;14:41:00;2968;com vítima;55;BR-040/RJ;Sul;Colisão Frontal;3;;;;;;;;;;0;1;;2;3
19/07/2013;20:40:00;3043;sem vítima;91;BR-040/RJ;Norte;Choque - Objeto Fixo;1;;;;;;;;;;1;;;;
19/07/2013;21:39:00;3056;com vítima;91;BR-040/RJ;Sul;Choque - Objeto Fixo;1;;;;;;;;;;2;1;1;;
19/07/2013;08:55:00;2913;com vítima;93;BR-040/RJ;Sul;Tombamento;;;1;;;;;;;;0;1;;;
19/07/2013;21:17:00;3052;sem vítima;93;BR-040/RJ;Sul;Choque - Objeto Fixo;1;;;;;;;;;;1;;;;
19/07/2013;22:25:00;3057;com vítima;105;BR-040/RJ;Norte;Atropelamento - Pedestre;1;;;;;;;;;;1;;;;1
19/07/2013;11:43:00;2940;sem vítima;106;BR-040/RJ;Norte;Colisão Traseira;1;;;1;;;;;;;2;;;;
19/07/2013;13:49:00;2959;sem vítima;108;BR-040/RJ;Sul;Tombamento;;;1;;;;;;;;1;;;;