data;horario;n_da_ocorrencia;tipo_de_ocorrencia;km;trecho;sentido;tipo_de_acidente;automovel;bicicleta;caminhao;moto;onibus;outros;tracao_animal;transporte_de_cargas_especiais;trator_maquinas;utilitarios;ilesos;levemente_feridos;moderadamente_feridos;gravemente_feridos;mortos
19/07/2013;15:30:00;2977;sem vítima;112;BR-040/RJ;Norte;Colisão Traseira;1;;;;;1;;;;;2;;;;
19/07/2013;18:42:00;3017;com vítima;115;BR-040/RJ;Norte;Colisão Lateral;1;;;1;;;;;;;1;2;;;
19/07/2013;19:42:00;3028;sem vítima;120;BR-040/RJ;Norte;Colisão Lateral;1;;1;;;;;;;;2;;;;
19/07/2013;05:34:00;2891;sem vítima;123;BR-040/RJ;Sul;Engavetamento;6;;1;;;;;;;;7;;;;
19/07/2013;08:42:00;2910;com vítima;123;BR-040/RJ;Sul;Colisão Lateral;1;;;1;;;;;;;1;2;;;
19/07/2013;20:39:00;3042;sem vítima;123;BR-040/RJ;Sul;Colisão Lateral;1;;1;;;;;;;;2;;;;
20/07/2013;12:10:00;3139;com vítima;24;BR-040/RJ;Norte;Queda de Moto;;;;1;;;;;;;0;1;;;
20/07/2013;19:08:00;3204;com vítima;73;BR-040/RJ;Norte;Choque - Objeto Fixo;1;;;;;;;;;;0;1;1;;
20/07/2013;12:25:00;3142;com vítima;78;BR-040/RJ;Norte;Atropelamento - Pedestre;1;;;;;;;;;;1;1;1;;
20/07/2013;06:42:00;3091;sem vítima;84;BR-040/RJ;Norte;Choque - Objeto Fixo;;;1;;;;;;;;1;;;;
20/07/2013;01:00:00;3070;sem vítima;87;BR-040/RJ;Norte;Choque - Objeto Fixo;1;;;;;;;;;;1;;;;
20/07/2013;15:56:00;3173;sem vítima;88;BR-040/RJ;Norte;Colisão Traseira;1;;;;;1;;;;;2;;;;
20/07/2013;04:50:00;3083;sem vítima;92;BR-040/RJ;Norte;Choque - Objeto Fixo;1;;;;;;;;;;1;;;;
20/07/2013;15:18:00;3162;com vítima;98;BR-040/RJ;Norte;Engavetamento;6;;;;;1;;;;;5;2;;;
20/07/2013;11:56:00;3137;sem vítima;110;BR-040/RJ;Norte;Queda de Moto;;;;1;;;;;;;1;;;;
20/07/2013;06:48:00;3092;sem vítima;787;BR-040/MG;Norte;Choque - Objeto Fixo;1;;;;;;;;;;1;;;;
20/07/2013;16:47:00;3185;sem vítima;822;BR-040/MG;Norte;Colisão Lateral;1;;1;;;;;;;;2;;;;
20/07/2013;01:16:00;3074;com vítima;120;BR-040/RJ;Norte;Capotamento;1;;;;;;;;;;0;1;;;
21/07/2013;18:54:00;3370;com vítima;45;BR-040/RJ;Sul;Engavetamento;3;;;;;;;;;;2;1;;;
21/07/2013;22:02:00;3388;com vítima;52;BR-040/RJ;Sul;Queda de Moto;;;;1;;;;;;;0;;1;;
21/07/2013;20:33:00;3382;sem vítima;70;BR-040/RJ;Sul;Colisão Lateral;1;;;;;1;;;;;2;;;;
21/07/2013;03:05:00;3253;sem vítima;85;BR-040/RJ;Norte;Choque - Objeto Fixo;1;;;;;;;;;;1;;;;
21/07/2013;01:34:00;3244;com vítima;112;BR-040/RJ;Sul;Choque - Objeto Fixo;1;;;;;;;;;;0;1;;;
21/07/2013;03:53:00;3260;com vítima;112;BR-040/RJ;Norte;Capotamento;1;;;;;;;;;;0;1;;;
21/07/2013;18:49:00;3369;sem vítima;114;BR-040/RJ;Norte;Choque - Objeto Fixo;1;;;;;;;;;;1;;;;
21/07/2013;12:20:00;3304;sem vítima;116;BR-040/RJ;Norte;Colisão Traseira;2;;;;;;;;;;2;;;;
22/07/2013;20:58:00;3551;sem vítima;83;BR-040/RJ;Norte;Derrapagem;1;;;;;;;;;;1;;;;
22/07/2013;22:35:00;3558;sem vítima;93;BR-040/RJ;Norte;Choque - Objeto Fixo;1;;;;;;;;;;1;;;;
22/07/2013;08:05:00;3429;com vítima;94;BR-040/RJ;Norte;Queda de Moto;1;;;;;;;;;;0;1;;;
22/07/2013;07:59:00;3426;com vítima;99;BR-040/RJ;Norte;Queda de Moto;;;;1;;;;;;;0;1;;;
22/07/2013;02:09:00;3403;sem vítima;105;BR-040/RJ;Sul;Choque - Objeto Fixo;;;1;;;;;;;;1;;;;
22/07/2013;23:16:00;3560;sem vítima;105;BR-040/RJ;Norte;Choque - Objeto Fixo;1;;;;;;;;;;1;;;;
22/07/2013;08:15:00;3435;com vítima;112;BR-040/RJ;Sul;Choque - Objeto Fixo;;;1;;;;;;;;0;1;;;
22/07/2013;15:57:00;3511;com vítima;777;BR-040/MG;Sul;Queda de Moto;;;;1;;;;;;;0;1;1;;
22/07/2013;06:35:00;3416;com vítima;784;BR-040/MG;Norte;Queda de Moto;;;;1;;;;;;;0;1;;;
22/07/2013;02:04:00;3402;sem vítima;802;BR-040/MG;Sul;Choque - Objeto Fixo;1;;;;;;;;;;1;;;;
22/07/2013;07:44:00;3427;sem vítima;123;BR-040/RJ;Sul;Colisão Traseira;1;;1;;;;;;;;2;;;;
22/07/2013;20:14:00;3546;com vítima;123;BR-040/RJ;Norte;Colisão Lateral;2;;;;;1;;;;;1;2;;;
22/07/2013;08:39:00;3441;sem vítima;124;BR-040/RJ;Sul;Colisão Lateral;1;;1;;;;;;;;2;;;;
23/07/2013;16:55:00;3654;sem vítima;74;BR-040/RJ;Norte;Choque - Objeto Fixo;1;;;;;;;;;;1;;;;
23/07/2013;05:59:00;3577;sem vítima;75;BR-040/RJ;Sul;Choque - Objeto Fixo;1;;;;;;;;;;1;;;;
23/07/2013;18:49:00;3668;sem vítima;78;BR-040/RJ;Sul;Choque - Objeto Fixo;1;;;;;;;;;;1;;;;
23/07/2013;13:17:00;3627;sem vítima;82;BR-040/RJ;Sul;Colisão Lateral;;;1;;1;;;;;;2;;;;
23/07/2013;09:53:00;3599;com vítima;85;BR-040/RJ;Sul;Capotamento;1;;;;;;;;;;0;1;;;
23/07/2013;10:25:00;3608;sem vítima;85;BR-040/RJ;Sul;Choque - Objeto Fixo;1;;;;;;;;;;1;;;;
23/07/2013;17:13:00;3656;sem vítima;88;BR-040/RJ;Norte;Choque - Objeto Fixo;1;;;;;;;;;;1;;;;
23/07/2013;12:44:00;3622;sem vítima;90;BR-040/RJ;Norte;Choque - Objeto Fixo;1;;;;;;;;;;1;;;;
23/07/2013;17:52:00;3660;sem vítima;92;BR-040/RJ;Sul;Derrapagem;1;;;;;;;;;;1;;;;
23/07/2013;08:53:00;3592;sem vítima;93;BR-040/RJ;Norte;Choque - Objeto Fixo;1;;;;;;;;;;1;;;;
23/07/2013;10:28:00;3605;sem vítima;93;BR-040/RJ;Norte;Choque - Objeto Fixo;1;;;;;;;;;;1;;;;
23/07/2013;08:56:00;3593;sem vítima;94;BR-040/RJ;Sul;Choque - Objeto Fixo;1;;;;;;;;;;1;;;;
23/07/2013;08:57:00;3594;sem vítima;94;BR-040/RJ;Sul;Choque - Objeto Fixo;1;;;;;;;;;;1;;;;
23/07/2013;13:27:00;3629;com vítima;94;BR-040/RJ;Sul;Choque - Objeto Fixo;1;;;;;;;;;;0;1;;;
23/07/2013;08:38:00;3590;sem vítima;97;BR-040/RJ;Sul;Choque - Objeto Fixo;1;;;;;;;;;;1;;;;
23/07/2013;15:54:00;3644;sem vítima;809;BR-040/MG;Norte;Choque - Objeto Fixo;1;;;;;;;;;;1;;;;
23/07/2013;05:29:00;3575;sem vítima;123;BR-040/RJ;Sul;Colisão Lateral;1;;2;;;;;;;;3;;;;
24/07/2013;07:49:00;3714;sem vítima;1;BR-040/RJ;Sul;Choque - Objeto Fixo;1;;;;;;;;;;1;;;;
24/07/2013;14:01:00;3770;sem vítima;14;BR-040/RJ;Sul;Choque - Objeto Fixo;1;;;;;;;;;;1;;;;
24/07/2013;16:09:00;3792;sem vítima;22;BR-040/RJ;Norte;Choque - Objeto Fixo;1;;;;;;;;;;2;;;;
24/07/2013;14:29:00;3774;sem vítima;34;BR-040/RJ;Norte;Choque - Objeto Fixo;1;;;;;;;;;;1;;;;
24/07/2013;17:00:00;3803;sem vítima;67;BR-040/RJ;Norte;Choque - Objeto Fixo;1;;;;;;;;;;1;;;;
24/07/2013;21:40:00;3844;com vítima;73;BR-040/RJ;Sul;Choque - Objeto Fixo;1;;;;;;;;;;0;1;;;
24/07/2013;15:15:00;3781;com vítima;77;BR-040/RJ;Sul;Choque - Objeto Fixo;1;;;;;;;;;;0;2;;;
24/07/2013;16:40:00;3798;sem vítima;78;BR-040/RJ;Sul;Choque - Objeto Fixo;1;;;;;;;;;;1;;;;
24/07/2013;17:49:00;3813;sem vítima;82;BR-040/RJ;Norte;Colisão Transversal;2;;;;;;;;;;2;;;;
24/07/2013;07:57:00;3717;com vítima;84;BR-040/RJ;Sul;Choque - Objeto Fixo;1;;;;;;;;;;0;1;;;
24/07/2013;07:57:00;3727;sem vítima;84;BR-040/RJ;Sul;Colisão Traseira;1;;;;;1;;;;;2;;;;
24/07/2013;08:30:00;3730;sem vítima;84;BR-040/RJ;Sul;Choque - Objeto Fixo;1;;;;;;;;;;1;;;;
24/07/2013;15:29:00;3784;sem vítima;90;BR-040/RJ;Sul;Choque - Objeto Fixo;1;;;;;;;;;;1;;;;
24/07/2013;16:39:00;3797;com vítima;90;BR-040/RJ;Sul;Colisão Traseira;2;;;;;;;;;;1;;1;;
24/07/2013;16:57:00;3802;sem vítima;90;BR-040/RJ;Sul;Choque - Objeto Fixo;1;;;;;;;;;;1;;;;
24/07/2013;13:20:00;3764;sem vítima;91;BR-040/RJ;Sul;Choque - Objeto Fixo;1;;;;;;;;;;2;;;;
24/07/2013;17:54:00;3814;com vítima;91;BR-040/RJ;Sul;Choque - Objeto Fixo;1;;;;;;;;;;0;1;;;
24/07/2013;08:30:00;3725;sem vítima;92;BR-040/RJ;Sul;Capotamento;1;;;;;;;;;;2;;;;
24/07/2013;13:45:00;3767;com vítima;92;BR-040/RJ;Sul;Capotamento;1;;;;;;;;;;0;1;;;
24/07/2013;14:00:00;3769;sem vítima;93;BR-040/RJ;Norte;Choque - Objeto Fixo;1;;;;;;;;;;1;;;;
24/07/2013;15:06:00;3779;sem vítima;93;BR-040/RJ;Norte;Colisão Lateral;1;;1;;;;;;;;2;;;;
24/07/2013;08:31:00;3726;sem vítima;94;BR-040/RJ;Sul;Choque - Objeto Fixo;1;;;;;;;;;;1;;;;
24/07/2013;08:50:00;3728;sem vítima;94;BR-040/RJ;Sul;Choque - Objeto Fixo;1;;;;;;;;;;1;;;;
24/07/2013;09:13:00;3734;sem vítima;94;BR-040/RJ;Sul;Choque - Objeto Fixo;1;;;;;;;;;;1;;;;
24/07/2013;16:36:00;3796;sem vítima;94;BR-040/RJ;Sul;Choque - Objeto Fixo;1;;;;;;;;;;1;;;;
24/07/2013;17:32:00;3810;com vítima;94;BR-040/RJ;Sul;Capotamento;1;;;;;;;;;;0;1;;;
24/07/2013;11:41:00;3752;com vítima;117;BR-040/RJ;Norte;Colisão Traseira;1;;1;;;;;;;;1;;1;;
24/07/2013;07:06:00;3709;sem vítima;784;BR-040/MG;Sul;Choque - Objeto Fixo;1;;;;;;;;;;1;;;;
24/07/2013;14:53:00;3777;sem vítima;799;BR-040/MG;Norte;Choque - Objeto Fixo;1;;;;;;;;;;1;;;;
24/07/2013;15:46:00;3788;sem vítima;824;BR-040/MG;Sul;Choque - Objeto Fixo;1;;;;;;;;;;1;;;;
24/07/2013;06:41:00;3707;sem vítima;121;BR-040/RJ;Sul;Colisão Traseira;1;;1;;;;;;;;2;;;;
24/07/2013;18:20:00;3819;sem vítima;122;BR-040/RJ;Sul;Colisão Lateral;1;;;;1;;;;;;2;;;;
25/07/2013;14:55:00;3938;sem vítima;5;BR-040/RJ;Sul;Choque - Objeto Fixo;1;;;;;;;;;;1;;;;
25/07/2013;07:54:00;3875;sem vítima;31;BR-040/RJ;Norte;Choque - Objeto Fixo;1;;;;;;;;;;1;;;;
25/07/2013;01:54:00;3854;com vítima;34;BR-040/RJ;Norte;Capotamento;1;;;;;;;;;;1;1;;;
25/07/2013;07:54:00;3874;sem vítima;52;BR-040/RJ;Norte;Choque - Objeto Fixo;1;;;;;;;;;;1;;;;
25/07/2013;09:22:00;3889;sem vítima;52;BR-040/RJ;Norte;Choque - Objeto Fixo;1;;;;;;;;;;1;;;;
25/07/2013;20:40:00;3992;sem vítima;52;BR-040/RJ;Norte;Choque - Objeto Fixo;1;;;;;;;;;;1;;;;
25/07/2013;12:03:00;3912;com vítima;54;BR-040/RJ;Sul;Capotamento;1;;;;;;;;;;0;1;;;
25/07/2013;22:07:00;4001;sem vítima;54;BR-040/RJ;Norte;Choque - Objeto Fixo;1;;;;;;;;;;1;;;;
25/07/2013;07:25:00;3873;sem vítima;90;BR-040/RJ;Norte;Choque - Objeto Fixo;1;;;;;;;;;;1;;;;
25/07/2013;11:56:00;3911;sem vítima;92;BR-040/RJ;Sul;Choque - Objeto Fixo;1;;;;;;;;;;1;;;;
25/07/2013;11:56:00;3914;sem vítima;92;BR-040/RJ;Sul;Choque - Objeto Fixo;1;;;;;;;;;;1;;;;
25/07/2013;11:47:00;3910;sem vítima;94;BR-040/RJ;Sul;Choque - Objeto Fixo;1;;;;;;;;;;3;;;;
25/07/2013;16:17:00;3955;sem vítima;94;BR-040/RJ;Sul;Colisão Lateral;2;;;;;;;;;;2;;;;
25/07/2013;10:16:00;3898;com vítima;113;BR-040/RJ;Sul;Colisão Traseira;2;;;;;;;;;;2;1;;;
25/07/2013;07:21:00;3872;sem vítima;786;BR-040/MG;Norte;Choque - Objeto Fixo;1;;;;;;;;;;1;;;;
25/07/2013;09:10:00;3885;sem vítima;810;BR-040/MG;Norte;Choque - Objeto Fixo;1;;;;;;;;;;1;;;;
25/07/2013;05:04:00;3861;sem vítima;121;BR-040/RJ;Norte;Colisão Traseira;;;;;1;1;;;;;2;;;;
25/07/2013;20:47:00;3993;sem vítima;121;BR-040/RJ;Norte;Choque - Objeto Fixo;1;;;;;;;;;;1;;;;
26/07/2013;00:37:00;4010;sem vítima;6;BR-040/RJ;Norte;Colisão Lateral;;;1;;1;;;;;;2;;;;
26/07/2013;15:32:00;4106;com vítima;64;BR-040/RJ;Norte;Capotamento;1;;;;;;;;;;0;1;;;
26/07/2013;09:09:00;4054;sem vítima;77;BR-040/RJ;Norte;Choque - Objeto Fixo;1;;;;;;;;;;1;;;;
26/07/2013;20:55:00;4163;sem vítima;82;BR-040/RJ;Sul;Choque - Objeto Fixo;1;;;;;;;;;;1;;;;
26/07/2013;16:59:00;4124;sem vítima;86;BR-040/RJ;Sul;Choque - Objeto Fixo;1;;;;;;;;;;1;;;;
26/07/2013;16:56:00;4123;sem vítima;90;BR-040/RJ;Sul;Choque - Objeto Fixo;1;;;;;;;;;;1;;;;
26/07/2013;10:27:00;4063;sem vítima;91;BR-040/RJ;Norte;Engavetamento;4;;;;;;;;;;4;;;;
26/07/2013;11:50:00;4070;sem vítima;92;BR-040/RJ;Norte;Colisão Traseira;2;;;;;;;;;;2;;;;
26/07/2013;20:09:00;4158;sem vítima;92;BR-040/RJ;Sul;Capotamento;1;;;;;;;;;;1;;;;
26/07/2013;09:07:00;4052;sem vítima;95;BR-040/RJ;Norte;Colisão Lateral;1;;1;;;;;;;;2;;;;
26/07/2013;22:08:00;4174;com vítima;102;BR-040/RJ;Norte;Colisão Traseira;1;;1;;;;;;;;1;1;;;
26/07/2013;23:26:00;4177;sem vítima;123;BR-040/RJ;Norte;Colisão Frontal;2;;;;;;;;;;2;;;;
26/07/2013;04:41:00;4020;sem vítima;125;BR-040/RJ;Sul;Choque - Objeto Fixo;1;;;;;;;;;;1;;;;
27/07/2013;22:46:00;4321;com vítima;38;BR-040/RJ;Norte;Capotamento;1;;;;;;;;;;0;2;;;
27/07/2013;03:24:00;4193;sem vítima;51;BR-040/RJ;Norte;Choque - Objeto Fixo;1;;;;;;;;;;1;;;;
27/07/2013;15:28:00;4260;com vítima;52;BR-040/RJ;Norte;Tombamento;1;;;;;;;;;;2;;1;;
27/07/2013;05:36:00;4201;sem vítima;91;BR-040/RJ;Norte;Choque - Objeto Fixo;1;;;;;;;;;;1;;;;
27/07/2013;20:06:00;4300;com vítima;91;BR-040/RJ;Sul;Choque - Objeto Fixo;1;;;;;;;;;;0;1;;;
27/07/2013;22:39:00;4319;sem vítima;91;BR-040/RJ;Norte;Choque - Objeto Fixo;1;;;;;;;;;;1;;;;
27/07/2013;00:36:00;4187;sem vítima;92;BR-040/RJ;Sul;Choque - Objeto Fixo;1;;;;;;;;;;1;;;;
27/07/2013;12:07:00;4234;com vítima;92;BR-040/RJ;Norte;Choque - Objeto Fixo;1;;;;;;;;;;0;2;;;
27/07/2013;02:26:00;4191;com vítima;108;BR-040/RJ;Norte;Capotamento;1;;;;;;;;;;0;;1;1;
27/07/2013;12:05:00;4231;com vítima;812;BR-040/MG;Norte;Capotamento;1;;;;;;;;;;0;1;;;
27/07/2013;14:39:00;4253;com vítima;120;BR-040/RJ;Sul;Colisão Lateral;1;;;1;;;;;;;1;1;;;
28/07/2013;23:16:00;4458;com vítima;18;BR-040/RJ;Norte;Choque - Objeto Fixo;1;;1;;1;;;;;;5;1;;;1
28/07/2013;11:08:00;4365;sem vítima;81;BR-040/RJ;Norte;Colisão Traseira;1;;;1;;;;;;;2;;;;
28/07/2013;12:13:00;4370;com vítima;84;BR-040/RJ;Sul;Choque - Objeto Fixo;1;;;1;;;;;;;1;2;;;
28/07/2013;12:13:00;4377;sem vítima;84;BR-040/RJ;Sul;Choque - Objeto Fixo;;;;1;;;;;;;1;;;;
28/07/2013;17:04:00;4412;sem vítima;120;BR-040/RJ;Norte;Choque - Objeto Fixo;2;;;;;;;;;;3;;;;
28/07/2013;09:08:00;4353;com vítima;123;BR-040/RJ;Sul;Choque - Objeto Fixo;1;;;;;;;;;;0;1;;;
29/07/2013;02:51:00;4464;com vítima;62;BR-040/RJ;Sul;Capotamento;1;;;;;;;;;;0;;1;1;1
29/07/2013;03:18:00;4467;sem vítima;62;BR-040/RJ;Sul;Colisão Traseira;;;1;;1;;;;;;3;;;;
29/07/2013;15:12:00;4553;com vítima;114;BR-040/RJ;Sul;Colisão Traseira;1;;1;;;;;;;;2;1;;;
29/07/2013;18:36:00;4583;sem vítima;120;BR-040/RJ;Norte;Colisão Traseira;1;;;1;;;;;;;2;;;;
29/07/2013;19:23:00;4587;sem vítima;121;BR-040/RJ;Norte;Engavetamento;1;;;;;4;;;;;5;;;;
30/07/2013;08:38:00;4650;com vítima;6;BR-040/RJ;Sul;Capotamento;1;;;;;;;;;;1;2;;;
30/07/2013;21:43:00;4741;com vítima;78;BR-040/RJ;Sul;Choque - Objeto Fixo;1;;;;;;;;;;0;2;;;
30/07/2013;07:59:00;4645;sem vítima;111;BR-040/RJ;Norte;Colisão Traseira;1;;;;;;;;;;1;;;;
30/07/2013;12:11:00;4685;sem vítima;823;BR-040/MG;Norte;Colisão Lateral;1;;;;;1;;;;;2;;;;
31/07/2013;08:21:00;4784;sem vítima;86;BR-040/RJ;Norte;Choque - Objeto Fixo;1;;;;;;;;;;1;;;;
31/07/2013;08:34:00;4792;sem vítima;93;BR-040/RJ;Sul;Colisão Traseira;;;1;;;1;;;;;2;;;;
31/07/2013;17:28:00;4867;com vítima;101;BR-040/RJ;Norte;Colisão Lateral;1;;;1;;;;;;;1;;1;;
31/07/2013;18:40:00;4880;sem vítima;101;BR-040/RJ;Norte;Colisão Lateral;1;;;;1;;;;;;2;;;;
31/07/2013;14:50:00;4834;com vítima;114;BR-040/RJ;Sul;Queda de Moto;;;;1;;;;;;;0;1;;;
01/08/2013;05:07:00;10;sem vítima;29;BR-040/RJ;Norte;Choque - Objeto Fixo;1;;;;;;;;;;1;;;;
01/08/2013;06:15:00;16;sem vítima;101;BR-040/RJ;Norte;Choque - Objeto Fixo;1;;;;;;;;;;1;;;;
01/08/2013;07:38:00;27;sem vítima;105;BR-040/RJ;Sul;Colisão Traseira;2;;;;;;;;;;2;;;;
01/08/2013;22:45:00;149;com vítima;116;BR-040/RJ;Sul;Colisão Traseira;2;;1;;;;;;;;3;1;;;
01/08/2013;14:58:00;90;sem vítima;123;BR-040/RJ;Sul;Colisão Lateral;1;;1;;;;;;;;2;;;;
02/08/2013;19:25:00;298;sem vítima;46;BR-040/RJ;Norte;Choque - Objeto Fixo;1;;;;;;;;;;1;;;;
02/08/2013;16:42:00;271;com vítima;62;BR-040/RJ;Sul;Colisão Traseira;2;;;;;;;;;;2;1;2;;
02/08/2013;10:18:00;215;com vítima;65;BR-040/RJ;Sul;Choque - Objeto Fixo;1;;;;;;;;;;0;;1;;
02/08/2013;21:23:00;315;sem vítima;92;BR-040/RJ;Norte;Choque - Objeto Fixo;1;;;;;;;;;;1;;;;
02/08/2013;06:07:00;176;com vítima;93;BR-040/RJ;Sul;Choque - Objeto Fixo;1;;;;;;;;;;0;2;;;
02/08/2013;12:17:00;234;sem vítima;98;BR-040/RJ;Norte;Engavetamento;2;;;;;1;;;;;3;;;;
02/08/2013;15:54:00;263;sem vítima;106;BR-040/RJ;Norte;Colisão Frontal;1;;;;1;;;;;;2;;;;
02/08/2013;18:55:00;293;sem vítima;108;BR-040/RJ;Norte;Colisão Lateral;1;;1;;;;;;;;2;;;;
02/08/2013;18:24:00;290;sem vítima;110;BR-040/RJ;Norte;Engavetamento;2;;;;;1;;;;;3;;;;
02/08/2013;18:19:00;288;sem vítima;119;BR-040/RJ;Norte;Colisão Lateral;1;;1;;;;;;;;2;;;;
02/08/2013;08:36:00;199;sem vítima;120;BR-040/RJ;Sul;Colisão Lateral;1;;1;;;;;;;;2;;;;
02/08/2013;19:15:00;297;sem vítima;120;BR-040/RJ;Norte;Choque - Objeto Fixo;1;;;;;;;;;;1;;;;
02/08/2013;09:04:00;202;sem vítima;122;BR-040/RJ;Sul;Colisão Lateral;;;2;;;;;;;;2;;;;
02/08/2013;09:49:00;209;com vítima;122;BR-040/RJ;Sul;Engavetamento;2;;;;;1;;;;;2;;1;;
03/08/2013;07:00:00;366;com vítima;27;BR-040/RJ;Sul;Choque - Objeto Fixo;1;;;;;;;;;;0;;2;;
03/08/2013;19:21:00;479;sem vítima;44;BR-040/RJ;Norte;Capotamento;1;;;;;;;;;;1;;;;
03/08/2013;23:01:00;506;sem vítima;58;BR-040/RJ;Sul;Colisão Lateral;1;;1;;;;;;;;2;;;;
03/08/2013;00:05:00;337;sem vítima;71;BR-040/RJ;Norte;Choque - Objeto Fixo;1;;;;;;;;;;1;;;;
03/08/2013;10:01:00;387;sem vítima;87;BR-040/RJ;Sul;Choque - Objeto Fixo;1;;;;;;;;;;1;;;;
03/08/2013;17:40:00;464;sem vítima;87;BR-040/RJ;Sul;Colisão Lateral;1;;1;;;;;;;;2;;;;
03/08/2013;22:02:00;499;com vítima;94;BR-040/RJ;Sul;Queda de Moto;;;;1;;;;;;;0;;2;;
03/08/2013;23:35:00;510;sem vítima;105;BR-040/RJ;Norte;Choque - Objeto Fixo;1;;;;;;;;;;1;;;;
03/08/2013;05:04:00;357;com vítima;109;BR-040/RJ;Norte;Colisão Traseira;1;;1;;;;;;;;1;1;;;
03/08/2013;06:07:00;364;sem vítima;114;BR-040/RJ;Norte;Choque - Objeto Fixo;1;;;;;;;;;;1;;;;
03/08/2013;21:16:00;494;sem vítima;114;BR-040/RJ;Norte;Engavetamento;3;;;;;1;;;;;4;;;;
03/08/2013;05:50:00;362;com vítima;781;BR-040/MG;Sul;Colisão Traseira;1;;1;;;;;;;;1;3;;;
03/08/2013;19:28:00;480;sem vítima;119;BR-040/RJ;Norte;Colisão Traseira;2;;;;;;;;;;2;;;;
03/08/2013;15:51:00;438;sem vítima;124;BR-040/RJ;Norte;Engavetamento;2;;1;;;;;;;;3;;;;
04/08/2013;14:11:00;584;com vítima;7;BR-040/RJ;Sul;Atropelamento - Pedestre;1;;;;;;;;;;0;2;;1;
04/08/2013;10:19:00;562;sem vítima;78;BR-040/RJ;Sul;Choque - Objeto Fixo;1;;;;;;;;;;1;;;;
04/08/2013;12:26:00;571;com vítima;78;BR-040/RJ;Sul;Capotamento;1;;;;;;;;;;0;3;;;
04/08/2013;12:51:00;575;sem vítima;798;BR-040/MG;Sul;Choque - Objeto Fixo;1;;;;;;;;;;1;;;;
04/08/2013;09:59:00;557;sem vítima;118;BR-040/RJ;Sul;Queda de Moto;;;;1;;;;;;;1;;;;
04/08/2013;22:51:00;670;sem vítima;121;BR-040/RJ;Norte;Choque - Objeto Fixo;1;;;;;;;;;;1;;;;
04/08/2013;05:05:00;534;sem vítima;124;BR-040/RJ;Sul;Choque - Objeto Fixo;1;;;;;1;;;;;2;;;;
05/08/2013;16:08:00;782;sem vítima;77;BR-040/RJ;Norte;Colisão Lateral;;;2;;;;;;;;2;;;;
05/08/2013;17:11:00;791;sem vítima;82;BR-040/RJ;Norte;Choque - Objeto Fixo;1;;;;;;;;;;1;;;;
05/08/2013;14:54:00;766;com vítima;89;BR-040/RJ;Sul;Tombamento;;;1;;;;;;;;1;2;;;
05/08/2013;15:34:00;775;sem vítima;92;BR-040/RJ;Norte;Choque - Objeto Fixo;1;;;;;;;;;;1;;;;
05/08/2013;19:49:00;812;sem vítima;92;BR-040/RJ;Sul;Derrapagem;1;;;;;;;;;;1;;;;
05/08/2013;16:22:00;785;sem vítima;93;BR-040/RJ;Sul;Choque - Objeto Fixo;1;;;;;;;;;;1;;;;
05/08/2013;15:10:00;769;sem vítima;95;BR-040/RJ;Norte;Colisão Lateral;1;;1;;;;;;;;2;;;;
05/08/2013;19:47:00;811;sem vítima;117;BR-040/RJ;Norte;Capotamento;1;;;;;1;;;;;2;;;;
05/08/2013;19:40:00;810;sem vítima;118;BR-040/RJ;Norte;Choque - Objeto Fixo;1;;;;;;;;;;1;;;;
05/08/2013;13:57:00;762;sem vítima;800;BR-040/MG;Norte;Colisão Lateral;;;1;;;1;;;;;2;;;;
05/08/2013;21:46:00;821;com vítima;828;BR-040/MG;Sul;Atropelamento - Animal;;;;1;;;;;;;0;1;1;;
05/08/2013;10:21:00;737;sem vítima;119;BR-040/RJ;Norte;Choque - Objeto Fixo;1;;;;;;;;;;1;;;;
05/08/2013;06:53:00;710;sem vítima;121;BR-040/RJ;Sul;Colisão Lateral;1;;1;;;;;;;;2;;;;
06/08/2013;11:27:00;886;com vítima;94;BR-040/RJ;Sul;Tombamento;;;1;;;;;;;;0;;1;1;
06/08/2013;17:28:00;937;sem vítima;109;BR-040/RJ;Norte;Colisão Traseira;2;;;;;;;;;;2;;;;
06/08/2013;14:14:00;907;sem vítima;113;BR-040/RJ;Norte;Queda de Moto;;;;1;;;;;;;1;;;;
06/08/2013;07:11:00;849;com vítima;810;BR-040/MG;Norte;Colisão Traseira;2;;;;;;;;;;0;2;;;
06/08/2013;10:09:00;877;sem vítima;119;BR-040/RJ;Norte;Choque - Objeto Fixo;2;;;;;;;;;;2;;;;
06/08/2013;20:19:00;956;sem vítima;124;BR-040/RJ;Norte;Queda de Moto;;;;1;;;;;;;3;;;;
07/08/2013;11:12:00;1024;sem vítima;91;BR-040/RJ;Norte;Choque - Objeto Fixo;1;;;;;;;;;;1;;;;
07/08/2013;03:07:00;992;sem vítima;112;BR-040/RJ;Norte;Colisão Lateral;1;;1;;;;;;;;2;;;;
07/08/2013;18:22:00;1084;com vítima;114;BR-040/RJ;Norte;Engavetamento;3;;;;;;;;;;2;1;;;
07/08/2013;00:00:00;976;sem vítima;115;BR-040/RJ;Norte;Engavetamento;2;;1;;;;;;;;3;;;;
07/08/2013;22:15:00;1104;sem vítima;117;BR-040/RJ;Norte;Colisão Lateral;2;;;;;;;;;;2;;;;