data;horario;n_da_ocorrencia;tipo_de_ocorrencia;km;trecho;sentido;tipo_de_acidente;automovel;bicicleta;caminhao;moto;onibus;outros;tracao_animal;transporte_de_cargas_especiais;trator_maquinas;utilitarios;ilesos;levemente_feridos;moderadamente_feridos;gravemente_feridos;mortos
07/08/2013;09:54:00;1014;com vítima;792;BR-040/MG;Sul;Engavetamento;2;;;;1;;;;;;0;6;;;
07/08/2013;11:20:00;1026;sem vítima;123;BR-040/RJ;Norte;Choque - Objeto Fixo;1;;;;;;;;;;1;;;;
08/08/2013;12:47:00;1187;sem vítima;52;BR-040/RJ;Norte;Colisão Lateral;1;;1;;;;;;;;2;;;;
08/08/2013;16:31:00;1225;sem vítima;87;BR-040/RJ;Sul;Colisão Lateral;2;;;;;;;;;;2;;;;
08/08/2013;08:34:00;1157;sem vítima;111;BR-040/RJ;Norte;Choque - Objeto Fixo;1;;;;;;;;;;1;;;;
08/08/2013;20:59:00;1255;com vítima;815;BR-040/MG;Sul;Choque - Objeto Fixo;1;;;;;;;;;;0;2;;;
08/08/2013;15:42:00;1215;com vítima;121;BR-040/RJ;Sul;Capotamento;1;;;;;;;;;;0;2;;;
09/08/2013;11:22:00;1346;com vítima;77;BR-040/RJ;Norte;Choque - Objeto Fixo;1;;;;;;;;;;0;1;;;
09/08/2013;20:26:00;1438;com vítima;100;BR-040/RJ;Norte;Atropelamento - Pedestre;1;;;;;;;;;;1;;;1;
09/08/2013;23:49:00;1463;sem vítima;113;BR-040/RJ;Sul;Choque - Objeto Fixo;1;;;;;;;;;;1;;;;
09/08/2013;03:58:00;1287;sem vítima;117;BR-040/RJ;Sul;Colisão Traseira;2;;;;;;;;;;2;;;;
09/08/2013;22:26:00;1445;com vítima;815;BR-040/MG;Sul;Tombamento;;;2;;;;;;;;0;2;;;
09/08/2013;20:17:00;1433;sem vítima;122;BR-040/RJ;Norte;Colisão Lateral;;;1;;1;;;;;;2;;;;
09/08/2013;13:46:00;1362;sem vítima;124;BR-040/RJ;Sul;Engavetamento;1;;2;;;;;;;;3;;;;
10/08/2013;07:11:00;1509;sem vítima;37;BR-040/RJ;Norte;Choque - Objeto Fixo;1;;;;;;;;;;1;;;;
10/08/2013;07:20:00;1511;com vítima;71;BR-040/RJ;Sul;Choque - Objeto Fixo;1;;;;;;;;;;0;;1;;
10/08/2013;15:45:00;1575;sem vítima;83;BR-040/RJ;Norte;Engavetamento;3;;;;;;;;;;3;;;;
10/08/2013;16:12:00;1582;com vítima;84;BR-040/RJ;Sul;Derrapagem;;;;1;;;;;;;0;2;;;
10/08/2013;16:19:00;1585;com vítima;84;BR-040/RJ;Sul;Choque - Objeto Fixo;1;;;;;;;;;;1;1;;;
10/08/2013;17:13:00;1600;sem vítima;84;BR-040/RJ;Sul;Choque - Objeto Fixo;1;;;;;;;;;;5;;;;
10/08/2013;17:21:00;1602;com vítima;84;BR-040/RJ;Sul;Queda de Moto;;;;1;;;;;;;0;2;;;
10/08/2013;15:59:00;1577;sem vítima;89;BR-040/RJ;Norte;Colisão Lateral;;;2;;;;;;;;2;;;;
10/08/2013;16:38:00;1590;sem vítima;94;BR-040/RJ;Sul;Choque - Objeto Fixo;1;;;;;;;;;;1;;;;
10/08/2013;17:39:00;1605;sem vítima;94;BR-040/RJ;Sul;Choque - Objeto Fixo;1;;;;;;;;;;1;;;;
10/08/2013;21:58:00;1641;com vítima;116;BR-040/RJ;Sul;Queda de Moto;;;;1;;;;;;;0;;1;;
10/08/2013;07:21:00;1513;sem vítima;117;BR-040/RJ;Norte;Colisão Lateral;1;;;;;1;;;;;2;;;;
11/08/2013;07:49:00;1684;com vítima;41;BR-040/RJ;Sul;Choque - Objeto Fixo;1;;;;;;;;;;0;1;;;
11/08/2013;10:37:00;1701;com vítima;55;BR-040/RJ;Norte;Choque - Objeto Fixo;1;;;;;;;;;;0;1;;;
11/08/2013;17:52:00;1758;com vítima;55;BR-040/RJ;Sul;Colisão Lateral;2;;;;;;;;;;0;2;;;
11/08/2013;19:28:00;1770;com vítima;55;BR-040/RJ;Sul;Colisão Traseira;2;;;;;;;;;;4;1;;;
11/08/2013;10:55:00;1703;sem vítima;84;BR-040/RJ;Norte;Choque - Objeto Fixo;1;;;;;;;;;;1;;;;
11/08/2013;19:06:00;1767;sem vítima;86;BR-040/RJ;Norte;Choque - Objeto Fixo;1;;;;;;;;;;1;;;;
11/08/2013;12:37:00;1712;sem vítima;91;BR-040/RJ;Norte;Choque - Objeto Fixo;1;;;;;;;;;;1;;;;
11/08/2013;14:41:00;1734;sem vítima;91;BR-040/RJ;Sul;Tombamento;1;;;;;;;;;;4;;;;
11/08/2013;14:46:00;1735;com vítima;91;BR-040/RJ;Norte;Choque - Objeto Fixo;1;;;;;;;;;;3;1;;;
11/08/2013;15:09:00;1739;com vítima;91;BR-040/RJ;Sul;Choque - Objeto Fixo;1;;;;;;;;;;0;1;;;
11/08/2013;13:18:00;1721;sem vítima;92;BR-040/RJ;Norte;Choque - Objeto Fixo;1;;;;;;;;;;1;;;;
11/08/2013;13:51:00;1727;com vítima;92;BR-040/RJ;Sul;Choque - Objeto Fixo;1;;;;;;;;;;0;1;;;
11/08/2013;14:05:00;1730;com vítima;94;BR-040/RJ;Sul;Choque - Objeto Fixo;1;;;;;;;;;;0;2;;;
11/08/2013;19:02:00;1766;com vítima;108;BR-040/RJ;Norte;Queda de Moto;;;;1;;;;;;;0;2;;;
11/08/2013;10:15:00;1698;com vítima;118;BR-040/RJ;Norte;Engavetamento;2;;1;;;;;;;;2;1;;;
11/08/2013;00:34:00;1656;sem vítima;808;BR-040/MG;Norte;Choque - Objeto Fixo;1;;;;;;;;;;1;;;;
11/08/2013;08:40:00;1688;sem vítima;812;BR-040/MG;Norte;Choque - Objeto Fixo;1;;;;;;;;;;2;;;;
12/08/2013;13:46:00;1877;com vítima;87;BR-040/RJ;Sul;Tombamento;;;2;;;;;;;;1;1;;;
12/08/2013;18:57:00;1937;com vítima;101;BR-040/RJ;Sul;Atropelamento - Pedestre;1;1;;;;;;;;;1;1;;;
12/08/2013;10:06:00;1848;sem vítima;109;BR-040/RJ;Norte;Colisão Traseira;2;;;;;;;;;;2;;;;
12/08/2013;15:37:00;1904;sem vítima;109;BR-040/RJ;Norte;Colisão Lateral;1;;;;1;;;;;;2;;;;
12/08/2013;00:20:00;1798;com vítima;113;BR-040/RJ;Sul;Colisão Traseira;2;;;;;;;;;;1;2;;;1
12/08/2013;09:48:00;1844;com vítima;113;BR-040/RJ;Norte;Queda de Moto;;;;1;;;;;;;0;1;;;
12/08/2013;11:25:00;1858;com vítima;122;BR-040/RJ;Norte;Colisão Traseira;1;;1;;;;;;;;1;1;;;
12/08/2013;09:00:00;1836;sem vítima;123;BR-040/RJ;Sul;Colisão Lateral;1;;1;;;;;;;;2;;;;
12/08/2013;12:21:00;1865;sem vítima;123;BR-040/RJ;Sul;Colisão Traseira;1;;1;;;;;;;;2;;;;
13/08/2013;08:17:00;1987;com vítima;32;BR-040/RJ;Norte;Choque - Objeto Fixo;1;;;;;;;;;;0;1;;;
13/08/2013;00:34:00;1961;sem vítima;69;BR-040/RJ;Sul;Colisão Traseira;;;2;;;;;;;;4;;;;
13/08/2013;04:08:00;1968;com vítima;87;BR-040/RJ;Norte;Capotamento;1;;;;;;;;;;0;1;;;
13/08/2013;09:58:00;1998;sem vítima;110;BR-040/RJ;Sul;Colisão Lateral;1;;1;;;;;;;;2;;;;
13/08/2013;23:24:00;2107;com vítima;792;BR-040/MG;Sul;Choque - Objeto Fixo;1;;;;;;;;;;0;1;;;
13/08/2013;14:22:00;2034;sem vítima;118;BR-040/RJ;Norte;Capotamento;1;;;;;;;;;;1;;;;
13/08/2013;17:14:00;2061;sem vítima;120;BR-040/RJ;Norte;Colisão Lateral;1;;1;;;;;;;;2;;;;
14/08/2013;16:13:00;2203;sem vítima;34;BR-040/RJ;Norte;Choque - Objeto Fixo;1;;;;;;;;;;1;;;;
14/08/2013;08:33:00;2141;sem vítima;65;BR-040/RJ;Sul;Choque - Objeto Fixo;1;;;;;;;;;;1;;;;
14/08/2013;23:57:00;2242;sem vítima;73;BR-040/RJ;Sul;Choque - Objeto Fixo;1;;;;;;;;;;1;;;;
14/08/2013;18:23:00;2221;sem vítima;78;BR-040/RJ;Norte;Derrapagem;1;;;;;;;;;;1;;;;
14/08/2013;06:50:00;2132;sem vítima;83;BR-040/RJ;Norte;Choque - Objeto Fixo;1;;;;;;;;;;1;;;;
14/08/2013;10:01:00;2154;com vítima;90;BR-040/RJ;Norte;Choque - Objeto Fixo;1;;;;;;;;;;0;1;1;;
14/08/2013;14:46:00;2188;com vítima;93;BR-040/RJ;Norte;Choque - Objeto Fixo;1;;;;;;;;;;0;2;;;
14/08/2013;18:05:00;2219;sem vítima;100;BR-040/RJ;Sul;Derrapagem;1;;;;;;;;;;1;;;;
14/08/2013;08:32:00;2140;sem vítima;112;BR-040/RJ;Norte;Colisão Lateral;2;;;;;;;;;;2;;;;
14/08/2013;18:04:00;2218;sem vítima;119;BR-040/RJ;Norte;Colisão Traseira;2;;;;;;;;;;2;;;;
14/08/2013;07:45:00;2135;sem vítima;124;BR-040/RJ;Sul;Colisão Lateral;1;;1;;;;;;;;2;;;;
14/08/2013;17:14:00;2210;sem vítima;124;BR-040/RJ;Sul;Colisão Lateral;1;;1;;;;;;;;2;;;;
15/08/2013;01:40:00;2250;sem vítima;78;BR-040/RJ;Sul;Colisão Traseira;2;;;;;;;;;;2;;;;
15/08/2013;23:24:00;2387;sem vítima;78;BR-040/RJ;Sul;Capotamento;1;;;;;;;;;;1;;;;
15/08/2013;10:45:00;2301;sem vítima;85;BR-040/RJ;Norte;Colisão Lateral;1;;;;;1;;;;;2;;;;
15/08/2013;09:52:00;2295;sem vítima;91;BR-040/RJ;Sul;Choque - Objeto Fixo;1;;;;;;;;;;1;;;;
15/08/2013;10:38:00;2299;com vítima;91;BR-040/RJ;Sul;Capotamento;1;;;;;;;;;;0;5;;;
15/08/2013;07:21:00;2275;sem vítima;92;BR-040/RJ;Sul;Capotamento;1;;;;;;;;;;1;;;;
15/08/2013;07:55:00;2279;sem vítima;92;BR-040/RJ;Sul;Choque - Objeto Fixo;1;;;;;;;;;;1;;;;
15/08/2013;09:35:00;2294;sem vítima;94;BR-040/RJ;Sul;Choque - Objeto Fixo;1;;;;;;;;;;1;;;;
15/08/2013;15:27:00;2333;sem vítima;109;BR-040/RJ;Norte;Colisão Traseira;2;;;;;;;;;;2;;;;
15/08/2013;18:16:00;2358;sem vítima;780;BR-040/MG;Sul;Derrapagem;1;;;;;;;;;;1;;;;
15/08/2013;08:10:00;2282;sem vítima;793;BR-040/MG;Sul;Choque - Objeto Fixo;1;;;;;;;;;;1;;;;
15/08/2013;10:09:00;2296;com vítima;815;BR-040/MG;Sul;Colisão Lateral;2;;;;;;;;;;0;9;;;
15/08/2013;18:19:00;2359;sem vítima;124;BR-040/RJ;Sul;Colisão Lateral;1;;1;;;;;;;;2;;;;
16/08/2013;05:43:00;2413;sem vítima;31;BR-040/RJ;Sul;Colisão Traseira;1;;2;;;;;;;;3;;;;
16/08/2013;22:15:00;2538;com vítima;59;BR-040/RJ;Norte;Choque - Objeto Fixo;1;;;;;;;;;;0;1;1;;
16/08/2013;00:35:00;2394;sem vítima;84;BR-040/RJ;Sul;Choque - Objeto Fixo;1;;;;;;;;;;1;;;;
16/08/2013;10:13:00;2451;com vítima;92;BR-040/RJ;Sul;Capotamento;1;;;;;;;;;;0;2;;;
16/08/2013;20:10:00;2529;com vítima;105;BR-040/RJ;Norte;Atropelamento - Pedestre;1;;;;;;;;;;1;1;1;;
16/08/2013;09:42:00;2445;sem vítima;106;BR-040/RJ;Sul;Colisão Lateral;1;;;;1;;;;;;2;;;;
16/08/2013;22:27:00;2539;sem vítima;112;BR-040/RJ;Norte;Choque - Objeto Fixo;1;;;;;;;;;;1;;;;
16/08/2013;08:40:00;2440;sem vítima;773;BR-040/MG;Sul;Derrapagem;;;1;;;;;;;;1;;;;
16/08/2013;11:37:00;2461;sem vítima;783;BR-040/MG;Norte;Colisão Traseira;2;;;;;;;;;;2;;;;
16/08/2013;16:51:00;2503;sem vítima;802;BR-040/MG;Sul;Colisão Traseira;2;;;;;;;;;;2;;;;
16/08/2013;17:19:00;2508;sem vítima;119;BR-040/RJ;Norte;Colisão Lateral;1;;1;;;;;;;;2;;;;
16/08/2013;06:46:00;2415;com vítima;122;BR-040/RJ;Sul;Atropelamento - Pedestre;;;;1;;;;;;;2;1;;;
17/08/2013;19:00:00;2629;sem vítima;52;BR-040/RJ;Norte;Choque - Objeto Fixo;2;;;;;;;;;;2;;;;
17/08/2013;22:07:00;2647;com vítima;52;BR-040/RJ;Norte;Capotamento;1;;;;;;;;;;0;;1;;
17/08/2013;14:58:00;2589;sem vítima;89;BR-040/RJ;Norte;Colisão Traseira;;;2;;;;;;;;2;;;;
17/08/2013;20:19:00;2639;sem vítima;93;BR-040/RJ;Sul;Choque - Objeto Fixo;1;;;;;;;;;;1;;;;
17/08/2013;05:15:00;2560;sem vítima;115;BR-040/RJ;Norte;Choque - Objeto Fixo;1;;;;;;;;;;1;;;;
17/08/2013;07:57:00;2566;sem vítima;117;BR-040/RJ;Sul;Choque - Objeto Fixo;1;;;;;;;;;;1;;;;
18/08/2013;19:57:00;2771;com vítima;31;BR-040/RJ;Norte;Capotamento;1;;;;;;;;;;0;4;;;
18/08/2013;12:00:00;2718;sem vítima;54;BR-040/RJ;Sul;Choque - Objeto Fixo;1;;;;;;;;;;1;;;;
18/08/2013;20:48:00;2782;com vítima;59;BR-040/RJ;Norte;Choque - Objeto Fixo;1;;;;;;;;;;0;2;;;
18/08/2013;09:08:00;2699;com vítima;73;BR-040/RJ;Sul;Capotamento;1;;;;;;;;;;0;3;;;
18/08/2013;19:47:00;2770;sem vítima;84;BR-040/RJ;Sul;Choque - Objeto Fixo;1;;;;;;;;;;1;;;;
18/08/2013;16:17:00;2743;sem vítima;85;BR-040/RJ;Sul;Choque - Objeto Fixo;1;;;;;;;;;;2;;;;
18/08/2013;07:48:00;2688;com vítima;87;BR-040/RJ;Sul;Choque - Objeto Fixo;1;;;;;;;;;;1;2;;;
18/08/2013;12:33:00;2720;com vítima;87;BR-040/RJ;Sul;Choque - Objeto Fixo;1;;;;;;;;;;0;2;;;
18/08/2013;16:30:00;2745;sem vítima;92;BR-040/RJ;Norte;Choque - Objeto Fixo;1;;;;;;;;;;1;;;;
18/08/2013;09:01:00;2697;com vítima;108;BR-040/RJ;Norte;Queda de Moto;;;;1;;;;;;;0;1;;;
18/08/2013;02:58:00;2668;sem vítima;109;BR-040/RJ;Norte;Choque - Objeto Fixo;1;;;;;;;;;;1;;;;
18/08/2013;17:21:00;2751;sem vítima;109;BR-040/RJ;Sul;Colisão Traseira;2;;;;;;;;;;2;;;;
18/08/2013;20:51:00;2783;sem vítima;113;BR-040/RJ;Norte;Capotamento;1;;;;;;;;;;1;;;;
18/08/2013;21:00:00;2784;sem vítima;775;BR-040/MG;Sul;Choque - Objeto Fixo;1;;;;;;;;;;1;;;;
18/08/2013;17:37:00;2756;sem vítima;777;BR-040/MG;Norte;Choque - Objeto Fixo;1;;;;;;;;;;1;;;;
18/08/2013;02:43:00;2666;sem vítima;799;BR-040/MG;Norte;Capotamento;1;;;;;;;;;;1;;;;
18/08/2013;21:39:00;2789;com vítima;800;BR-040/MG;Norte;Capotamento;1;;;;;;;;;;0;2;;;
18/08/2013;05:42:00;2679;sem vítima;119;BR-040/RJ;Norte;Choque - Objeto Fixo;1;;;;;;;;;;1;;;;
19/08/2013;15:32:00;2894;sem vítima;98;BR-040/RJ;Norte;Choque - Objeto Fixo;1;;;;;;;;;;1;;;;
19/08/2013;12:05:00;2865;com vítima;99;BR-040/RJ;Norte;Queda de Moto;;;;1;;;;;;;0;2;;;
19/08/2013;18:46:00;2926;com vítima;106;BR-040/RJ;Norte;Colisão Lateral;;1;;;;1;;;;;1;1;;;
19/08/2013;05:59:00;2823;sem vítima;108;BR-040/RJ;Norte;Choque - Objeto Fixo;1;;;;;;;;;;1;;;;
19/08/2013;12:17:00;2870;sem vítima;109;BR-040/RJ;Norte;Colisão Traseira;2;;;;;;;;;;2;;;;
19/08/2013;21:51:00;2952;sem vítima;796;BR-040/MG;Norte;Choque - Objeto Fixo;1;;;;;;;;;;1;;;;
19/08/2013;19:54:00;2934;sem vítima;119;BR-040/RJ;Norte;Colisão Lateral;1;;1;;;;;;;;2;;;;
20/08/2013;21:02:00;3090;com vítima;39;BR-040/RJ;Sul;Colisão Traseira;1;;1;;;;;;;;1;;1;;1
20/08/2013;18:25:00;3071;com vítima;64;BR-040/RJ;Sul;Atropelamento - Pedestre;1;;;;;;;;;;0;1;;1;
20/08/2013;20:20:00;3084;com vítima;77;BR-040/RJ;Norte;Choque - Objeto Fixo;1;;;;;;;;;;0;1;;;
20/08/2013;18:36:00;3073;com vítima;80;BR-040/RJ;Sul;Tombamento;1;;1;;;;;;;;1;;1;;
20/08/2013;06:51:00;2983;sem vítima;108;BR-040/RJ;Norte;Colisão Traseira;1;;;;1;;;;;;2;;;;
20/08/2013;19:13:00;3077;sem vítima;109;BR-040/RJ;Norte;Colisão Lateral;1;;1;;;;;;;;2;;;;
20/08/2013;07:34:00;2986;sem vítima;799;BR-040/MG;Norte;Choque - Objeto Fixo;1;;;;;;;;;;1;;;;
20/08/2013;09:23:00;2990;com vítima;828;BR-040/MG;Norte;Tombamento;;;1;;;;;;;;0;;1;;
20/08/2013;15:18:00;3037;sem vítima;120;BR-040/RJ;Sul;Colisão Lateral;1;;;;;1;;;;;2;;;;
20/08/2013;16:32:00;3048;sem vítima;122;BR-040/RJ;Norte;Colisão Traseira;;;2;;;;;;;;2;;;;
21/08/2013;07:51:00;3134;com vítima;34;BR-040/RJ;Norte;Queda de Moto;1;;;;;;;;;;1;1;;;
21/08/2013;07:27:00;3131;com vítima;94;BR-040/RJ;Sul;Queda de Moto;;;;1;;;;;;;0;;;1;
21/08/2013;10:31:00;3152;sem vítima;117;BR-040/RJ;Norte;Colisão Traseira;1;;;;;1;;;;;2;;;;
21/08/2013;19:32:00;3218;sem vítima;118;BR-040/RJ;Norte;Queda de Moto;;;;1;;1;;;;;2;;;;
21/08/2013;18:27:00;3215;sem vítima;123;BR-040/RJ;Sul;Colisão Traseira;1;;1;;;;;;;;2;;;;
22/08/2013;10:07:00;3283;sem vítima;21;BR-040/RJ;Norte;Queda de Moto;;;;1;;;;;;;1;;;;
22/08/2013;01:23:00;3243;com vítima;37;BR-040/RJ;Norte;Capotamento;1;;;;;;;;;;0;2;;;
22/08/2013;23:39:00;3404;com vítima;84;BR-040/RJ;Sul;Queda de Moto;;;;1;;;;;;;0;;;1;1
22/08/2013;08:59:00;3275;com vítima;106;BR-040/RJ;Sul;Queda de Moto;;;;1;;;;;;;0;1;;;
22/08/2013;22:57:00;3401;sem vítima;112;BR-040/RJ;Sul;Colisão Traseira;1;;;;;1;;;;;2;;;;
22/08/2013;15:21:00;3330;sem vítima;113;BR-040/RJ;Sul;Colisão Lateral;1;;1;;;;;;;;2;;;;
22/08/2013;12:28:00;3299;sem vítima;118;BR-040/RJ;Norte;Colisão Lateral;1;;1;;;;;;;;2;;;;
22/08/2013;06:46:00;3259;com vítima;119;BR-040/RJ;Norte;Capotamento;1;;;;;;;;;;0;1;;;
22/08/2013;09:00:00;3276;sem vítima;121;BR-040/RJ;Norte;Colisão Lateral;1;;1;;;;;;;;2;;;;
23/08/2013;23:04:00;3581;com vítima;81;BR-040/RJ;Norte;Colisão Lateral;1;;1;;;;;;;;1;1;;;
23/08/2013;09:06:00;3443;sem vítima;93;BR-040/RJ;Norte;Colisão Traseira;1;;1;;;;;;;;2;;;;
23/08/2013;13:36:00;3487;sem vítima;102;BR-040/RJ;Sul;Colisão Lateral;1;;;;;1;;;;;2;;;;
23/08/2013;08:33:00;3436;com vítima;105;BR-040/RJ;Sul;Colisão Traseira;;;;1;;1;;;;;1;1;;;
23/08/2013;20:57:00;3569;sem vítima;109;BR-040/RJ;Norte;Colisão Traseira;1;;;;;1;;;;;2;;;;
23/08/2013;16:37:00;3522;sem vítima;115;BR-040/RJ;Norte;Colisão Traseira;1;;1;;;;;;;;2;;;;
23/08/2013;17:44:00;3539;com vítima;118;BR-040/RJ;Norte;Colisão Lateral;1;;;1;;;;;;;1;2;;;
23/08/2013;16:46:00;3524;com vítima;122;BR-040/RJ;Sul;Colisão Traseira;2;;;;;;;;;;0;5;;;
23/08/2013;19:08:00;3553;sem vítima;122;BR-040/RJ;Norte;Colisão Lateral;1;;;;1;;;;;;2;;;;
23/08/2013;04:46:00;3414;com vítima;123;BR-040/RJ;Sul;Choque - Objeto Fixo;1;;;;;;;;;;0;1;;;
23/08/2013;19:02:00;3551;sem vítima;123;BR-040/RJ;Norte;Colisão Traseira;1;;1;;;;;;;;2;;;;
24/08/2013;15:11:00;3665;com vítima;76;BR-040/RJ;Sul;Queda de Moto;1;;;1;;;;;;;1;1;;;
24/08/2013;20:06:00;3706;sem vítima;78;BR-040/RJ;Sul;Choque - Objeto Fixo;1;;;;;;;;;;1;;;;
24/08/2013;19:22:00;3700;com vítima;85;BR-040/RJ;Sul;Choque - Objeto Fixo;1;;;;;;;;;;0;4;;;
24/08/2013;14:50:00;3663;sem vítima;95;BR-040/RJ;Norte;Colisão Traseira;2;;;;;;;;;;2;;;;
24/08/2013;18:06:00;3690;com vítima;100;BR-040/RJ;Norte;Queda de Moto;;;;1;;;;;;;0;1;;;
24/08/2013;07:33:00;3612;sem vítima;113;BR-040/RJ;Sul;Colisão Traseira;2;;1;;;1;;;;;4;;;;
24/08/2013;04:28:00;3600;sem vítima;116;BR-040/RJ;Norte;Choque - Objeto Fixo;1;;;;;;;;;;1;;;;
24/08/2013;10:20:00;3636;com vítima;804;BR-040/MG;Norte;Atropelamento - Pedestre;;1;;1;;;;;;;1;1;;;
24/08/2013;11:43:00;3645;sem vítima;815;BR-040/MG;Norte;Choque - Objeto Fixo;1;;;;;;;;;;1;;;;
24/08/2013;21:53:00;3717;sem vítima;821;BR-040/MG;Norte;Choque - Objeto Fixo;1;;;;;;;;;;1;;;;
24/08/2013;06:55:00;3608;com vítima;120;BR-040/RJ;Norte;Choque - Objeto Fixo;1;;;;;;;;;;0;2;;;
24/08/2013;21:42:00;3716;sem vítima;124;BR-040/RJ;Norte;Colisão Traseira;2;;;;;;;;;;2;;;;
25/08/2013;02:35:00;3736;com vítima;1;BR-040/RJ;Sul;Choque - Objeto Fixo;;;1;;;;;;;;0;1;;;
25/08/2013;17:15:00;3830;com vítima;10;BR-040/RJ;Norte;Capotamento;1;;;;;;;;;;1;2;;;
25/08/2013;09:35:00;3771;com vítima;53;BR-040/RJ;Norte;Queda de Moto;;;;1;;;;;;;0;1;;;
25/08/2013;10:17:00;3773;sem vítima;53;BR-040/RJ;Sul;Queda de Moto;;;;1;;;;;;;1;;;;
25/08/2013;09:14:00;3768;com vítima;94;BR-040/RJ;Norte;Queda de Moto;;;;1;;;;;;;0;1;;;
25/08/2013;14:07:00;3807;sem vítima;97;BR-040/RJ;Norte;Colisão Lateral;;;1;;1;;;;;;2;;;;
25/08/2013;18:57:00;3848;com vítima;98;BR-040/RJ;Sul;Colisão Transversal;1;1;;;;;;;;;1;;;;1
25/08/2013;18:49:00;3845;com vítima;102;BR-040/RJ;Norte;Queda de Moto;;;;1;;;;;;;0;1;;;
25/08/2013;04:20:00;3744;sem vítima;109;BR-040/RJ;Sul;Choque - Objeto Fixo;1;;;;;;;;;;1;;;;
25/08/2013;18:57:00;3849;sem vítima;109;BR-040/RJ;Sul;Engavetamento;3;;;;;;;;;;3;;;;
25/08/2013;05:22:00;3748;sem vítima;112;BR-040/RJ;Norte;Capotamento;1;;;;;;;;;;1;;;;
25/08/2013;14:08:00;3808;com vítima;113;BR-040/RJ;Norte;Capotamento;1;;;;;;;;;;0;1;;;
25/08/2013;17:28:00;3832;sem vítima;802;BR-040/MG;Sul;Colisão Traseira;2;;;;;;;;;;2;;;;
26/08/2013;16:29:00;3968;sem vítima;43;BR-040/RJ;Norte;Choque - Objeto Fixo;1;;;;;;;;;;1;;;;
26/08/2013;09:34:00;3923;com vítima;75;BR-040/RJ;Sul;Capotamento;1;;;;;;;;;;0;2;;;
26/08/2013;19:48:00;3999;sem vítima;90;BR-040/RJ;Sul;Choque - Objeto Fixo;1;;;;;;;;;;1;;;;
26/08/2013;21:31:00;4005;sem vítima;92;BR-040/RJ;Norte;Choque - Objeto Fixo;1;;;;;;;;;;1;;;;
26/08/2013;16:52:00;3973;sem vítima;93;BR-040/RJ;Norte;Colisão Lateral;1;;;1;;;;;;;2;;;;
26/08/2013;11:35:00;3934;sem vítima;96;BR-040/RJ;Sul;Colisão Lateral;;;2;;;;;;;;2;;;;
26/08/2013;18:30:00;3989;sem vítima;119;BR-040/RJ;Norte;Colisão Lateral;1;;1;;;;;;;;2;;;;
27/08/2013;17:19:00;4117;sem vítima;78;BR-040/RJ;Sul;Choque - Objeto Fixo;1;;;;;;;;;;1;;;;
27/08/2013;15:42:00;4102;sem vítima;80;BR-040/RJ;Sul;Derrapagem;1;;;;;;;;;;1;;;;
27/08/2013;05:51:00;4035;com vítima;84;BR-040/RJ;Sul;Tombamento;;;1;;;;;;;;0;1;;;
27/08/2013;15:35:00;4099;sem vítima;93;BR-040/RJ;Norte;Choque - Objeto Fixo;1;;;;;;;;;;1;;;;
27/08/2013;13:07:00;4078;sem vítima;95;BR-040/RJ;Sul;Choque - Objeto Fixo;1;;;;;;;;;;1;;;;
27/08/2013;16:35:00;4109;sem vítima;95;BR-040/RJ;Norte;Choque - Objeto Fixo;1;;;;;;;;;;1;;;;
27/08/2013;19:38:00;4136;sem vítima;98;BR-040/RJ;Sul;Derrapagem;1;;;;;;;;;;1;;;;
27/08/2013;11:17:00;4070;com vítima;103;BR-040/RJ;Norte;Queda de Moto;;;;1;;;;;;;0;;1;;
27/08/2013;15:24:00;4097;sem vítima;104;BR-040/RJ;Norte;Colisão Traseira;1;;;;;1;;;;;2;;;;
27/08/2013;12:20:00;4074;com vítima;111;BR-040/RJ;Norte;Capotamento;1;;1;;;;;;;;1;1;;;
27/08/2013;16:08:00;4107;sem vítima;111;BR-040/RJ;Sul;Colisão Traseira;1;;1;;;;;;;;2;;;;
27/08/2013;05:55:00;4036;com vítima;113;BR-040/RJ;Norte;Engavetamento;3;;;;;;;;;;1;3;;;
27/08/2013;11:32:00;4072;com vítima;800;BR-040/MG;Norte;Colisão Traseira;1;;1;;;;;;;;1;1;;;
27/08/2013;15:47:00;4104;com vítima;820;BR-040/MG;Norte;Capotamento;1;;;;;;;;;;0;;;1;
28/08/2013;19:53:00;4270;com vítima;16;BR-040/RJ;Norte;Choque - Objeto Fixo;1;;;;;;;;;;0;3;;;
28/08/2013;17:01:00;4255;sem vítima;45;BR-040/RJ;Norte;Colisão Traseira;1;;1;;;;;;;;2;;;;
28/08/2013;07:07:00;4169;com vítima;75;BR-040/RJ;Norte;Colisão Traseira;1;;1;;;;;;;;1;1;1;;
28/08/2013;16:59:00;4254;com vítima;815;BR-040/MG;Norte;Choque - Objeto Fixo;;;1;;;;;;;;0;1;;;
28/08/2013;02:35:00;4159;com vítima;123;BR-040/RJ;Norte;Atropelamento - Pedestre;1;;;;;;;;;;1;;;;1
28/08/2013;20:58:00;4280;sem vítima;124;BR-040/RJ;Sul;Colisão Traseira;1;;;1;;;;;;;2;;;;
29/08/2013;09:29:00;4324;sem vítima;93;BR-040/RJ;Norte;Colisão Lateral;2;;;;;;;;;;2;;;;