data;horario;n_da_ocorrencia;tipo_de_ocorrencia;km;trecho;sentido;tipo_de_acidente;automovel;bicicleta;caminhao;moto;onibus;outros;tracao_animal;transporte_de_cargas_especiais;trator_maquinas;utilitarios;ilesos;levemente_feridos;moderadamente_feridos;gravemente_feridos;mortos
29/08/2013;21:42:00;4428;sem vítima;107;BR-040/RJ;Norte;Atropelamento - Pedestre;1;1;;;;;;;;;2;;;;
29/08/2013;10:57:00;4335;sem vítima;792;BR-040/MG;Norte;Choque - Objeto Fixo;1;;;;;;;;;;1;;;;
29/08/2013;12:20:00;4342;com vítima;799;BR-040/MG;Norte;Queda de Moto;;;;1;;;;;;;0;;1;;
29/08/2013;19:16:00;4404;sem vítima;122;BR-040/RJ;Sul;Colisão Traseira;2;;;;;;;;;;2;;;;
29/08/2013;09:36:00;4326;sem vítima;123;BR-040/RJ;Sul;Colisão Lateral;1;;;1;;;;;;;2;;;;
30/08/2013;19:38:00;4557;sem vítima;39;BR-040/RJ;Norte;Derrapagem;1;;;;;;;;;;1;;;;
30/08/2013;21:51:00;4575;sem vítima;46;BR-040/RJ;Norte;Colisão Traseira;2;;;;;;;;;;2;;;;
30/08/2013;13:07:00;4492;sem vítima;62;BR-040/RJ;Sul;Tombamento;;;1;;;;;;;;1;;;;
30/08/2013;21:06:00;4571;sem vítima;97;BR-040/RJ;Sul;Colisão Traseira;;;2;;;;;;;;2;;;;
30/08/2013;18:04:00;4544;com vítima;109;BR-040/RJ;Norte;Colisão Traseira;1;;;1;;;;;;;1;;1;;
30/08/2013;19:16:00;4555;sem vítima;113;BR-040/RJ;Norte;Engavetamento;3;;;;;;;;;;3;;;;
30/08/2013;21:53:00;4574;com vítima;115;BR-040/RJ;Sul;Colisão Traseira;1;;1;;;;;;;;1;1;;;
30/08/2013;12:11:00;4484;com vítima;118;BR-040/RJ;Sul;Tombamento;;;1;;;;;;;;0;;;1;
30/08/2013;12:14:00;4485;com vítima;803;BR-040/MG;Norte;Choque - Objeto Fixo;1;;;;;;;;;;0;5;;;
30/08/2013;08:03:00;4466;sem vítima;121;BR-040/RJ;Sul;Colisão Lateral;1;;1;;;;;;;;2;;;;
30/08/2013;23:00:00;4582;com vítima;122;BR-040/RJ;Norte;Colisão Lateral;;;;1;;1;;;;;2;1;;;
31/08/2013;06:50:00;4620;com vítima;11;BR-040/RJ;Sul;Colisão Traseira;1;;;;;1;;;;;4;1;;;
31/08/2013;06:50:00;4632;sem vítima;11;BR-040/RJ;Sul;Colisão Traseira;1;;1;;;;;;;;2;;;;
31/08/2013;06:50:00;4660;sem vítima;11;BR-040/RJ;Sul;Colisão Traseira;1;;;;;1;;;;;2;;;;
31/08/2013;05:00:00;4609;com vítima;12;BR-040/RJ;Sul;Engavetamento;2;;;;1;;;;;;2;1;1;;
31/08/2013;20:11:00;4726;com vítima;34;BR-040/RJ;Norte;Tombamento;;;1;;;;;;;;0;1;;;
31/08/2013;17:41:00;4704;com vítima;82;BR-040/RJ;Sul;Queda de Moto;;;;1;;;;;;;0;1;;;
31/08/2013;15:21:00;4680;com vítima;84;BR-040/RJ;Sul;Choque - Objeto Fixo;1;;;;;;;;;;0;1;;;
31/08/2013;11:02:00;4657;sem vítima;89;BR-040/RJ;Sul;Colisão Lateral;2;;;;;;;;;;2;;;;
31/08/2013;21:52:00;4738;com vítima;805;BR-040/MG;Sul;Colisão Lateral;2;;;;;;;;;;0;2;;;
31/08/2013;08:30:00;4633;sem vítima;823;BR-040/MG;Sul;Choque - Objeto Fixo;1;;;;;;;;;;1;;;;
01/09/2013;22:26:00;146;sem vítima;45;BR-040/RJ;Sul;Engavetamento;3;;;;;;;;;;3;;;;
01/09/2013;08:45:00;39;com vítima;62;BR-040/RJ;Sul;Colisão Frontal;1;;;1;;;;;;;1;;;1;
01/09/2013;23:39:00;151;com vítima;64;BR-040/RJ;Sul;Capotamento;1;;;;;;;;;;0;;2;;
01/09/2013;10:09:00;48;com vítima;72;BR-040/RJ;Sul;Queda de Moto;;;;1;;;;;;;0;1;;;
01/09/2013;18:47:00;115;sem vítima;77;BR-040/RJ;Norte;Colisão Traseira;1;;;;1;;;;;;2;;;;
01/09/2013;16:30:00;96;sem vítima;78;BR-040/RJ;Sul;Choque - Objeto Fixo;1;;;;;;;;;;1;;;;
01/09/2013;13:42:00;74;com vítima;104;BR-040/RJ;Norte;Atropelamento - Pedestre;1;;;;;;;;;;1;;;1;
01/09/2013;19:34:00;122;sem vítima;110;BR-040/RJ;Sul;Colisão Traseira;1;;;1;;;;;;;2;;;;
01/09/2013;06:48:00;30;sem vítima;117;BR-040/RJ;Norte;Choque - Objeto Fixo;1;;;;;;;;;;1;;;;
01/09/2013;09:00:00;41;sem vítima;118;BR-040/RJ;Norte;Choque - Objeto Fixo;1;;;;;;;;;;1;;;;
01/09/2013;05:24:00;25;sem vítima;124;BR-040/RJ;Norte;Choque - Objeto Fixo;1;;;;;;;;;;1;;;;
01/09/2013;01:37:00;7;com vítima;125;BR-040/RJ;Sul;Capotamento;1;;;;;;;;;;0;1;;;
02/09/2013;20:33:00;285;com vítima;65;BR-040/RJ;Sul;Capotamento;1;;;;;;;;;;0;1;1;;
02/09/2013;06:57:00;185;sem vítima;84;BR-040/RJ;Sul;Choque - Objeto Fixo;1;;;;;;;;;;1;;;;
02/09/2013;23:04:00;294;com vítima;94;BR-040/RJ;Sul;Tombamento;;;1;;;;;;;;0;1;;;
02/09/2013;11:24:00;212;com vítima;98;BR-040/RJ;Sul;Capotamento;1;;;;;;;;;;0;;1;;
02/09/2013;11:46:00;214;com vítima;101;BR-040/RJ;Norte;Colisão Traseira;2;;;;;;;;;;0;3;;;
03/09/2013;22:33:00;429;sem vítima;34;BR-040/RJ;Norte;Choque - Objeto Fixo;1;;;;;;;;;;1;;;;
03/09/2013;18:05:00;396;com vítima;105;BR-040/RJ;Norte;Colisão Traseira;1;;;1;;;;;;;1;;1;;
03/09/2013;21:23:00;419;sem vítima;111;BR-040/RJ;Norte;Colisão Traseira;2;;;;;;;;;;2;;;;
03/09/2013;15:50:00;379;sem vítima;116;BR-040/RJ;Norte;Choque - Objeto Fixo;1;;;;;;;;;;1;;;;
03/09/2013;23:05:00;433;sem vítima;120;BR-040/RJ;Sul;Choque - Objeto Fixo;1;;;;;;;;;;1;;;;
03/09/2013;04:32:00;309;sem vítima;121;BR-040/RJ;Sul;Tombamento;;;1;;;;;;;;1;;;;
03/09/2013;15:25:00;376;sem vítima;121;BR-040/RJ;Sul;Colisão Lateral;2;;;;;;;;;;2;;;;
03/09/2013;22:49:00;431;sem vítima;121;BR-040/RJ;Norte;Colisão Traseira;1;;;;;1;;;;;2;;;;
03/09/2013;19:13:00;404;sem vítima;123;BR-040/RJ;Norte;Colisão Traseira;1;;;;;1;;;;;2;;;;
04/09/2013;14:42:00;515;sem vítima;1;BR-040/RJ;Norte;Choque - Objeto Fixo;1;;;;;;;;;;1;;;;
04/09/2013;10:24:00;484;sem vítima;3;BR-040/RJ;Sul;Choque - Objeto Fixo;1;;;;;;;;;;3;;;;
04/09/2013;16:29:00;536;sem vítima;24;BR-040/RJ;Norte;Choque - Objeto Fixo;1;;;;;;;;;;1;;;;
04/09/2013;09:53:00;479;sem vítima;32;BR-040/RJ;Norte;Choque - Objeto Fixo;1;;;;;;;;;;1;;;;
04/09/2013;05:27:00;449;sem vítima;34;BR-040/RJ;Norte;Choque - Objeto Fixo;1;;;;;;;;;;1;;;;
04/09/2013;13:26:00;508;com vítima;34;BR-040/RJ;Sul;Derrapagem;;;1;;;;;;;;1;2;;;
04/09/2013;15:19:00;522;sem vítima;67;BR-040/RJ;Norte;Colisão Lateral;;;2;;;;;;;;2;;;;
04/09/2013;10:09:00;483;sem vítima;72;BR-040/RJ;Norte;Choque - Objeto Fixo;1;;;;;;;;;;1;;;;
04/09/2013;07:39:00;467;sem vítima;77;BR-040/RJ;Sul;Capotamento;1;;;;;;;;;;1;;;;
04/09/2013;10:32:00;485;sem vítima;82;BR-040/RJ;Sul;Colisão Lateral;1;;1;;;;;;;;2;;;;
04/09/2013;07:41:00;468;sem vítima;83;BR-040/RJ;Sul;Colisão Traseira;2;;;;;;;;;;2;;;;
04/09/2013;10:39:00;488;com vítima;85;BR-040/RJ;Sul;Choque - Objeto Fixo;1;;;;;;;;;;0;1;;;
04/09/2013;15:02:00;519;sem vítima;85;BR-040/RJ;Norte;Choque - Objeto Fixo;1;;;;;;;;;;1;;;;
04/09/2013;16:13:00;533;sem vítima;86;BR-040/RJ;Sul;Choque - Objeto Fixo;1;;;;;;;;;;1;;;;
04/09/2013;08:15:00;470;sem vítima;88;BR-040/RJ;Norte;Derrapagem;1;;;;;;;;;;1;;;;
04/09/2013;06:57:00;459;com vítima;91;BR-040/RJ;Sul;Choque - Objeto Fixo;1;;;;;;;;;;0;1;;;
04/09/2013;08:31:00;472;com vítima;92;BR-040/RJ;Sul;Capotamento;1;;;;;;;;;;0;1;;;
04/09/2013;15:26:00;523;sem vítima;92;BR-040/RJ;Sul;Choque - Objeto Fixo;1;;;;;;;;;;1;;;;
04/09/2013;13:02:00;503;sem vítima;94;BR-040/RJ;Sul;Colisão Frontal;2;;;;;;;;;;2;;;;
04/09/2013;14:49:00;517;sem vítima;94;BR-040/RJ;Sul;Choque - Objeto Fixo;1;;;;;;;;;;1;;;;
04/09/2013;15:53:00;530;sem vítima;96;BR-040/RJ;Sul;Choque - Objeto Fixo;1;;;;;;;;;;1;;;;
04/09/2013;19:36:00;559;com vítima;96;BR-040/RJ;Sul;Choque - Objeto Fixo;1;;;;;;;;;;0;1;;;
04/09/2013;08:12:00;469;com vítima;793;BR-040/MG;Sul;Choque - Objeto Fixo;1;;;;;;;;;;0;1;;;
04/09/2013;07:18:00;463;sem vítima;120;BR-040/RJ;Sul;Choque - Objeto Fixo;1;;;;;;;;;;1;;;;
04/09/2013;13:25:00;509;sem vítima;124;BR-040/RJ;Sul;Colisão Lateral;1;;1;;;;;;;;2;;;;
04/09/2013;18:55:00;553;sem vítima;124;BR-040/RJ;Sul;Colisão Lateral;1;;1;;;;;;;;2;;;;
05/09/2013;07:09:00;615;sem vítima;73;BR-040/RJ;Sul;Choque - Objeto Fixo;1;;;;;;;;;;1;;;;
05/09/2013;09:00:00;630;sem vítima;74;BR-040/RJ;Norte;Choque - Objeto Fixo;1;;;;;;;;;;1;;;;
05/09/2013;18:00:00;687;sem vítima;78;BR-040/RJ;Sul;Choque - Objeto Fixo;1;;;;;;;;;;1;;;;
05/09/2013;07:10:00;617;sem vítima;85;BR-040/RJ;Norte;Choque - Objeto Fixo;1;;;;;;;;;;1;;;;
05/09/2013;06:32:00;611;sem vítima;93;BR-040/RJ;Norte;Choque - Objeto Fixo;1;;;;;;;;;;1;;;;
05/09/2013;00:05:00;588;com vítima;110;BR-040/RJ;Sul;Choque - Objeto Fixo;1;;;;;;;;;;0;;1;;
05/09/2013;18:22:00;690;sem vítima;116;BR-040/RJ;Sul;Choque - Objeto Fixo;1;;;;;;;;;;1;;;;
05/09/2013;23:57:00;722;sem vítima;122;BR-040/RJ;Sul;Colisão Traseira;1;;1;;;;;;;;2;;;;
06/09/2013;11:51:00;784;sem vítima;52;BR-040/RJ;Norte;Colisão Lateral;1;;1;;;;;;;;2;;;;
06/09/2013;00:14:00;724;sem vítima;81;BR-040/RJ;Sul;Colisão Traseira;;;1;;1;;;;;;2;;;;
06/09/2013;23:29:00;899;sem vítima;83;BR-040/RJ;Norte;Choque - Objeto Fixo;1;;;;;;;;;;1;;;;
06/09/2013;14:19:00;806;sem vítima;84;BR-040/RJ;Sul;Choque - Objeto Fixo;1;;;;;;;;;;1;;;;
06/09/2013;20:48:00;879;sem vítima;96;BR-040/RJ;Sul;Choque - Objeto Fixo;1;;;;;;;;;;1;;;;
06/09/2013;19:46:00;870;sem vítima;121;BR-040/RJ;Norte;Colisão Traseira;2;;;;;;;;;;2;;;;
06/09/2013;08:38:00;757;sem vítima;123;BR-040/RJ;Sul;Colisão Lateral;1;;1;;;1;;;;;3;;;;
07/09/2013;17:12:00;1018;sem vítima;7;BR-040/RJ;Norte;Queda de Moto;;;;1;;;;;;;1;;;;
07/09/2013;23:07:00;1062;sem vítima;32;BR-040/RJ;Norte;Choque - Objeto Fixo;1;;;;;;;;;;1;;;;
07/09/2013;14:25:00;996;com vítima;52;BR-040/RJ;Norte;Colisão Frontal;2;;;;;;;;;;3;1;;;
07/09/2013;01:09:00;909;com vítima;78;BR-040/RJ;Sul;Choque - Objeto Fixo;1;;;;;;;;;;0;1;;;
07/09/2013;08:07:00;949;com vítima;78;BR-040/RJ;Sul;Tombamento;1;;;;;;;;;;0;1;;;
07/09/2013;05:44:00;930;com vítima;105;BR-040/RJ;Norte;Atropelamento - Pedestre;;;;;;1;;;;;1;;1;;
07/09/2013;14:53:00;1001;sem vítima;105;BR-040/RJ;Norte;Colisão Lateral;2;;;;;;;;;;2;;;;
07/09/2013;06:41:00;939;sem vítima;107;BR-040/RJ;Norte;Colisão Traseira;1;;;1;;;;;;;2;;;;
07/09/2013;13:44:00;991;com vítima;109;BR-040/RJ;Norte;Colisão Traseira;1;;1;;;;;;;;1;2;;;
07/09/2013;02:03:00;912;sem vítima;787;BR-040/MG;Norte;Choque - Objeto Fixo;1;;;;;;;;;;1;;;;
07/09/2013;17:11:00;1017;com vítima;801;BR-040/MG;Norte;Capotamento;1;;;;;;;;;;0;2;1;;
07/09/2013;14:42:00;999;sem vítima;119;BR-040/RJ;Sul;Capotamento;1;;;;;;;;;;1;;;;
07/09/2013;15:14:00;1004;sem vítima;119;BR-040/RJ;Sul;Colisão Lateral;2;;;;;;;;;;2;;;;
07/09/2013;07:15:00;942;sem vítima;122;BR-040/RJ;Sul;Choque - Objeto Fixo;1;;;;;;;;;;1;;;;
08/09/2013;18:32:00;1186;sem vítima;58;BR-040/RJ;Sul;Colisão Traseira;2;;;;;;;;;;2;;;;
08/09/2013;18:56:00;1192;sem vítima;60;BR-040/RJ;Sul;Colisão Lateral;1;;;1;;;;;;;2;;;;
08/09/2013;19:49:00;1199;sem vítima;62;BR-040/RJ;Norte;Engavetamento;4;;;;;;;;;;8;;;;
08/09/2013;06:24:00;1101;com vítima;99;BR-040/RJ;Sul;Choque - Objeto Fixo;1;;;;;;;;;;0;1;;;
08/09/2013;07:19:00;1107;sem vítima;777;BR-040/MG;Sul;Choque - Objeto Fixo;1;;;;;;;;;;1;;;;
08/09/2013;16:49:00;1172;sem vítima;780;BR-040/MG;Sul;Colisão Traseira;2;;;;;;;;;;2;;;;
08/09/2013;06:58:00;1105;com vítima;803;BR-040/MG;Norte;Choque - Objeto Fixo;1;;;;;;;;;;0;1;;;
08/09/2013;23:00:00;1221;sem vítima;120;BR-040/RJ;Sul;Colisão Traseira;2;;;;;;;;;;2;;;;
09/09/2013;05:58:00;1246;sem vítima;74;BR-040/RJ;Sul;Choque - Objeto Fixo;1;;;;;;;;;;1;;;;
09/09/2013;01:16:00;1232;sem vítima;88;BR-040/RJ;Sul;Colisão Traseira;;;2;;;;;;;;2;;;;
09/09/2013;15:36:00;1342;com vítima;105;BR-040/RJ;Norte;Colisão Lateral;;;1;1;;;;;;;1;;1;;
09/09/2013;00:55:00;1230;com vítima;110;BR-040/RJ;Sul;Capotamento;1;;;;;;;;;;0;2;;;
09/09/2013;03:41:00;1239;sem vítima;114;BR-040/RJ;Sul;Choque - Objeto Fixo;1;;;;;;;;;;1;;;;
09/09/2013;15:18:00;1336;sem vítima;124;BR-040/RJ;Norte;Colisão Lateral;1;;1;;;;;;;;2;;;;
10/09/2013;15:30:00;1485;com vítima;45;BR-040/RJ;Sul;Colisão Traseira;2;;;;;;;;;;0;2;;;
10/09/2013;06:34:00;1420;sem vítima;55;BR-040/RJ;Norte;Capotamento;1;;;;;;;;;;2;;;;
10/09/2013;18:43:00;1522;sem vítima;83;BR-040/RJ;Norte;Choque - Objeto Fixo;1;;;;;;;;;;1;;;;
10/09/2013;12:54:00;1462;sem vítima;108;BR-040/RJ;Norte;Colisão Traseira;1;;1;;;;;;;;2;;;;
10/09/2013;09:40:00;1444;sem vítima;799;BR-040/MG;Sul;Queda de Moto;;;;1;;;;;;;1;;;;
10/09/2013;06:44:00;1422;com vítima;815;BR-040/MG;Sul;Tombamento;;;1;;;;;;;;0;1;;;
10/09/2013;17:55:00;1512;sem vítima;123;BR-040/RJ;Sul;Colisão Lateral;1;;1;;;;;;;;2;;;;
11/09/2013;02:55:00;1563;com vítima;71;BR-040/RJ;Norte;Capotamento;1;;;;;;;;;;0;1;;;
11/09/2013;09:05:00;1595;sem vítima;84;BR-040/RJ;Norte;Queda de Moto;;;;1;;;;;;;1;;;;
11/09/2013;03:46:00;1567;sem vítima;113;BR-040/RJ;Norte;Choque - Objeto Fixo;1;;;;;;;;;;2;;;;
11/09/2013;18:31:00;1687;com vítima;790;BR-040/MG;Sul;Atropelamento - Pedestre;1;;;;;;;;;;1;1;;;
11/09/2013;10:43:00;1613;sem vítima;122;BR-040/RJ;Sul;Colisão Traseira;1;;1;;;;;;;;2;;;;
11/09/2013;23:12:00;1711;sem vítima;124;BR-040/RJ;Sul;Choque - Objeto Fixo;1;;;;;;;;;;1;;;;
12/09/2013;08:05:00;1748;com vítima;61;BR-040/RJ;Sul;Colisão Traseira;1;;;1;;;;;;;1;1;;;
12/09/2013;10:36:00;1773;com vítima;83;BR-040/RJ;Sul;Capotamento;1;;;;;;;;;;0;2;1;;
12/09/2013;17:34:00;1829;sem vítima;101;BR-040/RJ;Norte;Choque - Objeto Fixo;1;;;;;;;;;;1;;;;
12/09/2013;22:27:00;1868;com vítima;104;BR-040/RJ;Norte;Colisão Frontal;1;;;1;;;;;;;1;1;;;
12/09/2013;19:25:00;1858;sem vítima;113;BR-040/RJ;Norte;Colisão Traseira;2;;;;;;;;;;2;;;;
12/09/2013;13:21:00;1789;com vítima;799;BR-040/MG;Sul;Choque - Objeto Fixo;;;;1;;;;;;;0;;1;;
12/09/2013;23:04:00;1874;com vítima;824;BR-040/MG;Sul;Colisão Traseira;1;;1;;;;;;;;1;2;;;
12/09/2013;18:11:00;1837;sem vítima;119;BR-040/RJ;Norte;Colisão Traseira;1;;1;;;;;;;;2;;;;
13/09/2013;07:26:00;1905;sem vítima;11;BR-040/RJ;Sul;Colisão Traseira;1;;1;;;;;;;;2;;;;
13/09/2013;17:39:00;2001;sem vítima;22;BR-040/RJ;Sul;Colisão Traseira;1;;;;1;;;;;;2;;;;
13/09/2013;10:28:00;1931;sem vítima;88;BR-040/RJ;Norte;Colisão Traseira;1;;1;;;;;;;;2;;;;
13/09/2013;15:54:00;1979;com vítima;88;BR-040/RJ;Sul;Colisão Traseira;1;;1;;;;;;;;1;1;;;
13/09/2013;22:42:00;2042;sem vítima;88;BR-040/RJ;Norte;Colisão Lateral;1;;;;;1;;;;;2;;;;
13/09/2013;08:28:00;1913;sem vítima;101;BR-040/RJ;Sul;Choque - Objeto Fixo;1;;;;;;;;;;1;;;;
13/09/2013;22:10:00;2040;sem vítima;106;BR-040/RJ;Norte;Colisão Traseira;2;;;;;;;;;;2;;;;
13/09/2013;17:34:00;1999;sem vítima;109;BR-040/RJ;Norte;Colisão Lateral;1;;1;;;;;;;;2;;;;
13/09/2013;15:46:00;1977;sem vítima;120;BR-040/RJ;Norte;Capotamento;1;;;;;;;;;;1;;;;
13/09/2013;01:17:00;1884;sem vítima;121;BR-040/RJ;Norte;Colisão Traseira;1;;1;;;;;;;;2;;;;
13/09/2013;10:50:00;1935;com vítima;123;BR-040/RJ;Sul;Queda de Moto;;;;1;;;;;;;0;1;;;
13/09/2013;06:01:00;1897;sem vítima;124;BR-040/RJ;Sul;Colisão Traseira;;;1;;;1;;;;;2;;;;
13/09/2013;11:40:00;1938;sem vítima;124;BR-040/RJ;Sul;Colisão Lateral;1;;1;;;;;;;;2;;;;
14/09/2013;15:08:00;2163;sem vítima;84;BR-040/RJ;Sul;Choque - Objeto Fixo;1;;;;;;;;;;1;;;;
14/09/2013;13:11:00;2144;sem vítima;86;BR-040/RJ;Norte;Colisão Traseira;2;;;;;;;;;;2;;;;
14/09/2013;18:11:00;2194;com vítima;94;BR-040/RJ;Norte;Colisão Frontal;1;;;1;;;;;;;1;;;1;
14/09/2013;11:42:00;2131;com vítima;105;BR-040/RJ;Norte;Colisão Frontal;;;;1;;;;;;;1;;1;;
14/09/2013;05:43:00;2077;sem vítima;108;BR-040/RJ;Norte;Choque - Objeto Fixo;1;;;;;;;;;;1;;;;
14/09/2013;01:35:00;2060;com vítima;114;BR-040/RJ;Sul;Capotamento;1;;;;;;;;;;0;1;3;;
14/09/2013;17:05:00;2184;com vítima;114;BR-040/RJ;Norte;Choque - Objeto Fixo;;;;1;;;;;;;0;;1;;
14/09/2013;20:00:00;2207;sem vítima;117;BR-040/RJ;Norte;Queda de Moto;;;;1;;;;;;;1;;;;
14/09/2013;18:01:00;2192;com vítima;781;BR-040/MG;Norte;Capotamento;1;;;;;;;;;;0;4;;;
14/09/2013;11:34:00;2128;com vítima;118;BR-040/RJ;Sul;Atropelamento - Pedestre;1;;;;;1;;;;;2;;;;1
14/09/2013;10:43:00;2117;com vítima;120;BR-040/RJ;Norte;Engavetamento;3;;;;;;;;;;2;1;;;
15/09/2013;16:35:00;2320;com vítima;31;BR-040/RJ;Norte;Capotamento;1;;;;;;;;;;0;2;3;;
15/09/2013;09:00:00;2268;sem vítima;36;BR-040/RJ;Norte;Choque - Objeto Fixo;1;;;;;;;;;;2;;;;
15/09/2013;11:31:00;2278;com vítima;82;BR-040/RJ;Norte;Capotamento;1;;;;;;;;;;0;3;;;
15/09/2013;17:10:00;2325;sem vítima;110;BR-040/RJ;Sul;Colisão Lateral;1;;1;;;;;;;;2;;;;
15/09/2013;16:28:00;2318;sem vítima;122;BR-040/RJ;Norte;Colisão Lateral;1;;1;;;;;;;;2;;;;
16/09/2013;07:01:00;2377;com vítima;83;BR-040/RJ;Norte;Choque - Objeto Fixo;1;;;;;;;;;;0;3;;;
16/09/2013;21:08:00;2499;sem vítima;83;BR-040/RJ;Norte;Choque - Objeto Fixo;1;;;;;;;;;;1;;;;
16/09/2013;18:15:00;2473;sem vítima;95;BR-040/RJ;Norte;Queda de Moto;;;;1;;;;;;;1;;;;
16/09/2013;17:30:00;2446;com vítima;99;BR-040/RJ;Norte;Queda de Moto;;;;1;;;;;;;0;1;;;
16/09/2013;08:01:00;2384;sem vítima;102;BR-040/RJ;Sul;Colisão Traseira;2;;;;;;;;;;2;;;;
16/09/2013;07:47:00;2382;sem vítima;105;BR-040/RJ;Sul;Colisão Traseira;2;;;;;;;;;;2;;;;
16/09/2013;09:46:00;2396;com vítima;112;BR-040/RJ;Norte;Choque - Objeto Fixo;1;;;;;;;;;;0;1;;;
16/09/2013;10:45:00;2406;sem vítima;113;BR-040/RJ;Norte;Colisão Traseira;1;;1;;;;;;;;2;;;;
16/09/2013;19:13:00;2485;sem vítima;123;BR-040/RJ;Norte;Colisão Lateral;1;;1;;;;;;;;2;;;;
17/09/2013;09:07:00;2564;com vítima;31;BR-040/RJ;Norte;Choque - Objeto Fixo;1;;;;;;;;;;0;1;;;
17/09/2013;13:48:00;2611;com vítima;59;BR-040/RJ;Sul;Capotamento;1;;;;;;;;;;0;1;;;
17/09/2013;18:25:00;2650;com vítima;70;BR-040/RJ;Sul;Colisão Lateral;2;;;;;;;;;;0;2;;;
17/09/2013;09:36:00;2568;sem vítima;72;BR-040/RJ;Sul;Choque - Objeto Fixo;1;;;;;;;;;;1;;;;
17/09/2013;20:15:00;2660;com vítima;82;BR-040/RJ;Sul;Choque - Objeto Fixo;1;;;;;;;;;;0;1;;;
17/09/2013;07:09:00;2553;com vítima;84;BR-040/RJ;Norte;Choque - Objeto Fixo;1;;;;;;;;;;0;1;;;
17/09/2013;07:26:00;2555;sem vítima;91;BR-040/RJ;Norte;Capotamento;1;;;;;;;;;;1;;;;
17/09/2013;09:40:00;2570;sem vítima;800;BR-040/MG;Sul;Choque - Objeto Fixo;1;;;;;;;;;;1;;;;
17/09/2013;18:59:00;2653;sem vítima;120;BR-040/RJ;Norte;Colisão Lateral;1;;1;;;;;;;;2;;;;
17/09/2013;05:35:00;2545;sem vítima;121;BR-040/RJ;Sul;Colisão Traseira;2;;;;;;;;;;2;;;;
17/09/2013;04:30:00;2540;com vítima;122;BR-040/RJ;Sul;Atropelamento - Pedestre;1;;;;;;;;;;1;;1;;
18/09/2013;09:20:00;2730;sem vítima;65;BR-040/RJ;Norte;Colisão Lateral;1;;1;;;;;;;;2;;;;
18/09/2013;17:40:00;2787;com vítima;86;BR-040/RJ;Sul;Choque - Objeto Fixo;1;;;;;;;;;;0;2;;;
18/09/2013;07:53:00;2715;sem vítima;87;BR-040/RJ;Sul;Choque - Objeto Fixo;1;;;;;;;;;;1;;;;
18/09/2013;08:00:00;2717;sem vítima;92;BR-040/RJ;Sul;Choque - Objeto Fixo;1;;;;;;;;;;1;;;;
18/09/2013;10:22:00;2736;sem vítima;93;BR-040/RJ;Sul;Colisão Lateral;2;;;;;;;;;;2;;;;
18/09/2013;11:18:00;2739;com vítima;94;BR-040/RJ;Sul;Choque - Objeto Fixo;1;;;;;;;;;;4;1;;;
18/09/2013;12:30:00;2750;sem vítima;94;BR-040/RJ;Sul;Choque - Objeto Fixo;1;;;;;;;;;;1;;;;
18/09/2013;19:46:00;2802;sem vítima;95;BR-040/RJ;Sul;Choque - Objeto Fixo;1;;;;;;;;;;1;;;;
18/09/2013;20:32:00;2804;sem vítima;104;BR-040/RJ;Sul;Colisão Traseira;1;;1;;;;;;;;2;;;;
18/09/2013;11:56:00;2744;sem vítima;105;BR-040/RJ;Norte;Colisão Frontal;2;;;;;;;;;;2;;;;
19/09/2013;14:23:00;2919;sem vítima;61;BR-040/RJ;Sul;Colisão Lateral;1;;1;;;;;;;;2;;;;
19/09/2013;07:12:00;2869;com vítima;85;BR-040/RJ;Sul;Tombamento;;;1;;;;;;;;0;1;;;
19/09/2013;06:36:00;2867;com vítima;98;BR-040/RJ;Norte;Queda de Moto;;;;1;;;;;;;0;1;;;
19/09/2013;11:31:00;2904;sem vítima;109;BR-040/RJ;Norte;Colisão Lateral;1;;1;;;;;;;;2;;;;
19/09/2013;23:06:00;2972;com vítima;115;BR-040/RJ;Norte;Atropelamento - Pedestre;;;;1;;;;;;;0;1;1;;1
19/09/2013;05:43:00;2860;sem vítima;123;BR-040/RJ;Sul;Colisão Lateral;1;;;;1;;;;;;2;;;;
20/09/2013;13:15:00;3062;sem vítima;7;BR-040/RJ;Sul;Colisão Lateral;1;;1;;;;;;;;2;;;;
20/09/2013;05:43:00;2996;sem vítima;34;BR-040/RJ;Sul;Choque - Objeto Fixo;1;;;;;;;;;;1;;;;
20/09/2013;23:15:00;3159;com vítima;84;BR-040/RJ;Sul;Capotamento;1;;;;;;;;;;0;5;;;
20/09/2013;17:44:00;3110;com vítima;104;BR-040/RJ;Norte;Colisão Lateral;1;;;1;;;;;;;1;1;;;
20/09/2013;11:00:00;3039;com vítima;108;BR-040/RJ;Norte;Colisão Lateral;;;;1;;1;;;;;1;;1;;
20/09/2013;15:13:00;3076;com vítima;109;BR-040/RJ;Norte;Colisão Lateral;;;2;;;;;;;;0;2;;;
20/09/2013;15:43:00;3082;sem vítima;109;BR-040/RJ;Norte;Colisão Traseira;;;1;;1;;;;;;2;;;;
20/09/2013;19:21:00;3122;com vítima;116;BR-040/RJ;Sul;Queda de Moto;;;;1;;;;;;;0;1;1;;
20/09/2013;04:52:00;2988;sem vítima;118;BR-040/RJ;Norte;Colisão Lateral;1;;;;;1;;;;;2;;;;