data;horario;n_da_ocorrencia;tipo_de_ocorrencia;km;trecho;sentido;tipo_de_acidente;automovel;bicicleta;caminhao;moto;onibus;outros;tracao_animal;transporte_de_cargas_especiais;trator_maquinas;utilitarios;ilesos;levemente_feridos;moderadamente_feridos;gravemente_feridos;mortos
20/09/2013;05:32:00;2993;sem vítima;122;BR-040/RJ;Sul;Colisão Traseira;2;;;;;;;;;;2;;;;
20/09/2013;07:26:00;3008;sem vítima;123;BR-040/RJ;Sul;Colisão Traseira;1;;1;;;;;;;;2;;;;
21/09/2013;12:41:00;3239;com vítima;23;BR-040/RJ;Sul;Colisão Traseira;1;;1;;;;;;;;0;1;2;;
21/09/2013;09:42:00;3218;com vítima;67;BR-040/RJ;Norte;Capotamento;1;;;;;;;;;;0;1;;;
21/09/2013;14:18:00;3252;com vítima;78;BR-040/RJ;Sul;Choque - Objeto Fixo;;;1;;;;;;;;0;1;;;
21/09/2013;15:43:00;3268;com vítima;82;BR-040/RJ;Sul;Colisão Lateral;;;1;1;;;;;;;1;2;;;
21/09/2013;17:40:00;3287;sem vítima;104;BR-040/RJ;Sul;Colisão Traseira;2;;;;;;;;;;2;;;;
21/09/2013;07:21:00;3200;sem vítima;109;BR-040/RJ;Sul;Colisão Lateral;1;;1;;;;;;;;2;;;;
21/09/2013;11:09:00;3228;com vítima;116;BR-040/RJ;Sul;Colisão Traseira;1;;1;;;;;;;;1;1;;;
21/09/2013;16:19:00;3273;com vítima;116;BR-040/RJ;Sul;Capotamento;1;;;;;;;;;;7;;1;;
21/09/2013;09:31:00;3217;sem vítima;784;BR-040/MG;Norte;Colisão Traseira;2;;;;;;;;;;2;;;;
21/09/2013;18:05:00;3288;sem vítima;796;BR-040/MG;Sul;Capotamento;1;;;;;;;;;;1;;;;
21/09/2013;23:53:00;3328;com vítima;124;BR-040/RJ;Norte;Queda de Moto;;;;1;;;;;;;0;1;1;;
22/09/2013;15:09:00;3389;com vítima;21;BR-040/RJ;Norte;Capotamento;1;;;;;;;;;;1;3;;;
22/09/2013;22:09:00;3456;sem vítima;82;BR-040/RJ;Sul;Choque - Objeto Fixo;;;1;;;;;;;;1;;;;
22/09/2013;21:13:00;3450;sem vítima;95;BR-040/RJ;Norte;Queda de Moto;1;;;;;;;;;;1;;;;
22/09/2013;12:55:00;3383;com vítima;98;BR-040/RJ;Sul;Colisão Traseira;1;;;1;;;;;;;1;1;;;
22/09/2013;20:01:00;3446;sem vítima;105;BR-040/RJ;Norte;Colisão Frontal;;;;1;1;;;;;;2;;;;
22/09/2013;04:12:00;3342;com vítima;108;BR-040/RJ;Norte;Capotamento;1;;;;;;;;;;0;1;;;
22/09/2013;16:30:00;3403;sem vítima;113;BR-040/RJ;Sul;Colisão Traseira;2;;;;;;;;;;2;;;;
22/09/2013;16:39:00;3404;sem vítima;113;BR-040/RJ;Sul;Colisão Lateral;;;2;;;;;;;;2;;;;
22/09/2013;12:28:00;3379;com vítima;782;BR-040/MG;Sul;Colisão Traseira;1;;;1;;;;;;;1;;;1;
22/09/2013;17:28:00;3414;sem vítima;795;BR-040/MG;Sul;Colisão Transversal;1;;;;;1;;;;;2;;;;
22/09/2013;00:37:00;3333;sem vítima;121;BR-040/RJ;Sul;Choque - Objeto Fixo;1;;;;;;;;;;1;;;;
22/09/2013;22:51:00;3463;sem vítima;122;BR-040/RJ;Sul;Colisão Frontal;1;;;;;1;;;;;2;;;;
22/09/2013;04:50:00;3345;com vítima;124;BR-040/RJ;Norte;Colisão Lateral;1;;;2;;;;;;;2;;2;;
23/09/2013;13:46:00;3555;com vítima;1;BR-040/RJ;Norte;Choque - Objeto Fixo;1;;;;;;;;;;0;2;;;
23/09/2013;08:21:00;3506;com vítima;34;BR-040/RJ;Norte;Capotamento;1;;;;;;;;;;0;1;;;
23/09/2013;13:58:00;3556;com vítima;44;BR-040/RJ;Sul;Choque - Objeto Fixo;1;;;;;;;;;;0;;1;;
23/09/2013;16:59:00;3586;sem vítima;73;BR-040/RJ;Norte;Choque - Objeto Fixo;1;;;;;;;;;;1;;;;
23/09/2013;08:10:00;3503;com vítima;74;BR-040/RJ;Norte;Choque - Objeto Fixo;1;;;;;;;;;;0;1;;;
23/09/2013;05:46:00;3488;com vítima;78;BR-040/RJ;Sul;Capotamento;1;;;;;;;;;;0;2;;;
23/09/2013;17:23:00;3590;sem vítima;84;BR-040/RJ;Sul;Choque - Objeto Fixo;1;;;;;;;;;;1;;;;
23/09/2013;07:45:00;3499;sem vítima;93;BR-040/RJ;Sul;Choque - Objeto Fixo;1;;;;;;;;;;1;;;;
23/09/2013;08:05:00;3502;sem vítima;94;BR-040/RJ;Norte;Choque - Objeto Fixo;1;;;;;;;;;;1;;;;
23/09/2013;16:19:00;3578;sem vítima;109;BR-040/RJ;Sul;Colisão Lateral;2;;;;;;;;;;2;;;;
23/09/2013;09:07:00;3512;sem vítima;114;BR-040/RJ;Norte;Colisão Traseira;2;;;;;;;;;;2;;;;
23/09/2013;17:09:00;3589;com vítima;778;BR-040/MG;Norte;Capotamento;1;;;;;;;;;;0;2;1;1;
23/09/2013;22:24:00;3637;com vítima;118;BR-040/RJ;Sul;Choque - Objeto Fixo;1;;;;;;;;;;0;1;;;
23/09/2013;15:33:00;3568;sem vítima;124;BR-040/RJ;Sul;Engavetamento;2;;;;1;;;;;;3;;;;
24/09/2013;15:50:00;3734;sem vítima;4;BR-040/RJ;Norte;Choque - Objeto Fixo;;;1;;;;;;;;1;;;;
24/09/2013;15:03:00;3726;sem vítima;88;BR-040/RJ;Norte;Choque - Objeto Fixo;1;;;;;;;;;;1;;;;
24/09/2013;17:58:00;3751;sem vítima;111;BR-040/RJ;Norte;Engavetamento;3;;;;;;;;;;3;;;;
24/09/2013;12:27:00;3711;sem vítima;116;BR-040/RJ;Norte;Colisão Lateral;1;;1;;;;;;;;2;;;;
24/09/2013;08:11:00;3678;sem vítima;784;BR-040/MG;Norte;Choque - Objeto Fixo;1;;;;;;;;;;1;;;;
24/09/2013;16:52:00;3742;com vítima;809;BR-040/MG;Norte;Choque - Objeto Fixo;;;1;;;;;;;;0;3;;;
24/09/2013;07:53:00;3675;com vítima;813;BR-040/MG;Sul;Colisão Lateral;1;;1;;;;;;;;0;4;;;
25/09/2013;18:21:00;3911;sem vítima;31;BR-040/RJ;Sul;Choque - Objeto Fixo;1;;;;;;;;;;1;;;;
25/09/2013;05:43:00;3808;com vítima;36;BR-040/RJ;Sul;Choque - Objeto Fixo;1;;;;;;;;;;1;1;1;;
25/09/2013;15:14:00;3877;sem vítima;58;BR-040/RJ;Norte;Colisão Lateral;;;1;;;;;;;;1;;;;
25/09/2013;10:07:00;3840;com vítima;90;BR-040/RJ;Norte;Choque - Objeto Fixo;1;;;;;;;;;;0;1;;;
25/09/2013;16:54:00;3892;sem vítima;91;BR-040/RJ;Norte;Choque - Objeto Fixo;;;1;;;;;;;;1;;;;
25/09/2013;08:34:00;3831;sem vítima;93;BR-040/RJ;Sul;Choque - Objeto Fixo;1;;;;;;;;;;1;;;;
25/09/2013;15:12:00;3876;sem vítima;98;BR-040/RJ;Sul;Colisão Traseira;2;;;;;;;;;;2;;;;
25/09/2013;07:20:00;3816;sem vítima;109;BR-040/RJ;Sul;Colisão Traseira;1;;1;;;;;;;;2;;;;
26/09/2013;14:17:00;4017;com vítima;72;BR-040/RJ;Sul;Colisão Lateral;2;;;;;;;;;;2;1;;;
26/09/2013;09:31:00;3982;com vítima;76;BR-040/RJ;Norte;Derrapagem;1;;;;;;;;;;0;1;;;
26/09/2013;12:49:00;4007;com vítima;105;BR-040/RJ;Norte;Atropelamento - Pedestre;1;;;;;;;;;;1;;;1;
26/09/2013;18:43:00;4058;sem vítima;111;BR-040/RJ;Norte;Colisão Traseira;2;;;;;;;;;;2;;;;
26/09/2013;04:07:00;3958;com vítima;112;BR-040/RJ;Sul;Capotamento;1;;;;;;;;;;0;;1;;
26/09/2013;16:12:00;4035;sem vítima;117;BR-040/RJ;Norte;Choque - Objeto Fixo;1;;;;;;;;;;1;;;;
26/09/2013;02:41:00;3956;com vítima;784;BR-040/MG;Norte;Tombamento;;;1;;;;;;;;0;;;;1
26/09/2013;08:15:00;3970;com vítima;791;BR-040/MG;Sul;Colisão Traseira;2;;;;;;;;;;2;1;;;
26/09/2013;00:15:00;3946;com vítima;118;BR-040/RJ;Sul;Colisão Lateral;2;;;;;;;;;;0;;2;;
26/09/2013;10:38:00;3988;sem vítima;121;BR-040/RJ;Sul;Colisão Traseira;2;;;;;;;;;;2;;;;
26/09/2013;12:06:00;4000;sem vítima;122;BR-040/RJ;Sul;Colisão Traseira;2;;;;;;;;;;2;;;;
26/09/2013;09:05:00;3975;sem vítima;124;BR-040/RJ;Sul;Colisão Lateral;1;;1;;;;;;;;2;;;;
27/09/2013;16:58:00;4214;com vítima;65;BR-040/RJ;Sul;Colisão Lateral;;;;1;;;;;;;0;1;;;
27/09/2013;05:49:00;4122;sem vítima;78;BR-040/RJ;Norte;Colisão Traseira;1;;;;;1;;;;;2;;;;
27/09/2013;09:21:00;4147;sem vítima;105;BR-040/RJ;Norte;Colisão Lateral;1;;1;;;;;;;;2;;;;
27/09/2013;17:12:00;4215;sem vítima;110;BR-040/RJ;Norte;Colisão Traseira;1;;1;;;;;;;;2;;;;
27/09/2013;23:25:00;4259;sem vítima;112;BR-040/RJ;Norte;Colisão Traseira;1;;;;;1;;;;;2;;;;
27/09/2013;21:26:00;4248;com vítima;113;BR-040/RJ;Norte;Engavetamento;4;;;;;;;;;;4;1;;;
27/09/2013;03:36:00;4111;com vítima;784;BR-040/MG;Norte;Choque - Objeto Fixo;;;1;;;;;;;;0;2;;;
27/09/2013;19:12:00;4235;sem vítima;122;BR-040/RJ;Norte;Atropelamento - Pedestre;;;;;1;;;;;;2;;;;
27/09/2013;20:14:00;4242;sem vítima;124;BR-040/RJ;Norte;Colisão Traseira;2;;;;;;;;;;2;;;;
28/09/2013;11:23:00;4308;com vítima;8;BR-040/RJ;Norte;Capotamento;1;;;;;;;;;;3;1;;;
28/09/2013;13:11:00;4321;com vítima;8;BR-040/RJ;Norte;Colisão Traseira;1;;;1;;;;;;;0;2;;;
28/09/2013;01:07:00;4275;com vítima;59;BR-040/RJ;Norte;Choque - Objeto Fixo;1;;;;;;;;;;0;2;;;
28/09/2013;20:35:00;4379;sem vítima;62;BR-040/RJ;Sul;Colisão Traseira;2;;;;;;;;;;2;;;;
28/09/2013;00:33:00;4269;com vítima;66;BR-040/RJ;Sul;Choque - Objeto Fixo;1;;;;;;;;;;0;1;;;
28/09/2013;07:04:00;4290;sem vítima;90;BR-040/RJ;Norte;Choque - Objeto Fixo;1;;;;;;;;;;1;;;;
28/09/2013;11:49:00;4312;com vítima;93;BR-040/RJ;Norte;Engavetamento;2;;;1;;;;;;;2;2;;;
28/09/2013;14:55:00;4332;com vítima;94;BR-040/RJ;Sul;Choque - Objeto Fixo;1;;;;;;;;;;0;1;1;;
28/09/2013;16:35:00;4344;sem vítima;95;BR-040/RJ;Norte;Choque - Objeto Fixo;1;;;;;;;;;;1;;;;
28/09/2013;16:13:00;4341;com vítima;99;BR-040/RJ;Norte;Queda de Moto;;;;1;;;;;;;0;;2;;
28/09/2013;20:47:00;4382;com vítima;100;BR-040/RJ;Norte;Colisão Transversal;1;;;1;;;;;;;1;1;;;
28/09/2013;13:03:00;4319;sem vítima;104;BR-040/RJ;Norte;Colisão Traseira;2;;;;;;;;;;2;;;;
28/09/2013;17:52:00;4357;sem vítima;113;BR-040/RJ;Norte;Queda de Moto;;;;1;;;;;;;1;;;;
28/09/2013;04:54:00;4284;sem vítima;115;BR-040/RJ;Norte;Choque - Objeto Fixo;1;;;;;;;;;;1;;;;
28/09/2013;05:15:00;4286;sem vítima;798;BR-040/MG;Sul;Choque - Objeto Fixo;1;;;;;;;;;;1;;;;
28/09/2013;10:21:00;4305;sem vítima;121;BR-040/RJ;Norte;Colisão Lateral;1;;1;;;;;;;;2;;;;
28/09/2013;22:07:00;4389;com vítima;122;BR-040/RJ;Norte;Colisão Lateral;1;;;;1;;;;;;1;1;;;
29/09/2013;11:06:00;4451;com vítima;0;BR-040/RJ;Norte;Queda de Moto;;;;1;;;;;;;0;1;;;
29/09/2013;09:44:00;4440;sem vítima;3;BR-040/RJ;Sul;Derrapagem;1;;;;;;;;;;1;;;;
29/09/2013;09:01:00;4434;sem vítima;22;BR-040/RJ;Sul;Choque - Objeto Fixo;1;;;;;;;;;;1;;;;
29/09/2013;09:58:00;4443;sem vítima;31;BR-040/RJ;Norte;Choque - Objeto Fixo;1;;;;;;;;;;1;;;;
29/09/2013;10:53:00;4450;sem vítima;31;BR-040/RJ;Sul;Choque - Objeto Fixo;1;;;;;;;;;;1;;;;
29/09/2013;20:15:00;4508;com vítima;38;BR-040/RJ;Sul;Colisão Traseira;1;;;;1;;;;;;30;4;;;
29/09/2013;22:17:00;4526;com vítima;38;BR-040/RJ;Sul;Colisão Traseira;2;;;;;;;;;;1;1;;;
29/09/2013;06:33:00;4424;com vítima;64;BR-040/RJ;Sul;Capotamento;1;;;;;;;;;;0;;1;;
29/09/2013;07:11:00;4427;com vítima;94;BR-040/RJ;Sul;Capotamento;1;;;;;;;;;;0;3;;;
29/09/2013;10:00:00;4445;sem vítima;94;BR-040/RJ;Sul;Choque - Objeto Fixo;1;;;;;;;;;;1;;;;
29/09/2013;23:12:00;4534;sem vítima;94;BR-040/RJ;Norte;Choque - Objeto Fixo;1;;;;;;;;;;1;;;;
29/09/2013;18:03:00;4493;sem vítima;110;BR-040/RJ;Sul;Colisão Traseira;2;;;;;;;;;;2;;;;
29/09/2013;18:35:00;4496;sem vítima;110;BR-040/RJ;Sul;Engavetamento;6;;;;;;;;;;6;;;;
29/09/2013;01:18:00;4408;sem vítima;111;BR-040/RJ;Sul;Choque - Objeto Fixo;1;;;;;;;;;;1;;;;
29/09/2013;09:35:00;4439;sem vítima;113;BR-040/RJ;Sul;Choque - Objeto Fixo;1;;;;;;;;;;1;;;;
29/09/2013;09:46:00;4441;sem vítima;113;BR-040/RJ;Sul;Colisão Traseira;1;;;;;1;;;;;2;;;;
29/09/2013;05:26:00;4422;sem vítima;114;BR-040/RJ;Norte;Derrapagem;1;;;;;;;;;;1;;;;
29/09/2013;14:02:00;4469;com vítima;799;BR-040/MG;Norte;Queda de Moto;;;;1;;;;;;;0;1;;;
29/09/2013;04:37:00;4419;com vítima;119;BR-040/RJ;Sul;Choque - Objeto Fixo;1;;;;;;;;;;0;;1;;
30/09/2013;06:12:00;4567;sem vítima;31;BR-040/RJ;Norte;Choque - Objeto Fixo;1;;;;;;;;;;1;;;;
30/09/2013;09:15:00;4578;sem vítima;81;BR-040/RJ;Sul;Colisão Traseira;2;;;;;;;;;;2;;;;
30/09/2013;07:38:00;4572;sem vítima;90;BR-040/RJ;Norte;Choque - Objeto Fixo;1;;;;;;;;;;1;;;;
30/09/2013;00:52:00;4543;com vítima;105;BR-040/RJ;Norte;Colisão Frontal;1;;1;;;;;;;;1;;;;1
30/09/2013;15:33:00;4614;com vítima;110;BR-040/RJ;Norte;Colisão Traseira;1;;1;;;;;;;;1;1;;;
30/09/2013;14:51:00;4607;sem vítima;114;BR-040/RJ;Norte;Choque - Objeto Fixo;1;;;;;;;;;;1;;;;
30/09/2013;04:44:00;4554;com vítima;803;BR-040/MG;Sul;Queda de Moto;;;;1;;;;;;;0;;1;;
30/09/2013;21:36:00;4663;sem vítima;122;BR-040/RJ;Norte;Colisão Traseira;;;1;;1;;;;;;2;;;;
30/09/2013;20:13:00;4657;sem vítima;123;BR-040/RJ;Norte;Colisão Traseira;2;;;;;;;;;;2;;;;
01/10/2013;08:18:00;34;sem vítima;30;BR-040/RJ;Norte;Choque - Objeto Fixo;1;;;;;;;;;;1;;;;
01/10/2013;09:05:00;39;com vítima;60;BR-040/RJ;Norte;Choque - Objeto Fixo;1;;;;;;;;;;0;2;;;
01/10/2013;06:52:00;26;sem vítima;64;BR-040/RJ;Norte;Choque - Objeto Fixo;1;;;;;;;;;;1;;;;
01/10/2013;23:17:00;152;sem vítima;74;BR-040/RJ;Sul;Choque - Objeto Fixo;1;;;;;;;;;;1;;;;
01/10/2013;07:13:00;28;com vítima;77;BR-040/RJ;Sul;Capotamento;1;;;;;;;;;;0;1;;;
01/10/2013;07:27:00;30;sem vítima;77;BR-040/RJ;Sul;Choque - Objeto Fixo;1;;;;;;;;;;1;;;;
01/10/2013;05:35:00;20;sem vítima;90;BR-040/RJ;Sul;Colisão Traseira;;;2;;;;;;;;2;;;;
01/10/2013;06:45:00;25;sem vítima;90;BR-040/RJ;Norte;Colisão Lateral;1;;1;;;;;;;;2;;;;
01/10/2013;18:40:00;127;sem vítima;109;BR-040/RJ;Norte;Colisão Lateral;1;;1;;;;;;;;2;;;;
01/10/2013;17:16:00;113;com vítima;110;BR-040/RJ;Sul;Engavetamento;4;;;;1;;;;;;3;1;;1;
01/10/2013;18:30:00;128;sem vítima;113;BR-040/RJ;Norte;Choque - Objeto Fixo;1;;;;;;;;;;1;;;;
01/10/2013;13:44:00;72;com vítima;119;BR-040/RJ;Norte;Colisão Traseira;;;;;2;;;;;;1;2;;;
01/10/2013;17:23:00;115;sem vítima;124;BR-040/RJ;Sul;Colisão Traseira;1;;;;;1;;;;;2;;;;
02/10/2013;15:20:00;246;sem vítima;2;BR-040/RJ;Norte;Choque - Objeto Fixo;1;;;;;;;;;;1;;;;
02/10/2013;14:59:00;243;sem vítima;34;BR-040/RJ;Norte;Capotamento;1;;;;;;;;;;1;;;;
02/10/2013;12:20:00;221;com vítima;41;BR-040/RJ;Norte;Capotamento;1;;;;;;;;;;0;2;;;
02/10/2013;12:55:00;227;sem vítima;43;BR-040/RJ;Norte;Choque - Objeto Fixo;1;;;;;;;;;;1;;;;
02/10/2013;13:41:00;233;sem vítima;43;BR-040/RJ;Sul;Choque - Objeto Fixo;1;;;;;;;;;;1;;;;
02/10/2013;11:50:00;220;sem vítima;52;BR-040/RJ;Sul;Choque - Objeto Fixo;1;;;;;;;;;;1;;;;
02/10/2013;07:45:00;189;sem vítima;56;BR-040/RJ;Sul;Derrapagem;1;;;;;;;;;;1;;;;
02/10/2013;18:04:00;272;sem vítima;69;BR-040/RJ;Norte;Colisão Lateral;1;;1;;;;;;;;2;;;;
02/10/2013;14:33:00;237;com vítima;73;BR-040/RJ;Sul;Tombamento;;;1;;;;;;;;0;2;;;
02/10/2013;00:06:00;155;sem vítima;84;BR-040/RJ;Norte;Choque - Objeto Fixo;1;;;;;;;;;;1;;;;
02/10/2013;14:36:00;238;sem vítima;89;BR-040/RJ;Norte;Choque - Objeto Fixo;1;;;;;;;;;;1;;;;
02/10/2013;09:35:00;201;com vítima;91;BR-040/RJ;Norte;Choque - Objeto Fixo;1;;;;;;;;;;0;1;;;
02/10/2013;04:45:00;171;sem vítima;92;BR-040/RJ;Sul;Choque - Objeto Fixo;1;;;;;;;;;;1;;;;
02/10/2013;05:10:00;174;sem vítima;94;BR-040/RJ;Sul;Choque - Objeto Fixo;1;;;;;;;;;;1;;;;
02/10/2013;16:29:00;257;sem vítima;105;BR-040/RJ;Norte;Colisão Traseira;1;;;;;1;;;;;2;;;;
02/10/2013;10:58:00;210;sem vítima;111;BR-040/RJ;Norte;Colisão Traseira;;;1;;1;;;;;;2;;;;
02/10/2013;10:27:00;207;com vítima;117;BR-040/RJ;Norte;Queda de Moto;2;;;1;;1;;;;;3;1;;;
02/10/2013;11:27:00;213;com vítima;784;BR-040/MG;Norte;Tombamento;;;1;;;;;;;;0;2;;;
02/10/2013;22:31:00;294;sem vítima;123;BR-040/RJ;Sul;Queda de Moto;1;;;;;;;;;;1;;;;
03/10/2013;22:40:00;446;com vítima;44;BR-040/RJ;Norte;Atropelamento - Animal;1;;;;;;;;;;0;3;1;;
03/10/2013;11:52:00;360;com vítima;61;BR-040/RJ;Norte;Queda de Moto;;;;1;;;;;;;0;;1;;
03/10/2013;19:47:00;428;sem vítima;84;BR-040/RJ;Sul;Choque - Objeto Fixo;1;;;;;;;;;;1;;;;
03/10/2013;15:25:00;384;com vítima;85;BR-040/RJ;Sul;Colisão Traseira;2;;;;;;;;;;0;3;;;
03/10/2013;08:10:00;333;sem vítima;96;BR-040/RJ;Norte;Choque - Objeto Fixo;1;;;;;;;;;;1;;;;
03/10/2013;17:35:00;407;com vítima;107;BR-040/RJ;Norte;Colisão Lateral;1;1;;;;;;;;;1;;;1;
03/10/2013;10:02:00;346;com vítima;110;BR-040/RJ;Norte;Atropelamento - Pedestre;;;;;;1;;;;;1;;;;1
03/10/2013;18:34:00;413;sem vítima;111;BR-040/RJ;Norte;Colisão Lateral;1;;1;;;;;;;;2;;;;
03/10/2013;17:45:00;408;com vítima;117;BR-040/RJ;Sul;Engavetamento;3;;;;;;;;;;0;3;;;
03/10/2013;16:38:00;398;sem vítima;124;BR-040/RJ;Sul;Colisão Lateral;1;;1;;;;;;;;2;;;;
04/10/2013;18:56:00;574;sem vítima;24;BR-040/RJ;Norte;Choque - Objeto Fixo;1;;;;;;;;;;2;;;;
04/10/2013;18:56:00;584;com vítima;24;BR-040/RJ;Norte;Choque - Objeto Fixo;1;;;;;;;;;;0;1;2;;
04/10/2013;09:41:00;499;sem vítima;25;BR-040/RJ;Sul;Choque - Objeto Fixo;1;;;;;;;;;;1;;;;
04/10/2013;15:00:00;545;sem vítima;31;BR-040/RJ;Norte;Choque - Objeto Fixo;1;;;;;;;;;;1;;;;
04/10/2013;11:26:00;510;com vítima;41;BR-040/RJ;Norte;Capotamento;1;;;;;;;;;;0;;3;;
04/10/2013;15:38:00;549;sem vítima;44;BR-040/RJ;Norte;Choque - Objeto Fixo;1;;;;;;;;;;1;;;;
04/10/2013;16:15:00;553;com vítima;44;BR-040/RJ;Norte;Capotamento;1;;;;;;;;;;0;;;1;
04/10/2013;17:38:00;563;sem vítima;58;BR-040/RJ;Norte;Colisão Traseira;2;;;;;;;;;;2;;;;
04/10/2013;14:18:00;541;com vítima;77;BR-040/RJ;Sul;Choque - Objeto Fixo;1;;;;;;;;;;0;1;;;
04/10/2013;08:21:00;486;com vítima;78;BR-040/RJ;Sul;Choque - Objeto Fixo;1;;;;;;;;;;0;1;;;
04/10/2013;08:40:00;496;sem vítima;78;BR-040/RJ;Sul;Choque - Objeto Fixo;1;;;;;;;;;;1;;;;
04/10/2013;10:45:00;506;sem vítima;80;BR-040/RJ;Norte;Colisão Traseira;1;;1;;;;;;;;2;;;;
04/10/2013;13:08:00;529;com vítima;84;BR-040/RJ;Norte;Colisão Lateral;1;;1;;;;;;;;1;1;;;
04/10/2013;17:34:00;562;sem vítima;89;BR-040/RJ;Norte;Choque - Objeto Fixo;1;;;;;;;;;;1;;;;
04/10/2013;11:41:00;516;sem vítima;91;BR-040/RJ;Norte;Derrapagem;1;;;;;;;;;;1;;;;
04/10/2013;12:41:00;525;com vítima;92;BR-040/RJ;Sul;Capotamento;1;;;;;;;;;;0;3;;;
04/10/2013;21:08:00;589;sem vítima;92;BR-040/RJ;Norte;Choque - Objeto Fixo;1;;;;;;;;;;1;;;;
04/10/2013;12:38:00;524;sem vítima;93;BR-040/RJ;Norte;Choque - Objeto Fixo;1;;;;;;;;;;1;;;;
04/10/2013;21:46:00;595;com vítima;93;BR-040/RJ;Sul;Engavetamento;4;;;;;;;;;;4;4;;;
04/10/2013;05:02:00;466;com vítima;94;BR-040/RJ;Sul;Choque - Objeto Fixo;1;;;;;;;;;;0;1;;;
04/10/2013;18:48:00;571;sem vítima;94;BR-040/RJ;Norte;Choque - Objeto Fixo;1;;;;;;;;;;1;;;;
04/10/2013;08:50:00;493;sem vítima;96;BR-040/RJ;Sul;Choque - Objeto Fixo;1;;;;;;;;;;1;;;;
04/10/2013;11:35:00;513;sem vítima;108;BR-040/RJ;Norte;Colisão Traseira;1;;1;;;;;;;;2;;;;
04/10/2013;05:29:00;469;sem vítima;111;BR-040/RJ;Sul;Colisão Traseira;1;;1;;;;;;;;2;;;;
04/10/2013;22:51:00;600;com vítima;114;BR-040/RJ;Norte;Atropelamento - Pedestre;;;;;;1;;;;;1;;;1;
04/10/2013;04:10:00;462;com vítima;774;BR-040/MG;Sul;Colisão Traseira;;;1;;1;;;;;;1;;2;1;1
04/10/2013;11:40:00;515;sem vítima;780;BR-040/MG;Sul;Colisão Lateral;2;;;;;;;;;;2;;;;
04/10/2013;09:36:00;500;sem vítima;123;BR-040/RJ;Sul;Queda de Moto;;;;1;;1;;;;;2;;;;
05/10/2013;10:51:00;659;sem vítima;3;BR-040/RJ;Norte;Choque - Objeto Fixo;1;;;;;;;;;;1;;;;
05/10/2013;11:40:00;674;sem vítima;69;BR-040/RJ;Sul;Choque - Objeto Fixo;1;;;;;;;;;;1;;;;
05/10/2013;12:39:00;678;sem vítima;79;BR-040/RJ;Sul;Choque - Objeto Fixo;1;;;;;;;;;;1;;;;
05/10/2013;11:15:00;664;com vítima;90;BR-040/RJ;Norte;Capotamento;1;;;;;;;;;;0;3;;;
05/10/2013;15:01:00;690;sem vítima;90;BR-040/RJ;Norte;Colisão Traseira;2;;;;;;;;;;2;;;;
05/10/2013;11:34:00;671;sem vítima;91;BR-040/RJ;Norte;Choque - Objeto Fixo;1;;;;;;;;;;1;;;;
05/10/2013;12:21:00;676;com vítima;91;BR-040/RJ;Norte;Derrapagem;1;;;;;;;;;;0;1;;;
05/10/2013;09:37:00;653;com vítima;92;BR-040/RJ;Sul;Choque - Objeto Fixo;1;;;;;;;;;;0;1;;;
05/10/2013;11:07:00;662;com vítima;92;BR-040/RJ;Sul;Capotamento;1;;;;;;;;;;0;4;2;;
05/10/2013;20:31:00;721;com vítima;99;BR-040/RJ;Sul;Capotamento;1;;;;;;;;;;0;1;;;
05/10/2013;21:47:00;729;com vítima;105;BR-040/RJ;Sul;Atropelamento - Pedestre;;;;1;;;;;;;0;1;1;1;
05/10/2013;06:52:00;635;sem vítima;109;BR-040/RJ;Norte;Colisão Traseira;1;;;;;1;;;;;2;;;;
05/10/2013;12:51:00;680;com vítima;115;BR-040/RJ;Sul;Queda de Moto;;;;1;;;;;;;0;1;1;;
05/10/2013;11:10:00;663;sem vítima;116;BR-040/RJ;Sul;Colisão Frontal;1;;;;;1;;;;;2;;;;
05/10/2013;15:07:00;691;sem vítima;811;BR-040/MG;Sul;Choque - Objeto Fixo;1;;;;;;;;;;1;;;;
05/10/2013;06:36:00;633;com vítima;815;BR-040/MG;Sul;Choque - Objeto Fixo;1;;;;;;;;;;0;1;;;
05/10/2013;15:26:00;694;com vítima;119;BR-040/RJ;Sul;Colisão Lateral;1;;;;;;;;;;0;1;;;
05/10/2013;18:04:00;712;sem vítima;124;BR-040/RJ;Norte;Colisão Traseira;2;;;;;;;;;;2;;;;
06/10/2013;13:51:00;796;com vítima;26;BR-040/RJ;Norte;Capotamento;1;;;;;;;;;;0;1;;;
06/10/2013;16:19:00;815;sem vítima;45;BR-040/RJ;Sul;Colisão Traseira;2;;;;;;;;;;2;;;;
06/10/2013;04:59:00;759;sem vítima;61;BR-040/RJ;Sul;Choque - Objeto Fixo;1;;;;;;;;;;1;;;;
06/10/2013;18:31:00;828;com vítima;62;BR-040/RJ;Sul;Colisão Traseira;2;;;;;;;;;;5;3;;;
06/10/2013;18:53:00;831;sem vítima;71;BR-040/RJ;Sul;Colisão Lateral;2;;;;;;;;;;2;;;;
06/10/2013;04:51:00;757;com vítima;91;BR-040/RJ;Sul;Colisão Lateral;1;;;1;;;;;;;1;1;;;