data;horario;n_da_ocorrencia;tipo_de_ocorrencia;km;trecho;sentido;tipo_de_acidente;automovel;bicicleta;caminhao;moto;onibus;outros;tracao_animal;transporte_de_cargas_especiais;trator_maquinas;utilitarios;ilesos;levemente_feridos;moderadamente_feridos;gravemente_feridos;mortos
06/10/2013;03:25:00;751;com vítima;114;BR-040/RJ;Sul;Choque - Objeto Fixo;1;;;;;;;;;;0;3;1;;
06/10/2013;16:37:00;818;sem vítima;115;BR-040/RJ;Norte;Choque - Objeto Fixo;1;;;;;;;;;;1;;;;
06/10/2013;13:13:00;789;com vítima;118;BR-040/RJ;Norte;Choque - Objeto Fixo;1;;;;;;;;;;0;1;;;
06/10/2013;05:35:00;761;sem vítima;119;BR-040/RJ;Norte;Choque - Objeto Fixo;1;;;;;;;;;;1;;;;
07/10/2013;13:44:00;926;com vítima;0;BR-040/RJ;Sul;Atropelamento - Pedestre;;;1;;;1;;;;;1;2;;;1
07/10/2013;17:30:00;954;sem vítima;67;BR-040/RJ;Sul;Choque - Objeto Fixo;1;;;;;;;;;;1;;;;
07/10/2013;10:22:00;900;sem vítima;77;BR-040/RJ;Sul;Choque - Objeto Fixo;1;;;;;;;;;;1;;;;
07/10/2013;02:41:00;862;sem vítima;85;BR-040/RJ;Norte;Choque - Objeto Fixo;;;1;;;;;;;;1;;;;
07/10/2013;19:51:00;975;sem vítima;90;BR-040/RJ;Norte;Choque - Objeto Fixo;1;;;;;;;;;;1;;;;
07/10/2013;20:36:00;981;sem vítima;90;BR-040/RJ;Sul;Choque - Objeto Fixo;1;;;;;;;;;;1;;;;
07/10/2013;09:31:00;892;sem vítima;92;BR-040/RJ;Norte;Choque - Objeto Fixo;1;;;;;;;;;;1;;;;
07/10/2013;13:16:00;921;sem vítima;92;BR-040/RJ;Sul;Derrapagem;1;;;;;;;;;;1;;;;
07/10/2013;13:34:00;922;sem vítima;92;BR-040/RJ;Norte;Choque - Objeto Fixo;1;;;;;;;;;;1;;;;
07/10/2013;09:48:00;896;com vítima;94;BR-040/RJ;Sul;Choque - Objeto Fixo;1;;;;;;;;;;0;2;;;
07/10/2013;06:22:00;876;sem vítima;109;BR-040/RJ;Sul;Colisão Frontal;;;;;1;1;;;;;2;;;;
07/10/2013;18:53:00;967;sem vítima;122;BR-040/RJ;Norte;Engavetamento;4;;;;;;;;;;4;;;;
07/10/2013;19:32:00;970;sem vítima;122;BR-040/RJ;Norte;Colisão Traseira;1;;;;;1;;;;;2;;;;
08/10/2013;13:08:00;1076;sem vítima;84;BR-040/RJ;Sul;Choque - Objeto Fixo;1;;;;;;;;;;1;;;;
08/10/2013;01:13:00;1001;sem vítima;93;BR-040/RJ;Norte;Choque - Objeto Fixo;1;;;;;;;;;;1;;;;
08/10/2013;23:02:00;1151;sem vítima;792;BR-040/MG;Norte;Choque - Objeto Fixo;1;;;;;;;;;;1;;;;
08/10/2013;09:28:00;1045;sem vítima;121;BR-040/RJ;Sul;Colisão Traseira;2;;;;;;;;;;2;;;;
08/10/2013;09:40:00;1048;com vítima;122;BR-040/RJ;Norte;Engavetamento;1;;1;1;;;;;;;2;;2;;
08/10/2013;20:41:00;1141;sem vítima;122;BR-040/RJ;Norte;Colisão Traseira;1;;1;;;;;;;;2;;;;
09/10/2013;14:24:00;1232;com vítima;72;BR-040/RJ;Norte;Choque - Objeto Fixo;1;;;;;;;;;;0;1;2;;
09/10/2013;05:45:00;1176;sem vítima;113;BR-040/RJ;Sul;Choque - Objeto Fixo;1;;;;;;;;;;1;;;;
09/10/2013;12:50:00;1222;com vítima;114;BR-040/RJ;Sul;Colisão Traseira;;;1;;1;;;;;;1;1;;;
09/10/2013;09:34:00;1198;sem vítima;116;BR-040/RJ;Norte;Colisão Traseira;1;;;;;1;;;;;2;;;;
09/10/2013;16:08:00;1254;sem vítima;784;BR-040/MG;Norte;Engavetamento;2;;;;1;;;;;;3;;;;
09/10/2013;19:19:00;1283;sem vítima;800;BR-040/MG;Norte;Choque - Objeto Fixo;1;;;;;;;;;;1;;;;
09/10/2013;08:44:00;1190;sem vítima;120;BR-040/RJ;Sul;Colisão Lateral;1;;1;;;;;;;;2;;;;
09/10/2013;09:17:00;1197;sem vítima;121;BR-040/RJ;Sul;Colisão Traseira;;;2;;;;;;;;2;;;;
09/10/2013;14:59:00;1239;sem vítima;121;BR-040/RJ;Norte;Colisão Traseira;1;;;;1;;;;;;2;;;;
09/10/2013;06:28:00;1177;sem vítima;123;BR-040/RJ;Sul;Colisão Lateral;1;;1;;;;;;;;2;;;;
09/10/2013;12:44:00;1221;sem vítima;123;BR-040/RJ;Sul;Colisão Traseira;1;;1;;;;;;;;2;;;;
10/10/2013;07:16:00;1344;sem vítima;81;BR-040/RJ;Sul;Choque - Objeto Fixo;1;;;;;;;;;;1;;;;
10/10/2013;22:34:00;1463;com vítima;93;BR-040/RJ;Norte;Queda de Moto;;;;1;;;;;;;0;2;;;
10/10/2013;07:35:00;1346;sem vítima;105;BR-040/RJ;Norte;Colisão Lateral;1;;1;;;;;;;;2;;;;
10/10/2013;15:40:00;1407;com vítima;117;BR-040/RJ;Sul;Colisão Lateral;2;;;;;;;;;;1;3;;1;
10/10/2013;11:17:00;1372;com vítima;119;BR-040/RJ;Sul;Engavetamento;3;;;;;1;;;;;1;5;;;
10/10/2013;12:40:00;1383;sem vítima;121;BR-040/RJ;Norte;Colisão Traseira;2;;;;;;;;;;2;;;;
10/10/2013;07:32:00;1345;sem vítima;123;BR-040/RJ;Sul;Colisão Lateral;1;;1;;;;;;;;2;;;;
11/10/2013;11:38:00;1542;sem vítima;21;BR-040/RJ;Norte;Tombamento;;;1;;;;;;;;1;;;;
11/10/2013;21:47:00;1632;sem vítima;54;BR-040/RJ;Sul;Choque - Objeto Fixo;;;1;;;;;;;;1;;;;
11/10/2013;19:14:00;1606;sem vítima;111;BR-040/RJ;Sul;Colisão Traseira;1;;;;;1;;;;;2;;;;
11/10/2013;18:34:00;1601;sem vítima;782;BR-040/MG;Sul;Choque - Objeto Fixo;1;;;;;;;;;;1;;;;
11/10/2013;19:07:00;1605;com vítima;787;BR-040/MG;Norte;Queda de Moto;;;;1;;;;;;;0;;1;;
12/10/2013;04:41:00;1679;com vítima;32;BR-040/RJ;Sul;Queda de Moto;;;;1;;;;;;;0;;;1;1
12/10/2013;05:17:00;1686;sem vítima;55;BR-040/RJ;Norte;Choque - Objeto Fixo;1;;;;;;;;;;1;;;;
12/10/2013;16:32:00;1772;sem vítima;60;BR-040/RJ;Sul;Choque - Objeto Fixo;1;;;;;;;;;;1;;;;
12/10/2013;04:54:00;1682;com vítima;72;BR-040/RJ;Sul;Choque - Objeto Fixo;1;;;;;;;;;;0;1;;;
12/10/2013;17:43:00;1788;sem vítima;92;BR-040/RJ;Norte;Queda de Moto;;;;1;;;;;;;1;;;;
12/10/2013;18:55:00;1798;sem vítima;101;BR-040/RJ;Norte;Choque - Objeto Fixo;1;;;;;;;;;;1;;;;
12/10/2013;11:55:00;1735;sem vítima;104;BR-040/RJ;Norte;Colisão Lateral;2;;;;;;;;;;2;;;;
12/10/2013;08:16:00;1700;com vítima;108;BR-040/RJ;Sul;Queda de Moto;;;;1;;;;;;;1;;1;;
12/10/2013;11:33:00;1732;sem vítima;109;BR-040/RJ;Norte;Colisão Traseira;1;;1;;;;;;;;2;;;;
12/10/2013;01:11:00;1654;com vítima;113;BR-040/RJ;Sul;Capotamento;1;;;;;;;;;;0;1;2;;
12/10/2013;18:07:00;1793;com vítima;113;BR-040/RJ;Sul;Colisão Traseira;2;;;;;;;;;;1;1;;;
12/10/2013;04:40:00;1680;sem vítima;114;BR-040/RJ;Sul;Choque - Objeto Fixo;1;;;;;;;;;;1;;;;
12/10/2013;08:47:00;1707;com vítima;114;BR-040/RJ;Sul;Choque - Objeto Fixo;1;;;;;;;;;;0;;;1;1
12/10/2013;06:23:00;1692;sem vítima;790;BR-040/MG;Norte;Colisão Frontal;1;;;;;;;;;;1;;;;
12/10/2013;00:24:00;1649;sem vítima;815;BR-040/MG;Norte;Choque - Objeto Fixo;1;;;;;;;;;;1;;;;
12/10/2013;18:50:00;1796;com vítima;124;BR-040/RJ;Sul;Colisão Traseira;2;;;1;;;;;;;2;;1;;
13/10/2013;22:27:00;1962;com vítima;17;BR-040/RJ;Sul;Queda de Moto;;;;1;;;;;;;0;;1;;
13/10/2013;15:26:00;1906;com vítima;52;BR-040/RJ;Sul;Queda de Moto;;;;1;;;;;;;0;;1;1;
13/10/2013;07:08:00;1860;sem vítima;65;BR-040/RJ;Sul;Choque - Objeto Fixo;1;;;;;;;;;;1;;;;
13/10/2013;09:45:00;1871;sem vítima;89;BR-040/RJ;Norte;Choque - Objeto Fixo;1;;;;;;;;;;1;;;;
13/10/2013;22:55:00;1965;sem vítima;89;BR-040/RJ;Sul;Colisão Traseira;1;;;;;1;;;;;2;;;;
13/10/2013;19:17:00;1944;sem vítima;104;BR-040/RJ;Sul;Colisão Traseira;;;2;;;;;;;;2;;;;
13/10/2013;19:59:00;1950;sem vítima;105;BR-040/RJ;Norte;Colisão Traseira;2;;;;;;;;;;2;;;;
13/10/2013;02:53:00;1843;sem vítima;117;BR-040/RJ;Sul;Atropelamento - Animal;1;;;;;;;;;;1;;;;
13/10/2013;19:50:00;1949;com vítima;815;BR-040/MG;Sul;Capotamento;1;;;;;;;;;;0;3;;;
14/10/2013;05:37:00;1993;sem vítima;85;BR-040/RJ;Sul;Choque - Objeto Fixo;;;1;;;;;;;;1;;;;
14/10/2013;10:56:00;2043;sem vítima;109;BR-040/RJ;Norte;Colisão Lateral;1;;1;;;;;;;;2;;;;
14/10/2013;23:55:00;1968;sem vítima;112;BR-040/RJ;Norte;Choque - Objeto Fixo;1;;;;;;;;;;1;;;;
14/10/2013;06:15:00;1996;com vítima;113;BR-040/RJ;Sul;Colisão Traseira;;;;;2;;;;;;0;5;2;;
14/10/2013;13:28:00;2066;com vítima;778;BR-040/MG;Norte;Capotamento;1;;;;;;;;;;0;;1;;1
14/10/2013;11:41:00;2049;com vítima;798;BR-040/MG;Sul;Queda de Moto;;;;1;;;;;;;0;1;;;
14/10/2013;00:39:00;1973;sem vítima;118;BR-040/RJ;Norte;Choque - Objeto Fixo;1;;;;;;;;;;1;;;;
14/10/2013;16:08:00;2090;sem vítima;122;BR-040/RJ;Norte;Colisão Lateral;1;;1;;;;;;;;2;;;;
14/10/2013;17:48:00;2106;sem vítima;123;BR-040/RJ;Sul;Colisão Traseira;2;;;;;;;;;;2;;;;
15/10/2013;06:36:00;2177;sem vítima;28;BR-040/RJ;Norte;Choque - Objeto Fixo;1;;;;;;;;;;1;;;;
15/10/2013;17:45:00;2277;sem vítima;43;BR-040/RJ;Norte;Choque - Objeto Fixo;1;;;;;;;;;;1;;;;
15/10/2013;16:45:00;2264;sem vítima;53;BR-040/RJ;Sul;Colisão Lateral;1;;1;;;;;;;;2;;;;
15/10/2013;19:10:00;2290;sem vítima;67;BR-040/RJ;Norte;Choque - Objeto Fixo;1;;;;;;;;;;1;;;;
15/10/2013;19:40:00;2296;sem vítima;78;BR-040/RJ;Sul;Choque - Objeto Fixo;1;;;;;;;;;;1;;;;
15/10/2013;19:50:00;2306;sem vítima;78;BR-040/RJ;Sul;Choque - Objeto Fixo;1;;;;;;;;;;1;;;;
15/10/2013;19:46:00;2299;sem vítima;89;BR-040/RJ;Norte;Choque - Objeto Fixo;1;;;;;;;;;;1;;;;
15/10/2013;21:40:00;2316;sem vítima;97;BR-040/RJ;Norte;Choque - Objeto Fixo;;;1;;;;;;;;1;;;;
15/10/2013;18:38:00;2287;sem vítima;109;BR-040/RJ;Norte;Colisão Lateral;1;;1;;;;;;;;2;;;;
15/10/2013;17:13:00;2267;com vítima;780;BR-040/MG;Sul;Colisão Lateral;1;;;1;;;;;;;1;1;;;
15/10/2013;16:25:00;2256;sem vítima;783;BR-040/MG;Norte;Derrapagem;1;;;;;;;;;;1;;;;
15/10/2013;20:11:00;2303;sem vítima;120;BR-040/RJ;Sul;Choque - Objeto Fixo;1;;;;;;;;;;1;;;;
15/10/2013;18:30:00;2285;sem vítima;122;BR-040/RJ;Sul;Colisão Lateral;1;;1;;;;;;;;2;;;;
16/10/2013;07:40:00;2354;sem vítima;31;BR-040/RJ;Norte;Choque - Objeto Fixo;1;;;;;;;;;;1;;;;
16/10/2013;14:35:00;2414;sem vítima;34;BR-040/RJ;Norte;Derrapagem;1;;;;;;;;;;1;;;;
16/10/2013;14:45:00;2417;com vítima;39;BR-040/RJ;Norte;Capotamento;1;;;;;;;;;;0;1;;;
16/10/2013;08:59:00;2365;com vítima;54;BR-040/RJ;Norte;Capotamento;1;;;;;;;;;;0;1;;;
16/10/2013;09:05:00;2385;sem vítima;54;BR-040/RJ;Norte;Colisão Traseira;2;;;;;;;;;;2;;;;
16/10/2013;04:07:00;2339;com vítima;61;BR-040/RJ;Sul;Choque - Objeto Fixo;1;;;;;;;;;;0;2;1;;
16/10/2013;19:10:00;2461;sem vítima;63;BR-040/RJ;Sul;Choque - Objeto Fixo;1;;;;;;;;;;1;;;;
16/10/2013;09:37:00;2374;com vítima;67;BR-040/RJ;Norte;Choque - Objeto Fixo;1;;;;;;;;;;0;1;;;
16/10/2013;23:24:00;2494;sem vítima;70;BR-040/RJ;Sul;Choque - Objeto Fixo;1;;;;;;;;;;1;;;;
16/10/2013;13:08:00;2405;sem vítima;83;BR-040/RJ;Sul;Choque - Objeto Fixo;1;;;;;;;;;;1;;;;
16/10/2013;09:58:00;2377;com vítima;92;BR-040/RJ;Norte;Choque - Objeto Fixo;1;;;;;;;;;;0;1;;;
16/10/2013;13:50:00;2410;sem vítima;92;BR-040/RJ;Sul;Choque - Objeto Fixo;1;;;;;;;;;;1;;;;
16/10/2013;16:21:00;2429;sem vítima;92;BR-040/RJ;Sul;Choque - Objeto Fixo;1;;;;;;;;;;1;;;;
16/10/2013;14:24:00;2412;sem vítima;93;BR-040/RJ;Norte;Queda de Moto;1;;;;;;;;;;1;;;;
16/10/2013;17:54:00;2450;sem vítima;108;BR-040/RJ;Sul;Colisão Traseira;1;;1;;;;;;;;2;;;;
16/10/2013;06:07:00;2346;sem vítima;109;BR-040/RJ;Norte;Choque - Objeto Fixo;;;1;;;;;;;;1;;;;
16/10/2013;04:30:00;2341;sem vítima;124;BR-040/RJ;Norte;Capotamento;1;;;;;;;;;;2;;;;
17/10/2013;17:49:00;2626;sem vítima;36;BR-040/RJ;Norte;Choque - Objeto Fixo;1;;;;;;;;;;1;;;;
17/10/2013;17:29:00;2622;sem vítima;42;BR-040/RJ;Norte;Choque - Objeto Fixo;1;;;;;;;;;;1;;;;
17/10/2013;14:03:00;2587;com vítima;78;BR-040/RJ;Sul;Queda de Moto;;;;1;;;;;;;0;1;;;
17/10/2013;11:30:00;2573;sem vítima;82;BR-040/RJ;Sul;Colisão Traseira;2;;;;;;;;;;2;;;;
17/10/2013;06:39:00;2532;sem vítima;87;BR-040/RJ;Norte;Colisão Traseira;1;;1;;;;;;;;2;;;;
17/10/2013;17:08:00;2620;sem vítima;96;BR-040/RJ;Sul;Choque - Objeto Fixo;1;;;;;;;;;;1;;;;
17/10/2013;15:10:00;2596;sem vítima;100;BR-040/RJ;Norte;Colisão Traseira;1;;;;;1;;;;;2;;;;
17/10/2013;15:02:00;2590;sem vítima;810;BR-040/MG;Norte;Colisão Traseira;2;;;;;;;;;;2;;;;
17/10/2013;19:45:00;2645;com vítima;824;BR-040/MG;Sul;Capotamento;1;;;;;;;;;;0;1;;;
17/10/2013;15:48:00;2604;com vítima;827;BR-040/MG;Sul;Capotamento;1;;;;;;;;;;0;3;;;
17/10/2013;19:05:00;2636;sem vítima;123;BR-040/RJ;Sul;Colisão Lateral;1;;1;;;;;;;;2;;;;
18/10/2013;08:54:00;2712;sem vítima;6;BR-040/RJ;Sul;Colisão Lateral;1;;;;1;;;;;;2;;;;
18/10/2013;15:00:00;2762;sem vítima;14;BR-040/RJ;Sul;Capotamento;1;;;;;;;;;;1;;;;
18/10/2013;13:52:00;2752;com vítima;32;BR-040/RJ;Sul;Choque - Objeto Fixo;1;;;;;;;;;;0;;1;;
18/10/2013;11:25:00;2735;sem vítima;45;BR-040/RJ;Sul;Colisão Traseira;2;;;;;;;;;;2;;;;
18/10/2013;02:10:00;2675;com vítima;51;BR-040/RJ;Sul;Tombamento;;;1;;;;;;;;0;3;;;
18/10/2013;02:18:00;2682;sem vítima;51;BR-040/RJ;Sul;Choque - Objeto Fixo;1;;;;;;;;;;1;;;;
18/10/2013;22:22:00;2839;com vítima;92;BR-040/RJ;Sul;Capotamento;1;;;;;;;;;;0;1;;;
18/10/2013;17:54:00;2804;sem vítima;96;BR-040/RJ;Sul;Choque - Objeto Fixo;;;1;;;;;;;;1;;;;
18/10/2013;12:23:00;2741;sem vítima;110;BR-040/RJ;Sul;Colisão Traseira;1;;1;;;;;;;;2;;;;
18/10/2013;10:54:00;2730;com vítima;799;BR-040/MG;Sul;Tombamento;;;1;;;;;;;;0;1;;;
18/10/2013;16:27:00;2788;sem vítima;119;BR-040/RJ;Sul;Colisão Lateral;2;;;;;;;;;;2;;;;
18/10/2013;18:44:00;2813;sem vítima;119;BR-040/RJ;Norte;Colisão Traseira;2;;;;;;;;;;2;;;;
18/10/2013;15:21:00;2771;sem vítima;124;BR-040/RJ;Sul;Colisão Lateral;;;;1;1;;;;;;2;;;;
19/10/2013;22:38:00;3023;sem vítima;78;BR-040/RJ;Sul;Choque - Objeto Fixo;1;;;;;;;;;;1;;;;
19/10/2013;17:10:00;2971;sem vítima;79;BR-040/RJ;Sul;Choque - Objeto Fixo;1;;;;;;;;;;1;;;;
19/10/2013;21:00:00;3011;com vítima;87;BR-040/RJ;Norte;Choque - Objeto Fixo;1;;;;;;;;;;0;1;;;
19/10/2013;02:26:00;2866;sem vítima;91;BR-040/RJ;Sul;Choque - Objeto Fixo;;;1;;;;;;;;1;;;;
19/10/2013;17:29:00;2981;sem vítima;98;BR-040/RJ;Norte;Choque - Objeto Fixo;1;;;;;;;;;;1;;;;
19/10/2013;05:39:00;2882;com vítima;792;BR-040/MG;Norte;Choque - Objeto Fixo;1;;;;;;;;;;0;1;;;
19/10/2013;19:05:00;2998;sem vítima;118;BR-040/RJ;Sul;Choque - Objeto Fixo;1;;;;;;;;;;1;;;;
19/10/2013;05:25:00;2881;com vítima;806;BR-040/MG;Sul;Capotamento;1;;;;;;;;;;0;1;;;
19/10/2013;07:21:00;2895;com vítima;120;BR-040/RJ;Sul;Atropelamento - Pedestre;;;;1;;;;;;;0;;2;;
19/10/2013;14:29:00;2946;sem vítima;124;BR-040/RJ;Norte;Colisão Lateral;2;;;;;;;;;;2;;;;
20/10/2013;02:28:00;3039;sem vítima;92;BR-040/RJ;Sul;Capotamento;1;;;;;;;;;;4;;;;
20/10/2013;14:51:00;3094;com vítima;96;BR-040/RJ;Sul;Queda de Moto;;;;1;;;;;;;0;;1;;
20/10/2013;15:27:00;3097;com vítima;773;BR-040/MG;Sul;Choque - Objeto Fixo;1;;;;;;;;;;0;3;;;
20/10/2013;22:41:00;3159;sem vítima;815;BR-040/MG;Sul;Choque - Objeto Fixo;1;;;;;;;;;;1;;;;
20/10/2013;17:19:00;3111;sem vítima;821;BR-040/MG;Norte;Choque - Objeto Fixo;1;;;;;;;;;;1;;;;
20/10/2013;15:52:00;3101;sem vítima;123;BR-040/RJ;Norte;Queda de Moto;;;;1;;;;;;;1;;;;
21/10/2013;17:26:00;3283;sem vítima;23;BR-040/RJ;Norte;Choque - Objeto Fixo;1;;;;;;;;;;1;;;;
21/10/2013;04:17:00;3184;sem vítima;67;BR-040/RJ;Norte;Colisão Traseira;2;;;;;;;;;;2;;;;
21/10/2013;09:31:00;3218;com vítima;72;BR-040/RJ;Sul;Capotamento;1;;;;;;;;;;0;1;;;
21/10/2013;07:51:00;3203;sem vítima;105;BR-040/RJ;Norte;Colisão Lateral;;;;2;;;;;;;2;;;;
21/10/2013;08:34:00;3210;com vítima;114;BR-040/RJ;Norte;Colisão Traseira;1;;;1;;;;;;;1;1;;;
21/10/2013;16:08:00;3269;sem vítima;123;BR-040/RJ;Norte;Engavetamento;3;;;;;;;;;;3;;;;
21/10/2013;16:29:00;3272;com vítima;123;BR-040/RJ;Norte;Colisão Lateral;1;;;1;;;;;;;1;1;;;
21/10/2013;05:03:00;3189;sem vítima;124;BR-040/RJ;Norte;Choque - Objeto Fixo;1;;;;;;;;;;1;;;;
21/10/2013;17:45:00;3285;sem vítima;124;BR-040/RJ;Sul;Colisão Traseira;2;;;;;;;;;;2;;;;
22/10/2013;16:22:00;3451;sem vítima;7;BR-040/RJ;Norte;Colisão Traseira;;;;;2;;;;;;2;;;;
22/10/2013;07:05:00;3371;com vítima;12;BR-040/RJ;Sul;Colisão Traseira;2;;1;;;;;;;;0;2;2;;
22/10/2013;17:18:00;3458;com vítima;21;BR-040/RJ;Sul;Colisão Traseira;1;1;;;;;;;;;1;;;;1
22/10/2013;10:23:00;3396;sem vítima;32;BR-040/RJ;Norte;Choque - Objeto Fixo;1;;;;;;;;;;1;;;;
22/10/2013;09:52:00;3393;sem vítima;34;BR-040/RJ;Norte;Choque - Objeto Fixo;1;;;;;;;;;;1;;;;
22/10/2013;06:47:00;3368;com vítima;67;BR-040/RJ;Norte;Choque - Objeto Fixo;1;;;;;;;;;;0;1;;;
22/10/2013;06:10:00;3363;sem vítima;91;BR-040/RJ;Norte;Choque - Objeto Fixo;1;;;;;;;;;;1;;;;
22/10/2013;17:01:00;3456;sem vítima;100;BR-040/RJ;Norte;Colisão Lateral;2;;;;;;;;;;2;;;;
22/10/2013;17:18:00;3457;sem vítima;100;BR-040/RJ;Norte;Choque - Objeto Fixo;1;;;;;;;;;;1;;;;
22/10/2013;09:11:00;3389;sem vítima;108;BR-040/RJ;Norte;Colisão Lateral;1;;1;;;;;;;;2;;;;
22/10/2013;20:42:00;3478;com vítima;108;BR-040/RJ;Sul;Colisão Traseira;2;;;;;;;;;;1;1;;;
22/10/2013;11:44:00;3408;com vítima;113;BR-040/RJ;Sul;Queda de Moto;;;;1;;;;;;;0;1;;;
22/10/2013;08:45:00;3387;sem vítima;114;BR-040/RJ;Norte;Colisão Lateral;1;;1;;;;;;;;2;;;;
22/10/2013;07:24:00;3373;sem vítima;777;BR-040/MG;Sul;Choque - Objeto Fixo;1;;;;;;;;;;1;;;;
22/10/2013;22:44:00;3491;com vítima;117;BR-040/RJ;Sul;Capotamento;1;;;;;;;;;;1;1;;;
22/10/2013;08:10:00;3382;sem vítima;786;BR-040/MG;Norte;Choque - Objeto Fixo;1;;;;;;;;;;1;;;;
22/10/2013;12:09:00;3413;sem vítima;123;BR-040/RJ;Sul;Colisão Traseira;1;;1;;;;;;;;2;;;;
23/10/2013;12:32:00;3574;com vítima;8;BR-040/RJ;Norte;Choque - Objeto Fixo;1;;;;;;;;;;0;1;;;
23/10/2013;15:37:00;3597;com vítima;30;BR-040/RJ;Sul;Capotamento;2;;;;;;;;;;1;2;;;
23/10/2013;09:57:00;3552;sem vítima;49;BR-040/RJ;Sul;Choque - Objeto Fixo;1;;;;;;;;;;1;;;;
23/10/2013;00:39:00;3503;sem vítima;90;BR-040/RJ;Sul;Choque - Objeto Fixo;;;1;;;;;;;;1;;;;
23/10/2013;08:40:00;3540;sem vítima;93;BR-040/RJ;Norte;Colisão Lateral;1;;1;;;;;;;;2;;;;
23/10/2013;06:44:00;3530;com vítima;99;BR-040/RJ;Norte;Queda de Moto;;;;1;;;;;;;0;;1;;
23/10/2013;19:14:00;3629;sem vítima;103;BR-040/RJ;Norte;Colisão Traseira;1;;1;;;;;;;;2;;;;
23/10/2013;12:28:00;3572;sem vítima;105;BR-040/RJ;Sul;Colisão Traseira;2;;;;;;;;;;2;;;;
23/10/2013;14:06:00;3582;com vítima;105;BR-040/RJ;Norte;Colisão Lateral;2;;;;;;;;;;2;2;;;
23/10/2013;15:07:00;3591;com vítima;105;BR-040/RJ;Norte;Colisão Lateral;1;;;1;;;;;;;1;1;;;
23/10/2013;07:09:00;3533;com vítima;109;BR-040/RJ;Norte;Colisão Lateral;;;;;2;;;;;;1;2;;;
23/10/2013;17:40:00;3613;sem vítima;109;BR-040/RJ;Norte;Colisão Lateral;1;;1;;;;;;;;2;;;;
23/10/2013;04:54:00;3517;sem vítima;112;BR-040/RJ;Sul;Colisão Traseira;2;;;;;;;;;;2;;;;
23/10/2013;05:09:00;3522;com vítima;122;BR-040/RJ;Sul;Queda de Moto;1;;;1;;;;;;;1;;1;;
23/10/2013;19:45:00;3627;sem vítima;124;BR-040/RJ;Sul;Queda de Moto;;;;1;;;;;;;1;;;;
24/10/2013;17:35:00;3786;com vítima;30;BR-040/RJ;Sul;Queda de Moto;;;;1;;;;;;;0;2;;;
24/10/2013;07:47:00;3696;com vítima;44;BR-040/RJ;Norte;Choque - Objeto Fixo;1;;;;;;;;;;0;;1;;
24/10/2013;00:13:00;3661;com vítima;57;BR-040/RJ;Sul;Capotamento;1;;;;;;;;;;0;1;;1;
24/10/2013;10:02:00;3711;sem vítima;100;BR-040/RJ;Sul;Choque - Objeto Fixo;1;;;;;;;;;;1;;;;
24/10/2013;08:10:00;3699;sem vítima;106;BR-040/RJ;Sul;Colisão Traseira;2;;;;;;;;;;2;;;;
24/10/2013;09:46:00;3707;com vítima;108;BR-040/RJ;Norte;Colisão Lateral;1;;;1;;;;;;;2;2;;;
25/10/2013;20:57:00;3996;com vítima;10;BR-040/RJ;Norte;Capotamento;1;;;;;;;;;;0;3;1;;
25/10/2013;14:55:00;3937;com vítima;68;BR-040/RJ;Sul;Capotamento;1;;;;;;;;;;0;1;;;
25/10/2013;16:05:00;3950;com vítima;72;BR-040/RJ;Norte;Choque - Objeto Fixo;1;;;;;;;;;;0;1;;;
25/10/2013;16:00:00;3946;sem vítima;74;BR-040/RJ;Sul;Choque - Objeto Fixo;1;;;;;;;;;;1;;;;
25/10/2013;14:49:00;3936;sem vítima;77;BR-040/RJ;Sul;Choque - Objeto Fixo;1;;;;;;;;;;1;;;;
25/10/2013;18:33:00;3974;sem vítima;77;BR-040/RJ;Sul;Choque - Objeto Fixo;1;;;;;;;;;;1;;;;
25/10/2013;17:00:00;3960;sem vítima;80;BR-040/RJ;Norte;Colisão Lateral;2;;;;;;;;;;2;;;;
25/10/2013;05:40:00;3868;com vítima;90;BR-040/RJ;Sul;Colisão Traseira;1;;1;;;;;;;;6;1;;;
25/10/2013;16:15:00;3953;sem vítima;91;BR-040/RJ;Norte;Choque - Objeto Fixo;1;;;;;;;;;;1;;;;
25/10/2013;14:24:00;3930;sem vítima;92;BR-040/RJ;Norte;Choque - Objeto Fixo;1;;;;;;;;;;1;;;;
25/10/2013;13:52:00;3925;sem vítima;94;BR-040/RJ;Sul;Choque - Objeto Fixo;1;;;;;;;;;;1;;;;
25/10/2013;15:35:00;3943;sem vítima;95;BR-040/RJ;Sul;Choque - Objeto Fixo;1;;;;;;;;;;1;;;;
25/10/2013;21:52:00;4003;sem vítima;799;BR-040/MG;Norte;Colisão Lateral;3;;;;;;;;;;3;;;;
25/10/2013;09:17:00;3893;com vítima;819;BR-040/MG;Norte;Colisão Lateral;;1;;;;1;;;;;1;1;;;
25/10/2013;07:12:00;3875;sem vítima;119;BR-040/RJ;Norte;Colisão Traseira;1;;;;1;;;;;;2;;;;
25/10/2013;16:31:00;3957;sem vítima;119;BR-040/RJ;Norte;Engavetamento;1;;;;2;;;;;;3;;;;
25/10/2013;10:20:00;3904;sem vítima;123;BR-040/RJ;Sul;Colisão Lateral;1;;1;;;;;;;;2;;;;
26/10/2013;14:21:00;4080;com vítima;84;BR-040/RJ;Sul;Tombamento;1;;;;;;;;;;0;3;;;