data;horario;n_da_ocorrencia;tipo_de_ocorrencia;km;trecho;sentido;tipo_de_acidente;automovel;bicicleta;caminhao;moto;onibus;outros;tracao_animal;transporte_de_cargas_especiais;trator_maquinas;utilitarios;ilesos;levemente_feridos;moderadamente_feridos;gravemente_feridos;mortos
26/10/2013;08:19:00;4045;sem vítima;90;BR-040/RJ;Norte;Choque - Objeto Fixo;1;;;;;;;;;;1;;;;
26/10/2013;10:43:00;4060;sem vítima;94;BR-040/RJ;Sul;Choque - Objeto Fixo;;;1;;;;;;;;1;;;;
26/10/2013;20:11:00;4128;sem vítima;117;BR-040/RJ;Sul;Colisão Traseira;1;;;;1;;;;;;3;;;;
26/10/2013;01:13:00;4017;com vítima;119;BR-040/RJ;Sul;Colisão Traseira;1;;;1;;;;;;;1;1;;;
26/10/2013;04:55:00;4032;sem vítima;119;BR-040/RJ;Sul;Colisão Traseira;2;;;;;;;;;;2;;;;
26/10/2013;17:55:00;4115;sem vítima;122;BR-040/RJ;Norte;Colisão Traseira;1;;;;1;;;;;;2;;;;
26/10/2013;10:48:00;4061;sem vítima;123;BR-040/RJ;Norte;Colisão Traseira;2;;;;;;;;;;2;;;;
27/10/2013;22:08:00;4289;sem vítima;60;BR-040/RJ;Sul;Choque - Objeto Fixo;1;;;;;;;;;;1;;;;
27/10/2013;13:42:00;4217;sem vítima;84;BR-040/RJ;Sul;Choque - Objeto Fixo;1;;;;;;;;;;1;;;;
27/10/2013;19:14:00;4270;com vítima;92;BR-040/RJ;Sul;Capotamento;1;;;;;;;;;;0;1;;;
27/10/2013;16:34:00;4242;com vítima;93;BR-040/RJ;Sul;Colisão Lateral;2;;;;;;;;;;1;1;;;
27/10/2013;10:49:00;4198;com vítima;94;BR-040/RJ;Sul;Queda de Moto;;;;1;;;;;;;0;1;;;
27/10/2013;12:05:00;4204;sem vítima;96;BR-040/RJ;Norte;Queda de Moto;;;;1;;;;;;;1;;;;
27/10/2013;20:36:00;4280;sem vítima;96;BR-040/RJ;Sul;Choque - Objeto Fixo;1;;;;;;;;;;1;;;;
27/10/2013;18:34:00;4263;com vítima;109;BR-040/RJ;Norte;Queda de Moto;;;;1;;;;;;;0;1;;;
27/10/2013;12:24:00;4215;sem vítima;117;BR-040/RJ;Norte;Colisão Traseira;2;;;;;;;;;;2;;;;
27/10/2013;00:32:00;4158;com vítima;794;BR-040/MG;Norte;Capotamento;1;;;;;;;;;;0;;;;1
27/10/2013;20:23:00;4276;com vítima;794;BR-040/MG;Sul;Choque - Objeto Fixo;1;;;;;;;;;;0;1;;;
27/10/2013;00:55:00;4159;com vítima;123;BR-040/RJ;Sul;Colisão Frontal;2;;;;;;;;;;0;3;;;
28/10/2013;15:00:00;4393;com vítima;78;BR-040/RJ;Sul;Capotamento;1;;;;;;;;;;0;1;;;
28/10/2013;14:19:00;4387;com vítima;83;BR-040/RJ;Sul;Colisão Traseira;2;;;;;;;;;;0;2;;;
28/10/2013;01:30:00;4314;com vítima;89;BR-040/RJ;Norte;Choque - Objeto Fixo;1;;;;;;;;;;3;1;;;
28/10/2013;00:11:00;4307;com vítima;105;BR-040/RJ;Norte;Colisão Traseira;1;;;1;;;;;;;1;2;;;
28/10/2013;06:58:00;4341;sem vítima;823;BR-040/MG;Norte;Choque - Objeto Fixo;1;;;;;1;;;;;2;;;;
28/10/2013;17:26:00;4426;sem vítima;119;BR-040/RJ;Norte;Engavetamento;1;;;;2;;;;;;3;;;;
28/10/2013;07:32:00;4348;com vítima;123;BR-040/RJ;Sul;Colisão Traseira;1;;;;1;;;;;;0;2;1;;
29/10/2013;07:05:00;4513;com vítima;73;BR-040/RJ;Norte;Capotamento;1;;;;;;;;;;0;1;;;
29/10/2013;18:05:00;4602;sem vítima;78;BR-040/RJ;Sul;Choque - Objeto Fixo;1;;;;;;;;;;1;;;;
29/10/2013;04:46:00;4504;sem vítima;84;BR-040/RJ;Norte;Choque - Objeto Fixo;1;;;;;;;;;;1;;;;
29/10/2013;02:45:00;4493;sem vítima;109;BR-040/RJ;Norte;Derrapagem;1;;;;;;;;;;1;;;;
29/10/2013;04:03:00;4499;sem vítima;113;BR-040/RJ;Norte;Colisão Lateral;;;2;;;;;;;;2;;;;
29/10/2013;22:36:00;4637;com vítima;781;BR-040/MG;Norte;Choque - Objeto Fixo;1;;;;;;;;;;0;1;;;
29/10/2013;18:00:00;4599;sem vítima;799;BR-040/MG;Sul;Choque - Objeto Fixo;1;;;;;;;;;;1;;;;
29/10/2013;11:00:00;4541;sem vítima;123;BR-040/RJ;Sul;Colisão Lateral;1;;1;;;;;;;;2;;;;
29/10/2013;11:01:00;4542;sem vítima;123;BR-040/RJ;Norte;Colisão Traseira;1;;1;;;;;;;;2;;;;
30/10/2013;11:53:00;4711;com vítima;25;BR-040/RJ;Sul;Queda de Moto;1;;;;;;;;;;0;2;;;
30/10/2013;17:47:00;4770;com vítima;79;BR-040/RJ;Norte;Colisão Lateral;1;;1;;;;;;;;0;2;;;
30/10/2013;14:24:00;4727;sem vítima;91;BR-040/RJ;Norte;Choque - Objeto Fixo;1;;;;;;;;;;1;;;;
30/10/2013;14:24:00;4731;sem vítima;91;BR-040/RJ;Norte;Colisão Lateral;2;;;;;;;;;;2;;;;
30/10/2013;14:45:00;4733;sem vítima;91;BR-040/RJ;Norte;Colisão Lateral;;;2;;;;;;;;2;;;;
30/10/2013;07:41:00;4684;sem vítima;105;BR-040/RJ;Sul;Colisão Lateral;1;;;;;1;;;;;2;;;;
30/10/2013;08:56:00;4692;sem vítima;108;BR-040/RJ;Norte;Colisão Lateral;1;;1;;;;;;;;2;;;;
30/10/2013;16:06:00;4744;com vítima;118;BR-040/RJ;Norte;Colisão Traseira;1;;;1;;;;;;;1;1;1;;
30/10/2013;14:44:00;4732;sem vítima;119;BR-040/RJ;Norte;Colisão Lateral;1;;1;;;;;;;;2;;;;
30/10/2013;17:04:00;4758;sem vítima;121;BR-040/RJ;Norte;Colisão Traseira;1;;;;1;;;;;;2;;;;
31/10/2013;16:30:00;4925;sem vítima;5;BR-040/RJ;Norte;Choque - Objeto Fixo;1;;;;;;;;;;1;;;;
31/10/2013;09:19:00;4871;com vítima;19;BR-040/RJ;Norte;Capotamento;1;;1;;;;;;;;0;4;1;;
31/10/2013;10:05:00;4875;sem vítima;21;BR-040/RJ;Norte;Tombamento;;;1;;;;;;;;1;;;;
31/10/2013;06:40:00;4850;sem vítima;52;BR-040/RJ;Norte;Choque - Objeto Fixo;1;;;;;;;;;;1;;;;
31/10/2013;18:00:00;4941;com vítima;62;BR-040/RJ;Sul;Choque - Objeto Fixo;1;;;;;;;;;;0;1;;;
31/10/2013;19:24:00;4953;sem vítima;75;BR-040/RJ;Sul;Colisão Traseira;1;;1;;;;;;;;2;;;;
31/10/2013;08:03:00;4856;com vítima;78;BR-040/RJ;Sul;Choque - Objeto Fixo;1;;;;;;;;;;0;1;;;
31/10/2013;22:12:00;4976;sem vítima;82;BR-040/RJ;Norte;Choque - Objeto Fixo;1;;;;;;;;;;1;;;;
31/10/2013;08:49:00;4866;sem vítima;83;BR-040/RJ;Sul;Capotamento;1;;;;;;;;;;1;;;;
31/10/2013;12:27:00;4894;sem vítima;91;BR-040/RJ;Norte;Choque - Objeto Fixo;1;;;;;;;;;;1;;;;
31/10/2013;08:09:00;4858;sem vítima;93;BR-040/RJ;Norte;Choque - Objeto Fixo;1;;;;;;;;;;1;;;;
31/10/2013;10:35:00;4879;sem vítima;94;BR-040/RJ;Sul;Capotamento;1;;;;;;;;;;1;;;;
31/10/2013;22:20:00;4978;com vítima;94;BR-040/RJ;Sul;Tombamento;;;1;;;;;;;;0;1;;;
31/10/2013;23:37:00;4988;sem vítima;105;BR-040/RJ;Sul;Colisão Frontal;2;;;;;;;;;;2;;;;
31/10/2013;14:05:00;4901;sem vítima;117;BR-040/RJ;Norte;Colisão Lateral;2;;;;;;;;;;2;;;;
31/10/2013;04:51:00;4840;sem vítima;790;BR-040/MG;Norte;Atropelamento - Animal;;;1;;;;;;;;1;;;;
31/10/2013;05:27:00;4844;sem vítima;790;BR-040/MG;Norte;Atropelamento - Animal;;;1;;;;;;;;1;;;;
01/11/2013;15:01:00;80;com vítima;31;BR-040/RJ;Norte;Choque - Objeto Fixo;1;;;;;;;;;;1;1;1;;
01/11/2013;13:01:00;63;com vítima;42;BR-040/RJ;Norte;Colisão Lateral;1;;;1;;;;;;;1;;2;;
01/11/2013;21:31:00;135;com vítima;59;BR-040/RJ;Sul;Choque - Objeto Fixo;1;;;;;;;;;;0;1;;;
01/11/2013;15:03:00;81;sem vítima;77;BR-040/RJ;Sul;Choque - Objeto Fixo;1;;;;;;;;;;1;;;;
01/11/2013;16:38:00;97;sem vítima;84;BR-040/RJ;Sul;Choque - Objeto Fixo;1;;;;;;;;;;1;;;;
01/11/2013;17:11:00;100;com vítima;105;BR-040/RJ;Norte;Atropelamento - Pedestre;1;;;;;;;;;;1;;1;;
01/11/2013;10:35:00;51;sem vítima;109;BR-040/RJ;Norte;Colisão Traseira;;;1;;1;;;;;;2;;;;
01/11/2013;03:01:00;10;sem vítima;780;BR-040/MG;Sul;Atropelamento - Animal;;;;;1;1;;;;;2;;;;
01/11/2013;13:54:00;70;com vítima;816;BR-040/MG;Norte;Engavetamento;4;;;;;;;;;;0;6;;;
01/11/2013;02:36:00;8;com vítima;119;BR-040/RJ;Norte;Capotamento;1;;;;;;;;;;0;1;;;
01/11/2013;07:20:00;24;com vítima;119;BR-040/RJ;Sul;Queda de Moto;;;;1;;;;;;;0;1;;;
01/11/2013;19:53:00;120;com vítima;120;BR-040/RJ;Norte;Colisão Traseira;1;;1;;;;;;;;1;2;;;
01/11/2013;21:20:00;131;sem vítima;120;BR-040/RJ;Norte;Colisão Traseira;2;;;;;;;;;;2;;;;
01/11/2013;20:46:00;127;sem vítima;123;BR-040/RJ;Norte;Colisão Traseira;2;;;;;;;;;;2;;;;
02/11/2013;23:52:00;320;sem vítima;51;BR-040/RJ;Norte;Choque - Objeto Fixo;1;;;;;;;;;;1;;;;
02/11/2013;11:43:00;219;sem vítima;58;BR-040/RJ;Sul;Choque - Objeto Fixo;1;;;;;;;;;;1;;;;
02/11/2013;21:28:00;299;sem vítima;78;BR-040/RJ;Sul;Choque - Objeto Fixo;1;;;;;;;;;;1;;;;
02/11/2013;18:36:00;277;sem vítima;94;BR-040/RJ;Sul;Choque - Objeto Fixo;1;;;;;;;;;;1;;;;
02/11/2013;05:53:00;184;sem vítima;113;BR-040/RJ;Norte;Choque - Objeto Fixo;1;;;;;;;;;;1;;;;
02/11/2013;21:36:00;301;sem vítima;115;BR-040/RJ;Norte;Colisão Lateral;2;;;;;;;;;;2;;;;
02/11/2013;10:31:00;211;sem vítima;778;BR-040/MG;Norte;Capotamento;1;;;;;;;;;;1;;;;
02/11/2013;14:07:00;239;sem vítima;120;BR-040/RJ;Sul;Engavetamento;3;;;;;;;;;;3;;;;
03/11/2013;19:10:00;430;sem vítima;95;BR-040/RJ;Sul;Choque - Objeto Fixo;1;;;;;;;;;;1;;;;
03/11/2013;17:55:00;411;sem vítima;97;BR-040/RJ;Sul;Colisão Traseira;2;;;;;;;;;;2;;;;
03/11/2013;01:48:00;330;sem vítima;810;BR-040/MG;Norte;Choque - Objeto Fixo;1;;;;;;;;;;1;;;;
04/11/2013;15:12:00;563;sem vítima;26;BR-040/RJ;Norte;Choque - Objeto Fixo;;;1;;;;;;;;1;;;;
04/11/2013;08:26:00;501;com vítima;47;BR-040/RJ;Sul;Queda de Moto;;;;1;;;;;;;0;1;;;
04/11/2013;06:25:00;490;com vítima;74;BR-040/RJ;Norte;Choque - Objeto Fixo;1;;;;;;;;;;0;1;;;
04/11/2013;18:03:00;595;sem vítima;107;BR-040/RJ;Norte;Colisão Traseira;2;;;;;;;;;;2;;;;
04/11/2013;16:14:00;575;com vítima;113;BR-040/RJ;Sul;Colisão Traseira;1;;;1;;;;;;;1;1;;;
04/11/2013;05:21:00;483;sem vítima;116;BR-040/RJ;Sul;Colisão Traseira;1;;;;;1;;;;;2;;;;
04/11/2013;05:20:00;486;sem vítima;116;BR-040/RJ;Sul;Engavetamento;3;;;;;;;;;;3;;;;
04/11/2013;08:39:00;506;sem vítima;120;BR-040/RJ;Sul;Colisão Traseira;2;;;;;;;;;;2;;;;
04/11/2013;08:52:00;507;sem vítima;123;BR-040/RJ;Sul;Colisão Lateral;1;;1;;;;;;;;2;;;;
05/11/2013;13:35:00;717;sem vítima;69;BR-040/RJ;Norte;Choque - Objeto Fixo;1;;;;;;;;;;2;;;;
05/11/2013;17:07:00;749;com vítima;73;BR-040/RJ;Sul;Choque - Objeto Fixo;1;;;;;;;;;;0;1;;;
05/11/2013;02:24:00;657;sem vítima;78;BR-040/RJ;Norte;Choque - Objeto Fixo;1;;;;;;;;;;1;;;;
05/11/2013;15:15:00;732;com vítima;92;BR-040/RJ;Norte;Choque - Objeto Fixo;1;;;;;;;;;;0;2;;;
05/11/2013;16:29:00;742;sem vítima;92;BR-040/RJ;Sul;Choque - Objeto Fixo;1;;;;;;;;;;1;;;;
05/11/2013;07:03:00;669;sem vítima;114;BR-040/RJ;Sul;Colisão Transversal;1;;1;;;;;;;;3;;;;
05/11/2013;15:12:00;731;sem vítima;114;BR-040/RJ;Norte;Colisão Traseira;1;;;;;1;;;;;2;;;;
06/11/2013;14:42:00;877;com vítima;1;BR-040/RJ;Sul;Choque - Objeto Fixo;1;;;;;;;;;;0;1;;;
06/11/2013;10:45:00;849;sem vítima;6;BR-040/RJ;Norte;Capotamento;1;;;;;;;;;;1;;;;
06/11/2013;16:17:00;892;com vítima;14;BR-040/RJ;Norte;Colisão Traseira;1;;1;;;;;;;;1;2;;;
06/11/2013;09:48:00;842;com vítima;18;BR-040/RJ;Sul;Choque - Objeto Fixo;1;;;;;;;;;;0;2;;;
06/11/2013;16:02:00;890;sem vítima;26;BR-040/RJ;Norte;Colisão Traseira;1;;;;;1;;;;;2;;;;
06/11/2013;06:28:00;816;com vítima;31;BR-040/RJ;Norte;Capotamento;1;;;;;;;;;;0;4;;;
06/11/2013;11:39:00;856;sem vítima;31;BR-040/RJ;Norte;Capotamento;1;;;;;;;;;;1;;;;
06/11/2013;06:54:00;819;com vítima;34;BR-040/RJ;Norte;Choque - Objeto Fixo;1;;;;;;;;;;0;5;;;
06/11/2013;10:52:00;852;sem vítima;34;BR-040/RJ;Sul;Choque - Objeto Fixo;1;;;;;;;;;;1;;;;
06/11/2013;14:19:00;873;com vítima;34;BR-040/RJ;Norte;Choque - Objeto Fixo;1;;;;;;;;;;0;1;;;
06/11/2013;09:09:00;836;sem vítima;43;BR-040/RJ;Sul;Choque - Objeto Fixo;1;;;;;;;;;;1;;;;
06/11/2013;09:47:00;841;sem vítima;52;BR-040/RJ;Norte;Choque - Objeto Fixo;1;;;;;;;;;;1;;;;
06/11/2013;08:50:00;831;com vítima;53;BR-040/RJ;Sul;Choque - Objeto Fixo;1;;;;;;;;;;0;1;;;
06/11/2013;16:21:00;895;sem vítima;72;BR-040/RJ;Sul;Choque - Objeto Fixo;1;;;;;;;;;;1;;;;
06/11/2013;15:01:00;881;sem vítima;82;BR-040/RJ;Sul;Choque - Objeto Fixo;1;;;;;;;;;;1;;;;
06/11/2013;18:22:00;917;sem vítima;82;BR-040/RJ;Sul;Choque - Objeto Fixo;1;;;;;;;;;;1;;;;
06/11/2013;10:45:00;851;sem vítima;85;BR-040/RJ;Norte;Choque - Objeto Fixo;1;;;;;;;;;;1;;;;
06/11/2013;17:36:00;907;com vítima;86;BR-040/RJ;Sul;Tombamento;;;2;;;;;;;;1;;1;;
06/11/2013;09:53:00;843;com vítima;92;BR-040/RJ;Sul;Capotamento;1;;;;;;;;;;0;1;;;
06/11/2013;15:00:00;880;com vítima;92;BR-040/RJ;Sul;Choque - Objeto Fixo;1;;;;;;;;;;0;2;;;
06/11/2013;17:54:00;911;sem vítima;92;BR-040/RJ;Norte;Choque - Objeto Fixo;1;;;;;;;;;;1;;;;
06/11/2013;10:00:00;845;com vítima;94;BR-040/RJ;Sul;Choque - Objeto Fixo;1;;;;;;;;;;0;2;;;
06/11/2013;12:34:00;859;sem vítima;96;BR-040/RJ;Sul;Choque - Objeto Fixo;1;;;;;;;;;;1;;;;
06/11/2013;16:55:00;899;sem vítima;96;BR-040/RJ;Norte;Tombamento;;;2;;;;;;;;2;;;;
06/11/2013;23:56:00;959;sem vítima;104;BR-040/RJ;Norte;Choque - Objeto Fixo;;;1;;;;;;;;1;;;;
06/11/2013;08:36:00;828;sem vítima;105;BR-040/RJ;Norte;Colisão Frontal;1;;;;;1;;;;;2;;;;
06/11/2013;10:04:00;846;sem vítima;105;BR-040/RJ;Norte;Colisão Lateral;1;;;1;;;;;;;2;;;;
06/11/2013;06:51:00;818;com vítima;109;BR-040/RJ;Sul;Colisão Traseira;2;;1;;;;;;;;2;1;;;
06/11/2013;13:54:00;869;com vítima;112;BR-040/RJ;Norte;Colisão Traseira;;;;;2;;;;;;1;;1;;
06/11/2013;22:05:00;944;sem vítima;112;BR-040/RJ;Sul;Colisão Lateral;2;;;;;;;;;;2;;;;
06/11/2013;18:15:00;914;sem vítima;116;BR-040/RJ;Norte;Engavetamento;2;;;;;1;;;;;3;;;;
06/11/2013;14:19:00;874;sem vítima;117;BR-040/RJ;Sul;Colisão Traseira;1;;;;1;;;;;;2;;;;
06/11/2013;13:41:00;867;com vítima;781;BR-040/MG;Sul;Choque - Objeto Fixo;1;;;;;;;;;;0;;1;;
06/11/2013;02:16:00;801;com vítima;799;BR-040/MG;Norte;Colisão Traseira;;;2;;;;;;;;1;1;;;
06/11/2013;07:01:00;820;sem vítima;121;BR-040/RJ;Norte;Colisão Transversal;1;;1;;;;;;;;2;;;;
06/11/2013;18:19:00;916;sem vítima;121;BR-040/RJ;Sul;Engavetamento;2;;1;;;;;;;;3;;;;
06/11/2013;16:26:00;894;sem vítima;124;BR-040/RJ;Sul;Colisão Traseira;1;;1;;;;;;;;2;;;;
07/11/2013;17:58:00;1105;com vítima;0;BR-040/RJ;Sul;Choque - Objeto Fixo;1;;;;;;;;;;0;3;;;
07/11/2013;14:28:00;1058;sem vítima;22;BR-040/RJ;Sul;Capotamento;1;;;;;;;;;;1;;;;
07/11/2013;22:26:00;1149;sem vítima;47;BR-040/RJ;Sul;Choque - Objeto Fixo;1;;;;;;;;;;1;;;;
07/11/2013;10:25:00;1027;sem vítima;82;BR-040/RJ;Sul;Choque - Objeto Fixo;1;;;;;;;;;;1;;;;
07/11/2013;10:17:00;1026;com vítima;86;BR-040/RJ;Norte;Capotamento;1;;;;;;;;;;0;1;;;
07/11/2013;15:16:00;1070;sem vítima;93;BR-040/RJ;Sul;Choque - Objeto Fixo;1;;;;;;;;;;1;;;;
07/11/2013;01:50:00;966;com vítima;110;BR-040/RJ;Sul;Colisão Traseira;1;;1;;;;;;;;1;1;;;
07/11/2013;10:15:00;1024;com vítima;114;BR-040/RJ;Norte;Choque - Objeto Fixo;1;;;;;;;;;;0;;1;;
07/11/2013;13:17:00;1048;sem vítima;117;BR-040/RJ;Norte;Colisão Lateral;2;;1;;;;;;;;3;;;;
07/11/2013;14:38:00;1061;sem vítima;780;BR-040/MG;Norte;Choque - Objeto Fixo;1;;;;;;;;;;1;;;;
07/11/2013;11:33:00;1035;com vítima;784;BR-040/MG;Norte;Capotamento;1;;;;;;;;;;0;1;;;
07/11/2013;09:16:00;1009;sem vítima;801;BR-040/MG;Sul;Choque - Objeto Fixo;1;;;;;;;;;;1;;;;
07/11/2013;04:48:00;983;sem vítima;119;BR-040/RJ;Sul;Choque - Objeto Fixo;1;;;;;;;;;;1;;;;
08/11/2013;19:45:00;1295;sem vítima;18;BR-040/RJ;Norte;Choque - Objeto Fixo;1;;;;;;;;;;1;;;;
08/11/2013;21:30:00;1318;sem vítima;74;BR-040/RJ;Sul;Colisão Lateral;;;2;;;;;;;;2;;;;
08/11/2013;06:40:00;1180;com vítima;87;BR-040/RJ;Sul;Capotamento;1;;;;;;;;;;0;1;;;
08/11/2013;20:35:00;1308;sem vítima;95;BR-040/RJ;Norte;Choque - Objeto Fixo;1;;;;;;;;;;1;;;;
08/11/2013;13:12:00;1224;sem vítima;109;BR-040/RJ;Norte;Colisão Lateral;1;;1;;;;;;;;2;;;;
08/11/2013;15:27:00;1249;sem vítima;109;BR-040/RJ;Norte;Colisão Traseira;1;;;;;1;;;;;2;;;;
08/11/2013;20:26:00;1305;sem vítima;109;BR-040/RJ;Norte;Choque - Objeto Fixo;1;;;;;;;;;;1;;;;
08/11/2013;12:37:00;1222;sem vítima;111;BR-040/RJ;Norte;Colisão Traseira;2;;;;;;;;;;2;;;;
08/11/2013;05:26:00;1174;com vítima;117;BR-040/RJ;Norte;Choque - Objeto Fixo;1;;;;;;;;;;0;1;;;
08/11/2013;00:35:00;1156;sem vítima;123;BR-040/RJ;Norte;Choque - Objeto Fixo;1;;;;;;;;;;1;;;;
09/11/2013;04:57:00;1363;sem vítima;76;BR-040/RJ;Sul;Colisão Traseira;1;;1;;;;;;;;2;;;;
09/11/2013;13:54:00;1420;sem vítima;76;BR-040/RJ;Sul;Choque - Objeto Fixo;1;;;;;;;;;;1;;;;
09/11/2013;22:23:00;1483;com vítima;105;BR-040/RJ;Norte;Queda de Moto;;;;1;;;;;;;0;2;;;
09/11/2013;17:12:00;1450;com vítima;110;BR-040/RJ;Sul;Colisão Traseira;1;;1;;;;;;;;1;;1;;
09/11/2013;12:57:00;1415;com vítima;114;BR-040/RJ;Sul;Queda de Moto;;;;1;;;;;;;0;;2;;
09/11/2013;02:27:00;1354;sem vítima;117;BR-040/RJ;Sul;Queda de Moto;;;;1;;;;;;;1;;;;
09/11/2013;08:39:00;1381;sem vítima;123;BR-040/RJ;Sul;Colisão Lateral;1;;1;;;;;;;;2;;;;
09/11/2013;18:15:00;1455;sem vítima;123;BR-040/RJ;Norte;Colisão Traseira;1;;;;1;;;;;;2;;;;
09/11/2013;11:59:00;1403;com vítima;124;BR-040/RJ;Norte;Engavetamento;3;;;;;1;;;;;4;1;;;
10/11/2013;07:38:00;1522;sem vítima;25;BR-040/RJ;Sul;Choque - Objeto Fixo;1;;;;;;;;;;1;;;;
10/11/2013;09:47:00;1531;com vítima;53;BR-040/RJ;Sul;Queda de Moto;;;;1;;;;;;;0;;1;;
10/11/2013;08:54:00;1527;sem vítima;84;BR-040/RJ;Sul;Choque - Objeto Fixo;1;;;;;;;;;;2;;;;
10/11/2013;17:52:00;1602;sem vítima;89;BR-040/RJ;Norte;Queda de Moto;;;;1;;;;;;;1;;;;
10/11/2013;18:23:00;1608;sem vítima;99;BR-040/RJ;Norte;Choque - Objeto Fixo;1;;;;;;;;;;1;;;;
10/11/2013;22:47:00;1650;com vítima;782;BR-040/MG;Sul;Atropelamento - Pedestre;;;;;;1;;;;;1;;;;1
11/11/2013;16:14:00;1767;sem vítima;44;BR-040/RJ;Norte;Choque - Objeto Fixo;1;;;;;;;;;;1;;;;
11/11/2013;06:35:00;1681;sem vítima;78;BR-040/RJ;Sul;Choque - Objeto Fixo;1;;;;;;;;;;2;;;;
11/11/2013;15:31:00;1756;sem vítima;89;BR-040/RJ;Norte;Colisão Traseira;2;;;;;;;;;;2;;;;
11/11/2013;16:33:00;1772;sem vítima;92;BR-040/RJ;Norte;Engavetamento;;;1;;;2;;;;;3;;;;
11/11/2013;07:01:00;1687;com vítima;105;BR-040/RJ;Norte;Atropelamento - Pedestre;1;;;;;;;;;;1;;1;;
11/11/2013;18:10:00;1791;com vítima;110;BR-040/RJ;Norte;Engavetamento;4;;;;;;;;;;2;3;;;
11/11/2013;15:42:00;1759;com vítima;113;BR-040/RJ;Norte;Engavetamento;3;;;;;;;;;;1;3;;;
11/11/2013;21:02:00;1827;sem vítima;114;BR-040/RJ;Norte;Colisão Lateral;2;;;;;;;;;;2;;;;
11/11/2013;09:31:00;1701;sem vítima;123;BR-040/RJ;Sul;Colisão Traseira;;;1;;1;;;;;;2;;;;
11/11/2013;15:18:00;1750;sem vítima;124;BR-040/RJ;Sul;Colisão Traseira;2;;;;;;;;;;2;;;;
12/11/2013;11:28:00;1931;com vítima;3;BR-040/RJ;Norte;Queda de Moto;;;;1;;;;;;;0;1;;;
12/11/2013;00:37:00;1847;sem vítima;39;BR-040/RJ;Norte;Choque - Objeto Fixo;1;;;;;;;;;;1;;;;
12/11/2013;20:13:00;2043;sem vítima;97;BR-040/RJ;Norte;Colisão Lateral;1;;;;;1;;;;;2;;;;
12/11/2013;16:00:00;1980;com vítima;98;BR-040/RJ;Sul;Colisão Traseira;1;;1;;;;;;;;1;;;3;1
12/11/2013;09:45:00;1914;sem vítima;101;BR-040/RJ;Norte;Tombamento;;;1;;;;;;;;1;;;;
12/11/2013;12:39:00;1942;sem vítima;113;BR-040/RJ;Norte;Engavetamento;3;;;;;;;;;;3;;;;
12/11/2013;09:28:00;1911;sem vítima;115;BR-040/RJ;Sul;Derrapagem;;;1;;;;;;;;1;;;;
12/11/2013;17:58:00;2017;sem vítima;775;BR-040/MG;Sul;Choque - Objeto Fixo;1;;;;;;;;;;1;;;;
12/11/2013;08:28:00;1898;com vítima;784;BR-040/MG;Norte;Colisão Traseira;;;2;;;;;;;;0;2;;;
12/11/2013;06:20:00;1873;sem vítima;123;BR-040/RJ;Sul;Colisão Lateral;1;;1;;;;;;;;2;;;;
13/11/2013;05:39:00;2077;sem vítima;92;BR-040/RJ;Sul;Choque - Objeto Fixo;1;;;;;;;;;;1;;;;
13/11/2013;06:51:00;2084;sem vítima;120;BR-040/RJ;Sul;Colisão Lateral;1;;;1;;;;;;;3;;;;
13/11/2013;16:41:00;2149;sem vítima;121;BR-040/RJ;Norte;Colisão Lateral;1;;1;;;;;;;;2;;;;
13/11/2013;10:11:00;2103;sem vítima;122;BR-040/RJ;Sul;Colisão Lateral;1;;;2;;;;;;;3;;;;
14/11/2013;05:36:00;2223;com vítima;39;BR-040/RJ;Norte;Colisão Traseira;;;2;;;;;;;;1;;;1;
14/11/2013;05:38:00;2224;sem vítima;39;BR-040/RJ;Norte;Choque - Objeto Fixo;1;;;;;;;;;;1;;;;
14/11/2013;15:10:00;2292;sem vítima;84;BR-040/RJ;Sul;Choque - Objeto Fixo;;;1;;;;;;;;1;;;;
14/11/2013;06:02:00;2227;sem vítima;91;BR-040/RJ;Sul;Choque - Objeto Fixo;;;1;;;;;;;;1;;;;
14/11/2013;15:56:00;2305;com vítima;92;BR-040/RJ;Norte;Capotamento;1;;;;;;;;;;1;3;;;
14/11/2013;13:04:00;2281;sem vítima;101;BR-040/RJ;Sul;Colisão Traseira;1;;1;;;;;;;;5;;;;
14/11/2013;08:10:00;2245;sem vítima;110;BR-040/RJ;Norte;Choque - Objeto Fixo;;;;;1;;;;;;1;;;;
14/11/2013;07:03:00;2239;sem vítima;112;BR-040/RJ;Sul;Engavetamento;3;;;;;;;;;;3;;;;
14/11/2013;20:57:00;2362;sem vítima;116;BR-040/RJ;Sul;Engavetamento;3;;;;;1;;;;;4;;;;
15/11/2013;18:35:00;2547;com vítima;21;BR-040/RJ;Norte;Tombamento;;;1;;;;;;;;0;;1;;
15/11/2013;17:42:00;2539;sem vítima;59;BR-040/RJ;Sul;Colisão Traseira;2;;;;;;;;;;2;;;;
15/11/2013;10:55:00;2470;com vítima;77;BR-040/RJ;Sul;Capotamento;1;;;;;;;;;;1;1;2;;
15/11/2013;09:34:00;2454;sem vítima;78;BR-040/RJ;Sul;Choque - Objeto Fixo;2;;;;;;;;;;2;;;;