data;horario;n_da_ocorrencia;tipo_de_ocorrencia;km;trecho;sentido;tipo_de_acidente;automovel;bicicleta;caminhao;moto;onibus;outros;tracao_animal;transporte_de_cargas_especiais;trator_maquinas;utilitarios;ilesos;levemente_feridos;moderadamente_feridos;gravemente_feridos;mortos
28/11/2013;18:54:00;4622;sem vítima;119;BR-040/RJ;Norte;Colisão Traseira;1;;1;;;;;;;;2;;;;
28/11/2013;03:55:00;4495;sem vítima;121;BR-040/RJ;Sul;Choque - Objeto Fixo;1;;;;;;;;;;1;;;;
29/11/2013;13:38:00;4736;com vítima;105;BR-040/RJ;Sul;Choque - Objeto Fixo;1;;;;;;;;;;0;1;;;
29/11/2013;06:41:00;4679;com vítima;109;BR-040/RJ;Norte;Choque - Objeto Fixo;1;;;;;;;;;;0;2;;;
29/11/2013;11:15:00;4711;sem vítima;116;BR-040/RJ;Norte;Colisão Traseira;2;;;;;;;;;;2;;;;
29/11/2013;15:10:00;4751;sem vítima;122;BR-040/RJ;Sul;Colisão Traseira;2;;;;;;;;;;2;;;;
30/11/2013;20:55:00;5035;com vítima;3;BR-040/RJ;Norte;Choque - Objeto Fixo;1;;;;;;;;;;0;1;;;
30/11/2013;06:17:00;4895;sem vítima;10;BR-040/RJ;Norte;Choque - Objeto Fixo;1;;;;;;;;;;1;;;;
30/11/2013;06:37:00;4898;sem vítima;25;BR-040/RJ;Norte;Choque - Objeto Fixo;1;;;;;;;;;;1;;;;
30/11/2013;16:40:00;5017;sem vítima;30;BR-040/RJ;Norte;Choque - Objeto Fixo;1;;;;;;;;;;1;;;;
30/11/2013;06:32:00;4897;com vítima;31;BR-040/RJ;Norte;Choque - Objeto Fixo;1;;;;;;;;;;0;1;1;;
30/11/2013;16:30:00;5018;sem vítima;31;BR-040/RJ;Norte;Choque - Objeto Fixo;1;;;;;;;;;;1;;;;
30/11/2013;15:05:00;4979;com vítima;34;BR-040/RJ;Sul;Tombamento;1;;;;;;;;;;0;1;;;
30/11/2013;05:13:00;4888;sem vítima;78;BR-040/RJ;Sul;Choque - Objeto Fixo;1;;;;;;;;;;1;;;;
30/11/2013;05:14:00;4889;sem vítima;80;BR-040/RJ;Sul;Choque - Objeto Fixo;;;;1;;;;;;;1;;;;
30/11/2013;21:28:00;5038;sem vítima;84;BR-040/RJ;Norte;Choque - Objeto Fixo;1;;;;;;;;;;1;;;;
30/11/2013;15:43:00;4989;sem vítima;86;BR-040/RJ;Sul;Colisão Traseira;1;;;;;1;;;;;2;;;;
30/11/2013;17:00:00;5005;sem vítima;90;BR-040/RJ;Norte;Choque - Objeto Fixo;1;;;;;;;;;;1;;;;
30/11/2013;17:51:00;5010;sem vítima;91;BR-040/RJ;Norte;Choque - Objeto Fixo;1;;;;;;;;;;1;;;;
30/11/2013;12:35:00;4955;sem vítima;104;BR-040/RJ;Norte;Choque - Objeto Fixo;1;;;;;;;;;;1;;;;
30/11/2013;04:18:00;4881;sem vítima;105;BR-040/RJ;Norte;Choque - Objeto Fixo;1;;;;;;;;;;1;;;;
30/11/2013;04:38:00;4885;com vítima;109;BR-040/RJ;Sul;Choque - Objeto Fixo;3;;;;;;;;;;2;1;;;
30/11/2013;04:22:00;4882;com vítima;114;BR-040/RJ;Sul;Choque - Objeto Fixo;2;;;;;;;;;;1;2;;;
30/11/2013;04:02:00;4879;sem vítima;115;BR-040/RJ;Sul;Choque - Objeto Fixo;1;;;;;;;;;;1;;;;
30/11/2013;05:56:00;4893;sem vítima;115;BR-040/RJ;Sul;Choque - Objeto Fixo;1;;;;;;;;;;1;;;;
30/11/2013;15:50:00;4990;sem vítima;115;BR-040/RJ;Norte;Colisão Traseira;1;;1;;;;;;;;2;;;;
30/11/2013;19:22:00;5027;com vítima;775;BR-040/MG;Norte;Choque - Objeto Fixo;1;;;;;;;;;;0;1;;;
30/11/2013;15:39:00;4988;com vítima;776;BR-040/MG;Sul;Capotamento;1;;;;;;;;;;0;;;1;
30/11/2013;14:33:00;4968;com vítima;118;BR-040/RJ;Sul;Queda de Moto;;;;1;;;;;;;0;1;;;
30/11/2013;16:05:00;4992;sem vítima;118;BR-040/RJ;Norte;Colisão Traseira;2;;;;;;;;;;2;;;;
30/11/2013;18:01:00;5014;sem vítima;800;BR-040/MG;Sul;Queda de Moto;;;;1;;;;;;;1;;;;
30/11/2013;06:55:00;4901;com vítima;815;BR-040/MG;Norte;Choque - Objeto Fixo;1;;;;;;;;;;0;1;;;
30/11/2013;10:33:00;4933;com vítima;815;BR-040/MG;Sul;Colisão Traseira;2;;;;;;;;;;0;2;;;
30/11/2013;07:39:00;4907;com vítima;816;BR-040/MG;Norte;Colisão Traseira;1;;;1;;;;;;;1;1;;;
30/11/2013;16:35:00;4999;sem vítima;120;BR-040/RJ;Norte;Colisão Traseira;1;;;;;1;;;;;2;;;;
01/12/2013;16:50:00;115;sem vítima;2;BR-040/RJ;Sul;Choque - Objeto Fixo;1;;;;;;;;;;1;;;;
01/12/2013;19:30:00;144;sem vítima;11;BR-040/RJ;Norte;Choque - Objeto Fixo;1;;;;;;;;;;1;;;;
01/12/2013;16:29:00;110;sem vítima;35;BR-040/RJ;Norte;Choque - Objeto Fixo;1;;;;;;;;;;1;;;;
01/12/2013;01:46:00;12;com vítima;45;BR-040/RJ;Sul;Choque - Objeto Fixo;1;;;;;;;;;;0;1;;;
01/12/2013;09:54:00;55;com vítima;52;BR-040/RJ;Norte;Choque - Objeto Fixo;1;;;;;;;;;;0;1;;;
01/12/2013;15:43:00;102;sem vítima;69;BR-040/RJ;Norte;Choque - Objeto Fixo;1;;;;;;;;;;1;;;;
01/12/2013;13:54:00;80;com vítima;73;BR-040/RJ;Sul;Choque - Objeto Fixo;1;;;;;;;;;;0;3;;;
01/12/2013;19:26:00;143;sem vítima;75;BR-040/RJ;Sul;Derrapagem;1;;;;;;;;;;1;;;;
01/12/2013;10:43:00;62;sem vítima;77;BR-040/RJ;Sul;Choque - Objeto Fixo;1;;;;;;;;;;1;;;;
01/12/2013;11:18:00;64;sem vítima;78;BR-040/RJ;Sul;Choque - Objeto Fixo;1;;;;;;;;;;1;;;;
01/12/2013;20:34:00;155;sem vítima;78;BR-040/RJ;Sul;Choque - Objeto Fixo;1;;;;;;;;;;1;;;;
01/12/2013;12:08:00;72;sem vítima;79;BR-040/RJ;Sul;Choque - Objeto Fixo;1;;;;;;;;;;1;;;;
01/12/2013;17:03:00;120;sem vítima;82;BR-040/RJ;Sul;Choque - Objeto Fixo;1;;;;;;;;;;1;;;;
01/12/2013;15:27:00;100;com vítima;84;BR-040/RJ;Norte;Choque - Objeto Fixo;1;;;;;;;;;;0;1;1;;
01/12/2013;18:46:00;133;com vítima;84;BR-040/RJ;Sul;Choque - Objeto Fixo;1;;;;;;;;;;0;4;;;
01/12/2013;10:28:00;60;sem vítima;85;BR-040/RJ;Norte;Choque - Objeto Fixo;1;;;;;;;;;;1;;;;
01/12/2013;20:32:00;152;sem vítima;91;BR-040/RJ;Sul;Derrapagem;1;;;;;;;;;;1;;;;
01/12/2013;07:51:00;34;com vítima;92;BR-040/RJ;Sul;Choque - Objeto Fixo;1;;;;;;;;;;0;1;;;
01/12/2013;12:05:00;71;sem vítima;92;BR-040/RJ;Sul;Derrapagem;1;;;;;;;;;;1;;;;
01/12/2013;16:41:00;113;sem vítima;92;BR-040/RJ;Norte;Choque - Objeto Fixo;1;;;;;;;;;;1;;;;
01/12/2013;09:51:00;54;com vítima;94;BR-040/RJ;Sul;Capotamento;1;;;;;;;;;;0;3;2;;
01/12/2013;13:05:00;75;sem vítima;94;BR-040/RJ;Sul;Choque - Objeto Fixo;1;;;;;;;;;;1;;;;
01/12/2013;13:05:00;76;sem vítima;94;BR-040/RJ;Sul;Choque - Objeto Fixo;1;;;;;;;;;;1;;;;
01/12/2013;18:52:00;136;com vítima;94;BR-040/RJ;Sul;Capotamento;1;;;;;;;;;;0;3;2;;
01/12/2013;20:20:00;151;sem vítima;95;BR-040/RJ;Sul;Choque - Objeto Fixo;1;;;;;;;;;;1;;;;
01/12/2013;22:05:00;160;sem vítima;117;BR-040/RJ;Norte;Choque - Objeto Fixo;1;;;;;;;;;;1;;;;
01/12/2013;17:57:00;126;sem vítima;782;BR-040/MG;Norte;Choque - Objeto Fixo;1;;;;;;;;;;1;;;;
01/12/2013;10:17:00;57;com vítima;118;BR-040/RJ;Sul;Tombamento;;;1;;;;;;;;0;2;;;
01/12/2013;15:04:00;92;com vítima;804;BR-040/MG;Sul;Colisão Traseira;2;;;;;;;;;;0;7;1;;1
01/12/2013;09:12:00;44;com vítima;805;BR-040/MG;Sul;Capotamento;1;;;;;;;;;;0;3;;;
01/12/2013;14:58:00;90;sem vítima;805;BR-040/MG;Sul;Choque - Objeto Fixo;1;;;;;;;;;;1;;;;
01/12/2013;06:49:00;29;com vítima;119;BR-040/RJ;Sul;Colisão Lateral;1;;;;1;;;;;;1;1;;;
01/12/2013;06:29:00;27;sem vítima;123;BR-040/RJ;Norte;Choque - Objeto Fixo;1;;;;;;;;;;1;;;;
01/12/2013;08:46:00;41;sem vítima;124;BR-040/RJ;Norte;Colisão Traseira;2;;;;;;;;;;2;;;;
02/12/2013;15:34:00;270;sem vítima;31;BR-040/RJ;Norte;Choque - Objeto Fixo;1;;;;;;;;;;1;;;;
02/12/2013;16:44:00;282;com vítima;34;BR-040/RJ;Norte;Choque - Objeto Fixo;1;;;;;;;;;;0;2;;;
02/12/2013;20:03:00;316;sem vítima;52;BR-040/RJ;Norte;Choque - Objeto Fixo;1;;;;;;;;;;1;;;;
02/12/2013;15:43:00;272;sem vítima;65;BR-040/RJ;Sul;Choque - Objeto Fixo;1;;;;;;;;;;1;;;;
02/12/2013;07:43:00;202;com vítima;74;BR-040/RJ;Norte;Capotamento;1;;;;;;;;;;0;2;;;
02/12/2013;10:35:00;228;sem vítima;84;BR-040/RJ;Norte;Choque - Objeto Fixo;1;;;;;;;;;;1;;;;
02/12/2013;17:38:00;293;sem vítima;85;BR-040/RJ;Sul;Choque - Objeto Fixo;1;;;;;;;;;;1;;;;
02/12/2013;07:09:00;196;sem vítima;92;BR-040/RJ;Norte;Colisão Lateral;1;;1;;;;;;;;2;;;;
02/12/2013;07:10:00;197;sem vítima;92;BR-040/RJ;Norte;Choque - Objeto Fixo;1;;;;;;;;;;1;;;;
02/12/2013;12:00:00;238;sem vítima;92;BR-040/RJ;Norte;Colisão Lateral;1;;1;;;;;;;;2;;;;
02/12/2013;13:05:00;250;sem vítima;92;BR-040/RJ;Norte;Colisão Lateral;1;;1;;;;;;;;2;;;;
02/12/2013;06:47:00;191;com vítima;93;BR-040/RJ;Norte;Queda de Moto;;;;1;;;;;;;0;1;;;
02/12/2013;09:53:00;224;com vítima;93;BR-040/RJ;Norte;Queda de Moto;;;;1;;;;;;;0;1;;;
02/12/2013;11:24:00;232;sem vítima;104;BR-040/RJ;Sul;Colisão Lateral;1;;1;;;;;;;;2;;;;
02/12/2013;12:23:00;243;sem vítima;777;BR-040/MG;Sul;Colisão Traseira;1;;1;;;;;;;;2;;;;
02/12/2013;11:49:00;236;com vítima;118;BR-040/RJ;Norte;Choque - Objeto Fixo;1;;;1;;1;;;;;2;2;;;
02/12/2013;11:30:00;235;com vítima;815;BR-040/MG;Norte;Capotamento;1;;;;;;;;;;0;2;;;
02/12/2013;17:38:00;295;sem vítima;119;BR-040/RJ;Norte;Colisão Lateral;1;;1;;;;;;;;2;;;;
02/12/2013;09:09:00;215;sem vítima;120;BR-040/RJ;Norte;Tombamento;1;;;;;;;;;;1;;;;
03/12/2013;07:24:00;352;sem vítima;84;BR-040/RJ;Norte;Choque - Objeto Fixo;1;;;;;;;;;;1;;;;
03/12/2013;15:18:00;423;com vítima;91;BR-040/RJ;Norte;Choque - Objeto Fixo;1;;;;;;;;;;0;3;;;
03/12/2013;14:29:00;411;com vítima;92;BR-040/RJ;Sul;Capotamento;1;;;;;;;;;;0;1;;;
03/12/2013;15:23:00;426;sem vítima;94;BR-040/RJ;Sul;Choque - Objeto Fixo;1;;;;;;;;;;1;;;;
03/12/2013;03:00:00;335;sem vítima;101;BR-040/RJ;Norte;Choque - Objeto Fixo;1;;;;;;;;;;1;;;;
04/12/2013;22:26:00;670;sem vítima;61;BR-040/RJ;Norte;Colisão Traseira;1;;1;;;;;;;;2;;;;
04/12/2013;09:32:00;560;com vítima;86;BR-040/RJ;Sul;Capotamento;1;;;;;;;;;;0;;1;;
04/12/2013;11:59:00;575;sem vítima;89;BR-040/RJ;Sul;Choque - Objeto Fixo;;;1;;;;;;;;1;;;;
04/12/2013;15:03:00;599;com vítima;93;BR-040/RJ;Norte;Choque - Objeto Fixo;1;;;;;;;;;;0;1;;;
04/12/2013;17:06:00;628;sem vítima;109;BR-040/RJ;Norte;Colisão Traseira;1;;1;;;;;;;;2;;;;
04/12/2013;17:33:00;634;sem vítima;109;BR-040/RJ;Norte;Colisão Lateral;1;;1;;;;;;;;2;;;;
04/12/2013;13:29:00;584;com vítima;111;BR-040/RJ;Sul;Colisão Traseira;1;;;;1;;;;;;1;1;;;
04/12/2013;18:05:00;640;sem vítima;112;BR-040/RJ;Norte;Colisão Traseira;;;1;1;;;;;;;2;;;;
04/12/2013;16:43:00;625;sem vítima;119;BR-040/RJ;Norte;Colisão Traseira;1;;1;;;;;;;;2;;;;
04/12/2013;07:37:00;545;sem vítima;121;BR-040/RJ;Sul;Colisão Lateral;1;;1;;;;;;;;2;;;;
04/12/2013;15:50:00;613;com vítima;123;BR-040/RJ;Norte;Queda de Moto;;;;1;;;;;;;0;2;;;
05/12/2013;05:30:00;696;sem vítima;84;BR-040/RJ;Sul;Choque - Objeto Fixo;1;;;;;;;;;;1;;;;
05/12/2013;17:05:00;800;sem vítima;93;BR-040/RJ;Sul;Colisão Traseira;1;;1;;;;;;;;2;;;;
05/12/2013;05:10:00;693;com vítima;102;BR-040/RJ;Sul;Capotamento;1;;;;;;;;;;0;4;;;
05/12/2013;15:55:00;784;sem vítima;110;BR-040/RJ;Norte;Engavetamento;3;;;;;;;;;;3;;;;
05/12/2013;12:50:00;739;sem vítima;111;BR-040/RJ;Norte;Colisão Lateral;2;;;;;;;;;;2;;;;
05/12/2013;19:04:00;823;sem vítima;801;BR-040/MG;Sul;Colisão Traseira;2;;;;;;;;;;2;;;;
05/12/2013;17:47:00;809;sem vítima;822;BR-040/MG;Norte;Choque - Objeto Fixo;1;;;;;;;;;;1;;;;
05/12/2013;04:26:00;692;com vítima;119;BR-040/RJ;Norte;Choque - Objeto Fixo;1;;;;;1;;;;;1;;1;;
05/12/2013;03:08:00;688;sem vítima;120;BR-040/RJ;Sul;Choque - Objeto Fixo;;;;;;1;;;;;1;;;;
05/12/2013;11:09:00;728;com vítima;122;BR-040/RJ;Norte;Choque - Objeto Fixo;;;1;;1;;;;;;1;2;;;
05/12/2013;08:15:00;707;sem vítima;124;BR-040/RJ;Sul;Engavetamento;1;;2;;;;;;;;3;;;;
06/12/2013;15:45:00;997;com vítima;25;BR-040/RJ;Norte;Choque - Objeto Fixo;1;;;;;;;;;;0;2;;;
06/12/2013;14:04:00;978;sem vítima;51;BR-040/RJ;Sul;Colisão Transversal;1;;1;;;;;;;;3;;;;
06/12/2013;16:10:00;1001;sem vítima;65;BR-040/RJ;Norte;Colisão Lateral;1;;;;;1;;;;;2;;;;
06/12/2013;06:52:00;912;sem vítima;69;BR-040/RJ;Norte;Choque - Objeto Fixo;1;;;;;;;;;;1;;;;
06/12/2013;23:30:00;1068;com vítima;75;BR-040/RJ;Norte;Choque - Objeto Fixo;1;;;;;;;;;;0;;1;;
06/12/2013;18:55:00;1037;com vítima;100;BR-040/RJ;Norte;Capotamento;1;;;;;;;;;;0;1;;;
06/12/2013;00:00:00;875;sem vítima;105;BR-040/RJ;Sul;Colisão Lateral;;;2;;;;;;;;2;;;;
06/12/2013;06:19:00;910;sem vítima;109;BR-040/RJ;Sul;Colisão Traseira;1;;;;1;;;;;;2;;;;
06/12/2013;18:44:00;1035;sem vítima;109;BR-040/RJ;Norte;Colisão Traseira;1;;;;;1;;;;;2;;;;
06/12/2013;16:35:00;1004;sem vítima;110;BR-040/RJ;Sul;Colisão Lateral;1;;1;;;;;;;;2;;;;
06/12/2013;23:58:00;1069;com vítima;113;BR-040/RJ;Sul;Colisão Lateral;2;;;;;;;;;;0;3;;;
06/12/2013;20:00:00;1044;sem vítima;119;BR-040/RJ;Norte;Engavetamento;1;;2;;;;;;;;3;;;;
06/12/2013;08:29:00;930;sem vítima;123;BR-040/RJ;Norte;Colisão Traseira;1;;;;;1;;;;;2;;;;
07/12/2013;03:57:00;1085;sem vítima;41;BR-040/RJ;Sul;Atropelamento - Animal;1;;;;;;;;;;1;;;;
07/12/2013;20:25:00;1212;sem vítima;83;BR-040/RJ;Sul;Choque - Objeto Fixo;1;;;;;;;;;;1;;;;
07/12/2013;17:42:00;1192;com vítima;84;BR-040/RJ;Norte;Choque - Objeto Fixo;1;;;;;;;;;;0;1;;;
07/12/2013;09:34:00;1115;sem vítima;89;BR-040/RJ;Norte;Choque - Objeto Fixo;1;;;;;;;;;;1;;;;
07/12/2013;02:02:00;1081;sem vítima;101;BR-040/RJ;Norte;Choque - Objeto Fixo;1;;;;;;;;;;1;;;;
07/12/2013;11:27:00;1128;sem vítima;104;BR-040/RJ;Sul;Colisão Traseira;2;;;;;;;;;;2;;;;
07/12/2013;12:12:00;1135;sem vítima;109;BR-040/RJ;Norte;Colisão Traseira;1;;;1;;;;;;;2;;;;
07/12/2013;01:25:00;1077;sem vítima;111;BR-040/RJ;Norte;Choque - Objeto Fixo;1;;;;;;;;;;1;;;;
07/12/2013;09:19:00;1110;com vítima;112;BR-040/RJ;Norte;Capotamento;1;;;;;;;;;;0;1;;;
07/12/2013;18:19:00;1199;com vítima;112;BR-040/RJ;Sul;Engavetamento;3;;;1;;;;;;;3;;1;;
07/12/2013;15:42:00;1165;sem vítima;119;BR-040/RJ;Norte;Engavetamento;1;;;;;2;;;;;3;;;;
08/12/2013;03:24:00;1252;com vítima;66;BR-040/RJ;Sul;Tombamento;;;1;;;;;;;;0;1;;;
08/12/2013;07:35:00;1269;sem vítima;75;BR-040/RJ;Sul;Choque - Objeto Fixo;1;;;;;;;;;;1;;;;
08/12/2013;09:25:00;1273;sem vítima;81;BR-040/RJ;Norte;Colisão Traseira;2;;;;;;;;;;2;;;;
08/12/2013;14:00:00;1303;sem vítima;84;BR-040/RJ;Sul;Choque - Objeto Fixo;1;;;;;;;;;;1;;;;
08/12/2013;17:05:00;1331;com vítima;87;BR-040/RJ;Sul;Choque - Objeto Fixo;1;;;;;;;;;;0;2;;;
08/12/2013;17:58:00;1338;com vítima;95;BR-040/RJ;Sul;Colisão Lateral;2;;;;;;;;;;1;2;;;
08/12/2013;12:48:00;1292;com vítima;117;BR-040/RJ;Sul;Colisão Lateral;1;;;;;;;;;;0;1;;;
08/12/2013;05:12:00;1261;sem vítima;124;BR-040/RJ;Sul;Colisão Traseira;1;;;;;1;;;;;2;;;;
08/12/2013;05:41:00;1264;com vítima;124;BR-040/RJ;Norte;Colisão Traseira;;;;1;1;;;;;;1;;;1;
09/12/2013;18:33:00;1532;com vítima;39;BR-040/RJ;Sul;Queda de Moto;;;;1;;;;;;;0;;2;;
09/12/2013;07:35:00;1422;sem vítima;77;BR-040/RJ;Sul;Colisão Traseira;2;;;;;;;;;;2;;;;
09/12/2013;19:22:00;1538;com vítima;92;BR-040/RJ;Norte;Choque - Objeto Fixo;1;;;;;;;;;;0;1;;;
09/12/2013;17:40:00;1521;com vítima;93;BR-040/RJ;Sul;Tombamento;;;1;;;;;;;;0;1;;;
09/12/2013;05:38:00;1413;com vítima;106;BR-040/RJ;Norte;Queda de Moto;;;;1;;;;;;;0;1;;;
09/12/2013;23:28:00;1568;sem vítima;112;BR-040/RJ;Norte;Queda de Moto;;;;1;;;;;;;1;;;;
09/12/2013;11:58:00;1463;sem vítima;116;BR-040/RJ;Norte;Queda de Moto;;;;1;;;;;;;1;;;;
09/12/2013;12:08:00;1465;com vítima;116;BR-040/RJ;Sul;Queda de Moto;;;;1;;;;;;;0;2;;;
09/12/2013;00:24:00;1396;sem vítima;122;BR-040/RJ;Sul;Choque - Objeto Fixo;1;;;;;;;;;;1;;;;
09/12/2013;09:14:00;1439;com vítima;122;BR-040/RJ;Sul;Queda de Moto;;;;1;;;;;;;0;2;;;
09/12/2013;22:33:00;1563;sem vítima;122;BR-040/RJ;Norte;Colisão Traseira;2;;;;;;;;;;2;;;;
10/12/2013;16:52:00;1679;com vítima;93;BR-040/RJ;Sul;Choque - Objeto Fixo;1;;;;;;;;;;0;2;;;
10/12/2013;12:10:00;1639;sem vítima;104;BR-040/RJ;Norte;Colisão Lateral;1;;1;;;;;;;;2;;;;
10/12/2013;19:02:00;1693;com vítima;105;BR-040/RJ;Norte;Choque - Objeto Fixo;1;;;;;;;;;;0;1;;;
10/12/2013;09:32:00;1608;sem vítima;108;BR-040/RJ;Norte;Engavetamento;2;;;;1;;;;;;3;;;;
10/12/2013;08:13:00;1603;sem vítima;109;BR-040/RJ;Norte;Colisão Lateral;1;;1;;;;;;;;2;;;;
10/12/2013;17:45:00;1683;com vítima;111;BR-040/RJ;Sul;Colisão Lateral;2;;;;;;;;;;1;;1;;
10/12/2013;05:55:00;1591;com vítima;114;BR-040/RJ;Sul;Capotamento;2;;;;;;;;;;1;3;;;
10/12/2013;21:34:00;1714;sem vítima;115;BR-040/RJ;Sul;Tombamento;;;1;;;;;;;;1;;;;
10/12/2013;18:28:00;1690;com vítima;116;BR-040/RJ;Norte;Colisão Lateral;1;;;1;;;;;;;1;1;;;
10/12/2013;17:16:00;1681;com vítima;117;BR-040/RJ;Norte;Atropelamento - Pedestre;;;;;;;;;;;0;;1;;
10/12/2013;19:55:00;1704;com vítima;785;BR-040/MG;Norte;Capotamento;1;;;;;;;;;;0;1;;;
10/12/2013;13:22:00;1645;sem vítima;123;BR-040/RJ;Sul;Colisão Lateral;1;;1;;;;;;;;2;;;;
11/12/2013;07:09:00;1746;com vítima;13;BR-040/RJ;Norte;Choque - Objeto Fixo;1;;;;;;;;;;0;1;;;
11/12/2013;12:37:00;1795;sem vítima;43;BR-040/RJ;Sul;Choque - Objeto Fixo;1;;;;;;;;;;1;;;;
11/12/2013;09:02:00;1767;com vítima;77;BR-040/RJ;Sul;Choque - Objeto Fixo;1;;;;;;;;;;1;2;1;;
11/12/2013;05:52:00;1738;com vítima;80;BR-040/RJ;Sul;Capotamento;1;;;;;;;;;;0;1;;;
11/12/2013;12:06:00;1789;sem vítima;91;BR-040/RJ;Norte;Choque - Objeto Fixo;1;;;;;;;;;;1;;;;
11/12/2013;08:11:00;1756;sem vítima;104;BR-040/RJ;Norte;Choque - Objeto Fixo;1;;;;;;;;;;1;;;;
11/12/2013;23:30:00;1868;sem vítima;110;BR-040/RJ;Norte;Choque - Objeto Fixo;1;;;;;;;;;;1;;;;
11/12/2013;23:06:00;1865;sem vítima;111;BR-040/RJ;Sul;Choque - Objeto Fixo;;;1;;;;;;;;1;;;;
11/12/2013;08:44:00;1763;com vítima;113;BR-040/RJ;Sul;Engavetamento;5;;1;;1;;;;;;5;3;1;;
11/12/2013;12:09:00;1790;sem vítima;113;BR-040/RJ;Norte;Choque - Objeto Fixo;1;;;;;;;;;;1;;;;
11/12/2013;12:09:00;1793;sem vítima;113;BR-040/RJ;Norte;Choque - Objeto Fixo;1;;;;;;;;;;1;;;;
11/12/2013;00:10:00;1724;sem vítima;114;BR-040/RJ;Sul;Choque - Objeto Fixo;1;;;;;;;;;;1;;;;
11/12/2013;10:30:00;1781;sem vítima;117;BR-040/RJ;Norte;Choque - Objeto Fixo;1;;;;;;;;;;1;;;;
11/12/2013;15:51:00;1824;com vítima;790;BR-040/MG;Sul;Choque - Objeto Fixo;1;;;;;;;;;;1;1;;;
11/12/2013;05:54:00;1739;com vítima;118;BR-040/RJ;Norte;Colisão Lateral;1;;1;;;;;;;;1;2;;;
11/12/2013;14:04:00;1808;sem vítima;118;BR-040/RJ;Sul;Colisão Lateral;1;;1;;;;;;;;2;;;;
11/12/2013;15:07:00;1814;sem vítima;809;BR-040/MG;Norte;Choque - Objeto Fixo;1;;;;;;;;;;1;;;;
11/12/2013;04:15:00;1730;sem vítima;124;BR-040/RJ;Norte;Choque - Objeto Fixo;1;;;;;;;;;;1;;;;
12/12/2013;18:34:00;1996;sem vítima;85;BR-040/RJ;Norte;Choque - Objeto Fixo;1;;;;;;;;;;1;;;;
12/12/2013;23:38:00;2033;sem vítima;112;BR-040/RJ;Norte;Choque - Objeto Fixo;1;;;;;;;;;;1;;;;
12/12/2013;08:37:00;1910;sem vítima;118;BR-040/RJ;Norte;Tombamento;;;1;;;;;;;;1;;;;
12/12/2013;16:18:00;1973;sem vítima;120;BR-040/RJ;Norte;Colisão Lateral;1;;1;;;;;;;;2;;;;
12/12/2013;13:33:00;1943;sem vítima;123;BR-040/RJ;Sul;Colisão Traseira;2;;;;;;;;;;2;;;;
13/12/2013;01:53:00;2043;sem vítima;59;BR-040/RJ;Sul;Colisão Traseira;1;;;;;1;;;;;2;;;;
13/12/2013;11:00:00;2101;sem vítima;78;BR-040/RJ;Sul;Choque - Objeto Fixo;1;;;;;;;;;;1;;;;
13/12/2013;19:13:00;2174;com vítima;81;BR-040/RJ;Sul;Colisão Lateral;1;;;1;;;;;;;0;2;1;;
13/12/2013;03:46:00;2049;sem vítima;83;BR-040/RJ;Norte;Derrapagem;1;;;;;;;;;;1;;;;
13/12/2013;07:20:00;2070;sem vítima;83;BR-040/RJ;Norte;Choque - Objeto Fixo;1;;;;;;;;;;1;;;;
13/12/2013;02:28:00;2046;sem vítima;88,002;BR-040/RJ;Norte;Choque - Objeto Fixo;1;;;;;;;;;;1;;;;
13/12/2013;16:54:00;2154;com vítima;89;BR-040/RJ;Norte;Choque - Objeto Fixo;;;1;;;;;;;;0;1;1;;
13/12/2013;19:21:00;2178;sem vítima;92;BR-040/RJ;Sul;Capotamento;1;;;;;;;;;;1;;;;
13/12/2013;00:37:00;2038;sem vítima;93;BR-040/RJ;Sul;Choque - Objeto Fixo;1;;;;;;;;;;1;;;;
13/12/2013;15:12:00;2134;sem vítima;105;BR-040/RJ;Sul;Colisão Traseira;2;;;;;;;;;;2;;;;
13/12/2013;19:18:00;2176;sem vítima;105;BR-040/RJ;Sul;Atropelamento - Pedestre;1;;;;;;;;;;2;;;;
13/12/2013;13:23:00;2115;sem vítima;119;BR-040/RJ;Norte;Colisão Traseira;1;;;;1;;;;;;2;;;;
14/12/2013;17:35:00;2309;sem vítima;89;BR-040/RJ;Norte;Colisão Lateral;1;;1;;;;;;;;2;;;;
14/12/2013;13:02:00;2268;sem vítima;91;BR-040/RJ;Norte;Colisão Traseira;1;;1;;;;;;;;2;;;;
14/12/2013;21:28:00;2341;com vítima;92;BR-040/RJ;Sul;Capotamento;1;;;;;;;;;;0;1;;;
14/12/2013;14:00:00;2274;com vítima;111;BR-040/RJ;Sul;Queda de Moto;;;;1;;;;;;;0;2;;;
14/12/2013;13:24:00;2270;com vítima;113;BR-040/RJ;Norte;Capotamento;1;;;;1;;;;;;1;1;;;
14/12/2013;18:11:00;2313;sem vítima;113;BR-040/RJ;Norte;Colisão Traseira;1;;;;;1;;;;;2;;;;
14/12/2013;16:50:00;2301;sem vítima;789;BR-040/MG;Sul;Choque - Objeto Fixo;1;;;;;;;;;;1;;;;
14/12/2013;14:14:00;2276;com vítima;118;BR-040/RJ;Norte;Colisão Traseira;2;;;;;;;;;;3;1;;;