data;horario;n_da_ocorrencia;tipo_de_ocorrencia;km;trecho;sentido;tipo_de_acidente;automovel;bicicleta;caminhao;moto;onibus;outros;tracao_animal;transporte_de_cargas_especiais;trator_maquinas;utilitarios;ilesos;levemente_feridos;moderadamente_feridos;gravemente_feridos;mortos
14/12/2013;21:55:00;2347;sem vítima;804;BR-040/MG;Norte;Colisão Lateral;1;;;;;1;;;;;2;;;;
14/12/2013;13:05:00;2269;com vítima;824;BR-040/MG;Norte;Queda de Moto;;;;1;;;;;;;0;1;;;
14/12/2013;03:30:00;2216;sem vítima;121;BR-040/RJ;Sul;Choque - Objeto Fixo;1;;;;;;;;;;1;;;;
15/12/2013;16:41:00;2442;com vítima;68;BR-040/RJ;Norte;Choque - Objeto Fixo;1;;;;;;;;;;0;;;1;
15/12/2013;05:19:00;2374;com vítima;93;BR-040/RJ;Norte;Choque - Objeto Fixo;1;;;;;;;;;;0;1;;;
15/12/2013;12:10:00;2407;com vítima;99;BR-040/RJ;Norte;Queda de Moto;;;;1;;;;;;;0;1;;;
15/12/2013;15:44:00;2431;sem vítima;101;BR-040/RJ;Sul;Choque - Objeto Fixo;1;;;;;;;;;;1;;;;
15/12/2013;17:14:00;2447;sem vítima;788;BR-040/MG;Norte;Choque - Objeto Fixo;1;;;;;;;;;;1;;;;
15/12/2013;07:16:00;2381;com vítima;799;BR-040/MG;Norte;Capotamento;1;;;;;;;;;;0;1;1;;
15/12/2013;12:38:00;2409;sem vítima;799;BR-040/MG;Norte;Choque - Objeto Fixo;1;;;;;;;;;;1;;;;
15/12/2013;00:39:00;2360;sem vítima;118;BR-040/RJ;Norte;Colisão Traseira;2;;;;;;;;;;2;;;;
15/12/2013;22:59:00;2481;sem vítima;119;BR-040/RJ;Norte;Colisão Traseira;1;;;;1;;;;;;2;;;;
16/12/2013;13:34:00;2573;com vítima;32;BR-040/RJ;Sul;Capotamento;1;;;;;;;;;;0;1;;;
16/12/2013;02:47:00;2496;com vítima;76;BR-040/RJ;Sul;Colisão Traseira;1;;1;;;;;;;;1;;;1;
16/12/2013;13:00:00;2570;sem vítima;79;BR-040/RJ;Norte;Choque - Objeto Fixo;1;;;;;;;;;;1;;;;
16/12/2013;10:40:00;2547;sem vítima;91;BR-040/RJ;Sul;Choque - Objeto Fixo;1;;;;;;;;;;1;;;;
16/12/2013;23:58:00;2641;com vítima;114;BR-040/RJ;Sul;Capotamento;1;;;;;;;;;;0;1;;;
17/12/2013;17:16:00;2760;sem vítima;37;BR-040/RJ;Norte;Choque - Objeto Fixo;1;;;;;;;;;;1;;;;
17/12/2013;09:43:00;2694;com vítima;69;BR-040/RJ;Norte;Capotamento;1;;;;;1;;;;;1;;1;;
17/12/2013;09:45:00;2695;sem vítima;75;BR-040/RJ;Sul;Choque - Objeto Fixo;1;;;;;;;;;;1;;;;
17/12/2013;15:17:00;2743;sem vítima;96;BR-040/RJ;Sul;Choque - Objeto Fixo;1;;;;;;;;;;1;;;;
17/12/2013;04:54:00;2661;sem vítima;98;BR-040/RJ;Norte;Choque - Objeto Fixo;1;;;;;;;;;;1;;;;
17/12/2013;20:04:00;2788;sem vítima;104;BR-040/RJ;Sul;Colisão Traseira;2;;;;;;;;;;2;;;;
17/12/2013;18:06:00;2770;sem vítima;106;BR-040/RJ;Norte;Colisão Frontal;2;;;;;;;;;;2;;;;
17/12/2013;20:36:00;2789;com vítima;109;BR-040/RJ;Sul;Atropelamento - Pedestre;;;;;;1;;;;;1;;;1;
17/12/2013;18:59:00;2777;com vítima;810;BR-040/MG;Norte;Colisão Traseira;2;;;;;;;;;;0;2;;;
17/12/2013;08:21:00;2685;sem vítima;121;BR-040/RJ;Sul;Colisão Lateral;1;;;;;1;;;;;2;;;;
17/12/2013;15:32:00;2744;sem vítima;122;BR-040/RJ;Sul;Colisão Lateral;;;1;;;1;;;;;2;;;;
17/12/2013;23:02:00;2797;sem vítima;123;BR-040/RJ;Norte;Colisão Traseira;1;;;1;;;;;;;2;;;;
18/12/2013;18:59:00;2925;com vítima;32;BR-040/RJ;Sul;Choque - Objeto Fixo;1;;;;;;;;;;0;1;;;
18/12/2013;14:21:00;2886;sem vítima;43;BR-040/RJ;Norte;Choque - Objeto Fixo;1;;;;;;;;;;1;;;;
18/12/2013;03:05:00;2814;sem vítima;61;BR-040/RJ;Norte;Colisão Lateral;;;2;;;;;;;;2;;;;
18/12/2013;18:18:00;2920;sem vítima;70;BR-040/RJ;Sul;Colisão Traseira;1;;1;;;;;;;;2;;;;
18/12/2013;14:55:00;2893;sem vítima;91;BR-040/RJ;Norte;Choque - Objeto Fixo;1;;;;;;;;;;1;;;;
18/12/2013;14:41:00;2890;sem vítima;94;BR-040/RJ;Norte;Colisão Lateral;;;2;;;;;;;;2;;;;
18/12/2013;10:05:00;2856;sem vítima;98;BR-040/RJ;Sul;Colisão Traseira;;;1;;;1;;;;;2;;;;
18/12/2013;13:11:00;2880;sem vítima;110;BR-040/RJ;Norte;Colisão Lateral;;;;1;1;;;;;;2;;;;
18/12/2013;08:40:00;2840;com vítima;117;BR-040/RJ;Norte;Colisão Lateral;1;;;;1;;;;;;1;1;3;;
18/12/2013;10:17:00;2858;sem vítima;117;BR-040/RJ;Norte;Colisão Traseira;2;;;;;;;;;;2;;;;
18/12/2013;15:15:00;2896;sem vítima;124;BR-040/RJ;Sul;Colisão Lateral;1;;1;;;;;;;;2;;;;
19/12/2013;17:53:00;3080;sem vítima;65;BR-040/RJ;Norte;Choque - Objeto Fixo;1;;;;;;;;;;1;;;;
19/12/2013;07:23:00;2991;sem vítima;73;BR-040/RJ;Norte;Choque - Objeto Fixo;1;;;;;;;;;;1;;;;
19/12/2013;12:50:00;3037;sem vítima;85;BR-040/RJ;Sul;Colisão Lateral;1;;;;;1;;;;;2;;;;
19/12/2013;02:33:00;2971;sem vítima;91;BR-040/RJ;Norte;Derrapagem;1;;;;;;;;;;1;;;;
19/12/2013;22:32:00;3114;sem vítima;91;BR-040/RJ;Sul;Derrapagem;1;;;;;;;;;;1;;;;
19/12/2013;20:56:00;3104;sem vítima;93;BR-040/RJ;Norte;Choque - Objeto Fixo;;;1;;;;;;;;1;;;;
19/12/2013;03:13:00;2976;sem vítima;114;BR-040/RJ;Sul;Colisão Traseira;1;;;;;1;;;;;2;;;;
19/12/2013;04:29:00;2981;com vítima;114;BR-040/RJ;Norte;Colisão Traseira;1;;1;;;;;;;;1;1;;;1
19/12/2013;18:08:00;3083;com vítima;782;BR-040/MG;Sul;Capotamento;1;;;;;;;;;;0;1;;;
19/12/2013;09:13:00;3006;sem vítima;119;BR-040/RJ;Norte;Colisão Lateral;2;;;;;;;;;;2;;;;
19/12/2013;21:09:00;3107;sem vítima;121;BR-040/RJ;Norte;Colisão Lateral;1;;;;1;;;;;;2;;;;
19/12/2013;14:26:00;3053;sem vítima;124;BR-040/RJ;Sul;Colisão Lateral;1;;1;;;;;;;;2;;;;
19/12/2013;13:40:00;3046;sem vítima;125;BR-040/RJ;Sul;Colisão Traseira;1;;;;1;;;;;;2;;;;
20/12/2013;00:19:00;3130;com vítima;4;BR-040/RJ;Norte;Choque - Objeto Fixo;;;1;;;;;;;;0;1;;;1
20/12/2013;16:05:00;3246;com vítima;71;BR-040/RJ;Sul;Choque - Objeto Fixo;1;;;;;;;;;;0;;1;;
20/12/2013;22:53:00;3306;com vítima;105;BR-040/RJ;Norte;Atropelamento - Pedestre;1;;;;;;;;;;1;1;;;
20/12/2013;20:31:00;3290;sem vítima;113;BR-040/RJ;Sul;Capotamento;1;;;;;;;;;;1;;;;
20/12/2013;04:38:00;3143;sem vítima;114;BR-040/RJ;Norte;Derrapagem;1;;;;;;;;;;1;;;;
20/12/2013;20:59:00;3293;sem vítima;114;BR-040/RJ;Norte;Colisão Traseira;2;;;;;;;;;;2;;;;
20/12/2013;22:01:00;3301;sem vítima;114;BR-040/RJ;Norte;Choque - Objeto Fixo;1;;;;;;;;;;1;;;;
20/12/2013;14:18:00;3226;com vítima;123;BR-040/RJ;Sul;Colisão Lateral;;;;1;;1;;;;;1;1;;;
20/12/2013;14:37:00;3228;sem vítima;123;BR-040/RJ;Norte;Colisão Traseira;;;1;;;1;;;;;2;;;;
20/12/2013;14:50:00;3231;sem vítima;124;BR-040/RJ;Sul;Colisão Traseira;1;;;;;1;;;;;2;;;;
20/12/2013;15:15:00;3240;com vítima;124;BR-040/RJ;Sul;Colisão Traseira;;;1;1;;;;;;;1;1;;;
21/12/2013;22:25:00;3491;com vítima;31;BR-040/RJ;Norte;Capotamento;1;;;;;;;;;;0;1;1;;
21/12/2013;16:45:00;3443;com vítima;34;BR-040/RJ;Norte;Capotamento;1;;;;;;;;;;0;1;;;
21/12/2013;14:49:00;3425;com vítima;53;BR-040/RJ;Sul;Capotamento;1;;;;;;;;;;0;3;1;;
21/12/2013;07:02:00;3349;com vítima;64;BR-040/RJ;Sul;Choque - Objeto Fixo;1;;;;;;;;;;0;1;;;
21/12/2013;17:16:00;3451;com vítima;78;BR-040/RJ;Sul;Choque - Objeto Fixo;1;;;;;;;;;;0;;1;;
21/12/2013;17:16:00;3453;com vítima;78;BR-040/RJ;Sul;Capotamento;1;;;;;;;;;;0;3;2;;
21/12/2013;16:03:00;3435;sem vítima;84;BR-040/RJ;Norte;Choque - Objeto Fixo;1;;;;;;;;;;1;;;;
21/12/2013;16:29:00;3440;sem vítima;84;BR-040/RJ;Norte;Choque - Objeto Fixo;1;;;;;;;;;;1;;;;
21/12/2013;17:11:00;3450;com vítima;93;BR-040/RJ;Sul;Tombamento;;;1;;;;;;;;0;1;;;
21/12/2013;20:22:00;3474;com vítima;109;BR-040/RJ;Sul;Choque - Objeto Fixo;1;;;;;;;;;;0;1;;;
21/12/2013;07:07:00;3351;sem vítima;113;BR-040/RJ;Norte;Choque - Objeto Fixo;1;;;;;;;;;;1;;;;
21/12/2013;15:43:00;3430;sem vítima;113;BR-040/RJ;Norte;Colisão Traseira;1;;;;;1;;;;;2;;;;
21/12/2013;18:30:00;3461;com vítima;116;BR-040/RJ;Sul;Choque - Objeto Fixo;1;;;;;;;;;;0;1;1;;
21/12/2013;13:46:00;3409;sem vítima;788;BR-040/MG;Norte;Choque - Objeto Fixo;;;;;1;;;;;;1;;;;
21/12/2013;20:41:00;3476;sem vítima;805;BR-040/MG;Norte;Choque - Objeto Fixo;1;;;;;;;;;;1;;;;
21/12/2013;10:55:00;3374;sem vítima;814;BR-040/MG;Sul;Colisão Traseira;1;;;;;1;;;;;2;;;;
22/12/2013;10:23:00;3562;sem vítima;6;BR-040/RJ;Sul;Choque - Objeto Fixo;1;;;;;;;;;;1;;;;
22/12/2013;10:56:00;3569;sem vítima;11;BR-040/RJ;Sul;Choque - Objeto Fixo;1;;;;;;;;;;4;;;;
22/12/2013;09:00:00;3546;sem vítima;13;BR-040/RJ;Norte;Choque - Objeto Fixo;1;;;;;;;;;;1;;;;
22/12/2013;11:40:00;3576;com vítima;13;BR-040/RJ;Norte;Choque - Objeto Fixo;1;;;;;;;;;;0;2;1;;
22/12/2013;14:20:00;3590;com vítima;13;BR-040/RJ;Norte;Queda de Moto;;;;1;;;;;;;0;2;;;
22/12/2013;08:13:00;3535;com vítima;31;BR-040/RJ;Norte;Choque - Objeto Fixo;1;;;;;;;;;;0;5;;;
22/12/2013;19:34:00;3639;sem vítima;34;BR-040/RJ;Norte;Choque - Objeto Fixo;1;;;;;;;;;;1;;;;
22/12/2013;18:30:00;3626;sem vítima;43;BR-040/RJ;Sul;Choque - Objeto Fixo;1;;;;;;;;;;1;;;;
22/12/2013;15:35:00;3599;sem vítima;72;BR-040/RJ;Sul;Choque - Objeto Fixo;1;;;;;;;;;;1;;;;
22/12/2013;03:09:00;3511;sem vítima;78;BR-040/RJ;Norte;Choque - Objeto Fixo;1;;;;;;;;;;1;;;;
22/12/2013;11:35:00;3578;sem vítima;78;BR-040/RJ;Sul;Choque - Objeto Fixo;1;;;;;;;;;;1;;;;
22/12/2013;18:34:00;3628;sem vítima;78;BR-040/RJ;Sul;Choque - Objeto Fixo;1;;;;;;;;;;1;;;;
22/12/2013;16:19:00;3608;sem vítima;82;BR-040/RJ;Norte;Colisão Lateral;1;;1;;;;;;;;2;;;;
22/12/2013;07:56:00;3530;com vítima;84;BR-040/RJ;Sul;Choque - Objeto Fixo;1;;;;;;;;;;0;1;;;
22/12/2013;07:57:00;3531;com vítima;89;BR-040/RJ;Sul;Choque - Objeto Fixo;1;;;;;;;;;;0;1;1;;
22/12/2013;09:14:00;3550;sem vítima;90;BR-040/RJ;Norte;Choque - Objeto Fixo;1;;;;;;;;;;1;;;;
22/12/2013;13:29:00;3587;com vítima;92;BR-040/RJ;Sul;Capotamento;1;;;;;;;;;;2;2;;;
22/12/2013;09:42:00;3556;sem vítima;93;BR-040/RJ;Norte;Choque - Objeto Fixo;1;;;;;;;;;;1;;;;
22/12/2013;15:31:00;3598;sem vítima;99;BR-040/RJ;Norte;Choque - Objeto Fixo;1;;;;;;;;;;4;;;;
22/12/2013;16:30:00;3611;sem vítima;110;BR-040/RJ;Sul;Choque - Objeto Fixo;;;1;;;;;;;;1;;;;
22/12/2013;16:25:00;3609;sem vítima;113;BR-040/RJ;Norte;Choque - Objeto Fixo;1;;;;;;;;;;1;;;;
22/12/2013;22:25:00;3656;sem vítima;115;BR-040/RJ;Norte;Colisão Lateral;2;;;;;;;;;;2;;;;
22/12/2013;20:48:00;3649;com vítima;799;BR-040/MG;Norte;Choque - Objeto Fixo;1;;;;;;;;;;0;2;;;
22/12/2013;19:26:00;3638;sem vítima;118;BR-040/RJ;Sul;Choque - Objeto Fixo;1;;;;;;;;;;1;;;;
22/12/2013;11:05:00;3572;sem vítima;800;BR-040/MG;Sul;Choque - Objeto Fixo;1;;;;;;;;;;1;;;;
22/12/2013;14:10:00;3589;com vítima;812;BR-040/MG;Sul;Capotamento;1;;;;;;;;;;0;;1;;
22/12/2013;14:42:00;3593;sem vítima;825;BR-040/MG;Sul;Choque - Objeto Fixo;1;;;;;;;;;;1;;;;
22/12/2013;18:09:00;3624;sem vítima;120;BR-040/RJ;Sul;Choque - Objeto Fixo;1;;;;;;;;;;1;;;;
23/12/2013;10:29:00;3723;sem vítima;3;BR-040/RJ;Norte;Choque - Objeto Fixo;1;;;;;;;;;;1;;;;
23/12/2013;10:59:00;3728;sem vítima;8;BR-040/RJ;Norte;Choque - Objeto Fixo;1;;;;;;;;;;1;;;;
23/12/2013;10:43:00;3726;sem vítima;12;BR-040/RJ;Norte;Choque - Objeto Fixo;1;;;;;;;;;;1;;;;
23/12/2013;14:36:00;3760;com vítima;13;BR-040/RJ;Norte;Capotamento;1;;;;;;;;;;0;1;;;
23/12/2013;18:50:00;3798;com vítima;65;BR-040/RJ;Norte;Capotamento;1;;;;;;;;;;0;1;1;;
23/12/2013;11:25:00;3735;sem vítima;70;BR-040/RJ;Sul;Colisão Lateral;1;;1;;;;;;;;2;;;;
23/12/2013;02:59:00;3677;sem vítima;77;BR-040/RJ;Sul;Choque - Objeto Fixo;;;1;;;;;;;;1;;;;
23/12/2013;15:20:00;3767;com vítima;78;BR-040/RJ;Sul;Capotamento;1;;;;;;;;;;0;1;;;
23/12/2013;14:25:00;3758;sem vítima;90;BR-040/RJ;Sul;Choque - Objeto Fixo;1;;;;;;;;;;1;;;;
23/12/2013;16:35:00;3781;com vítima;91;BR-040/RJ;Sul;Choque - Objeto Fixo;1;;;;;;;;;;0;3;;;
23/12/2013;10:28:00;3722;sem vítima;93;BR-040/RJ;Sul;Choque - Objeto Fixo;1;;;;;;;;;;1;;;;
23/12/2013;13:25:00;3747;sem vítima;94;BR-040/RJ;Sul;Choque - Objeto Fixo;1;;;;;;;;;;1;;;;
23/12/2013;14:28:00;3759;sem vítima;102;BR-040/RJ;Norte;Colisão Lateral;1;;;1;;;;;;;2;;;;
23/12/2013;16:17:00;3778;sem vítima;108;BR-040/RJ;Sul;Colisão Lateral;1;;;;;1;;;;;2;;;;
23/12/2013;14:19:00;3756;sem vítima;110;BR-040/RJ;Sul;Colisão Lateral;1;;1;;;;;;;;2;;;;
23/12/2013;17:17:00;3787;com vítima;110;BR-040/RJ;Sul;Colisão Traseira;2;;;;;;;;;;0;2;;;
23/12/2013;05:57:00;3686;com vítima;117;BR-040/RJ;Sul;Queda de Moto;;;1;1;;;;;;;1;1;;;
23/12/2013;00:44:00;3669;com vítima;118;BR-040/RJ;Sul;Colisão Traseira;1;;1;;;;;;;;1;1;;;
23/12/2013;10:07:00;3721;sem vítima;118;BR-040/RJ;Norte;Colisão Traseira;1;;1;;;;;;;;2;;;;
23/12/2013;21:06:00;3823;com vítima;118;BR-040/RJ;Norte;Atropelamento - Pedestre;1;;;;;;;;;;1;;1;;
24/12/2013;16:00:00;3940;sem vítima;34;BR-040/RJ;Norte;Choque - Objeto Fixo;1;;;;;;;;;;1;;;;
24/12/2013;12:21:00;3919;com vítima;69;BR-040/RJ;Norte;Choque - Objeto Fixo;1;;;;;;;;;;0;1;;;
24/12/2013;09:32:00;3892;sem vítima;79;BR-040/RJ;Sul;Choque - Objeto Fixo;1;;;;;;;;;;1;;;;
24/12/2013;21:23:00;3983;sem vítima;82;BR-040/RJ;Norte;Choque - Objeto Fixo;1;;;;;;;;;;1;;;;
24/12/2013;10:50:00;3905;sem vítima;84;BR-040/RJ;Sul;Colisão Traseira;2;;;;;;;;;;2;;;;
24/12/2013;10:50:00;3906;sem vítima;84;BR-040/RJ;Sul;Colisão Traseira;1;;1;;;;;;;;2;;;;
24/12/2013;07:41:00;3876;sem vítima;85;BR-040/RJ;Sul;Choque - Objeto Fixo;1;;;;;;;;;;1;;;;
24/12/2013;08:30:00;3887;sem vítima;91;BR-040/RJ;Norte;Choque - Objeto Fixo;1;;;;;;;;;;1;;;;
24/12/2013;14:54:00;3934;com vítima;91;BR-040/RJ;Sul;Choque - Objeto Fixo;1;;;;;;;;;;0;2;;;
24/12/2013;17:00:00;3959;sem vítima;92;BR-040/RJ;Norte;Choque - Objeto Fixo;1;;;;;;;;;;1;;;;
24/12/2013;17:30:00;3960;com vítima;94;BR-040/RJ;Sul;Tombamento;;;1;;;;;;;;0;;3;;
24/12/2013;18:15:00;3965;com vítima;780;BR-040/MG;Sul;Choque - Objeto Fixo;1;;;;;;;;;;0;4;;;
24/12/2013;15:03:00;3937;com vítima;785;BR-040/MG;Norte;Choque - Objeto Fixo;1;;;;;;;;;;0;2;;;
24/12/2013;16:58:00;3958;sem vítima;797;BR-040/MG;Norte;Capotamento;1;;;;;;;;;;1;;;;
24/12/2013;15:53:00;3945;sem vítima;121;BR-040/RJ;Norte;Queda de Moto;;;;1;;;;;;;1;;;;
24/12/2013;14:19:00;3927;com vítima;123;BR-040/RJ;Sul;Engavetamento;3;;;;;;;;;;2;1;;;
25/12/2013;16:37:00;4063;com vítima;36;BR-040/RJ;Norte;Choque - Objeto Fixo;1;;;;;;;;;;0;1;1;;
25/12/2013;09:07:00;4010;sem vítima;84;BR-040/RJ;Norte;Choque - Objeto Fixo;1;;;;;;;;;;1;;;;
25/12/2013;15:29:00;4046;sem vítima;84;BR-040/RJ;Sul;Choque - Objeto Fixo;1;;;;;;;;;;1;;;;
25/12/2013;14:36:00;4040;sem vítima;92;BR-040/RJ;Norte;Choque - Objeto Fixo;1;;;;;;;;;;1;;;;
25/12/2013;18:34:00;4071;sem vítima;94;BR-040/RJ;Sul;Colisão Traseira;2;;;;;;;;;;2;;;;
25/12/2013;14:39:00;4041;com vítima;113;BR-040/RJ;Norte;Choque - Objeto Fixo;1;;;;;;;;;;0;;;1;
25/12/2013;12:40:00;4029;sem vítima;782;BR-040/MG;Norte;Colisão Traseira;2;;;;;;;;;;2;;;;
25/12/2013;16:43:00;4092;sem vítima;782;BR-040/MG;Norte;Choque - Objeto Fixo;1;;;;;;;;;;1;;;;
25/12/2013;16:43:00;4105;sem vítima;782;BR-040/MG;Norte;Choque - Objeto Fixo;1;;;;;;;;;;1;;;;
25/12/2013;16:15:00;4055;sem vítima;785;BR-040/MG;Norte;Choque - Objeto Fixo;1;;;;;;;;;;1;;;;
26/12/2013;02:38:00;4114;sem vítima;12;BR-040/RJ;Norte;Atropelamento - Animal;1;;;;;;;;;;1;;;;
26/12/2013;18:27:00;4232;com vítima;75;BR-040/RJ;Norte;Colisão Transversal;2;;;;;;;;;;0;3;;;
26/12/2013;10:54:00;4155;sem vítima;77;BR-040/RJ;Sul;Choque - Objeto Fixo;1;;;;;;;;;;1;;;;
26/12/2013;13:25:00;4173;com vítima;84;BR-040/RJ;Sul;Choque - Objeto Fixo;1;;;;;;;;;;0;4;;;
26/12/2013;02:39:00;4115;sem vítima;109;BR-040/RJ;Norte;Derrapagem;1;;;;;;;;;;1;;;;
26/12/2013;18:05:00;4230;sem vítima;109;BR-040/RJ;Sul;Colisão Traseira;;;1;;1;;;;;;2;;;;
26/12/2013;22:54:00;4272;sem vítima;111;BR-040/RJ;Norte;Choque - Objeto Fixo;1;;;;;;;;;;1;;;;
26/12/2013;02:25:00;4113;sem vítima;116;BR-040/RJ;Sul;Derrapagem;1;;;;;;;;;;1;;;;
26/12/2013;07:25:00;4130;sem vítima;806;BR-040/MG;Sul;Choque - Objeto Fixo;;;1;;;;;;;;1;;;;
26/12/2013;19:17:00;4240;sem vítima;119;BR-040/RJ;Norte;Colisão Lateral;1;;;;1;;;;;;2;;;;
26/12/2013;07:55:00;4131;sem vítima;123;BR-040/RJ;Norte;Colisão Traseira;2;;;;;1;;;;;3;;;;
27/12/2013;14:59:00;4377;sem vítima;59;BR-040/RJ;Sul;Colisão Traseira;2;;;;;;;;;;2;;;;
27/12/2013;07:02:00;4304;sem vítima;73;BR-040/RJ;Sul;Choque - Objeto Fixo;1;;;;;;;;;;1;;;;
27/12/2013;19:31:00;4433;sem vítima;73;BR-040/RJ;Sul;Queda de Moto;;;;1;;;;;;;1;;;;
27/12/2013;21:46:00;4449;sem vítima;774;BR-040/MG;Norte;Engavetamento;2;;1;;;;;;;;3;;;;
27/12/2013;16:45:00;4401;sem vítima;796;BR-040/MG;Sul;Choque - Objeto Fixo;1;;;;;;;;;;1;;;;
27/12/2013;06:05:00;4301;sem vítima;118;BR-040/RJ;Norte;Capotamento;1;;;;;;;;;;1;;;;
27/12/2013;08:49:00;4321;sem vítima;122;BR-040/RJ;Sul;Choque - Objeto Fixo;;;1;;;;;;;;1;;;;
27/12/2013;19:33:00;4434;com vítima;122;BR-040/RJ;Sul;Engavetamento;2;;;;1;;;;;;3;2;;;
27/12/2013;07:57:00;4312;sem vítima;123;BR-040/RJ;Sul;Colisão Lateral;1;;1;;;;;;;;2;;;;
27/12/2013;08:57:00;4323;sem vítima;123;BR-040/RJ;Sul;Colisão Lateral;1;;1;;;;;;;;2;;;;
27/12/2013;11:49:00;4347;sem vítima;123;BR-040/RJ;Sul;Colisão Lateral;2;;;;;;;;;;2;;;;
27/12/2013;18:39:00;4422;sem vítima;123;BR-040/RJ;Sul;Colisão Lateral;1;;1;;;;;;;;2;;;;
28/12/2013;17:22:00;4577;sem vítima;86;BR-040/RJ;Sul;Colisão Lateral;2;;;;;;;;;;2;;;;
28/12/2013;10:20:00;4510;sem vítima;87;BR-040/RJ;Norte;Choque - Objeto Fixo;1;;;;;;;;;;1;;;;
28/12/2013;09:55:00;4507;sem vítima;96;BR-040/RJ;Norte;Colisão Traseira;1;;;;1;;;;;;2;;;;
28/12/2013;09:32:00;4500;com vítima;111;BR-040/RJ;Norte;Capotamento;1;;;;;;;;;;0;2;;;
28/12/2013;09:59:00;4506;com vítima;111;BR-040/RJ;Sul;Colisão Traseira;2;;;;;;;;;;1;;1;;
28/12/2013;10:27:00;4515;sem vítima;111;BR-040/RJ;Sul;Colisão Traseira;2;;;;;;;;;;2;;;;
28/12/2013;05:14:00;4481;com vítima;113;BR-040/RJ;Norte;Colisão Lateral;;;;1;;1;;;;;1;;1;;1
28/12/2013;08:28:00;4497;sem vítima;113;BR-040/RJ;Norte;Colisão Lateral;1;;;;;1;;;;;2;;;;
28/12/2013;20:06:00;4598;com vítima;113;BR-040/RJ;Norte;Capotamento;1;;;;;;;;;;0;1;;;
28/12/2013;04:58:00;4478;sem vítima;114;BR-040/RJ;Norte;Choque - Objeto Fixo;1;;;;;;;;;;1;;;;
28/12/2013;18:04:00;4587;com vítima;117;BR-040/RJ;Norte;Engavetamento;2;;;;2;;;;;;3;6;;;
28/12/2013;10:08:00;4508;com vítima;802;BR-040/MG;Sul;Choque - Objeto Fixo;1;;;;;;;;;;0;1;;;
28/12/2013;00:30:00;4464;sem vítima;821;BR-040/MG;Norte;Derrapagem;1;;;;;;;;;;1;;;;
28/12/2013;09:16:00;4499;sem vítima;119;BR-040/RJ;Norte;Colisão Lateral;1;;1;;;;;;;;2;;;;
28/12/2013;08:47:00;4498;sem vítima;121;BR-040/RJ;Norte;Engavetamento;3;;;;;;;;;;3;;;;
28/12/2013;10:41:00;4513;sem vítima;121;BR-040/RJ;Sul;Colisão Transversal;1;;;;1;;;;;;2;;;;
28/12/2013;11:27:00;4516;sem vítima;123;BR-040/RJ;Sul;Choque - Objeto Fixo;1;;;;;;;;;;1;;;;
29/12/2013;10:20:00;4685;sem vítima;10;BR-040/RJ;Sul;Choque - Objeto Fixo;1;;;;;;;;;;1;;;;
29/12/2013;10:05:00;4678;com vítima;56;BR-040/RJ;Norte;Choque - Objeto Fixo;1;;;;;;;;;;0;2;;;
29/12/2013;16:25:00;4735;sem vítima;62;BR-040/RJ;Norte;Colisão Frontal;2;;;;;;;;;;2;;;;
29/12/2013;18:07:00;4761;sem vítima;84;BR-040/RJ;Sul;Choque - Objeto Fixo;1;;;;;;;;;;1;;;;
29/12/2013;18:37:00;4769;sem vítima;84;BR-040/RJ;Sul;Choque - Objeto Fixo;1;;;;;;;;;;1;;;;
29/12/2013;17:34:00;4752;sem vítima;85;BR-040/RJ;Sul;Choque - Objeto Fixo;1;;;;;;;;;;1;;;;
29/12/2013;17:24:00;4750;com vítima;91;BR-040/RJ;Norte;Queda de Moto;;;;1;;;;;;;0;2;;;
29/12/2013;16:17:00;4731;com vítima;98;BR-040/RJ;Sul;Choque - Objeto Fixo;1;;;;;;;;;;0;4;1;;
29/12/2013;18:29:00;4766;sem vítima;99;BR-040/RJ;Norte;Choque - Objeto Fixo;1;;;;;;;;;;1;;;;
29/12/2013;18:08:00;4762;sem vítima;111;BR-040/RJ;Sul;Colisão Traseira;;;1;;;1;;;;;2;;;;
29/12/2013;10:49:00;4689;com vítima;113;BR-040/RJ;Norte;Queda de Moto;1;;;1;;;;;;;1;;;;2
29/12/2013;17:54:00;4757;com vítima;803;BR-040/MG;Norte;Queda de Moto;;;;1;;;;;;;0;2;;;
29/12/2013;06:42:00;4657;sem vítima;823;BR-040/MG;Sul;Choque - Objeto Fixo;1;;;;;;;;;;1;;;;
30/12/2013;01:03:00;4816;sem vítima;33;BR-040/RJ;Norte;Queda de Moto;;;;1;;;;;;;1;;;;
30/12/2013;08:07:00;4844;com vítima;52;BR-040/RJ;Sul;Queda de Moto;;;;1;;;;;;;0;1;;;
30/12/2013;14:33:00;4884;sem vítima;67;BR-040/RJ;Sul;Colisão Lateral;2;;;;;;;;;;2;;;;
30/12/2013;23:50:00;4974;com vítima;75;BR-040/RJ;Sul;Capotamento;1;;;;;;;;;;0;4;;;
30/12/2013;19:38:00;4939;sem vítima;86;BR-040/RJ;Sul;Choque - Objeto Fixo;1;;;;;;;;;;1;;;;
30/12/2013;22:55:00;4971;sem vítima;90;BR-040/RJ;Norte;Choque - Objeto Fixo;1;;;;;;;;;;1;;;;
30/12/2013;14:54:00;4888;sem vítima;114;BR-040/RJ;Norte;Colisão Traseira;2;;;;;;;;;;2;;;;