data;horario;n_da_ocorrencia;tipo_de_ocorrencia;km;trecho;sentido;tipo_de_acidente;automovel;bicicleta;caminhao;moto;onibus;outros;tracao_animal;transporte_de_cargas_especiais;trator_maquinas;utilitarios;ilesos;levemente_feridos;moderadamente_feridos;gravemente_feridos;mortos
21/01/2014;16:59:00;3480;com vítima;70;BR-040/RJ;Norte;Choque - Objeto Fixo;1;;;;;;;;;;0;1;;;
21/01/2014;02:36:00;3381;sem vítima;84;BR-040/RJ;Norte;Choque - Objeto Fixo;1;;;;;;;;;;1;;;;
21/01/2014;11:21:00;3422;sem vítima;815;BR-040/MG;Sul;Colisão Traseira;2;;;;;;;;;;2;;;;
21/01/2014;18:50:00;3511;sem vítima;119;BR-040/RJ;Norte;Colisão Traseira;2;;;;;;;;;;2;;;;
21/01/2014;23:18:00;3536;sem vítima;121;BR-040/RJ;Sul;Colisão Lateral;1;;;;;1;;;;;2;;;;
21/01/2014;09:25:00;3410;sem vítima;123;BR-040/RJ;Norte;Colisão Lateral;2;;;;;;;;;;2;;;;
21/01/2014;16:10:00;3473;sem vítima;123;BR-040/RJ;Sul;Colisão Lateral;1;;1;;;;;;;;2;;;;
22/01/2014;00:29:00;3543;sem vítima;43;BR-040/RJ;Norte;Choque - Objeto Fixo;1;;;;;;;;;;1;;;;
22/01/2014;09:58:00;3582;com vítima;64;BR-040/RJ;Norte;Capotamento;1;;;;;;;;;;1;;2;;
22/01/2014;18:56:00;3672;sem vítima;84;BR-040/RJ;Norte;Choque - Objeto Fixo;1;;;;;;;;;;1;;;;
22/01/2014;15:33:00;3626;com vítima;92;BR-040/RJ;Sul;Colisão Lateral;1;;;;;;;;1;;2;2;1;;
22/01/2014;17:13:00;3654;sem vítima;92;BR-040/RJ;Norte;Choque - Objeto Fixo;1;;;;;;;;;;1;;;;
22/01/2014;19:14:00;3679;sem vítima;94;BR-040/RJ;Sul;Choque - Objeto Fixo;1;;;;;;;;;;1;;;;
22/01/2014;15:42:00;3629;com vítima;96;BR-040/RJ;Norte;Tombamento;;;1;;;;;;;;0;1;;;
22/01/2014;18:30:00;3666;sem vítima;105;BR-040/RJ;Norte;Colisão Traseira;1;;1;;;;;;;;2;;;;
22/01/2014;06:40:00;3563;com vítima;110;BR-040/RJ;Norte;Queda de Moto;1;;;1;;;;;;;1;2;;;
22/01/2014;10:11:00;3583;sem vítima;112;BR-040/RJ;Norte;Choque - Objeto Fixo;1;;;;;;;;;;1;;;;
22/01/2014;11:43:00;3596;sem vítima;123;BR-040/RJ;Sul;Choque - Objeto Fixo;1;;1;;;;;;;;2;;;;
22/01/2014;17:18:00;3657;sem vítima;124;BR-040/RJ;Sul;Colisão Traseira;1;;1;;;;;;;;2;;;;
22/01/2014;17:40:00;3659;sem vítima;124;BR-040/RJ;Sul;Colisão Traseira;1;;1;;;;;;;;2;;;;
23/01/2014;17:47:00;3825;com vítima;64;BR-040/RJ;Norte;Capotamento;1;;;;;;;;;;0;1;;;
23/01/2014;14:15:00;3789;com vítima;78;BR-040/RJ;Sul;Choque - Objeto Fixo;1;;;;;;;;;;0;1;;;
23/01/2014;23:29:00;3858;com vítima;85;BR-040/RJ;Sul;Queda de Moto;;;;1;;;;;;;0;;2;;
23/01/2014;11:18:00;3771;sem vítima;89;BR-040/RJ;Sul;Colisão Traseira;1;;;;;1;;;;;2;;;;
23/01/2014;20:52:00;3842;sem vítima;93;BR-040/RJ;Norte;Colisão Traseira;1;;;;;1;;;;;2;;;;
23/01/2014;17:15:00;3819;com vítima;115;BR-040/RJ;Norte;Colisão Lateral;1;;;1;;;;;;;1;;1;;
23/01/2014;17:45:00;3824;sem vítima;817;BR-040/MG;Norte;Choque - Objeto Fixo;1;;;;;;;;;;1;;;;
23/01/2014;07:25:00;3731;sem vítima;124;BR-040/RJ;Sul;Colisão Lateral;1;;1;;;;;;;;2;;;;
23/01/2014;10:34:00;3764;sem vítima;124;BR-040/RJ;Sul;Colisão Lateral;1;;1;;;;;;;;2;;;;
24/01/2014;18:00:00;3997;sem vítima;54;BR-040/RJ;Sul;Colisão Traseira;2;;;;;;;;;;2;;;;
24/01/2014;02:54:00;3868;sem vítima;69;BR-040/RJ;Sul;Choque - Objeto Fixo;;;1;;;;;;;;1;;;;
24/01/2014;18:35:00;4004;sem vítima;75;BR-040/RJ;Sul;Choque - Objeto Fixo;1;;;;;;;;;;1;;;;
24/01/2014;18:52:00;4011;com vítima;85;BR-040/RJ;Sul;Choque - Objeto Fixo;1;;;;;;;;;;0;1;;;
24/01/2014;01:39:00;3865;sem vítima;105;BR-040/RJ;Norte;Choque - Objeto Fixo;1;;;;;;;;;;1;;;;
24/01/2014;16:05:00;3972;sem vítima;109;BR-040/RJ;Sul;Colisão Traseira;2;;;;;;;;;;2;;;;
24/01/2014;18:25:00;4005;com vítima;112;BR-040/RJ;Norte;Colisão Traseira;1;;;1;;;;;;;1;;;1;
24/01/2014;18:12:00;4000;sem vítima;779;BR-040/MG;Norte;Choque - Objeto Fixo;1;;;;;;;;;;1;;;;
24/01/2014;22:50:00;4038;sem vítima;120;BR-040/RJ;Norte;Colisão Traseira;1;;;;;1;;;;;2;;;;
24/01/2014;17:58:00;3995;sem vítima;121;BR-040/RJ;Norte;Colisão Traseira;;;1;;1;;;;;;2;;;;
25/01/2014;16:10:00;4168;sem vítima;33;BR-040/RJ;Norte;Choque - Objeto Fixo;1;;;;;;;;;;1;;;;
25/01/2014;10:45:00;4103;com vítima;115;BR-040/RJ;Sul;Capotamento;1;;;;;;;;;;0;2;;;
25/01/2014;18:59:00;4192;com vítima;791;BR-040/MG;Sul;Choque - Objeto Fixo;1;;;;;;;;;;0;2;;;
25/01/2014;21:16:00;4212;sem vítima;121;BR-040/RJ;Sul;Colisão Lateral;1;;1;;;;;;;;2;;;;
25/01/2014;23:25:00;4221;com vítima;123;BR-040/RJ;Sul;Colisão Traseira;2;;;;;;;;;;4;1;;;
25/01/2014;05:44:00;4061;sem vítima;124;BR-040/RJ;Sul;Choque - Objeto Fixo;1;;;;;;;;;;1;;;;
25/01/2014;12:07:00;4115;sem vítima;125;BR-040/RJ;Norte;Choque - Objeto Fixo;1;;;;;;;;;;1;;;;
26/01/2014;13:30:00;4296;com vítima;33;BR-040/RJ;Sul;Queda de Moto;;;;1;;;;;;;0;1;;;
26/01/2014;23:30:00;4400;com vítima;35;BR-040/RJ;Norte;Queda de Moto;;;;1;;;;;;;0;;1;;
26/01/2014;17:13:00;4337;sem vítima;69;BR-040/RJ;Norte;Colisão Traseira;2;;;;;;;;;;2;;;;
26/01/2014;09:04:00;4271;sem vítima;93;BR-040/RJ;Norte;Colisão Lateral;;;2;;;;;;;;2;;;;
26/01/2014;23:31:00;4401;sem vítima;94;BR-040/RJ;Norte;Choque - Objeto Fixo;1;;;;;;;;;;1;;;;
26/01/2014;14:36:00;4307;com vítima;95;BR-040/RJ;Norte;Queda de Moto;;;;1;;;;;;;0;2;;;
26/01/2014;15:31:00;4315;com vítima;98;BR-040/RJ;Norte;Queda de Moto;;;;1;;;;;;;0;1;;;
26/01/2014;08:31:00;4268;com vítima;99;BR-040/RJ;Norte;Queda de Moto;;;;1;;;;;;;0;1;;;
26/01/2014;01:23:00;4232;com vítima;111;BR-040/RJ;Norte;Capotamento;1;;;;;;;;;;0;1;;;
27/01/2014;15:11:00;4489;sem vítima;93;BR-040/RJ;Norte;Choque - Objeto Fixo;1;;;;;;;;;;1;;;;
27/01/2014;22:51:00;4536;sem vítima;119;BR-040/RJ;Norte;Choque - Objeto Fixo;1;;;;;;;;;;1;;;;
27/01/2014;21:14:00;4528;sem vítima;122;BR-040/RJ;Norte;Colisão Lateral;1;;;;1;;;;;;2;;;;
27/01/2014;05:40:00;4424;sem vítima;123;BR-040/RJ;Sul;Colisão Lateral;2;;;;2;;;;;;4;;;;
28/01/2014;22:07:00;4678;com vítima;94;BR-040/RJ;Sul;Tombamento;;;1;;;;;;;;0;;1;;
28/01/2014;22:52:00;4681;sem vítima;95;BR-040/RJ;Norte;Choque - Objeto Fixo;1;;;;;;;;;;1;;;;
28/01/2014;14:32:00;4619;com vítima;108;BR-040/RJ;Norte;Queda de Moto;;;;1;;;;;;;0;2;;;
28/01/2014;18:09:00;4653;sem vítima;115;BR-040/RJ;Norte;Colisão Lateral;1;;1;;1;;;;;;3;;;;
28/01/2014;17:23:00;4646;sem vítima;124;BR-040/RJ;Sul;Colisão Lateral;1;;1;;;;;;;;2;;;;
29/01/2014;21:26:00;4847;com vítima;55;BR-040/RJ;Norte;Choque - Objeto Fixo;1;;;;;;;;;;0;1;;;
29/01/2014;09:26:00;4734;sem vítima;104;BR-040/RJ;Norte;Colisão Traseira;1;;1;;;;;;;;2;;;;
29/01/2014;10:27:00;4739;sem vítima;104;BR-040/RJ;Norte;Colisão Lateral;2;;;;;;;;;;2;;;;
29/01/2014;07:32:00;4723;sem vítima;108;BR-040/RJ;Norte;Capotamento;1;;;;;;;;;;1;;;;
29/01/2014;12:21:00;4749;com vítima;113;BR-040/RJ;Norte;Queda de Moto;;;;1;;;;;;;0;1;;;
29/01/2014;15:16:00;4773;sem vítima;114;BR-040/RJ;Norte;Choque - Objeto Fixo;1;;;;;;;;;;1;;;;
29/01/2014;17:28:00;4800;com vítima;779;BR-040/MG;Norte;Queda de Moto;;;;1;;;;;;;0;1;;;
29/01/2014;00:36:00;4690;com vítima;116;BR-040/RJ;Sul;Choque - Objeto Fixo;1;;;;;;;;;;0;;1;1;
29/01/2014;18:02:00;4804;sem vítima;123;BR-040/RJ;Sul;Colisão Lateral;1;;1;;;;;;;;2;;;;
30/01/2014;15:22:00;4947;sem vítima;94;BR-040/RJ;Norte;Choque - Objeto Fixo;1;;;;;;;;;;1;;;;
30/01/2014;08:38:00;4898;com vítima;112;BR-040/RJ;Sul;Queda de Moto;;;;1;;;;;;;0;2;;;
30/01/2014;07:59:00;4890;com vítima;123;BR-040/RJ;Sul;Atropelamento - Pedestre;;;;1;;;;;;;1;1;;;
31/01/2014;10:36:00;5079;sem vítima;29;BR-040/RJ;Norte;Choque - Objeto Fixo;1;;;;;;;;;;1;;;;
31/01/2014;16:10:00;5142;sem vítima;67;BR-040/RJ;Norte;Choque - Objeto Fixo;1;;;;;;;;;;1;;;;
31/01/2014;14:34:00;5122;sem vítima;98;BR-040/RJ;Sul;Capotamento;1;;;;;;;;;;1;;;;
31/01/2014;17:03:00;5160;sem vítima;110;BR-040/RJ;Norte;Engavetamento;1;;2;;1;;;;;;4;;;;
31/01/2014;19:45:00;5198;sem vítima;117;BR-040/RJ;Norte;Colisão Lateral;1;;1;;;;;;;;2;;;;
31/01/2014;13:18:00;5104;com vítima;788;BR-040/MG;Sul;Colisão Traseira;1;1;;;;;;;;;1;1;;;
31/01/2014;06:57:00;5036;sem vítima;791;BR-040/MG;Norte;Choque - Objeto Fixo;1;;;;;;;;;;1;;;;
31/01/2014;17:29:00;5169;sem vítima;120;BR-040/RJ;Norte;Colisão Lateral;1;;1;;;;;;;;2;;;;
31/01/2014;21:00:00;5213;sem vítima;124;BR-040/RJ;Norte;Queda de Moto;;;;1;;;;;;;1;;;;
01/02/2014;10:36:00;58;sem vítima;104;BR-040/RJ;Sul;Engavetamento;2;;;;;1;;;;;3;;;;
01/02/2014;21:28:00;170;com vítima;113;BR-040/RJ;Norte;Capotamento;1;;;;;;;;;;0;;1;;
01/02/2014;16:27:00;120;sem vítima;124;BR-040/RJ;Norte;Colisão Traseira;2;;;;;;;;;;2;;;;
01/02/2014;02:03:00;13;com vítima;125;BR-040/RJ;Sul;Capotamento;1;;;;;;;;;;0;2;;;
02/02/2014;08:25:00;207;sem vítima;24;BR-040/RJ;Sul;Capotamento;1;;;;;;;;;;1;;;;
02/02/2014;06:42:00;203;com vítima;56;BR-040/RJ;Sul;Capotamento;1;;;;;;;;;;0;;2;;
02/02/2014;15:58:00;263;sem vítima;64;BR-040/RJ;Sul;Choque - Objeto Fixo;1;;;;;;;;;;5;;;;
02/02/2014;13:06:00;236;com vítima;66;BR-040/RJ;Norte;Choque - Objeto Fixo;1;;;;;;;;;;0;1;;;
02/02/2014;19:25:00;289;com vítima;66;BR-040/RJ;Sul;Choque - Objeto Fixo;1;;;;;;;;;;0;1;;;
02/02/2014;12:24:00;229;com vítima;78;BR-040/RJ;Sul;Queda de Moto;;;;1;;;;;;;0;1;;;
02/02/2014;19:26:00;290;com vítima;78;BR-040/RJ;Sul;Choque - Objeto Fixo;1;;;;;;;;;;0;2;;;
02/02/2014;15:16:00;251;com vítima;101;BR-040/RJ;Sul;Atropelamento - Pedestre;1;;;;;;;;;;1;;1;;
02/02/2014;13:02:00;235;sem vítima;104;BR-040/RJ;Sul;Colisão Traseira;2;;;;;;;;;;2;;;;
02/02/2014;17:19:00;274;sem vítima;113;BR-040/RJ;Sul;Choque - Objeto Fixo;1;;;;;;;;;;1;;;;
02/02/2014;04:06:00;195;sem vítima;115;BR-040/RJ;Norte;Colisão Traseira;2;;;;;;;;;;2;;;;
02/02/2014;06:05:00;200;com vítima;115;BR-040/RJ;Sul;Capotamento;1;;;;;;;;;;0;;4;;2
02/02/2014;03:32:00;193;sem vítima;827;BR-040/MG;Sul;Choque - Objeto Fixo;1;;;;;;;;;;1;;;;
02/02/2014;07:27:00;206;sem vítima;121;BR-040/RJ;Sul;Choque - Objeto Fixo;1;;;;;;;;;;1;;;;
03/02/2014;07:43:00;360;com vítima;83;BR-040/RJ;Norte;Colisão Traseira;2;;;;;;;;;;1;1;;;
03/02/2014;17:01:00;450;sem vítima;109;BR-040/RJ;Norte;Choque - Objeto Fixo;1;;;;;;;;;;1;;;;
03/02/2014;18:18:00;472;sem vítima;109;BR-040/RJ;Norte;Colisão Traseira;2;;;;;;;;;;2;;;;
03/02/2014;22:47:00;516;sem vítima;112;BR-040/RJ;Norte;Colisão Traseira;1;;;1;;;;;;;2;;;;
03/02/2014;17:44:00;460;sem vítima;113;BR-040/RJ;Norte;Colisão Traseira;1;;;;1;;;;;;2;;;;
03/02/2014;08:35:00;372;sem vítima;796;BR-040/MG;Sul;Colisão Lateral;1;;1;;;;;;;;2;;;;
03/02/2014;07:58:00;365;com vítima;121;BR-040/RJ;Sul;Colisão Lateral;;;1;1;;;;;;;1;1;;;
03/02/2014;10:09:00;388;sem vítima;121;BR-040/RJ;Sul;Colisão Traseira;1;;1;;;;;;;;2;;;;
03/02/2014;10:09:00;398;sem vítima;121;BR-040/RJ;Sul;Engavetamento;1;;2;;;;;;;;3;;;;
03/02/2014;09:05:00;377;com vítima;122;BR-040/RJ;Sul;Queda de Moto;;;;1;;;;;;;0;;2;;
03/02/2014;06:08:00;355;sem vítima;123;BR-040/RJ;Sul;Colisão Lateral;1;;1;;;;;;;;2;;;;
04/02/2014;11:24:00;591;com vítima;15;BR-040/RJ;Sul;Capotamento;1;;;;;;;;;;0;;1;;
04/02/2014;18:14:00;652;sem vítima;63;BR-040/RJ;Sul;Choque - Objeto Fixo;1;;;;;;;;;;1;;;;
04/02/2014;17:02:00;642;sem vítima;78;BR-040/RJ;Norte;Colisão Lateral;1;;;;;2;;;;;3;;;;
04/02/2014;08:56:00;563;sem vítima;79;BR-040/RJ;Norte;Colisão Lateral;;;2;;;;;;;;2;;;;
04/02/2014;17:18:00;644;sem vítima;80;BR-040/RJ;Sul;Colisão Lateral;2;;;;;;;;;;2;;;;
04/02/2014;18:54:00;660;sem vítima;80;BR-040/RJ;Sul;Tombamento;1;;;;;;;;;;1;;;;
04/02/2014;14:17:00;615;com vítima;82;BR-040/RJ;Sul;Colisão Lateral;1;;;;1;;;;;;1;1;;;
04/02/2014;17:41:00;647;com vítima;84;BR-040/RJ;Sul;Choque - Objeto Fixo;1;;;;;;;;;;0;3;;;
04/02/2014;20:06:00;666;com vítima;94;BR-040/RJ;Norte;Queda de Moto;;;;1;;;;;;;0;1;1;;
04/02/2014;16:30:00;639;sem vítima;98;BR-040/RJ;Norte;Choque - Objeto Fixo;1;;;;;;;;;;1;;;;
04/02/2014;18:46:00;659;sem vítima;105;BR-040/RJ;Norte;Colisão Lateral;1;;1;;;;;;;;2;;;;
04/02/2014;10:54:00;588;sem vítima;111;BR-040/RJ;Norte;Colisão Lateral;1;;1;;;;;;;;2;;;;
04/02/2014;16:49:00;641;sem vítima;114;BR-040/RJ;Norte;Choque - Objeto Fixo;;;1;;;;;;;;1;;;;
05/02/2014;23:27:00;865;sem vítima;21;BR-040/RJ;Norte;Choque - Objeto Fixo;;;1;;;;;;;;1;;;;
05/02/2014;10:42:00;742;com vítima;41;BR-040/RJ;Sul;Choque - Objeto Fixo;;;1;;;;;;;;0;1;;;
05/02/2014;13:46:00;777;sem vítima;86;BR-040/RJ;Norte;Choque - Objeto Fixo;1;;;;;;;;;;1;;;;
05/02/2014;14:00:00;778;sem vítima;86;BR-040/RJ;Norte;Colisão Traseira;2;;;;;;;;;;3;;;;
05/02/2014;19:00:00;825;sem vítima;101;BR-040/RJ;Norte;Engavetamento;3;;;;;;;;;;3;;;;
05/02/2014;16:58:00;800;sem vítima;109;BR-040/RJ;Norte;Colisão Lateral;1;;1;;;;;;;;2;;;;
05/02/2014;08:11:00;724;sem vítima;122;BR-040/RJ;Sul;Colisão Traseira;1;;;;1;;;;;;2;;;;
05/02/2014;18:37:00;821;sem vítima;124;BR-040/RJ;Sul;Engavetamento;2;;1;;;;;;;;3;;;;
06/02/2014;07:07:00;901;com vítima;72;BR-040/RJ;Sul;Queda de Moto;;;;1;;;;;;;0;1;;;
06/02/2014;06:27:00;896;com vítima;114;BR-040/RJ;Sul;Queda de Moto;;;;1;;;;;;;0;;1;;
06/02/2014;08:55:00;925;sem vítima;121;BR-040/RJ;Sul;Colisão Traseira;;;1;;;1;;;;;2;;;;
07/02/2014;15:01:00;1153;sem vítima;115;BR-040/RJ;Sul;Choque - Objeto Fixo;1;;;;;;;;;;1;;;;
07/02/2014;01:32:00;1059;sem vítima;117;BR-040/RJ;Sul;Atropelamento - Animal;1;;;;;;;;;;1;;;;
07/02/2014;07:10:00;1079;sem vítima;123;BR-040/RJ;Sul;Colisão Lateral;1;;1;;;;;;;;2;;;;
08/02/2014;08:51:00;1268;sem vítima;0;BR-040/RJ;Norte;Choque - Objeto Fixo;1;;;;;;;;;;1;;;;
08/02/2014;18:12:00;1377;com vítima;21;BR-040/RJ;Norte;Queda de Moto;;;;1;;;;;;;0;1;;;
08/02/2014;06:13:00;1253;sem vítima;58;BR-040/RJ;Sul;Choque - Objeto Fixo;1;;;;;;;;;;1;;;;
08/02/2014;13:57:00;1321;com vítima;84;BR-040/RJ;Sul;Capotamento;1;;;;;;;;;;0;1;;;
08/02/2014;04:44:00;1250;com vítima;88;BR-040/RJ;Norte;Colisão Traseira;;;2;;;;;;;;0;2;;;
08/02/2014;03:10:00;1248;com vítima;111;BR-040/RJ;Norte;Colisão Lateral;1;;1;;;;;;;;1;2;;;1
08/02/2014;06:14:00;1254;com vítima;120;BR-040/RJ;Norte;Colisão Traseira;1;;;1;;;;;;;1;;1;;1
08/02/2014;17:21:00;1362;com vítima;120;BR-040/RJ;Norte;Queda de Moto;;;;1;;;;;;;0;2;;;
09/02/2014;10:59:00;1471;com vítima;78;BR-040/RJ;Sul;Queda de Moto;;;;1;;;;;;;0;1;;;
09/02/2014;17:49:00;1524;com vítima;93;BR-040/RJ;Norte;Colisão Lateral;1;;;1;;;;;;;1;2;;;
09/02/2014;21:57:00;1565;com vítima;102;BR-040/RJ;Norte;Queda de Moto;;;;1;;;;;;;0;;1;;
09/02/2014;21:00:00;1559;sem vítima;109;BR-040/RJ;Sul;Colisão Frontal;1;;1;;;;;;;;2;;;;
09/02/2014;07:08:00;1445;sem vítima;773;BR-040/MG;Sul;Choque - Objeto Fixo;1;;;;;;;;;;1;;;;
09/02/2014;09:00:00;1455;sem vítima;119;BR-040/RJ;Sul;Colisão Lateral;1;;;;1;;;;;;2;;;;
09/02/2014;23:14:00;1573;com vítima;119;BR-040/RJ;Norte;Atropelamento - Pedestre;1;;;;;;;;;;0;1;;;1
09/02/2014;16:10:00;1506;sem vítima;123;BR-040/RJ;Norte;Capotamento;2;;1;;;;;;;;6;;;;
09/02/2014;17:12:00;1518;com vítima;123;BR-040/RJ;Norte;Colisão Lateral;1;;1;;;;;;;;1;1;;;
10/02/2014;18:36:00;1704;sem vítima;117;BR-040/RJ;Sul;Colisão Lateral;1;;1;;;;;;;;2;;;;
10/02/2014;05:43:00;1600;com vítima;783;BR-040/MG;Sul;Capotamento;1;;;;;;;;;;0;1;;;
10/02/2014;08:13:00;1612;sem vítima;123;BR-040/RJ;Sul;Colisão Lateral;2;;;;;;;;;;2;;;;
11/02/2014;08:05:00;1760;com vítima;31;BR-040/RJ;Sul;Capotamento;1;;;;;;;;;;0;1;;;
11/02/2014;06:29:00;1749;sem vítima;109;BR-040/RJ;Sul;Colisão Lateral;;;1;;1;;;;;;2;;;;
11/02/2014;02:24:00;1739;com vítima;113;BR-040/RJ;Norte;Colisão Traseira;1;;1;;;;;;;;1;1;;;
11/02/2014;05:14:00;1746;sem vítima;118;BR-040/RJ;Sul;Colisão Traseira;1;;;;;1;;;;;2;;;;
11/02/2014;09:01:00;1766;sem vítima;121;BR-040/RJ;Sul;Colisão Traseira;1;;1;;;;;;;;2;;;;
11/02/2014;23:34:00;1896;sem vítima;121;BR-040/RJ;Sul;Choque - Objeto Fixo;1;;;;;;;;;;1;;;;
11/02/2014;11:26:00;1784;sem vítima;122;BR-040/RJ;Norte;Colisão Lateral;1;;1;;;;;;;;2;;;;
11/02/2014;11:46:00;1787;sem vítima;123;BR-040/RJ;Sul;Colisão Lateral;1;;1;;;;;;;;2;;;;
12/02/2014;11:25:00;1952;com vítima;89;BR-040/RJ;Norte;Choque - Objeto Fixo;1;;;;;;;;;;0;;1;;
12/02/2014;17:32:00;2001;sem vítima;94;BR-040/RJ;Norte;Engavetamento;3;;;;;;;;;;3;;;;
12/02/2014;01:26:00;1905;com vítima;101;BR-040/RJ;Sul;Colisão Lateral;1;;;1;;;;;;;1;1;1;;
12/02/2014;16:45:00;1993;sem vítima;101;BR-040/RJ;Norte;Colisão Traseira;1;;1;;;;;;;;2;;;;
12/02/2014;18:13:00;2006;sem vítima;119;BR-040/RJ;Sul;Colisão Lateral;1;;1;;;;;;;;2;;;;
12/02/2014;13:32:00;1962;sem vítima;121;BR-040/RJ;Sul;Colisão Lateral;1;;1;;;;;;;;2;;;;
12/02/2014;15:58:00;1985;sem vítima;122;BR-040/RJ;Norte;Choque - Objeto Fixo;1;;;;;;;;;;1;;;;
13/02/2014;14:35:00;2136;sem vítima;7;BR-040/RJ;Sul;Colisão Lateral;;;;1;;1;;;;;2;;;;
13/02/2014;16:17:00;2152;com vítima;68;BR-040/RJ;Sul;Choque - Objeto Fixo;1;;;;;;;;;;0;1;;;
13/02/2014;08:39:00;2089;sem vítima;110;BR-040/RJ;Sul;Colisão Lateral;;;1;;1;;;;;;2;;;;
13/02/2014;10:57:00;2111;com vítima;806;BR-040/MG;Sul;Colisão Frontal;2;;;;;;;;;;0;;1;;1
14/02/2014;07:02:00;2249;sem vítima;22;BR-040/RJ;Norte;Colisão Lateral;;;;;1;1;;;;;2;;;;
14/02/2014;08:39:00;2265;sem vítima;89;BR-040/RJ;Norte;Choque - Objeto Fixo;1;;;;;;;;;;1;;;;
14/02/2014;09:11:00;2273;sem vítima;101;BR-040/RJ;Norte;Choque - Objeto Fixo;1;;;;;;;;;;1;;;;
14/02/2014;12:03:00;2293;com vítima;105;BR-040/RJ;Norte;Colisão Frontal;1;;;1;;;;;;;1;1;;;
14/02/2014;13:00:00;2300;com vítima;105;BR-040/RJ;Sul;Atropelamento - Pedestre;1;;;;;;;;;;1;1;;;
14/02/2014;20:36:00;2383;sem vítima;112;BR-040/RJ;Norte;Capotamento;1;;;;;;;;;;1;;;;
14/02/2014;07:11:00;2250;sem vítima;115;BR-040/RJ;Norte;Derrapagem;1;;;;;;;;;;1;;;;
14/02/2014;20:42:00;2385;sem vítima;119;BR-040/RJ;Norte;Colisão Lateral;1;;;;1;;;;;;2;;;;
14/02/2014;16:54:00;2341;sem vítima;122;BR-040/RJ;Sul;Colisão Traseira;1;;;;1;;;;;;2;;;;
14/02/2014;03:30:00;2237;sem vítima;125;BR-040/RJ;Sul;Tombamento;;;1;;;;;;;;1;;;;
15/02/2014;19:36:00;2518;com vítima;76;BR-040/RJ;Sul;Capotamento;1;;;;;;;;;;0;1;2;;
15/02/2014;12:29:00;2469;sem vítima;82;BR-040/RJ;Sul;Choque - Objeto Fixo;1;;;;;;;;;;1;;;;
15/02/2014;13:20:00;2476;com vítima;84;BR-040/RJ;Sul;Choque - Objeto Fixo;1;;;;;;;;;;0;;1;;
15/02/2014;13:51:00;2481;sem vítima;84;BR-040/RJ;Sul;Choque - Objeto Fixo;1;;;;;;;;;;1;;;;
15/02/2014;13:37:00;2479;com vítima;93;BR-040/RJ;Norte;Capotamento;1;;;;;;;;;;0;;1;;
15/02/2014;21:01:00;2523;sem vítima;93;BR-040/RJ;Norte;Choque - Objeto Fixo;1;;;;;;;;;;1;;;;
15/02/2014;23:20:00;2548;sem vítima;93;BR-040/RJ;Norte;Choque - Objeto Fixo;1;;;;;;;;;;1;;;;
15/02/2014;21:00:00;2522;sem vítima;94;BR-040/RJ;Sul;Choque - Objeto Fixo;1;;;;;;;;;;1;;;;
15/02/2014;10:00:00;2448;sem vítima;105;BR-040/RJ;Norte;Choque - Objeto Fixo;1;;;;;;;;;;1;;;;
15/02/2014;01:12:00;2415;com vítima;108;BR-040/RJ;Sul;Capotamento;1;;;;;;;;;;0;1;;;
15/02/2014;05:52:00;2434;sem vítima;113;BR-040/RJ;Norte;Choque - Objeto Fixo;1;;;;;;;;;;1;;;;
15/02/2014;13:25:00;2478;sem vítima;118;BR-040/RJ;Norte;Colisão Lateral;1;;;;;1;;;;;2;;;;
16/02/2014;20:35:00;2690;sem vítima;14;BR-040/RJ;Sul;Capotamento;1;;;;;;;;;;1;;;;
16/02/2014;18:43:00;2670;com vítima;30;BR-040/RJ;Norte;Capotamento;1;;;;;;;;;;0;1;1;;
16/02/2014;18:06:00;2663;com vítima;34;BR-040/RJ;Norte;Queda de Moto;;;;1;;;;;;;0;2;;;
16/02/2014;17:02:00;2648;com vítima;43;BR-040/RJ;Sul;Choque - Objeto Fixo;1;;;;;;;;;;0;2;;;
16/02/2014;17:48:00;2661;com vítima;43;BR-040/RJ;Norte;Choque - Objeto Fixo;1;;;;;;;;;;0;1;;;
16/02/2014;14:28:00;2620;sem vítima;59;BR-040/RJ;Norte;Queda de Moto;;;;1;;;;;;;1;;;;
16/02/2014;15:35:00;2634;sem vítima;70;BR-040/RJ;Norte;Choque - Objeto Fixo;1;;;;;;;;;;1;;;;
16/02/2014;20:27:00;2688;com vítima;72;BR-040/RJ;Sul;Choque - Objeto Fixo;1;;;;;;;;;;0;1;2;;
16/02/2014;12:35:00;2609;com vítima;74;BR-040/RJ;Norte;Capotamento;1;;;;;;;;;;1;1;;;
16/02/2014;17:41:00;2659;sem vítima;77;BR-040/RJ;Sul;Choque - Objeto Fixo;1;;;;;;;;;;1;;;;
16/02/2014;17:55:00;2665;sem vítima;77;BR-040/RJ;Sul;Choque - Objeto Fixo;1;;;;;;;;;;1;;;;
16/02/2014;18:38:00;2667;com vítima;77;BR-040/RJ;Sul;Colisão Traseira;2;;;;;;;;;;1;;3;;
16/02/2014;12:32:00;2608;sem vítima;78;BR-040/RJ;Sul;Choque - Objeto Fixo;1;;;;;;;;;;1;;;;
16/02/2014;13:00:00;2611;sem vítima;78;BR-040/RJ;Sul;Choque - Objeto Fixo;1;;;;;;;;;;1;;;;