data;horario;n_da_ocorrencia;tipo_de_ocorrencia;km;trecho;sentido;tipo_de_acidente;automovel;bicicleta;caminhao;moto;onibus;outros;tracao_animal;transporte_de_cargas_especiais;trator_maquinas;utilitarios;ilesos;levemente_feridos;moderadamente_feridos;gravemente_feridos;mortos
24/03/2014;09:55:00;3409;com vítima;115;BR-040/RJ;Sul;Colisão Lateral;1;;;1;;;;;;;1;1;;;
24/03/2014;18:56:00;3469;com vítima;119;BR-040/RJ;Norte;Colisão Traseira;2;;;;;;;;;;1;1;;;
24/03/2014;06:55:00;3393;sem vítima;121;BR-040/RJ;Sul;Colisão Lateral;1;;1;;;;;;;;2;;;;
25/03/2014;23:52:00;3619;com vítima;35;BR-040/RJ;Sul;Choque - Objeto Fixo;;;1;;;;;;;;0;;1;;
25/03/2014;13:58:00;3548;sem vítima;78;BR-040/RJ;Sul;Capotamento;1;;;;;;;;;;1;;;;
25/03/2014;18:22:00;3589;com vítima;96;BR-040/RJ;Norte;Tombamento;;;1;;;;;;;;0;1;;;
25/03/2014;18:46:00;3592;com vítima;104;BR-040/RJ;Norte;Queda de Moto;;;;1;;;;;;;0;1;;;
25/03/2014;16:50:00;3577;sem vítima;109;BR-040/RJ;Sul;Colisão Lateral;1;;1;;;;;;;;2;;;;
25/03/2014;17:58:00;3586;sem vítima;111;BR-040/RJ;Norte;Colisão Traseira;2;;;;;;;;;;2;;;;
25/03/2014;09:11:00;3529;com vítima;117;BR-040/RJ;Sul;Colisão Lateral;1;;;1;;;;;;;1;1;;;
25/03/2014;08:35:00;3522;com vítima;121;BR-040/RJ;Sul;Colisão Lateral;1;;;1;;;;;;;1;;1;;
25/03/2014;21:18:00;3609;sem vítima;122;BR-040/RJ;Norte;Colisão Traseira;1;;;;1;;;;;;2;;;;
25/03/2014;06:05:00;3515;sem vítima;124;BR-040/RJ;Sul;Colisão Traseira;1;;1;;;;;;;;2;;;;
25/03/2014;10:57:00;3537;sem vítima;124;BR-040/RJ;Sul;Colisão Transversal;1;;1;;;;;;;;2;;;;
26/03/2014;16:54:00;3711;sem vítima;8;BR-040/RJ;Norte;Choque - Objeto Fixo;1;;;;;;;;;;1;;;;
26/03/2014;17:22:00;3714;com vítima;16;BR-040/RJ;Norte;Capotamento;1;;;;;;;;;;0;2;;;
26/03/2014;15:09:00;3695;sem vítima;37;BR-040/RJ;Norte;Choque - Objeto Fixo;;;1;;;;;;;;1;;;;
26/03/2014;15:09:00;3698;com vítima;37;BR-040/RJ;Norte;Choque - Objeto Fixo;1;;;;;;;;;;1;1;;;
26/03/2014;23:41:00;3758;com vítima;70;BR-040/RJ;Sul;Colisão Traseira;;;2;;;;;;;;1;1;;;
26/03/2014;17:41:00;3718;sem vítima;78;BR-040/RJ;Norte;Colisão Lateral;1;;;1;;;;;;;2;;;;
26/03/2014;11:49:00;3676;sem vítima;84;BR-040/RJ;Norte;Choque - Objeto Fixo;1;;;;;;;;;;1;;;;
26/03/2014;07:03:00;3642;com vítima;88;BR-040/RJ;Norte;Choque - Objeto Fixo;1;;;;;;;;;;0;2;;;
26/03/2014;04:01:00;3628;sem vítima;90;BR-040/RJ;Sul;Colisão Traseira;;;2;;;;;;;;2;;;;
26/03/2014;07:44:00;3648;sem vítima;93;BR-040/RJ;Norte;Choque - Objeto Fixo;1;;;;;;;;;;1;;;;
26/03/2014;15:18:00;3696;com vítima;96;BR-040/RJ;Sul;Colisão Lateral;2;;;;;;;;;;1;1;;;
26/03/2014;08:48:00;3654;sem vítima;101;BR-040/RJ;Norte;Choque - Objeto Fixo;1;;;;;;;;;;1;;;;
26/03/2014;21:27:00;3747;com vítima;113;BR-040/RJ;Sul;Colisão Lateral;;;;2;;;;;;;0;3;1;;
26/03/2014;05:25:00;3634;com vítima;777;BR-040/MG;Norte;Choque - Objeto Fixo;;;1;;;;;;;;0;1;;;
26/03/2014;16:45:00;3710;sem vítima;784;BR-040/MG;Norte;Choque - Objeto Fixo;1;;;;;;;;;;1;;;;
26/03/2014;17:35:00;3717;com vítima;787;BR-040/MG;Norte;Choque - Objeto Fixo;1;;;;;;;;;;0;1;;;
26/03/2014;04:29:00;3629;sem vítima;815;BR-040/MG;Norte;Choque - Objeto Fixo;1;;;;;;;;;;1;;;;
26/03/2014;18:16:00;3725;sem vítima;121;BR-040/RJ;Norte;Colisão Traseira;1;;;;;1;;;;;2;;;;
26/03/2014;07:32:00;3646;sem vítima;123;BR-040/RJ;Sul;Colisão Lateral;2;;;;;;;;;;2;;;;
27/03/2014;19:27:00;3888;com vítima;87;BR-040/RJ;Norte;Queda de Moto;;;;1;;;;;;;0;1;;;
27/03/2014;07:16:00;3781;sem vítima;108;BR-040/RJ;Sul;Colisão Lateral;1;;;;;1;;;;;2;;;;
27/03/2014;22:59:00;3903;sem vítima;109;BR-040/RJ;Norte;Colisão Lateral;1;;;;1;;;;;;2;;;;
27/03/2014;00:10:00;3763;com vítima;785;BR-040/MG;Sul;Colisão Traseira;;;2;;;;;;;;1;1;;;
27/03/2014;09:34:00;3800;com vítima;821;BR-040/MG;Norte;Colisão Traseira;;;2;;;;;;;;1;1;;1;
27/03/2014;07:14:00;3780;sem vítima;122;BR-040/RJ;Sul;Colisão Traseira;;;2;;;;;;;;2;;;;
27/03/2014;09:48:00;3802;sem vítima;122;BR-040/RJ;Sul;Colisão Traseira;1;;;;;1;;;;;2;;;;
28/03/2014;19:00:00;4030;com vítima;33;BR-040/RJ;Norte;Tombamento;;;1;;;;;;;;0;;;;1
28/03/2014;15:32:00;3995;sem vítima;52;BR-040/RJ;Norte;Choque - Objeto Fixo;1;;;;;;;;;;1;;;;
28/03/2014;16:35:00;4010;com vítima;72;BR-040/RJ;Norte;Capotamento;1;;;;;;;;;;0;1;;;
28/03/2014;20:09:00;4036;com vítima;75;BR-040/RJ;Sul;Choque - Objeto Fixo;1;;;;;;;;;;0;1;;;
28/03/2014;16:45:00;4012;sem vítima;81;BR-040/RJ;Sul;Choque - Objeto Fixo;1;;;;;;;;;;1;;;;
28/03/2014;06:29:00;3924;sem vítima;94;BR-040/RJ;Norte;Choque - Objeto Fixo;1;;;;;;;;;;1;;;;
28/03/2014;18:36:00;4025;com vítima;105;BR-040/RJ;Sul;Atropelamento - Pedestre;1;;;;;;;;;;1;;;;1
28/03/2014;22:10:00;4053;com vítima;110;BR-040/RJ;Norte;Colisão Traseira;2;;;;;;;;;;1;2;;;
29/03/2014;13:00:00;4135;com vítima;42;BR-040/RJ;Sul;Queda de Moto;;;;1;;;;;;;0;;;;1
29/03/2014;08:44:00;4113;sem vítima;77;BR-040/RJ;Sul;Queda de Moto;1;;;;;;;;;;1;;;;
29/03/2014;06:52:00;4096;sem vítima;79;BR-040/RJ;Norte;Choque - Objeto Fixo;1;;;;;;;;;;1;;;;
29/03/2014;23:33:00;4204;com vítima;101;BR-040/RJ;Sul;Capotamento;1;;;;;;;;;;0;1;;;
29/03/2014;22:58:00;4200;com vítima;109;BR-040/RJ;Sul;Capotamento;1;;;;;;;;;;0;2;;1;
29/03/2014;15:15:00;4145;sem vítima;111;BR-040/RJ;Norte;Colisão Lateral;2;;;;;;;;;;2;;;;
29/03/2014;00:58:00;4069;com vítima;114;BR-040/RJ;Sul;Choque - Objeto Fixo;1;;;;;;;;;;0;1;;;
29/03/2014;07:08:00;4098;sem vítima;117;BR-040/RJ;Sul;Engavetamento;3;;;;;;;;;;3;;;;
29/03/2014;14:42:00;4142;com vítima;117;BR-040/RJ;Norte;Colisão Traseira;1;;1;;;;;;;;1;;1;;
30/03/2014;19:31:00;4305;com vítima;41;BR-040/RJ;Sul;Choque - Objeto Fixo;1;;;;;;;;;;0;1;;;
30/03/2014;12:40:00;4254;com vítima;53;BR-040/RJ;Norte;Choque - Objeto Fixo;1;;;;;;;;;;0;1;;;
30/03/2014;19:49:00;4310;sem vítima;113;BR-040/RJ;Norte;Colisão Lateral;1;;;;;1;;;;;2;;;;
30/03/2014;03:56:00;4216;sem vítima;119;BR-040/RJ;Norte;Choque - Objeto Fixo;1;;;;;;;;;;1;;;;
31/03/2014;21:10:00;4453;sem vítima;64;BR-040/RJ;Norte;Choque - Objeto Fixo;;;1;;;;;;;;1;;;;
31/03/2014;05:10:00;4339;com vítima;67;BR-040/RJ;Sul;Queda de Moto;;;;1;;;;;;;0;;1;;
31/03/2014;17:49:00;4419;sem vítima;78;BR-040/RJ;Norte;Choque - Objeto Fixo;1;;;;;;;;;;1;;;;
31/03/2014;00:18:00;4330;com vítima;776;BR-040/MG;Sul;Choque - Objeto Fixo;1;;;;;;;;;;0;2;;;
31/03/2014;08:45:00;4353;com vítima;120;BR-040/RJ;Sul;Engavetamento;1;;1;;;;;;;;1;2;;;
31/03/2014;16:14:00;4404;sem vítima;123;BR-040/RJ;Norte;Colisão Lateral;1;;1;;;;;;;;2;;;;
31/03/2014;16:23:00;4405;sem vítima;123;BR-040/RJ;Sul;Engavetamento;4;;;;;;;;;;4;;;;
31/03/2014;16:40:00;4409;sem vítima;123;BR-040/RJ;Norte;Colisão Lateral;1;;1;;;;;;;;2;;;;
31/03/2014;13:42:00;4382;sem vítima;125;BR-040/RJ;Sul;Colisão Traseira;;;;;1;1;;;;;2;;;;
01/04/2014;13:29:00;58;com vítima;33;BR-040/RJ;Norte;Capotamento;1;;;;;;;;;;0;1;;;
01/04/2014;20:20:00;124;com vítima;54;BR-040/RJ;Norte;Colisão Traseira;1;;1;;;;;;;;0;2;;;
01/04/2014;10:45:00;40;com vítima;68;BR-040/RJ;Norte;Choque - Objeto Fixo;1;;;;;;;;;;0;;1;;
01/04/2014;14:20:00;64;com vítima;68;BR-040/RJ;Norte;Capotamento;1;;1;;;;;;;;2;;1;1;
01/04/2014;15:50:00;85;sem vítima;70;BR-040/RJ;Norte;Colisão Traseira;2;;;;;;;;;;2;;;;
01/04/2014;18:36:00;107;sem vítima;74;BR-040/RJ;Sul;Choque - Objeto Fixo;1;;;;;;;;;;1;;;;
01/04/2014;16:15:00;86;sem vítima;75;BR-040/RJ;Sul;Choque - Objeto Fixo;1;;;;;;;;;;1;;;;
01/04/2014;23:57:00;138;com vítima;87;BR-040/RJ;Sul;Colisão Traseira;;;2;;;;;;;;1;;;1;1
01/04/2014;13:50:00;59;sem vítima;93;BR-040/RJ;Norte;Colisão Lateral;;;2;;;;;;;;2;;;;
01/04/2014;21:02:00;128;sem vítima;795;BR-040/MG;Sul;Colisão Lateral;;;2;;;;;;;;2;;;;
01/04/2014;04:56:00;14;sem vítima;123;BR-040/RJ;Sul;Colisão Traseira;2;;;;;;;;;;2;;;;
01/04/2014;16:55:00;94;com vítima;123;BR-040/RJ;Norte;Capotamento;1;;;;;;;;;;0;1;;;
01/04/2014;20:27:00;125;sem vítima;123;BR-040/RJ;Norte;Colisão Lateral;1;;1;;;;;;;;2;;;;
01/04/2014;19:35:00;116;sem vítima;124;BR-040/RJ;Norte;Colisão Traseira;2;;;;;;;;;;2;;;;
02/04/2014;16:52:00;229;sem vítima;29;BR-040/RJ;Norte;Choque - Objeto Fixo;1;;;;;;;;;;1;;;;
02/04/2014;16:50:00;228;com vítima;32;BR-040/RJ;Sul;Choque - Objeto Fixo;1;;;;;;;;;;0;2;;;
02/04/2014;15:48:00;218;sem vítima;75;BR-040/RJ;Norte;Choque - Objeto Fixo;;;1;;;;;;;;1;;;;
02/04/2014;19:45:00;255;com vítima;92;BR-040/RJ;Sul;Capotamento;1;;;;;;;;;;0;1;;;
02/04/2014;15:15:00;213;com vítima;94;BR-040/RJ;Sul;Capotamento;1;;;;;;;;;;0;2;;;
02/04/2014;15:26:00;217;sem vítima;94;BR-040/RJ;Sul;Choque - Objeto Fixo;1;;;;;;;;;;1;;;;
02/04/2014;14:43:00;207;com vítima;105;BR-040/RJ;Norte;Atropelamento - Pedestre;1;;;;;;;;;;1;;1;;
02/04/2014;13:51:00;202;com vítima;108;BR-040/RJ;Norte;Choque - Objeto Fixo;1;;;;;;;;;;0;1;;;
02/04/2014;21:50:00;275;com vítima;785;BR-040/MG;Norte;Capotamento;1;;;;;;;;;;0;1;;;
02/04/2014;13:18:00;197;sem vítima;118;BR-040/RJ;Sul;Colisão Lateral;2;;;;;;;;;;2;;;;
02/04/2014;19:04:00;248;sem vítima;119;BR-040/RJ;Norte;Colisão Lateral;1;;1;;;;;;;;2;;;;
02/04/2014;07:08:00;158;sem vítima;121;BR-040/RJ;Sul;Colisão Traseira;;;2;;;;;;;;2;;;;
02/04/2014;13:43:00;200;com vítima;121;BR-040/RJ;Sul;Colisão Traseira;1;;;;1;;;;;;1;;1;;
03/04/2014;15:13:00;354;sem vítima;73;BR-040/RJ;Sul;Choque - Objeto Fixo;1;;;;;;;;;;1;;;;
03/04/2014;19:30:00;402;sem vítima;73;BR-040/RJ;Sul;Derrapagem;1;;;;;;;;;;1;;;;
03/04/2014;14:17:00;345;com vítima;81;BR-040/RJ;Norte;Tombamento;1;;;;;;;;;;0;1;;;
03/04/2014;16:57:00;376;sem vítima;84;BR-040/RJ;Norte;Colisão Lateral;;;2;;;;;;;;2;;;;
03/04/2014;17:43:00;386;sem vítima;88;BR-040/RJ;Norte;Choque - Objeto Fixo;1;;;;;;;;;;1;;;;
03/04/2014;18:03:00;389;sem vítima;89;BR-040/RJ;Sul;Derrapagem;1;;;;;;;;;;1;;;;
03/04/2014;19:30:00;400;sem vítima;97;BR-040/RJ;Sul;Choque - Objeto Fixo;1;;;;;;;;;;1;;;;
03/04/2014;23:16:00;426;com vítima;111;BR-040/RJ;Norte;Colisão Traseira;;;;1;;1;;;;;1;1;1;;
03/04/2014;12:42:00;339;com vítima;114;BR-040/RJ;Sul;Colisão Lateral;2;;;;;;;;;;1;;1;;
03/04/2014;15:18:00;358;sem vítima;823;BR-040/MG;Sul;Derrapagem;1;;;;;;;;;;1;;;;
03/04/2014;15:31:00;361;sem vítima;824;BR-040/MG;Sul;Choque - Objeto Fixo;1;;;;;;;;;;1;;;;
03/04/2014;16:17:00;371;com vítima;825;BR-040/MG;Sul;Derrapagem;1;;;;;;;;;;0;4;;;
03/04/2014;12:30:00;338;sem vítima;121;BR-040/RJ;Sul;Choque - Objeto Fixo;1;;;;;;;;;;1;;;;
03/04/2014;13:23:00;341;sem vítima;121;BR-040/RJ;Norte;Choque - Objeto Fixo;;;1;;;;;;;;1;;;;
03/04/2014;17:41:00;383;sem vítima;123;BR-040/RJ;Norte;Colisão Transversal;1;;1;;;;;;;;2;;;;
04/04/2014;16:26:00;513;sem vítima;9;BR-040/RJ;Norte;Colisão Lateral;1;;1;;;;;;;;2;;;;
04/04/2014;17:14:00;521;com vítima;51;BR-040/RJ;Sul;Queda de Moto;1;;;1;;;;;;;1;1;;;
04/04/2014;23:44:00;575;sem vítima;53;BR-040/RJ;Sul;Choque - Objeto Fixo;;;1;;;;;;;;1;;;;
04/04/2014;04:10:00;437;sem vítima;70;BR-040/RJ;Sul;Choque - Objeto Fixo;1;;1;;;;;;;;2;;;;
04/04/2014;17:48:00;535;sem vítima;71;BR-040/RJ;Norte;Choque - Objeto Fixo;1;;;;;;;;;;1;;;;
04/04/2014;12:38:00;489;sem vítima;77;BR-040/RJ;Sul;Choque - Objeto Fixo;1;;;;;;;;;;1;;;;
04/04/2014;07:30:00;451;com vítima;78;BR-040/RJ;Sul;Capotamento;1;;;;;;;;;;0;1;;;
04/04/2014;07:30:00;452;sem vítima;78;BR-040/RJ;Sul;Choque - Objeto Fixo;1;;;;;;;;;;1;;;;
04/04/2014;08:22:00;458;sem vítima;82;BR-040/RJ;Sul;Choque - Objeto Fixo;1;;;;;;;;;;1;;;;
04/04/2014;05:46:00;442;com vítima;86;BR-040/RJ;Norte;Choque - Objeto Fixo;;;1;;;;;;;;0;1;;;
04/04/2014;16:39:00;517;com vítima;92;BR-040/RJ;Sul;Capotamento;1;;;;;;;;;;0;1;;;
04/04/2014;08:47:00;464;sem vítima;94;BR-040/RJ;Norte;Choque - Objeto Fixo;1;;;;;;;;;;1;;;;
04/04/2014;16:17:00;511;sem vítima;94;BR-040/RJ;Sul;Capotamento;1;;;;;;;;;;1;;;;
04/04/2014;14:01:00;495;com vítima;101;BR-040/RJ;Norte;Choque - Objeto Fixo;;;;;1;;;;;;1;7;1;;
04/04/2014;19:10:00;545;sem vítima;102;BR-040/RJ;Norte;Queda de Moto;;;;1;;;;;;;1;;;;
04/04/2014;15:49:00;506;sem vítima;104;BR-040/RJ;Norte;Colisão Lateral;1;;1;;;;;;;;2;;;;
04/04/2014;18:27:00;537;com vítima;105;BR-040/RJ;Norte;Atropelamento - Pedestre;;;;;;1;;;;;1;;1;;
04/04/2014;10:30:00;478;com vítima;110;BR-040/RJ;Sul;Colisão Traseira;;;2;;;;;;;;3;3;;;
04/04/2014;22:56:00;573;sem vítima;110;BR-040/RJ;Norte;Capotamento;1;;;;;;;;;;1;;;;
04/04/2014;17:22:00;526;sem vítima;112;BR-040/RJ;Sul;Choque - Objeto Fixo;1;;;;;;;;;;1;;;;
04/04/2014;04:40:00;438;sem vítima;113;BR-040/RJ;Norte;Colisão Traseira;1;;;;;1;;;;;2;;;;
04/04/2014;20:00:00;552;sem vítima;775;BR-040/MG;Sul;Choque - Objeto Fixo;1;;;;;;;;;;1;;;;
04/04/2014;17:49:00;532;com vítima;784;BR-040/MG;Sul;Capotamento;1;;;;;;;;;;0;;1;;
04/04/2014;16:26:00;520;sem vítima;791;BR-040/MG;Norte;Choque - Objeto Fixo;1;;;;;;;;;;1;;;;
04/04/2014;17:32:00;530;com vítima;122;BR-040/RJ;Sul;Queda de Moto;;;;1;;;;;;;0;1;;;
05/04/2014;12:43:00;653;com vítima;24;BR-040/RJ;Sul;Capotamento;1;;;;;;;;;;0;1;1;;
05/04/2014;16:06:00;684;com vítima;31;BR-040/RJ;Norte;Choque - Objeto Fixo;;;1;;;;;;;;0;;;1;
05/04/2014;10:11:00;637;com vítima;77;BR-040/RJ;Sul;Capotamento;1;;;;;;;;;;0;1;1;;
05/04/2014;05:24:00;600;sem vítima;118;BR-040/RJ;Norte;Capotamento;1;;;;;;;;;;1;;;;
05/04/2014;20:50:00;726;sem vítima;817;BR-040/MG;Sul;Choque - Objeto Fixo;1;;;;;;;;;;1;;;;
05/04/2014;20:59:00;727;com vítima;120;BR-040/RJ;Sul;Colisão Traseira;1;;;1;;;;;;;1;1;1;;
05/04/2014;08:51:00;623;sem vítima;121;BR-040/RJ;Norte;Engavetamento;3;;;;;;;;;;6;;;;
05/04/2014;06:45:00;606;sem vítima;122;BR-040/RJ;Sul;Colisão Traseira;1;;;;1;;;;;;2;;;;
06/04/2014;19:38:00;851;com vítima;6;BR-040/RJ;Sul;Choque - Objeto Fixo;1;;;;;;;;;;0;2;;;
06/04/2014;19:04:00;844;sem vítima;70;BR-040/RJ;Sul;Colisão Traseira;1;;;;1;;;;;;2;;;;
06/04/2014;07:19:00;769;com vítima;72;BR-040/RJ;Sul;Capotamento;1;;;;;;;;;;0;1;;;
06/04/2014;09:09:00;777;com vítima;78;BR-040/RJ;Sul;Queda de Moto;;;;1;;;;;;;0;1;;;
06/04/2014;16:05:00;820;com vítima;79;BR-040/RJ;Sul;Colisão Lateral;2;;;;;;;;;;2;2;;;
06/04/2014;18:28:00;839;sem vítima;83;BR-040/RJ;Norte;Choque - Objeto Fixo;2;;;;;;;;;;2;;;;
06/04/2014;10:00:00;780;com vítima;104;BR-040/RJ;Norte;Colisão Lateral;2;;;;;;;;;;1;1;;;
06/04/2014;18:26:00;838;com vítima;105;BR-040/RJ;Norte;Colisão Lateral;1;;;1;;;;;;;1;1;;;
06/04/2014;01:35:00;751;com vítima;115;BR-040/RJ;Norte;Engavetamento;2;;;3;;;;;;;4;1;1;;
06/04/2014;04:25:00;759;com vítima;116;BR-040/RJ;Sul;Choque - Objeto Fixo;1;;;;1;;;;;;1;;2;1;1
06/04/2014;20:18:00;853;sem vítima;784;BR-040/MG;Norte;Choque - Objeto Fixo;1;;;;;;;;;;1;;;;
06/04/2014;16:04:00;819;sem vítima;118;BR-040/RJ;Sul;Colisão Traseira;2;;;;;;;;;;2;;;;
06/04/2014;01:52:00;753;sem vítima;119;BR-040/RJ;Norte;Choque - Objeto Fixo;1;;;;;;;;;;1;;;;
07/04/2014;19:23:00;984;sem vítima;41;BR-040/RJ;Sul;Choque - Objeto Fixo;1;;;;;;;;;;1;;;;
07/04/2014;23:35:00;1005;com vítima;64;BR-040/RJ;Sul;Choque - Objeto Fixo;1;;;;;;;;;;0;1;;;
07/04/2014;07:25:00;901;sem vítima;68;BR-040/RJ;Sul;Choque - Objeto Fixo;1;;;;;;;;;;1;;;;
07/04/2014;04:53:00;883;sem vítima;93;BR-040/RJ;Norte;Choque - Objeto Fixo;1;;;;;;;;;;1;;;;
07/04/2014;18:28:00;973;sem vítima;113;BR-040/RJ;Norte;Engavetamento;3;;;;;;;;;;3;;;;
07/04/2014;18:46:00;977;sem vítima;113;BR-040/RJ;Norte;Engavetamento;5;;1;;;;;;;;6;;;;
07/04/2014;20:03:00;987;sem vítima;122;BR-040/RJ;Norte;Engavetamento;2;;;;;1;;;;;3;;;;
07/04/2014;06:33:00;890;sem vítima;123;BR-040/RJ;Sul;Colisão Lateral;1;;1;;;;;;;;2;;;;
08/04/2014;02:01:00;1013;sem vítima;34;BR-040/RJ;Norte;Atropelamento - Animal;;;1;;;;;;;;1;;;;
08/04/2014;11:35:00;1060;com vítima;43;BR-040/RJ;Norte;Choque - Objeto Fixo;;;1;;;;;;;;0;1;;;
08/04/2014;19:41:00;1140;sem vítima;45;BR-040/RJ;Norte;Choque - Objeto Fixo;;;1;;;;;;;;1;;;;
08/04/2014;15:24:00;1091;sem vítima;89;BR-040/RJ;Sul;Engavetamento;2;;2;;;;;;;;4;;;;
08/04/2014;12:08:00;1063;sem vítima;90;BR-040/RJ;Sul;Choque - Objeto Fixo;;;1;;;;;;;;1;;;;
08/04/2014;08:08:00;1038;sem vítima;115;BR-040/RJ;Sul;Engavetamento;4;;;;;;;;;;4;;;;
08/04/2014;21:28:00;1153;com vítima;815;BR-040/MG;Norte;Tombamento;;;1;;;;;;;;0;1;;;
08/04/2014;11:49:00;1061;com vítima;123;BR-040/RJ;Sul;Queda de Moto;;;;1;;;;;;;0;1;;;
08/04/2014;15:32:00;1096;sem vítima;124;BR-040/RJ;Norte;Choque - Objeto Fixo;1;;;;;;;;;;1;;;;
09/04/2014;03:20:00;1172;sem vítima;6;BR-040/RJ;Norte;Atropelamento - Pedestre;1;;;;;;;;;;1;;;;
09/04/2014;14:08:00;1229;sem vítima;85;BR-040/RJ;Sul;Choque - Objeto Fixo;1;;;;;;;;;;1;;;;
09/04/2014;21:45:00;1309;sem vítima;102;BR-040/RJ;Sul;Choque - Objeto Fixo;1;;;;;;;;;;1;;;;
09/04/2014;13:06:00;1220;com vítima;110;BR-040/RJ;Norte;Colisão Traseira;1;;1;;;;;;;;1;1;;;
09/04/2014;23:51:00;1324;sem vítima;114;BR-040/RJ;Norte;Choque - Objeto Fixo;1;;;;;;;;;;1;;;;
09/04/2014;05:26:00;1179;com vítima;802;BR-040/MG;Norte;Tombamento;1;;;;;;;;;;0;2;;;
09/04/2014;15:52:00;1246;sem vítima;124;BR-040/RJ;Sul;Colisão Traseira;1;;;;1;;;;;;2;;;;
10/04/2014;15:17:00;1430;sem vítima;55;BR-040/RJ;Sul;Choque - Objeto Fixo;1;;;;;;;;;;1;;;;
10/04/2014;15:09:00;1427;sem vítima;89;BR-040/RJ;Norte;Choque - Objeto Fixo;1;;;;;;;;;;1;;;;
10/04/2014;14:01:00;1412;sem vítima;93;BR-040/RJ;Norte;Colisão Lateral;1;;;;;1;;;;;2;;;;
10/04/2014;04:28:00;1341;com vítima;115;BR-040/RJ;Sul;Colisão Traseira;1;1;1;;;;;;;;1;2;;;1
10/04/2014;07:01:00;1354;com vítima;777;BR-040/MG;Sul;Capotamento;1;;;;;;;;;;0;3;;;
10/04/2014;16:18:00;1438;sem vítima;116;BR-040/RJ;Norte;Colisão Lateral;1;;;;1;;;;;;2;;;;
10/04/2014;16:53:00;1445;sem vítima;116;BR-040/RJ;Sul;Colisão Traseira;1;;1;;;;;;;;2;;;;
10/04/2014;23:01:00;1493;com vítima;799;BR-040/MG;Norte;Capotamento;1;;;;;;;;;;0;1;;;
10/04/2014;20:27:00;1477;com vítima;119;BR-040/RJ;Norte;Queda de Moto;;;;1;;;;;;;0;;1;1;
10/04/2014;13:29:00;1407;com vítima;124;BR-040/RJ;Sul;Colisão Lateral;1;;1;;;;;;;;1;1;;;
10/04/2014;13:48:00;1409;sem vítima;124;BR-040/RJ;Sul;Colisão Lateral;1;;1;;;;;;;;2;;;;
10/04/2014;14:30:00;1418;sem vítima;124;BR-040/RJ;Sul;Colisão Traseira;1;;1;;;;;;;;2;;;;
10/04/2014;14:40:00;1419;sem vítima;124;BR-040/RJ;Sul;Colisão Lateral;1;;;;;1;;;;;2;;;;
10/04/2014;14:45:00;1429;sem vítima;124;BR-040/RJ;Sul;Colisão Lateral;1;;1;;;;;;;;2;;;;
11/04/2014;08:43:00;1529;com vítima;25;BR-040/RJ;Sul;Capotamento;1;;;;;;;;;;0;1;;;
11/04/2014;16:05:00;1600;sem vítima;86;BR-040/RJ;Norte;Colisão Traseira;2;;;;;;;;;;2;;;;
11/04/2014;18:34:00;1623;sem vítima;113;BR-040/RJ;Norte;Engavetamento;3;;;;;;;;;;3;;;;
11/04/2014;19:34:00;1630;sem vítima;114;BR-040/RJ;Norte;Colisão Lateral;1;;1;;;;;;;;2;;;;
11/04/2014;21:33:00;1644;com vítima;116;BR-040/RJ;Norte;Choque - Objeto Fixo;1;;;;;;;;;;0;1;;;
11/04/2014;04:38:00;1506;com vítima;118;BR-040/RJ;Norte;Capotamento;1;;;;;;;;;;0;1;1;;
11/04/2014;08:18:00;1528;sem vítima;828;BR-040/MG;Sul;Choque - Objeto Fixo;;;1;;;;;;;;1;;;;
11/04/2014;16:10:00;1601;com vítima;828;BR-040/MG;Norte;Tombamento;;;1;;;;;;;;0;;1;;
11/04/2014;17:13:00;1614;sem vítima;828;BR-040/MG;Norte;Colisão Traseira;2;;;;;;;;;;2;;;;
11/04/2014;06:46:00;1518;sem vítima;124;BR-040/RJ;Sul;Colisão Lateral;1;;1;;;;;;;;2;;;;
11/04/2014;07:29:00;1525;sem vítima;124;BR-040/RJ;Sul;Colisão Traseira;2;;;;;;;;;;2;;;;
11/04/2014;14:43:00;1578;sem vítima;124;BR-040/RJ;Sul;Colisão Traseira;2;;;;;;;;;;2;;;;
12/04/2014;00:22:00;1669;sem vítima;91;BR-040/RJ;Norte;Choque - Objeto Fixo;1;;;;;;;;;;1;;;;
12/04/2014;02:53:00;1678;sem vítima;101;BR-040/RJ;Sul;Choque - Objeto Fixo;1;;;;;;;;;;1;;;;
12/04/2014;00:07:00;1667;com vítima;102;BR-040/RJ;Sul;Queda de Moto;;;;1;;;;;;;0;;1;;
12/04/2014;07:37:00;1693;sem vítima;105;BR-040/RJ;Sul;Colisão Traseira;2;;;;;;;;;;2;;;;
12/04/2014;12:30:00;1727;sem vítima;111;BR-040/RJ;Norte;Engavetamento;3;;1;;;1;;;;;5;;;;
12/04/2014;15:19:00;1751;sem vítima;780;BR-040/MG;Sul;Choque - Objeto Fixo;1;;;;;;;;;;1;;;;
12/04/2014;00:04:00;1666;com vítima;124;BR-040/RJ;Sul;Queda de Moto;;;;1;;;;;;;0;;1;;
12/04/2014;23:32:00;1821;sem vítima;124;BR-040/RJ;Sul;Choque - Objeto Fixo;1;;;;;;;;;;1;;;;