data;horario;n_da_ocorrencia;tipo_de_ocorrencia;km;trecho;sentido;tipo_de_acidente;automovel;bicicleta;caminhao;moto;onibus;outros;tracao_animal;transporte_de_cargas_especiais;trator_maquinas;utilitarios;ilesos;levemente_feridos;moderadamente_feridos;gravemente_feridos;mortos
08/06/2014;00:08:00;1016;sem vítima;77;BR-040/RJ;Norte;Choque - Objeto Fixo;1;;;;;;;;;;1;;;;
08/06/2014;09:10:00;1046;sem vítima;81;BR-040/RJ;Norte;Choque - Objeto Fixo;1;;;;;;;;;;1;;;;
08/06/2014;15:27:00;1095;com vítima;85;BR-040/RJ;Sul;Queda de Moto;;;;1;;;;;;;0;1;;;
08/06/2014;06:55:00;1041;sem vítima;113;BR-040/RJ;Norte;Choque - Objeto Fixo;1;;;;;;;;;;1;;;;
09/06/2014;19:56:00;1300;sem vítima;78;BR-040/RJ;Sul;Choque - Objeto Fixo;1;;;;;;;;;;1;;;;
09/06/2014;08:14:00;1199;com vítima;90;BR-040/RJ;Sul;Queda de Moto;;;;1;;;;;;;0;;1;;
09/06/2014;07:22:00;1194;sem vítima;95;BR-040/RJ;Norte;Choque - Objeto Fixo;1;;;;;;;;;;1;;;;
09/06/2014;09:37:00;1213;com vítima;780;BR-040/MG;Norte;Colisão Lateral;1;;;1;;;;;;;1;;1;;
09/06/2014;07:30:00;1195;sem vítima;799;BR-040/MG;Norte;Colisão Lateral;1;;1;;;;;;;;2;;;;
09/06/2014;07:48:00;1197;com vítima;118;BR-040/RJ;Sul;Colisão Traseira;;;1;;1;;;;;;1;1;;;
09/06/2014;10:35:00;1228;com vítima;121;BR-040/RJ;Sul;Colisão Lateral;1;;;1;;;;;;;1;1;;;
09/06/2014;23:28:00;1318;sem vítima;121;BR-040/RJ;Norte;Colisão Transversal;1;;;;1;;;;;;2;;;;
09/06/2014;09:30:00;1210;sem vítima;123;BR-040/RJ;Sul;Colisão Traseira;2;;;;;;;;;;2;;;;
10/06/2014;16:06:00;1406;com vítima;34;BR-040/RJ;Norte;Choque - Objeto Fixo;1;;;;;;;;;;0;2;;;
10/06/2014;18:05:00;1429;com vítima;34;BR-040/RJ;Norte;Capotamento;1;;;;;;;;;;0;1;;;
10/06/2014;10:17:00;1363;com vítima;35;BR-040/RJ;Norte;Choque - Objeto Fixo;1;;;;;;;;;;0;1;;;
10/06/2014;11:17:00;1371;com vítima;38;BR-040/RJ;Norte;Choque - Objeto Fixo;1;;;;;;;;;;0;2;;;
10/06/2014;15:37:00;1403;sem vítima;44;BR-040/RJ;Norte;Choque - Objeto Fixo;1;;;;;;;;;;1;;;;
10/06/2014;16:06:00;1407;sem vítima;75;BR-040/RJ;Sul;Choque - Objeto Fixo;1;;;;;;;;;;1;;;;
10/06/2014;15:51:00;1404;sem vítima;83;BR-040/RJ;Sul;Capotamento;1;;;;;;;;;;1;;;;
10/06/2014;06:16:00;1340;com vítima;84;BR-040/RJ;Sul;Choque - Objeto Fixo;;;1;;;;;;;;0;1;;;
10/06/2014;18:21:00;1434;com vítima;88;BR-040/RJ;Norte;Engavetamento;3;;;;;;;;;;1;1;1;;
10/06/2014;17:52:00;1423;sem vítima;110;BR-040/RJ;Norte;Colisão Traseira;;;1;1;;;;;;;2;;;;
10/06/2014;20:38:00;1453;sem vítima;110;BR-040/RJ;Sul;Choque - Objeto Fixo;1;;;;;;;;;;1;;;;
10/06/2014;07:28:00;1344;com vítima;111;BR-040/RJ;Sul;Colisão Traseira;;;1;;1;;;;;;6;8;;;
10/06/2014;08:22:00;1351;com vítima;111;BR-040/RJ;Sul;Choque - Objeto Fixo;1;;;;;;;;;;0;1;;;
10/06/2014;08:20:00;1350;sem vítima;773;BR-040/MG;Norte;Tombamento;;;1;;;;;;;;1;;;;
10/06/2014;16:05:00;1405;sem vítima;118;BR-040/RJ;Norte;Choque - Objeto Fixo;1;;;;;;;;;;1;;;;
10/06/2014;11:40:00;1375;sem vítima;823;BR-040/MG;Sul;Choque - Objeto Fixo;1;;;;;;;;;;1;;;;
10/06/2014;06:55:00;1343;sem vítima;120;BR-040/RJ;Sul;Colisão Traseira;1;;1;;;;;;;;2;;;;
10/06/2014;10:05:00;1361;sem vítima;122;BR-040/RJ;Sul;Colisão Traseira;;;2;;;;;;;;2;;;;
11/06/2014;08:02:00;1506;sem vítima;19;BR-040/RJ;Norte;Choque - Objeto Fixo;1;;;;;;;;;;1;;;;
11/06/2014;10:59:00;1528;sem vítima;70;BR-040/RJ;Norte;Choque - Objeto Fixo;1;;;;;;;;;;1;;;;
11/06/2014;15:34:00;1555;com vítima;79;BR-040/RJ;Sul;Queda de Moto;;;;1;;;;;;;0;1;;;
11/06/2014;06:53:00;1496;sem vítima;84;BR-040/RJ;Norte;Choque - Objeto Fixo;1;;;;;;;;;;1;;;;
11/06/2014;03:43:00;1482;sem vítima;91;BR-040/RJ;Norte;Choque - Objeto Fixo;1;;;;;;;;;;1;;;;
11/06/2014;19:39:00;1588;com vítima;105;BR-040/RJ;Sul;Atropelamento - Pedestre;1;1;;;;;;;;;1;;1;;
11/06/2014;21:17:00;1597;sem vítima;113;BR-040/RJ;Sul;Choque - Objeto Fixo;1;;;;;;;;;;1;;;;
11/06/2014;20:30:00;1592;sem vítima;114;BR-040/RJ;Norte;Engavetamento;3;;;;;;;;;;3;;;;
11/06/2014;18:05:00;1578;sem vítima;115;BR-040/RJ;Norte;Colisão Traseira;2;;;;;;;;;;2;;;;
11/06/2014;12:07:00;1536;sem vítima;788;BR-040/MG;Norte;Choque - Objeto Fixo;1;;;;;;;;;;1;;;;
11/06/2014;21:43:00;1600;com vítima;793;BR-040/MG;Norte;Colisão Traseira;1;;1;;;;;;;;1;1;;;
11/06/2014;16:08:00;1561;sem vítima;123;BR-040/RJ;Norte;Colisão Traseira;1;;1;;;;;;;;2;;;;
12/06/2014;08:23:00;1660;com vítima;65;BR-040/RJ;Sul;Colisão Lateral;1;;;1;;;;;;;2;1;;;
12/06/2014;22:26:00;1753;com vítima;75;BR-040/RJ;Norte;Atropelamento - Pedestre;;;;;;1;;;;;1;2;;;
12/06/2014;07:18:00;1647;com vítima;89;BR-040/RJ;Norte;Queda de Moto;;;;1;;;;;;;0;1;;;
12/06/2014;12:36:00;1692;sem vítima;92;BR-040/RJ;Norte;Choque - Objeto Fixo;1;;;;;;;;;;1;;;;
12/06/2014;12:36:00;1697;sem vítima;92;BR-040/RJ;Norte;Colisão Traseira;1;;1;;;;;;;;2;;;;
12/06/2014;02:13:00;1627;com vítima;98;BR-040/RJ;Norte;Capotamento;1;;;;;;;;;;0;1;;;
12/06/2014;22:05:00;1752;com vítima;99;BR-040/RJ;Norte;Tombamento;;;1;;;;;;;;0;;1;;
12/06/2014;02:48:00;1631;sem vítima;101;BR-040/RJ;Sul;Choque - Objeto Fixo;1;;;;;;;;;;1;;;;
12/06/2014;08:07:00;1654;sem vítima;793;BR-040/MG;Sul;Choque - Objeto Fixo;1;;;;;;;;;;1;;;;
12/06/2014;19:43:00;1746;sem vítima;794;BR-040/MG;Sul;Choque - Objeto Fixo;1;;;;;;;;;;1;;;;
12/06/2014;12:58:00;1695;sem vítima;119;BR-040/RJ;Norte;Colisão Lateral;1;;1;;;;;;;;2;;;;
12/06/2014;07:08:00;1648;sem vítima;122;BR-040/RJ;Sul;Colisão Lateral;;;;1;;1;;;;;2;;;;
12/06/2014;11:16:00;1686;com vítima;123;BR-040/RJ;Norte;Colisão Traseira;1;;1;;;;;;;;1;1;;;
12/06/2014;12:24:00;1691;sem vítima;125;BR-040/RJ;Sul;Colisão Lateral;1;;1;;;;;;;;2;;;;
13/06/2014;07:46:00;1790;sem vítima;30;BR-040/RJ;Norte;Choque - Objeto Fixo;1;;;;;;;;;;1;;;;
13/06/2014;08:28:00;1793;sem vítima;43;BR-040/RJ;Norte;Choque - Objeto Fixo;1;;;;;;;;;;1;;;;
13/06/2014;09:29:00;1803;sem vítima;43;BR-040/RJ;Norte;Choque - Objeto Fixo;1;;;;;;;;;;1;;;;
13/06/2014;09:10:00;1809;sem vítima;43;BR-040/RJ;Norte;Choque - Objeto Fixo;1;;;;;;;;;;1;;;;
13/06/2014;10:20:00;1811;sem vítima;43;BR-040/RJ;Norte;Choque - Objeto Fixo;1;;;;;;;;;;1;;;;
13/06/2014;21:52:00;1911;com vítima;43;BR-040/RJ;Norte;Capotamento;1;;;;;;;;;;0;;2;;
13/06/2014;08:53:00;1795;com vítima;48;BR-040/RJ;Sul;Capotamento;1;;;;;;;;;;0;2;;;
13/06/2014;08:53:00;1802;sem vítima;48;BR-040/RJ;Sul;Colisão Traseira;1;;;;;;;;;;4;;;;
13/06/2014;18:27:00;1876;com vítima;62;BR-040/RJ;Sul;Queda de Moto;;;;1;;;;;;;0;1;;;
13/06/2014;08:50:00;1798;sem vítima;70;BR-040/RJ;Sul;Colisão Traseira;2;;;;;;;;;;2;;;;
13/06/2014;13:10:00;1831;com vítima;107;BR-040/RJ;Sul;Queda de Moto;;;;;;1;;;;;1;;1;;
13/06/2014;07:32:00;1789;com vítima;109;BR-040/RJ;Norte;Colisão Traseira;1;;;1;;;;;;;1;1;;;
13/06/2014;19:58:00;1895;sem vítima;109;BR-040/RJ;Norte;Colisão Lateral;2;;;;;;;;;;2;;;;
13/06/2014;21:12:00;1902;sem vítima;114;BR-040/RJ;Norte;Capotamento;1;;;;;;;;;;1;;;;
13/06/2014;09:19:00;1799;com vítima;796;BR-040/MG;Sul;Choque - Objeto Fixo;1;;;;;;;;;;0;;1;;
13/06/2014;07:19:00;1785;sem vítima;122;BR-040/RJ;Sul;Colisão Lateral;1;;;1;;;;;;;2;;;;
13/06/2014;15:32:00;1848;com vítima;124;BR-040/RJ;Sul;Colisão Lateral;1;;;1;;;;;;;1;1;;;
13/06/2014;19:10:00;1889;sem vítima;124;BR-040/RJ;Norte;Engavetamento;3;;;;;;;;;;3;;;;
13/06/2014;19:10:00;1894;sem vítima;124;BR-040/RJ;Norte;Colisão Traseira;2;;;;;;;;;;2;;;;
14/06/2014;00:56:00;1928;com vítima;83;BR-040/RJ;Norte;Atropelamento - Pedestre;;;;;1;;;;;;1;;;;1
14/06/2014;12:39:00;1988;com vítima;84;BR-040/RJ;Norte;Queda de Moto;;;;1;;;;;;;0;2;;;
14/06/2014;14:30:00;1995;sem vítima;98;BR-040/RJ;Norte;Colisão Lateral;1;;1;;;;;;;;2;;;;
14/06/2014;08:24:00;1959;com vítima;104;BR-040/RJ;Norte;Atropelamento - Pedestre;1;1;;;;;;;;;1;;1;;
14/06/2014;15:41:00;2007;com vítima;107;BR-040/RJ;Sul;Atropelamento - Pedestre;;;1;;;;;;;;0;1;;;1
14/06/2014;05:21:00;1942;com vítima;113;BR-040/RJ;Norte;Colisão Traseira;2;;;;;;;;;;1;1;;;
14/06/2014;23:55:00;2076;sem vítima;794;BR-040/MG;Sul;Choque - Objeto Fixo;;;;;;1;;;;;1;;;;
15/06/2014;15:37:00;2163;com vítima;4;BR-040/RJ;Sul;Colisão Lateral;2;;;;;;;;;;1;2;;;
15/06/2014;05:51:00;2098;com vítima;24;BR-040/RJ;Norte;Capotamento;1;;;;;;;;;;0;1;;;
15/06/2014;21:12:00;2212;sem vítima;57;BR-040/RJ;Norte;Colisão Traseira;2;;;;;;;;;;2;;;;
15/06/2014;12:36:00;2137;com vítima;72;BR-040/RJ;Sul;Queda de Moto;;;;1;;;;;;;0;;;;1
15/06/2014;23:11:00;2221;sem vítima;98;BR-040/RJ;Norte;Choque - Objeto Fixo;1;;;;;;;;;;1;;;;
15/06/2014;14:44:00;2151;sem vítima;108;BR-040/RJ;Norte;Colisão Lateral;1;;1;;;;;;;;2;;;;
15/06/2014;02:33:00;2086;sem vítima;110;BR-040/RJ;Sul;Choque - Objeto Fixo;1;;;;;1;;;;;2;;;;
15/06/2014;04:59:00;2096;com vítima;119;BR-040/RJ;Norte;Colisão Frontal;1;;;;;1;;;;;2;1;;;
16/06/2014;17:09:00;2348;com vítima;29;BR-040/RJ;Norte;Capotamento;1;;;;;;;;;;0;1;;;
16/06/2014;23:28:00;2400;sem vítima;52;BR-040/RJ;Sul;Choque - Objeto Fixo;1;;;;;;;;;;1;;;;
16/06/2014;01:27:00;2227;com vítima;90;BR-040/RJ;Sul;Tombamento;;;1;;;;;;;;0;1;;;
16/06/2014;23:23:00;2398;com vítima;91;BR-040/RJ;Sul;Choque - Objeto Fixo;1;;;;;;;;;;0;1;;;
16/06/2014;20:23:00;2377;com vítima;94;BR-040/RJ;Sul;Colisão Traseira;1;;;;;1;;;;;1;1;;;
16/06/2014;15:30:00;2330;com vítima;96;BR-040/RJ;Sul;Engavetamento;10;;2;;;;;;;;11;;1;;
16/06/2014;01:39:00;2228;com vítima;99;BR-040/RJ;Norte;Capotamento;1;;;;;;;;;;0;2;;;
16/06/2014;22:03:00;2389;sem vítima;99;BR-040/RJ;Norte;Choque - Objeto Fixo;1;;;;;;;;;;1;;;;
16/06/2014;16:37:00;2340;sem vítima;101;BR-040/RJ;Sul;Atropelamento - Pedestre;;1;;;;1;;;;;2;;;;
16/06/2014;18:05:00;2356;sem vítima;110;BR-040/RJ;Norte;Colisão Traseira;1;;;1;;;;;;;2;;;;
16/06/2014;06:09:00;2251;sem vítima;111;BR-040/RJ;Sul;Colisão Lateral;2;;;;;;;;;;2;;;;
16/06/2014;19:18:00;2370;sem vítima;826;BR-040/MG;Norte;Choque - Objeto Fixo;1;;;;;;;;;;1;;;;
16/06/2014;06:16:00;2253;com vítima;120;BR-040/RJ;Sul;Colisão Traseira;1;;1;;;;;;;;1;;2;;
16/06/2014;10:50:00;2289;com vítima;120;BR-040/RJ;Sul;Engavetamento;3;;1;;;1;;;;;4;1;;;
17/06/2014;08:17:00;2431;sem vítima;63;BR-040/RJ;Sul;Atropelamento - Animal;1;;;;;;;;;;1;;;;
17/06/2014;06:30:00;2419;sem vítima;84;BR-040/RJ;Norte;Choque - Objeto Fixo;1;;;;;;;;;;1;;;;
17/06/2014;09:56:00;2444;sem vítima;90;BR-040/RJ;Norte;Choque - Objeto Fixo;1;;;;;;;;;;1;;;;
17/06/2014;07:48:00;2424;com vítima;93;BR-040/RJ;Sul;Choque - Objeto Fixo;;;1;;;;;;;;0;;1;;
17/06/2014;19:59:00;2521;com vítima;116;BR-040/RJ;Norte;Colisão Traseira;2;;;;;;;;;;1;1;;;
17/06/2014;13:32:00;2480;sem vítima;120;BR-040/RJ;Norte;Engavetamento;3;;;;;2;;;;;5;;;;
18/06/2014;14:02:00;2609;sem vítima;6;BR-040/RJ;Norte;Choque - Objeto Fixo;1;;;;;1;;;;;2;;;;
18/06/2014;20:33:00;2673;sem vítima;12;BR-040/RJ;Norte;Choque - Objeto Fixo;1;;;;;;;;;;1;;;;
18/06/2014;23:09:00;2690;com vítima;32;BR-040/RJ;Sul;Colisão Transversal;2;;;;;;;;;;0;3;;;
18/06/2014;19:33:00;2666;sem vítima;54;BR-040/RJ;Sul;Choque - Objeto Fixo;1;;;;;;;;;;1;;;;
18/06/2014;18:56:00;2663;sem vítima;76;BR-040/RJ;Sul;Derrapagem;1;;;;;;;;;;1;;;;
18/06/2014;08:45:00;2572;sem vítima;78;BR-040/RJ;Sul;Colisão Lateral;;;1;;;1;;;;;2;;;;
18/06/2014;21:08:00;2677;sem vítima;82;BR-040/RJ;Norte;Tombamento;1;;;;;;;;;;2;;;;
18/06/2014;20:54:00;2676;sem vítima;85;BR-040/RJ;Norte;Choque - Objeto Fixo;1;;;;;;;;;;1;;;;
18/06/2014;09:55:00;2578;sem vítima;105;BR-040/RJ;Norte;Colisão Lateral;1;;;;1;;;;;;2;;;;
18/06/2014;07:34:00;2564;com vítima;108;BR-040/RJ;Norte;Colisão Lateral;1;;1;;;;;;;;1;1;;;
18/06/2014;18:19:00;2656;sem vítima;108;BR-040/RJ;Norte;Capotamento;1;;;;;;;;;;1;;;;
18/06/2014;18:18:00;2655;sem vítima;110;BR-040/RJ;Norte;Engavetamento;1;;;;;2;;;;;3;;;;
18/06/2014;17:52:00;2651;com vítima;118;BR-040/RJ;Sul;Engavetamento;3;;;;;;;;;;2;1;;;
18/06/2014;12:38:00;2598;sem vítima;121;BR-040/RJ;Norte;Colisão Lateral;1;;1;;;;;;;;2;;;;
18/06/2014;18:46:00;2659;com vítima;121;BR-040/RJ;Norte;Colisão Traseira;;;;1;;1;;;;;2;1;;;
18/06/2014;06:09:00;2558;sem vítima;122;BR-040/RJ;Sul;Colisão Traseira;1;;;;;1;;;;;2;;;;
19/06/2014;07:26:00;2711;sem vítima;14;BR-040/RJ;Sul;Choque - Objeto Fixo;1;;;;;;;;;;1;;;;
19/06/2014;16:32:00;2787;com vítima;62;BR-040/RJ;Norte;Choque - Objeto Fixo;1;;;;;;;;;;0;2;;;
19/06/2014;08:24:00;2720;sem vítima;73;BR-040/RJ;Sul;Choque - Objeto Fixo;1;;;;;;;;;;1;;;;
19/06/2014;22:33:00;2832;sem vítima;75;BR-040/RJ;Sul;Choque - Objeto Fixo;1;;;;;;;;;;1;;;;
19/06/2014;08:27:00;2721;sem vítima;78;BR-040/RJ;Norte;Choque - Objeto Fixo;1;;;;;;;;;;1;;;;
19/06/2014;09:20:00;2729;sem vítima;78;BR-040/RJ;Sul;Choque - Objeto Fixo;1;;;;;;;;;;1;;;;
19/06/2014;11:27:00;2743;sem vítima;78;BR-040/RJ;Sul;Colisão Lateral;2;;;;;;;;;;2;;;;
19/06/2014;17:41:00;2800;com vítima;78;BR-040/RJ;Sul;Choque - Objeto Fixo;1;;;;;;;;;;0;;1;;
19/06/2014;12:30:00;2757;com vítima;79;BR-040/RJ;Sul;Choque - Objeto Fixo;1;;;;;;;;;;0;1;;;
19/06/2014;10:15:00;2735;sem vítima;82;BR-040/RJ;Sul;Choque - Objeto Fixo;1;;;;;;;;;;1;;;;
19/06/2014;16:46:00;2792;sem vítima;82;BR-040/RJ;Sul;Choque - Objeto Fixo;1;;;;;;;;;;1;;;;
19/06/2014;23:39:00;2839;sem vítima;82;BR-040/RJ;Sul;Choque - Objeto Fixo;1;;;;;;;;;;1;;;;
19/06/2014;12:05:00;2752;sem vítima;84;BR-040/RJ;Norte;Tombamento;1;;;;;;;;;;1;;;;
19/06/2014;11:41:00;2745;sem vítima;87;BR-040/RJ;Norte;Choque - Objeto Fixo;1;;;;;;;;;;1;;;;
19/06/2014;09:15:00;2728;com vítima;92;BR-040/RJ;Sul;Capotamento;1;;;;;;;;;;0;4;;;
19/06/2014;10:52:00;2741;sem vítima;92;BR-040/RJ;Sul;Derrapagem;1;;;;;;;;;;1;;;;
19/06/2014;07:46:00;2714;sem vítima;93;BR-040/RJ;Sul;Choque - Objeto Fixo;1;;;;;;;;;;1;;;;
19/06/2014;09:07:00;2726;sem vítima;93;BR-040/RJ;Sul;Choque - Objeto Fixo;1;;;;;;;;;;1;;;;
19/06/2014;11:45:00;2749;sem vítima;93;BR-040/RJ;Sul;Choque - Objeto Fixo;1;;;;;;;;;;1;;;;
19/06/2014;16:18:00;2784;sem vítima;93;BR-040/RJ;Sul;Choque - Objeto Fixo;1;;;;;;;;;;1;;;;
19/06/2014;16:42:00;2789;sem vítima;101;BR-040/RJ;Norte;Choque - Objeto Fixo;1;;;;;;;;;;1;;;;
19/06/2014;04:19:00;2705;sem vítima;104;BR-040/RJ;Sul;Colisão Traseira;2;;;;;;;;;;2;;;;
19/06/2014;18:40:00;2804;sem vítima;790;BR-040/MG;Sul;Colisão Lateral;2;;;;;;;;;;2;;;;
19/06/2014;00:29:00;2695;sem vítima;815;BR-040/MG;Sul;Choque - Objeto Fixo;1;;;;;;;;;;1;;;;
19/06/2014;04:08:00;2704;com vítima;122;BR-040/RJ;Norte;Colisão Traseira;1;;;;;1;;;;;1;;1;;
20/06/2014;04:18:00;2852;sem vítima;40;BR-040/RJ;Sul;Choque - Objeto Fixo;;;1;;;;;;;;1;;;;
20/06/2014;12:21:00;2906;sem vítima;78;BR-040/RJ;Norte;Colisão Traseira;2;;;;;;;;;;2;;;;
20/06/2014;15:08:00;2927;sem vítima;78;BR-040/RJ;Sul;Derrapagem;;;1;;;;;;;;1;;;;
20/06/2014;07:42:00;2871;sem vítima;79;BR-040/RJ;Norte;Derrapagem;1;;;;;;;;;;1;;;;
20/06/2014;17:01:00;2948;com vítima;79;BR-040/RJ;Sul;Capotamento;1;;;;;;;;;;0;1;;;
20/06/2014;08:19:00;2880;sem vítima;92;BR-040/RJ;Norte;Choque - Objeto Fixo;1;;;;;;;;;;1;;;;
20/06/2014;21:23:00;2981;com vítima;92;BR-040/RJ;Sul;Derrapagem;1;;;;;;;;;;0;1;;;
20/06/2014;05:34:00;2857;sem vítima;93;BR-040/RJ;Sul;Derrapagem;1;;;;;;;;;;1;;;;
20/06/2014;07:56:00;2875;sem vítima;93;BR-040/RJ;Norte;Engavetamento;1;;1;;1;;;;;;3;;;;
20/06/2014;09:44:00;2888;sem vítima;95;BR-040/RJ;Norte;Choque - Objeto Fixo;1;;;;;;;;;;1;;;;
20/06/2014;07:05:00;2866;sem vítima;104;BR-040/RJ;Sul;Colisão Traseira;2;;;;;;;;;;2;;;;
20/06/2014;10:58:00;2898;sem vítima;104;BR-040/RJ;Norte;Colisão Traseira;2;;;;;;;;;;2;;;;
20/06/2014;08:32:00;2881;sem vítima;109;BR-040/RJ;Norte;Derrapagem;;;;1;;;;;;;1;;;;
20/06/2014;19:19:00;2962;sem vítima;118;BR-040/RJ;Norte;Choque - Objeto Fixo;1;;;;;;;;;;1;;;;
20/06/2014;17:19:00;2949;sem vítima;119;BR-040/RJ;Norte;Engavetamento;3;;;;;;;;;;3;;;;
21/06/2014;10:38:00;3043;sem vítima;92;BR-040/RJ;Norte;Choque - Objeto Fixo;1;;;;;;;;;;1;;;;
21/06/2014;19:46:00;3110;sem vítima;93;BR-040/RJ;Norte;Choque - Objeto Fixo;1;;;;;;;;;;1;;;;
21/06/2014;19:58:00;3111;sem vítima;93;BR-040/RJ;Sul;Choque - Objeto Fixo;1;;;;;;;;;;1;;;;
21/06/2014;10:07:00;3040;sem vítima;102;BR-040/RJ;Sul;Colisão Traseira;1;;;1;;;;;;;2;;;;
21/06/2014;18:56:00;3102;sem vítima;104;BR-040/RJ;Norte;Colisão Traseira;2;;;;;;;;;;2;;;;
21/06/2014;02:36:00;3007;sem vítima;105;BR-040/RJ;Norte;Colisão Traseira;2;;;;;;;;;;2;;;;
21/06/2014;18:55:00;3101;sem vítima;105;BR-040/RJ;Sul;Colisão Frontal;2;;;;;;;;;;2;;;;
21/06/2014;13:17:00;3056;sem vítima;108;BR-040/RJ;Norte;Colisão Traseira;2;;;;;;;;;;2;;;;
21/06/2014;03:46:00;3011;sem vítima;111;BR-040/RJ;Sul;Colisão Traseira;1;;1;;;;;;;;2;;;;
21/06/2014;06:49:00;3021;com vítima;792;BR-040/MG;Sul;Capotamento;1;;;;;;;;;;0;;1;;
21/06/2014;06:03:00;3020;sem vítima;122;BR-040/RJ;Sul;Engavetamento;2;;;;;1;;;;;3;;;;
22/06/2014;15:52:00;3221;sem vítima;23;BR-040/RJ;Sul;Choque - Objeto Fixo;1;;;;;;;;;;1;;;;
22/06/2014;11:48:00;3188;sem vítima;40;BR-040/RJ;Norte;Choque - Objeto Fixo;1;;;;;;;;;;1;;;;
22/06/2014;11:00:00;3185;sem vítima;44;BR-040/RJ;Norte;Choque - Objeto Fixo;1;;;;;;;;;;1;;;;
22/06/2014;00:07:00;3141;com vítima;78;BR-040/RJ;Sul;Choque - Objeto Fixo;1;;;;;;;;;;0;2;1;;
22/06/2014;12:50:00;3198;sem vítima;84;BR-040/RJ;Sul;Choque - Objeto Fixo;1;;;;;;;;;;1;;;;
22/06/2014;23:13:00;3282;sem vítima;89;BR-040/RJ;Norte;Choque - Objeto Fixo;1;;;;;;;;;;1;;;;
22/06/2014;22:05:00;3280;sem vítima;94;BR-040/RJ;Sul;Choque - Objeto Fixo;;;1;;;;;;;;1;;;;
22/06/2014;22:29:00;3281;com vítima;105;BR-040/RJ;Norte;Queda de Moto;;;;1;;;;;;;0;1;1;;
22/06/2014;14:22:00;3209;com vítima;108;BR-040/RJ;Sul;Colisão Traseira;;;;1;;;;;;;0;;1;1;
22/06/2014;13:55:00;3207;sem vítima;111;BR-040/RJ;Sul;Engavetamento;3;;;;;;;;;;3;;;;
22/06/2014;01:01:00;3147;sem vítima;112;BR-040/RJ;Sul;Colisão Lateral;1;;;;;1;;;;;2;;;;
22/06/2014;18:52:00;3252;com vítima;780;BR-040/MG;Norte;Colisão Traseira;1;;;1;;;;;;;1;;2;;
22/06/2014;04:48:00;3159;sem vítima;119;BR-040/RJ;Norte;Queda de Moto;;;;;;1;;;;;3;;;;
22/06/2014;23:48:00;3286;sem vítima;121;BR-040/RJ;Norte;Colisão Lateral;2;;;;;;;;;;2;;;;
23/06/2014;14:33:00;3371;sem vítima;97;BR-040/RJ;Norte;Choque - Objeto Fixo;;;1;;;;;;;;1;;;;
23/06/2014;15:14:00;3374;com vítima;104;BR-040/RJ;Norte;Colisão Transversal;1;;;1;;;;;;;1;1;;;
23/06/2014;14:09:00;3368;com vítima;105;BR-040/RJ;Sul;Colisão Transversal;1;1;;;;;;;;;1;;;;1
23/06/2014;05:47:00;3304;com vítima;111;BR-040/RJ;Sul;Colisão Lateral;;;;1;;1;;;;;1;1;;;
23/06/2014;05:40:00;3303;sem vítima;118;BR-040/RJ;Sul;Colisão Traseira;1;;;;1;;;;;;2;;;;
24/06/2014;22:16:00;3565;com vítima;72;BR-040/RJ;Sul;Choque - Objeto Fixo;1;;;;;;;;;;0;1;;;
24/06/2014;19:44:00;3552;sem vítima;75;BR-040/RJ;Sul;Choque - Objeto Fixo;1;;;;;;;;;;1;;;;
24/06/2014;22:41:00;3568;com vítima;112;BR-040/RJ;Norte;Colisão Lateral;;;;;1;1;;;;;1;2;;;
25/06/2014;06:57:00;3600;com vítima;38;BR-040/RJ;Norte;Tombamento;;;1;;;;;;;;0;;;1;
25/06/2014;07:17:00;3603;sem vítima;78;BR-040/RJ;Sul;Choque - Objeto Fixo;1;;;;;;;;;;1;;;;
25/06/2014;19:27:00;3687;sem vítima;83;BR-040/RJ;Sul;Choque - Objeto Fixo;1;;;;;;;;;;1;;;;
25/06/2014;07:59:00;3607;sem vítima;85;BR-040/RJ;Norte;Colisão Traseira;2;;;;;;;;;;2;;;;
25/06/2014;12:41:00;3641;com vítima;85;BR-040/RJ;Sul;Queda de Moto;;;;1;;;;;;;0;1;;;
25/06/2014;08:20:00;3611;sem vítima;784;BR-040/MG;Norte;Colisão Lateral;1;;;;;1;;;;;2;;;;
25/06/2014;12:13:00;3638;sem vítima;784;BR-040/MG;Norte;Colisão Lateral;2;;;;;;;;;;2;;;;
26/06/2014;09:24:00;3743;sem vítima;83;BR-040/RJ;Norte;Queda de Moto;;;;1;;;;;;;1;;;;
26/06/2014;13:05:00;3768;com vítima;96;BR-040/RJ;Norte;Queda de Moto;;;;1;;;;;;;1;1;;;
26/06/2014;14:45:00;3778;sem vítima;98;BR-040/RJ;Norte;Choque - Objeto Fixo;1;;;;;;;;;;1;;;;
26/06/2014;15:11:00;3785;sem vítima;98;BR-040/RJ;Norte;Engavetamento;3;;;;;;;;;;3;;;;
26/06/2014;10:02:00;3747;com vítima;100;BR-040/RJ;Norte;Tombamento;;;1;;;;;;;;0;1;;;
26/06/2014;09:25:00;3745;sem vítima;122;BR-040/RJ;Sul;Engavetamento;2;;;;1;;;;;;3;;;;
26/06/2014;10:52:00;3752;sem vítima;122;BR-040/RJ;Sul;Colisão Traseira;1;;1;;;;;;;;2;;;;