data;horario;n_da_ocorrencia;tipo_de_ocorrencia;km;trecho;sentido;tipo_de_acidente;automovel;bicicleta;caminhao;moto;onibus;outros;tracao_animal;transporte_de_cargas_especiais;trator_maquinas;utilitarios;ilesos;levemente_feridos;moderadamente_feridos;gravemente_feridos;mortos
26/06/2014;13:01:00;3766;sem vítima;122;BR-040/RJ;Sul;Colisão Traseira;2;;;;;;;;;;2;;;;
26/06/2014;13:25:00;3773;sem vítima;122;BR-040/RJ;Sul;Colisão Lateral;;;1;;1;;;;;;2;;;;
26/06/2014;06:57:00;3725;sem vítima;123;BR-040/RJ;Sul;Colisão Lateral;1;;1;;;;;;;;2;;;;
26/06/2014;18:36:00;3815;sem vítima;124;BR-040/RJ;Norte;Colisão Traseira;2;;;;;;;;;;2;;;;
26/06/2014;19:52:00;3823;com vítima;124;BR-040/RJ;Norte;Queda de Moto;;;;1;;;;;;;0;1;;;
27/06/2014;03:13:00;3854;com vítima;23;BR-040/RJ;Sul;Tombamento;1;;;;1;;;;;;1;3;1;;
27/06/2014;12:24:00;3908;sem vítima;25;BR-040/RJ;Norte;Engavetamento;2;;1;;;;;;;;3;;;;
27/06/2014;18:35:00;3981;sem vítima;38;BR-040/RJ;Sul;Choque - Objeto Fixo;1;;;;;;;;;;1;;;;
27/06/2014;17:31:00;3969;com vítima;45;BR-040/RJ;Sul;Colisão Traseira;1;;1;;;;;;;;0;6;;;
27/06/2014;02:07:00;3853;com vítima;85;BR-040/RJ;Sul;Tombamento;;;1;;;;;;;;0;;2;;
27/06/2014;06:56:00;3865;com vítima;105;BR-040/RJ;Norte;Atropelamento - Pedestre;;;;;;1;;;;;1;1;;;
28/06/2014;20:12:00;4144;com vítima;55;BR-040/RJ;Norte;Colisão Transversal;1;1;;;;;;;;;1;;;;1
28/06/2014;01:30:00;4030;sem vítima;61;BR-040/RJ;Sul;Colisão Lateral;;;;;1;1;;;;;2;;;;
28/06/2014;04:06:00;4035;sem vítima;78;BR-040/RJ;Sul;Choque - Objeto Fixo;1;;;;;;;;;;1;;;;
28/06/2014;04:32:00;4037;sem vítima;78;BR-040/RJ;Sul;Choque - Objeto Fixo;1;;;;;;;;;;1;;;;
28/06/2014;20:37:00;4146;sem vítima;78;BR-040/RJ;Sul;Choque - Objeto Fixo;1;;;;;;;;;;1;;;;
28/06/2014;17:04:00;4125;com vítima;105;BR-040/RJ;Sul;Atropelamento - Pedestre;1;;;;;;;;;;1;1;1;;
28/06/2014;17:21:00;4126;sem vítima;111;BR-040/RJ;Norte;Capotamento;1;;;;;;;;;;1;;;;
28/06/2014;17:46:00;4130;com vítima;111;BR-040/RJ;Sul;Colisão Traseira;3;;;;;;;;;;4;;1;;
28/06/2014;19:18:00;4141;com vítima;117;BR-040/RJ;Sul;Engavetamento;3;;;;;;;;;;3;2;;;
28/06/2014;07:39:00;4052;sem vítima;788;BR-040/MG;Sul;Choque - Objeto Fixo;1;;;;;;;;;;1;;;;
28/06/2014;18:04:00;4134;sem vítima;791;BR-040/MG;Sul;Choque - Objeto Fixo;1;;;;;;;;;;1;;;;
28/06/2014;18:53:00;4139;com vítima;118;BR-040/RJ;Sul;Tombamento;;;1;;;;;;;;0;4;;;
28/06/2014;13:50:00;4104;com vítima;120;BR-040/RJ;Norte;Queda de Moto;;;;1;;;;;;;0;1;;;
29/06/2014;08:14:00;4182;sem vítima;78;BR-040/RJ;Sul;Choque - Objeto Fixo;1;;;;;;;;;;1;;;;
29/06/2014;04:35:00;4175;sem vítima;81;BR-040/RJ;Sul;Choque - Objeto Fixo;1;;;;;;;;;;1;;;;
29/06/2014;03:40:00;4172;sem vítima;92;BR-040/RJ;Norte;Capotamento;1;;;;;;;;;;1;;;;
29/06/2014;16:17:00;4225;com vítima;97;BR-040/RJ;Sul;Choque - Objeto Fixo;1;;;;;;;;;;0;1;;;
29/06/2014;18:56:00;4254;com vítima;100;BR-040/RJ;Sul;Queda de Moto;;;;1;;;;;;;0;1;;;
29/06/2014;22:24:00;4273;sem vítima;102;BR-040/RJ;Norte;Choque - Objeto Fixo;1;;;;;;;;;;1;;;;
29/06/2014;21:21:00;4268;sem vítima;113;BR-040/RJ;Norte;Choque - Objeto Fixo;1;;;;;;;;;;1;;;;
29/06/2014;04:22:00;4173;sem vítima;118;BR-040/RJ;Sul;Choque - Objeto Fixo;1;;;;;;;;;;1;;;;
29/06/2014;18:14:00;4244;sem vítima;122;BR-040/RJ;Norte;Colisão Lateral;1;;1;;;;;;;;2;;;;
30/06/2014;06:45:00;4306;com vítima;79;BR-040/RJ;Sul;Tombamento;;;1;;;;;;;;0;;;1;
30/06/2014;09:29:00;4327;com vítima;82;BR-040/RJ;Norte;Queda de Moto;;;;1;;;;;;;0;1;;;
30/06/2014;21:39:00;4415;sem vítima;93;BR-040/RJ;Sul;Choque - Objeto Fixo;1;;;;;;;;;;1;;;;
30/06/2014;23:03:00;4424;sem vítima;99;BR-040/RJ;Norte;Choque - Objeto Fixo;1;;;;;;;;;;1;;;;
30/06/2014;10:23:00;4334;com vítima;104;BR-040/RJ;Sul;Colisão Traseira;1;;1;;;;;;;;1;1;;;
30/06/2014;19:46:00;4405;sem vítima;104;BR-040/RJ;Norte;Colisão Traseira;1;;;;;1;;;;;2;;;;
30/06/2014;13:48:00;4356;sem vítima;105;BR-040/RJ;Norte;Colisão Frontal;2;;;;;;;;;;2;;;;
30/06/2014;17:44:00;4388;sem vítima;110;BR-040/RJ;Norte;Colisão Traseira;1;;;1;;;;;;;2;;;;
30/06/2014;05:50:00;4300;sem vítima;111;BR-040/RJ;Sul;Engavetamento;3;;;;;;;;;;3;;;;
30/06/2014;04:47:00;4296;com vítima;112;BR-040/RJ;Sul;Engavetamento;3;;;;;1;;;;;3;1;;;
30/06/2014;06:44:00;4305;sem vítima;123;BR-040/RJ;Sul;Colisão Lateral;1;;1;;;;;;;;2;;;;
01/07/2014;14:15:00;79;sem vítima;102;BR-040/RJ;Norte;Colisão Lateral;;;2;;;;;;;;2;;;;
01/07/2014;08:38:00;33;com vítima;106;BR-040/RJ;Sul;Colisão Traseira;2;;;;;;;;;;1;1;;;
01/07/2014;10:35:00;45;sem vítima;113;BR-040/RJ;Sul;Derrapagem;;;1;;;;;;;;1;;;;
02/07/2014;19:50:00;276;sem vítima;13;BR-040/RJ;Norte;Choque - Objeto Fixo;1;;;;;;;;;;1;;;;
02/07/2014;13:18:00;220;sem vítima;80;BR-040/RJ;Norte;Colisão Lateral;1;;1;;;;;;;;2;;;;
02/07/2014;08:36:00;180;com vítima;100;BR-040/RJ;Norte;Queda de Moto;;;;1;;;;;;;0;;1;;
02/07/2014;12:27:00;216;com vítima;105;BR-040/RJ;Norte;Colisão Frontal;1;;;1;;;;;;;0;2;1;;
02/07/2014;22:31:00;289;com vítima;107;BR-040/RJ;Norte;Queda de Moto;;;;1;;;;;;;0;;1;;
02/07/2014;04:53:00;160;sem vítima;109;BR-040/RJ;Sul;Choque - Objeto Fixo;1;;;;;;;;;;1;;;;
02/07/2014;04:42:00;159;sem vítima;122;BR-040/RJ;Sul;Colisão Lateral;1;;;;;3;;;;;4;;;;
03/07/2014;20:03:00;441;sem vítima;67;BR-040/RJ;Norte;Choque - Objeto Fixo;1;;;;;;;;;;1;;;;
03/07/2014;02:15:00;310;sem vítima;83;BR-040/RJ;Norte;Choque - Objeto Fixo;1;;;;;;;;;;1;;;;
03/07/2014;12:45:00;371;com vítima;87;BR-040/RJ;Sul;Colisão Traseira;1;;;1;;;;;;;0;2;;;
03/07/2014;17:09:00;410;sem vítima;106;BR-040/RJ;Norte;Derrapagem;;;;1;;;;;;;1;;;;
03/07/2014;07:29:00;332;com vítima;109;BR-040/RJ;Sul;Colisão Traseira;1;1;;;;;;;;;1;;1;;
03/07/2014;08:59:00;344;sem vítima;113;BR-040/RJ;Norte;Choque - Objeto Fixo;1;;;;;;;;;;1;;;;
03/07/2014;18:25:00;422;com vítima;113;BR-040/RJ;Sul;Colisão Traseira;2;;;;;;;;;;0;2;;;
03/07/2014;02:11:00;309;com vítima;786;BR-040/MG;Norte;Choque - Objeto Fixo;2;;;;;;;;;;0;4;;;
03/07/2014;17:18:00;412;com vítima;803;BR-040/MG;Norte;Colisão Traseira;1;;1;;;;;;;;1;4;;;
03/07/2014;01:31:00;304;sem vítima;815;BR-040/MG;Norte;Choque - Objeto Fixo;1;;;;;;;;;;1;;;;
03/07/2014;17:00:00;408;sem vítima;121;BR-040/RJ;Sul;Colisão Traseira;;;1;1;;;;;;;2;;;;
03/07/2014;07:50:00;336;com vítima;123;BR-040/RJ;Norte;Colisão Lateral;1;;1;;;;;;;;1;1;;;
03/07/2014;21:07:00;445;com vítima;123;BR-040/RJ;Sul;Queda de Moto;;;;1;;;;;;;0;1;;;
04/07/2014;08:20:00;507;com vítima;45;BR-040/RJ;Norte;Choque - Objeto Fixo;1;;;;;;;;;;0;1;;;
04/07/2014;06:13:00;490;sem vítima;56;BR-040/RJ;Norte;Atropelamento - Animal;1;;;;;;;;;;1;;;;
04/07/2014;20:00:00;591;sem vítima;78;BR-040/RJ;Sul;Choque - Objeto Fixo;1;;;;;;;;;;1;;;;
04/07/2014;15:12:00;560;sem vítima;104;BR-040/RJ;Norte;Colisão Lateral;1;;;1;;;;;;;2;;;;
04/07/2014;17:34:00;579;com vítima;796;BR-040/MG;Norte;Capotamento;1;;;;;;;;;;0;2;;;
04/07/2014;14:33:00;553;com vítima;120;BR-040/RJ;Sul;Queda de Moto;;;;1;;;;;;;0;2;;;
05/07/2014;02:02:00;623;com vítima;71;BR-040/RJ;Sul;Atropelamento - Pedestre;;;;;;1;;;;;1;;1;;
05/07/2014;07:08:00;642;sem vítima;78;BR-040/RJ;Sul;Choque - Objeto Fixo;1;;;;;;;;;;1;;;;
05/07/2014;21:04:00;737;sem vítima;78;BR-040/RJ;Sul;Choque - Objeto Fixo;1;;;;;;;;;;1;;;;
05/07/2014;17:20:00;706;sem vítima;108;BR-040/RJ;Norte;Derrapagem;2;;;;;;;;;;2;;;;
05/07/2014;21:59:00;743;sem vítima;108;BR-040/RJ;Norte;Choque - Objeto Fixo;1;;;;;;;;;;1;;;;
05/07/2014;03:25:00;629;sem vítima;111;BR-040/RJ;Norte;Choque - Objeto Fixo;1;;;;;;;;;;1;;;;
05/07/2014;21:52:00;741;com vítima;116;BR-040/RJ;Norte;Capotamento;1;;;;;;;;;;0;2;;;
05/07/2014;21:58:00;746;sem vítima;116;BR-040/RJ;Norte;Colisão Traseira;2;;;;;;;;;;2;;;;
05/07/2014;05:00:00;632;com vítima;122;BR-040/RJ;Sul;Atropelamento - Pedestre;;;;;;1;;;;;1;;1;;
05/07/2014;19:53:00;725;sem vítima;122;BR-040/RJ;Norte;Colisão Lateral;2;;;;;;;;;;2;;;;
06/07/2014;10:16:00;795;sem vítima;65;BR-040/RJ;Sul;Choque - Objeto Fixo;1;;;;;;;;;;1;;;;
06/07/2014;10:50:00;797;com vítima;85;BR-040/RJ;Sul;Queda de Moto;;;;1;;;;;;;0;2;;;
06/07/2014;20:08:00;873;sem vítima;104;BR-040/RJ;Sul;Colisão Lateral;2;;;;;;;;;;2;;;;
06/07/2014;06:40:00;777;com vítima;105;BR-040/RJ;Norte;Atropelamento - Pedestre;;;;;;1;;;;;1;;;1;
06/07/2014;14:43:00;823;sem vítima;118;BR-040/RJ;Sul;Colisão Lateral;1;;;;;1;;;;;2;;;;
06/07/2014;17:55:00;850;sem vítima;124;BR-040/RJ;Sul;Colisão Traseira;1;;;;;1;;;;;2;;;;
07/07/2014;04:45:00;914;sem vítima;72;BR-040/RJ;Norte;Choque - Objeto Fixo;;;1;;;;;;;;1;;;;
07/07/2014;13:03:00;966;com vítima;105;BR-040/RJ;Norte;Colisão Lateral;1;;;1;;;;;;;1;1;;;
07/07/2014;16:55:00;1014;sem vítima;108;BR-040/RJ;Norte;Colisão Lateral;2;;1;;;;;;;;3;;;;
07/07/2014;12:16:00;958;com vítima;109;BR-040/RJ;Norte;Colisão Lateral;2;;;;;;;;;;0;2;;;
07/07/2014;16:06:00;999;sem vítima;110;BR-040/RJ;Norte;Engavetamento;3;;;;;;;;;;3;;;;
07/07/2014;13:54:00;971;com vítima;111;BR-040/RJ;Sul;Queda de Moto;;;;1;;;;;;;0;1;;;
07/07/2014;17:56:00;1024;sem vítima;111;BR-040/RJ;Norte;Colisão Traseira;2;;;;;;;;;;3;;;;
07/07/2014;05:25:00;921;com vítima;113;BR-040/RJ;Sul;Capotamento;1;;;;;;;;;;0;1;;;
07/07/2014;06:58:00;932;sem vítima;113;BR-040/RJ;Sul;Colisão Lateral;2;;;;;;;;;;2;;;;
07/07/2014;16:45:00;1012;sem vítima;115;BR-040/RJ;Norte;Colisão Traseira;2;;;;;;;;;;3;;;;
07/07/2014;06:09:00;926;com vítima;783;BR-040/MG;Sul;Colisão Traseira;1;;1;;;;;;;;0;3;;;
07/07/2014;08:39:00;945;sem vítima;783;BR-040/MG;Sul;Colisão Transversal;;;2;;;;;;;;2;;;;
07/07/2014;08:51:00;947;sem vítima;786;BR-040/MG;Norte;Choque - Objeto Fixo;1;;;;;;;;;;1;;;;
07/07/2014;17:37:00;1020;sem vítima;119;BR-040/RJ;Norte;Colisão Traseira;2;;;;;;;;;;2;;;;
07/07/2014;22:05:00;1051;sem vítima;120;BR-040/RJ;Norte;Choque - Objeto Fixo;1;;;;;;;;;;1;;;;
07/07/2014;19:44:00;1035;com vítima;122;BR-040/RJ;Sul;Choque - Objeto Fixo;1;;;;;;;;;;0;1;;;
07/07/2014;05:26:00;922;sem vítima;123;BR-040/RJ;Sul;Colisão Traseira;;;1;;1;;;;;;2;;;;
07/07/2014;18:03:00;1025;com vítima;124;BR-040/RJ;Norte;Colisão Lateral;1;;;1;;;;;;;1;2;;;
08/07/2014;16:18:00;1152;sem vítima;53;BR-040/RJ;Norte;Colisão Traseira;2;;;;;;;;;;2;;;;
08/07/2014;21:32:00;1187;com vítima;73;BR-040/RJ;Sul;Derrapagem;1;;1;;;;;;;;1;1;;;
08/07/2014;21:32:00;1193;sem vítima;73;BR-040/RJ;Sul;Choque - Objeto Fixo;1;;;;;;;;;;5;;;;
08/07/2014;20:06:00;1174;sem vítima;77;BR-040/RJ;Sul;Choque - Objeto Fixo;1;;;;;;;;;;1;;;;
08/07/2014;18:35:00;1170;sem vítima;95;BR-040/RJ;Sul;Derrapagem;1;;;;;;;;;;1;;;;
08/07/2014;12:47:00;1130;sem vítima;105;BR-040/RJ;Norte;Colisão Lateral;1;;;;;1;;;;;2;;;;
08/07/2014;19:41:00;1172;sem vítima;106;BR-040/RJ;Norte;Colisão Traseira;;;1;;1;;;;;;2;;;;
08/07/2014;20:59:00;1184;sem vítima;108;BR-040/RJ;Norte;Colisão Lateral;2;;;;;;;;;;2;;;;
08/07/2014;06:08:00;1078;com vítima;110;BR-040/RJ;Norte;Engavetamento;3;;;;;;;;;;2;1;;;
08/07/2014;15:04:00;1142;sem vítima;114;BR-040/RJ;Norte;Choque - Objeto Fixo;1;;;;;;;;;;1;;;;
08/07/2014;10:56:00;1115;com vítima;117;BR-040/RJ;Norte;Queda de Moto;;;;1;;;;;;;0;2;;;
09/07/2014;16:57:00;1291;com vítima;47;BR-040/RJ;Norte;Queda de Moto;;;;1;;;;;;;0;1;1;;
09/07/2014;14:41:00;1276;sem vítima;58;BR-040/RJ;Sul;Choque - Objeto Fixo;1;;;;;;;;;;1;;;;
09/07/2014;13:26:00;1262;com vítima;72;BR-040/RJ;Norte;Choque - Objeto Fixo;1;;;;;;;;;;0;1;;;
09/07/2014;06:34:00;1217;com vítima;78;BR-040/RJ;Norte;Choque - Objeto Fixo;1;;;;;;;;;;0;1;;;
09/07/2014;18:46:00;1308;sem vítima;82;BR-040/RJ;Norte;Colisão Lateral;1;;1;;;;;;;;2;;;;
09/07/2014;02:21:00;1201;sem vítima;92;BR-040/RJ;Sul;Capotamento;1;;;;;;;;;;1;;;;
09/07/2014;05:34:00;1212;sem vítima;101;BR-040/RJ;Sul;Choque - Objeto Fixo;1;;;;;;;;;;1;;;;
09/07/2014;03:04:00;1203;com vítima;110;BR-040/RJ;Sul;Choque - Objeto Fixo;1;;;;;;;;;;0;;;1;
09/07/2014;07:10:00;1221;com vítima;782;BR-040/MG;Norte;Capotamento;1;;;;;;;;;;0;2;;;
09/07/2014;01:08:00;1200;com vítima;118;BR-040/RJ;Norte;Colisão Traseira;2;;;;;;;;;;1;;1;;
10/07/2014;13:58:00;1418;com vítima;5;BR-040/RJ;Sul;Choque - Objeto Fixo;1;;;;;;;;;;0;1;;;
10/07/2014;14:16:00;1420;com vítima;13;BR-040/RJ;Norte;Choque - Objeto Fixo;1;;;;;;;;;;0;1;;;
10/07/2014;07:40:00;1375;com vítima;25;BR-040/RJ;Sul;Tombamento;;;1;;;;;;;;0;1;;;
10/07/2014;18:47:00;1459;sem vítima;78;BR-040/RJ;Sul;Choque - Objeto Fixo;1;;;;;;;;;;1;;;;
10/07/2014;17:04:00;1444;sem vítima;82;BR-040/RJ;Norte;Colisão Traseira;2;;;;;;;;;;2;;;;
10/07/2014;13:40:00;1413;com vítima;84;BR-040/RJ;Sul;Capotamento;1;;;;;;;;;;0;1;;;
10/07/2014;15:55:00;1434;com vítima;90;BR-040/RJ;Norte;Choque - Objeto Fixo;1;;;;;;;;;;0;3;;;
10/07/2014;00:10:00;1344;sem vítima;91;BR-040/RJ;Norte;Choque - Objeto Fixo;1;;;;;;;;;;1;;;;
10/07/2014;14:23:00;1423;sem vítima;91;BR-040/RJ;Norte;Engavetamento;1;;;;;2;;;;;3;;;;
10/07/2014;18:51:00;1460;sem vítima;92;BR-040/RJ;Norte;Choque - Objeto Fixo;1;;;;;;;;;;1;;;;
10/07/2014;14:49:00;1426;sem vítima;104;BR-040/RJ;Sul;Colisão Traseira;2;;;;;;;;;;2;;;;
10/07/2014;13:46:00;1416;sem vítima;105;BR-040/RJ;Norte;Choque - Objeto Fixo;1;;;;;;;;;;1;;;;
10/07/2014;16:11:00;1437;sem vítima;105;BR-040/RJ;Norte;Colisão Lateral;2;;;;;;;;;;2;;;;
10/07/2014;06:38:00;1367;com vítima;108;BR-040/RJ;Sul;Queda de Moto;;;;1;;;;;;;0;;1;;
10/07/2014;12:00:00;1403;sem vítima;785;BR-040/MG;Norte;Choque - Objeto Fixo;1;;;;;;;;;;1;;;;
10/07/2014;16:15:00;1439;sem vítima;786;BR-040/MG;Sul;Choque - Objeto Fixo;1;;;;;;;;;;1;;;;
10/07/2014;17:26:00;1450;sem vítima;793;BR-040/MG;Norte;Choque - Objeto Fixo;1;;;;;;;;;;1;;;;
10/07/2014;17:33:00;1453;sem vítima;123;BR-040/RJ;Norte;Colisão Traseira;1;;;;;1;;;;;2;;;;
10/07/2014;07:03:00;1371;sem vítima;124;BR-040/RJ;Sul;Colisão Lateral;1;;;;;1;;;;;2;;;;
11/07/2014;17:37:00;1605;com vítima;46;BR-040/RJ;Norte;Queda de Moto;;;;1;;;;;;;0;;1;1;
11/07/2014;09:30:00;1538;sem vítima;84;BR-040/RJ;Norte;Choque - Objeto Fixo;1;;;;;;;;;;1;;;;
11/07/2014;20:20:00;1633;com vítima;94;BR-040/RJ;Sul;Capotamento;1;;;;;;;;;;0;1;;;
11/07/2014;08:29:00;1528;sem vítima;95;BR-040/RJ;Sul;Choque - Objeto Fixo;1;;;;;;;;;;1;;;;
11/07/2014;04:42:00;1510;com vítima;97;BR-040/RJ;Sul;Tombamento;;;1;;;;;;;;0;1;;;
11/07/2014;06:54:00;1518;sem vítima;100;BR-040/RJ;Norte;Choque - Objeto Fixo;1;;;;;;;;;;1;;;;
11/07/2014;12:43:00;1559;sem vítima;101;BR-040/RJ;Sul;Colisão Lateral;1;;1;;;;;;;;2;;;;
11/07/2014;07:52:00;1522;sem vítima;105;BR-040/RJ;Norte;Colisão Traseira;2;;;;;;;;;;2;;;;
11/07/2014;22:44:00;1652;com vítima;792;BR-040/MG;Sul;Capotamento;1;;;;;;;;;;0;1;;;
11/07/2014;22:47:00;1653;sem vítima;792;BR-040/MG;Sul;Atropelamento - Animal;1;;;;;;;;;;1;;;;
11/07/2014;15:04:00;1578;com vítima;817;BR-040/MG;Sul;Colisão Lateral;1;;1;;;;;;;;0;2;2;;
11/07/2014;08:48:00;1532;sem vítima;122;BR-040/RJ;Norte;Colisão Traseira;1;;;;;1;;;;;2;;;;
11/07/2014;16:34:00;1595;sem vítima;122;BR-040/RJ;Norte;Colisão Lateral;;;1;;1;;;;;;2;;;;
12/07/2014;20:30:00;1764;com vítima;7;BR-040/RJ;Sul;Queda de Moto;;;;1;;;;;;;0;1;1;;
12/07/2014;08:05:00;1687;com vítima;52;BR-040/RJ;Norte;Choque - Objeto Fixo;1;;;;;;;;;;0;1;;;
12/07/2014;10:45:00;1700;com vítima;60;BR-040/RJ;Sul;Choque - Objeto Fixo;1;;;;;;;;;;0;;1;;
12/07/2014;22:58:00;1777;sem vítima;77;BR-040/RJ;Sul;Choque - Objeto Fixo;1;;;;;;;;;;1;;;;
12/07/2014;00:34:00;1659;com vítima;85;BR-040/RJ;Sul;Choque - Objeto Fixo;1;;;;;;;;;;0;2;;;
12/07/2014;09:59:00;1696;sem vítima;85;BR-040/RJ;Sul;Choque - Objeto Fixo;1;;;;;;;;;;1;;;;
12/07/2014;13:52:00;1718;sem vítima;95;BR-040/RJ;Norte;Choque - Objeto Fixo;1;;;;;;;;;;1;;;;
12/07/2014;13:00:00;1713;com vítima;104;BR-040/RJ;Sul;Atropelamento - Pedestre;1;1;;;;;;;;;1;1;;;
12/07/2014;10:43:00;1699;com vítima;115;BR-040/RJ;Norte;Engavetamento;2;;1;;;;;;;;2;1;;1;
12/07/2014;11:02:00;1701;sem vítima;781;BR-040/MG;Norte;Engavetamento;2;;;;1;;;;;;3;;;;
12/07/2014;11:16:00;1702;sem vítima;118;BR-040/RJ;Norte;Engavetamento;3;;;;;;;;;;3;;;;
12/07/2014;17:05:00;1744;com vítima;119;BR-040/RJ;Norte;Colisão Traseira;1;;;1;;;;;;;1;2;;;
13/07/2014;14:41:00;1845;com vítima;52;BR-040/RJ;Norte;Colisão Traseira;1;;;;1;;;;;;1;2;;;
13/07/2014;05:48:00;1805;com vítima;82;BR-040/RJ;Norte;Choque - Objeto Fixo;2;;;;;;;;;;5;2;;;
13/07/2014;00:23:00;1783;com vítima;117;BR-040/RJ;Norte;Capotamento;1;;;;;;;;;;0;1;;;
13/07/2014;18:47:00;1879;com vítima;800;BR-040/MG;Norte;Choque - Objeto Fixo;1;;;;;;;;;;0;1;;;
13/07/2014;09:44:00;1820;com vítima;123;BR-040/RJ;Sul;Choque - Objeto Fixo;1;;;;;;;;;;0;1;;;
14/07/2014;18:25:00;2021;sem vítima;71;BR-040/RJ;Sul;Choque - Objeto Fixo;1;;;;;;;;;;1;;;;
14/07/2014;18:08:00;2016;sem vítima;78;BR-040/RJ;Sul;Colisão Lateral;1;;1;;;;;;;;2;;;;
14/07/2014;07:08:00;1932;com vítima;80;BR-040/RJ;Norte;Derrapagem;;;;1;;;;;;;0;;1;;
14/07/2014;17:57:00;2014;com vítima;103;BR-040/RJ;Norte;Atropelamento - Pedestre;;;;1;;;;;;;0;1;1;;
14/07/2014;16:59:00;2009;com vítima;109;BR-040/RJ;Norte;Queda de Moto;;;;1;;;;;;;0;2;;;
14/07/2014;18:22:00;2020;sem vítima;111;BR-040/RJ;Norte;Colisão Lateral;1;;;1;;;;;;;2;;;;
14/07/2014;18:51:00;2027;sem vítima;113;BR-040/RJ;Norte;Engavetamento;3;;;;;;;;;;3;;;;
14/07/2014;15:18:00;1996;sem vítima;119;BR-040/RJ;Norte;Colisão Traseira;2;;;;;;;;;;2;;;;
14/07/2014;07:58:00;1942;com vítima;122;BR-040/RJ;Sul;Engavetamento;2;;1;;;;;;;;0;6;;;
15/07/2014;13:24:00;2132;sem vítima;104;BR-040/RJ;Sul;Colisão Traseira;1;;1;;;;;;;;2;;;;
15/07/2014;05:39:00;2089;com vítima;115;BR-040/RJ;Sul;Queda de Moto;;;;1;;;;;;;0;1;;;
15/07/2014;19:49:00;2187;sem vítima;119;BR-040/RJ;Norte;Colisão Lateral;1;;1;;;;;;;;2;;;;
15/07/2014;11:40:00;2123;sem vítima;121;BR-040/RJ;Sul;Choque - Objeto Fixo;1;;;;;;;;;;1;;;;
16/07/2014;08:22:00;2270;com vítima;7;BR-040/RJ;Norte;Colisão Lateral;1;;;1;;;;;;;1;1;1;;
16/07/2014;07:02:00;2255;sem vítima;84;BR-040/RJ;Norte;Choque - Objeto Fixo;1;;;;;;;;;;1;;;;
16/07/2014;15:05:00;2316;sem vítima;88;BR-040/RJ;Norte;Colisão Lateral;1;;1;;;;;;;;2;;;;
16/07/2014;13:39:00;2307;sem vítima;111;BR-040/RJ;Sul;Engavetamento;3;;;;;;;;;;3;;;;
17/07/2014;19:41:00;2497;com vítima;17;BR-040/RJ;Norte;Colisão Lateral;1;;1;;;;;;;;1;2;;;
17/07/2014;17:17:00;2475;sem vítima;62;BR-040/RJ;Norte;Colisão Lateral;;;;1;;1;;;;;2;;;;
17/07/2014;18:18:00;2483;sem vítima;101;BR-040/RJ;Sul;Choque - Objeto Fixo;1;;;;;;;;;;1;;;;
17/07/2014;11:06:00;2427;sem vítima;103;BR-040/RJ;Norte;Colisão Traseira;2;;;;;;;;;;2;;;;
18/07/2014;15:11:00;2602;sem vítima;29;BR-040/RJ;Sul;Capotamento;1;;;;;;;;;;1;;;;
18/07/2014;17:21:00;2634;sem vítima;31;BR-040/RJ;Norte;Tombamento;;;1;;;;;;;;1;;;;
18/07/2014;19:31:00;2658;sem vítima;39;BR-040/RJ;Norte;Choque - Objeto Fixo;;;1;;;;;;;;1;;;;
18/07/2014;04:19:00;2532;sem vítima;50,001;BR-040/RJ;Sul;Choque - Objeto Fixo;1;;;;;;;;;;1;;;;
18/07/2014;16:05:00;2615;com vítima;58;BR-040/RJ;Norte;Colisão Traseira;;;;1;;1;;;;;1;;2;;
18/07/2014;05:54:00;2540;sem vítima;91;BR-040/RJ;Norte;Choque - Objeto Fixo;1;;;;;;;;;;1;;;;
18/07/2014;23:33:00;2684;com vítima;105;BR-040/RJ;Norte;Colisão Traseira;;;;1;;1;;;;;1;;;1;
18/07/2014;14:21:00;2593;sem vítima;109;BR-040/RJ;Sul;Colisão Lateral;1;;1;;;;;;;;2;;;;
18/07/2014;18:14:00;2647;sem vítima;114;BR-040/RJ;Norte;Colisão Traseira;2;;;;;;;;;;2;;;;
18/07/2014;22:28:00;2676;com vítima;120;BR-040/RJ;Sul;Capotamento;1;;;;;;;;;;0;1;;;
18/07/2014;08:40:00;2554;sem vítima;124;BR-040/RJ;Sul;Colisão Lateral;;;1;1;;;;;;;2;;;;
19/07/2014;16:00:00;2792;sem vítima;31;BR-040/RJ;Sul;Colisão Traseira;2;;;;;;;;;;2;;;;
19/07/2014;08:57:00;2736;sem vítima;70;BR-040/RJ;Norte;Derrapagem;1;;;;;;;;;;1;;;;
19/07/2014;10:30:00;2749;sem vítima;72;BR-040/RJ;Norte;Capotamento;1;;;;;;;;;;1;;;;
19/07/2014;11:36:00;2762;sem vítima;72;BR-040/RJ;Norte;Colisão Traseira;2;;;;;;;;;;2;;;;
19/07/2014;14:29:00;2781;sem vítima;72;BR-040/RJ;Norte;Engavetamento;2;;1;;;;;;;;3;;;;
19/07/2014;10:01:00;2745;com vítima;73;BR-040/RJ;Norte;Derrapagem;1;;;;;;;;;;0;1;;;