data;horario;n_da_ocorrencia;tipo_de_ocorrencia;km;trecho;sentido;tipo_de_acidente;automovel;bicicleta;caminhao;moto;onibus;outros;tracao_animal;transporte_de_cargas_especiais;trator_maquinas;utilitarios;ilesos;levemente_feridos;moderadamente_feridos;gravemente_feridos;mortos
19/07/2014;09:11:00;2738;sem vítima;76;BR-040/RJ;Sul;Choque - Objeto Fixo;1;;;;;;;;;;1;;;;
19/07/2014;07:10:00;2725;sem vítima;78;BR-040/RJ;Sul;Derrapagem;1;;;;;;;;;;1;;;;
19/07/2014;10:36:00;2751;com vítima;78;BR-040/RJ;Sul;Derrapagem;1;;;;;;;;;;1;;1;;
19/07/2014;16:34:00;2796;sem vítima;84;BR-040/RJ;Sul;Choque - Objeto Fixo;1;;;;;;;;;;1;;;;
19/07/2014;09:47:00;2742;sem vítima;90;BR-040/RJ;Norte;Choque - Objeto Fixo;;;;1;;;;;;;1;;;;
19/07/2014;12:54:00;2770;com vítima;92;BR-040/RJ;Norte;Choque - Objeto Fixo;1;;;;;;;;;;0;2;;;
19/07/2014;13:08:00;2773;sem vítima;92;BR-040/RJ;Norte;Choque - Objeto Fixo;1;;;;;;;;;;1;;;;
19/07/2014;07:01:00;2723;sem vítima;93;BR-040/RJ;Norte;Derrapagem;1;;;;;;;;;;1;;;;
19/07/2014;06:25:00;2716;sem vítima;95;BR-040/RJ;Sul;Choque - Objeto Fixo;1;;;;;;;;;;1;;;;
19/07/2014;20:18:00;2816;sem vítima;104;BR-040/RJ;Norte;Colisão Traseira;2;;;;;;;;;;2;;;;
19/07/2014;08:50:00;2734;sem vítima;813;BR-040/MG;Sul;Choque - Objeto Fixo;1;;;;;;;;;;1;;;;
19/07/2014;15:55:00;2790;com vítima;813;BR-040/MG;Norte;Colisão Traseira;1;;;1;;;;;;;1;1;;;
19/07/2014;21:21:00;2819;sem vítima;119;BR-040/RJ;Sul;Choque - Objeto Fixo;1;;;;;;;;;;1;;;;
19/07/2014;09:14:00;2739;sem vítima;120;BR-040/RJ;Norte;Choque - Objeto Fixo;;;1;;;;;;;;1;;;;
19/07/2014;02:28:00;2698;sem vítima;124;BR-040/RJ;Norte;Choque - Objeto Fixo;1;;;;;;;;;;1;;;;
20/07/2014;18:48:00;2936;com vítima;78;BR-040/RJ;Sul;Capotamento;1;;;;;;;;;;0;2;;;
20/07/2014;05:44:00;2853;com vítima;79;BR-040/RJ;Sul;Choque - Objeto Fixo;1;;;;;;;;;;0;1;;;
20/07/2014;14:47:00;2894;sem vítima;84;BR-040/RJ;Norte;Colisão Traseira;2;;;;;;;;;;2;;;;
20/07/2014;17:12:00;2917;sem vítima;84;BR-040/RJ;Sul;Colisão Traseira;2;;;;;;;;;;2;;;;
20/07/2014;18:03:00;2928;com vítima;86;BR-040/RJ;Norte;Choque - Objeto Fixo;1;;;;;;;;;;0;1;;;
20/07/2014;07:02:00;2856;com vítima;91;BR-040/RJ;Sul;Choque - Objeto Fixo;1;;;;;;;;;;0;1;;;
20/07/2014;18:31:00;2933;com vítima;102;BR-040/RJ;Norte;Atropelamento - Pedestre;1;;;;;;;;;;1;;;1;
20/07/2014;10:54:00;2874;sem vítima;778;BR-040/MG;Sul;Choque - Objeto Fixo;1;;;;;;;;;;1;;;;
20/07/2014;14:15:00;2889;sem vítima;799;BR-040/MG;Norte;Choque - Objeto Fixo;1;;;;;;;;;;1;;;;
20/07/2014;18:29:00;2932;com vítima;122;BR-040/RJ;Sul;Colisão Traseira;2;;1;;;;;;;;2;1;;;
21/07/2014;19:10:00;3098;com vítima;78;BR-040/RJ;Norte;Choque - Objeto Fixo;1;;;;;;;;;;0;2;;;
21/07/2014;18:29:00;3092;com vítima;91;BR-040/RJ;Norte;Capotamento;2;;;;;;;;;;2;1;;;
21/07/2014;11:13:00;3030;com vítima;94;BR-040/RJ;Norte;Queda de Moto;;;;1;;;;;;;0;2;;;
21/07/2014;20:23:00;3108;sem vítima;102;BR-040/RJ;Norte;Colisão Traseira;1;;1;;;;;;;;2;;;;
21/07/2014;15:16:00;3059;sem vítima;109;BR-040/RJ;Norte;Colisão Traseira;1;;;;;1;;;;;2;;;;
21/07/2014;19:12:00;3099;sem vítima;110;BR-040/RJ;Norte;Colisão Lateral;1;;1;;;;;;;;2;;;;
21/07/2014;05:05:00;2988;com vítima;121;BR-040/RJ;Sul;Engavetamento;;;1;;2;;;;;;2;3;3;;
21/07/2014;07:19:00;3004;sem vítima;121;BR-040/RJ;Sul;Colisão Lateral;1;;;;1;;;;;;2;;;;
21/07/2014;03:08:00;2979;sem vítima;122;BR-040/RJ;Sul;Capotamento;1;;;;;;;;;;1;;;;
21/07/2014;16:40:00;3076;sem vítima;122;BR-040/RJ;Sul;Colisão Traseira;2;;;;;;;;;;2;;;;
22/07/2014;08:33:00;3170;com vítima;22;BR-040/RJ;Sul;Choque - Objeto Fixo;;;;1;;;;;;;0;1;;;
22/07/2014;06:48:00;3161;com vítima;52;BR-040/RJ;Sul;Colisão Traseira;;;1;;;1;;;;;1;;1;;
22/07/2014;08:03:00;3166;sem vítima;52;BR-040/RJ;Sul;Colisão Traseira;2;;;;;;;;;;2;;;;
22/07/2014;07:13:00;3163;sem vítima;82;BR-040/RJ;Norte;Colisão Traseira;2;;;;;;;;;;2;;;;
22/07/2014;08:59:00;3171;com vítima;820;BR-040/MG;Norte;Queda de Moto;;;;1;;;;;;;0;2;;;
23/07/2014;18:17:00;3361;com vítima;62;BR-040/RJ;Sul;Atropelamento - Pedestre;;;;1;;;;;;;0;1;1;;
23/07/2014;04:45:00;3268;com vítima;82;BR-040/RJ;Norte;Choque - Objeto Fixo;1;;;;;;;;;;0;1;1;;
23/07/2014;17:09:00;3351;sem vítima;110;BR-040/RJ;Sul;Outros;3;;;;;;;;;;3;;;;
23/07/2014;21:45:00;3387;com vítima;113;BR-040/RJ;Sul;Colisão Traseira;1;;1;;;;;;;;1;1;1;;
24/07/2014;12:02:00;3469;com vítima;54;BR-040/RJ;Norte;Colisão Traseira;1;1;;;;;;;;;1;;;;1
24/07/2014;13:42:00;3481;com vítima;54;BR-040/RJ;Sul;Colisão Lateral;;;;1;;1;;;;;1;1;;;
24/07/2014;17:29:00;3513;com vítima;54;BR-040/RJ;Norte;Atropelamento - Pedestre;;;;1;;;;;;;1;;;1;
24/07/2014;22:04:00;3547;sem vítima;91;BR-040/RJ;Norte;Choque - Objeto Fixo;1;;;;;;;;;;1;;;;
24/07/2014;22:30:00;3550;sem vítima;96;BR-040/RJ;Sul;Choque - Objeto Fixo;1;;;;;;;;;;1;;;;
24/07/2014;01:14:00;3410;sem vítima;106;BR-040/RJ;Norte;Choque - Objeto Fixo;1;;;;;;;;;;1;;;;
24/07/2014;22:39:00;3551;com vítima;110;BR-040/RJ;Norte;Choque - Objeto Fixo;1;;;;;;;;;;0;1;;;
24/07/2014;16:56:00;3508;sem vítima;115;BR-040/RJ;Norte;Colisão Traseira;3;;;;;;;;;;3;;;;
24/07/2014;19:01:00;3525;sem vítima;115;BR-040/RJ;Norte;Engavetamento;3;;1;;;;;;;;4;;;;
24/07/2014;19:31:00;3531;sem vítima;119;BR-040/RJ;Norte;Colisão Traseira;1;;;;1;;;;;;2;;;;
24/07/2014;18:13:00;3522;sem vítima;120;BR-040/RJ;Norte;Engavetamento;3;;;;;;;;;;3;;;;
24/07/2014;08:55:00;3444;sem vítima;123;BR-040/RJ;Norte;Choque - Objeto Fixo;1;;;;;;;;;;1;;;;
24/07/2014;14:11:00;3483;sem vítima;123;BR-040/RJ;Norte;Colisão Lateral;1;;1;;;;;;;;2;;;;
25/07/2014;07:59:00;3599;sem vítima;0;BR-040/RJ;Norte;Derrapagem;1;;;;;;;;;;1;;;;
25/07/2014;08:55:00;3610;sem vítima;31;BR-040/RJ;Sul;Derrapagem;1;;;;;;;;;;1;;;;
25/07/2014;08:55:00;3618;sem vítima;31;BR-040/RJ;Sul;Derrapagem;1;;;;;;;;;;1;;;;
25/07/2014;09:22:00;3620;sem vítima;31;BR-040/RJ;Norte;Derrapagem;1;;;;;;;;;;1;;;;
25/07/2014;21:11:00;3706;sem vítima;31;BR-040/RJ;Norte;Choque - Objeto Fixo;1;;;;;;;;;;1;;;;
25/07/2014;08:07:00;3602;com vítima;34;BR-040/RJ;Norte;Derrapagem;1;;;;;;;;;;0;1;1;;
25/07/2014;08:53:00;3609;sem vítima;34;BR-040/RJ;Norte;Derrapagem;1;;;;;;;;;;1;;;;
25/07/2014;18:57:00;3684;sem vítima;34;BR-040/RJ;Norte;Choque - Objeto Fixo;1;;;;;;;;;;4;;;;
25/07/2014;08:35:00;3607;sem vítima;38;BR-040/RJ;Norte;Derrapagem;1;;;;;;;;;;1;;;;
25/07/2014;08:35:00;3619;sem vítima;38;BR-040/RJ;Norte;Derrapagem;1;;;;;;;;;;1;;;;
25/07/2014;08:51:00;3608;com vítima;43;BR-040/RJ;Norte;Capotamento;1;;;;;;;;;;0;1;;;
25/07/2014;16:59:00;3663;sem vítima;62;BR-040/RJ;Sul;Colisão Frontal;2;;;;;;;;;;2;;;;
25/07/2014;06:55:00;3594;com vítima;85;BR-040/RJ;Norte;Choque - Objeto Fixo;1;;;;;;;;;;0;3;;;
25/07/2014;02:50:00;3576;sem vítima;92;BR-040/RJ;Sul;Choque - Objeto Fixo;1;;;;;;;;;;1;;;;
25/07/2014;16:32:00;3656;sem vítima;92;BR-040/RJ;Norte;Tombamento;1;;;;;;;;;;1;;;;
25/07/2014;17:10:00;3665;com vítima;92;BR-040/RJ;Sul;Capotamento;1;;;;;;;;;;0;1;;;
25/07/2014;14:53:00;3641;com vítima;93;BR-040/RJ;Sul;Derrapagem;1;;;;;;;;;;0;1;;;
25/07/2014;22:29:00;3715;sem vítima;94;BR-040/RJ;Sul;Choque - Objeto Fixo;1;;;;;;;;;;1;;;;
25/07/2014;23:04:00;3718;com vítima;94;BR-040/RJ;Sul;Capotamento;1;;;;;;;;;;0;1;;;
25/07/2014;20:11:00;3700;sem vítima;97;BR-040/RJ;Sul;Choque - Objeto Fixo;1;;;;;;;;;;1;;;;
25/07/2014;05:44:00;3590;sem vítima;102;BR-040/RJ;Sul;Engavetamento;2;;1;;;;;;;;3;;;;
25/07/2014;18:44:00;3680;com vítima;105;BR-040/RJ;Norte;Colisão Traseira;;;;1;;1;;;;;1;1;;;
25/07/2014;19:20:00;3688;com vítima;112;BR-040/RJ;Norte;Colisão Traseira;2;;;;;;;;;;1;1;;;
25/07/2014;17:01:00;3664;sem vítima;113;BR-040/RJ;Norte;Colisão Traseira;1;;;;;1;;;;;2;;;;
25/07/2014;18:13:00;3671;com vítima;115;BR-040/RJ;Norte;Colisão Traseira;2;;;;;;;;;;1;1;;;
25/07/2014;03:22:00;3577;com vítima;781;BR-040/MG;Sul;Derrapagem;;;1;;;;;;;;0;1;;;
25/07/2014;08:30:00;3606;com vítima;793;BR-040/MG;Sul;Capotamento;1;;;;;;;;;;0;;1;;
25/07/2014;18:45:00;3681;sem vítima;118;BR-040/RJ;Sul;Colisão Lateral;2;;;;;;;;;;2;;;;
25/07/2014;06:50:00;3593;sem vítima;815;BR-040/MG;Sul;Choque - Objeto Fixo;1;;;;;;;;;;1;;;;
26/07/2014;07:26:00;3753;sem vítima;34;BR-040/RJ;Norte;Choque - Objeto Fixo;1;;;;;;;;;;1;;;;
26/07/2014;08:00:00;3761;sem vítima;34;BR-040/RJ;Norte;Derrapagem;1;;;;;;;;;;1;;;;
26/07/2014;03:13:00;3735;com vítima;68;BR-040/RJ;Norte;Choque - Objeto Fixo;1;;;;;;;;;;0;;1;;
26/07/2014;03:46:00;3737;sem vítima;72;BR-040/RJ;Sul;Choque - Objeto Fixo;1;;;;;;;;;;1;;;;
26/07/2014;11:35:00;3792;sem vítima;76;BR-040/RJ;Sul;Choque - Objeto Fixo;1;;;;;;;;;;1;;;;
26/07/2014;12:12:00;3800;sem vítima;78;BR-040/RJ;Sul;Choque - Objeto Fixo;1;;;;;;;;;;1;;;;
26/07/2014;03:55:00;3738;sem vítima;84;BR-040/RJ;Norte;Choque - Objeto Fixo;1;;;;;;;;;;1;;;;
26/07/2014;12:25:00;3801;sem vítima;90;BR-040/RJ;Norte;Choque - Objeto Fixo;1;;;;;;;;;;1;;;;
26/07/2014;11:49:00;3793;sem vítima;91;BR-040/RJ;Norte;Choque - Objeto Fixo;1;;;;;;;;;;1;;;;
26/07/2014;08:09:00;3755;sem vítima;92;BR-040/RJ;Norte;Derrapagem;1;;;;;;;;;;1;;;;
26/07/2014;08:36:00;3765;sem vítima;92;BR-040/RJ;Sul;Derrapagem;1;;;;;;;;;;1;;;;
26/07/2014;15:17:00;3820;com vítima;92;BR-040/RJ;Sul;Capotamento;1;;;;;;;;;;0;1;;;
26/07/2014;09:12:00;3768;sem vítima;93;BR-040/RJ;Sul;Derrapagem;1;;;;;;;;;;1;;;;
26/07/2014;10:05:00;3783;sem vítima;93;BR-040/RJ;Sul;Derrapagem;1;;;;;;;;;;1;;;;
26/07/2014;13:14:00;3807;sem vítima;93;BR-040/RJ;Norte;Colisão Transversal;4;;;;;;;;;;4;;;;
26/07/2014;15:02:00;3817;com vítima;93;BR-040/RJ;Sul;Capotamento;1;;;;;;;;;;0;1;;;
26/07/2014;12:18:00;3798;sem vítima;94;BR-040/RJ;Sul;Choque - Objeto Fixo;1;;;;;;;;;;1;;;;
26/07/2014;20:45:00;3865;com vítima;102;BR-040/RJ;Sul;Colisão Traseira;1;;;;1;;;;;;1;3;;;
26/07/2014;13:01:00;3804;com vítima;105;BR-040/RJ;Norte;Atropelamento - Pedestre;1;;;;;;;;;;1;1;;;
26/07/2014;06:10:00;3748;sem vítima;117;BR-040/RJ;Sul;Derrapagem;1;;;;;;;;;;1;;;;
26/07/2014;11:34:00;3790;com vítima;800;BR-040/MG;Sul;Choque - Objeto Fixo;1;;;;;;;;;;0;1;;;
26/07/2014;16:00:00;3828;sem vítima;810;BR-040/MG;Sul;Choque - Objeto Fixo;1;;;;;;;;;;1;;;;
26/07/2014;11:55:00;3795;sem vítima;815;BR-040/MG;Norte;Choque - Objeto Fixo;1;;;;;;;;;;1;;;;
26/07/2014;04:50:00;3741;com vítima;119;BR-040/RJ;Norte;Engavetamento;6;;;;;1;;;;;6;2;;;
26/07/2014;05:50:00;3747;sem vítima;119;BR-040/RJ;Norte;Engavetamento;2;;1;;;;;;;;3;;;;
26/07/2014;22:38:00;3875;sem vítima;124;BR-040/RJ;Sul;Choque - Objeto Fixo;1;;;;;;;;;;1;;;;
27/07/2014;05:22:00;3899;com vítima;66;BR-040/RJ;Sul;Capotamento;1;;;;;;;;;;0;1;;;
27/07/2014;21:37:00;4006;sem vítima;74;BR-040/RJ;Norte;Choque - Objeto Fixo;1;;;;;;;;;;1;;;;
27/07/2014;17:35:00;3961;sem vítima;77;BR-040/RJ;Sul;Choque - Objeto Fixo;1;;;;;;;;;;1;;;;
27/07/2014;13:23:00;3930;sem vítima;80;BR-040/RJ;Sul;Derrapagem;1;;;;;;;;;;1;;;;
27/07/2014;13:27:00;3931;sem vítima;93;BR-040/RJ;Sul;Derrapagem;1;;;;;;;;;;1;;;;
27/07/2014;13:53:00;3936;sem vítima;93;BR-040/RJ;Sul;Choque - Objeto Fixo;1;;;;;;;;;;1;;;;
27/07/2014;17:29:00;3958;com vítima;97;BR-040/RJ;Norte;Capotamento;1;;;;;;;;;;0;1;;;
27/07/2014;19:46:00;3989;sem vítima;104;BR-040/RJ;Norte;Choque - Objeto Fixo;1;;;;;;;;;;1;;;;
27/07/2014;01:45:00;3884;sem vítima;109;BR-040/RJ;Norte;Colisão Lateral;1;;;;;;;;;;1;;;;
27/07/2014;19:13:00;3980;sem vítima;111;BR-040/RJ;Sul;Colisão Traseira;1;;;;;1;;;;;2;;;;
27/07/2014;14:07:00;3937;com vítima;114;BR-040/RJ;Norte;Choque - Objeto Fixo;1;;;;;;;;;;0;1;;;
27/07/2014;14:48:00;3941;sem vítima;114;BR-040/RJ;Norte;Colisão Traseira;2;;;;;;;;;;2;;;;
27/07/2014;01:17:00;3889;com vítima;783;BR-040/MG;Sul;Capotamento;1;;;;;;;;;;0;1;;;
27/07/2014;22:33:00;4010;sem vítima;807;BR-040/MG;Norte;Colisão Lateral;2;;;;;;;;;;2;;;;
27/07/2014;01:28:00;3891;sem vítima;119;BR-040/RJ;Norte;Colisão Traseira;2;;;;;;;;;;2;;;;
27/07/2014;02:00:00;3893;com vítima;122;BR-040/RJ;Sul;Tombamento;;;1;;;;;;;;2;;2;;
28/07/2014;19:03:00;4169;sem vítima;38;BR-040/RJ;Sul;Choque - Objeto Fixo;1;;;;;;;;;;1;;;;
28/07/2014;09:16:00;4077;sem vítima;76;BR-040/RJ;Norte;Choque - Objeto Fixo;1;;;;;;;;;;1;;;;
28/07/2014;09:16:00;4080;com vítima;76;BR-040/RJ;Norte;Choque - Objeto Fixo;1;;;;;;;;;;1;1;;;
28/07/2014;16:16:00;4137;sem vítima;86;BR-040/RJ;Norte;Colisão Lateral;1;;;;;1;;;;;2;;;;
28/07/2014;09:15:00;4076;sem vítima;90;BR-040/RJ;Norte;Choque - Objeto Fixo;1;;;;;;;;;;1;;;;
28/07/2014;08:00:00;4066;sem vítima;92;BR-040/RJ;Norte;Choque - Objeto Fixo;1;;;;;;;;;;1;;;;
28/07/2014;17:35:00;4157;sem vítima;92;BR-040/RJ;Sul;Derrapagem;1;;;;;;;;;;1;;;;
28/07/2014;06:59:00;4061;sem vítima;104;BR-040/RJ;Norte;Colisão Lateral;2;;;;;;;;;;2;;;;
28/07/2014;04:34:00;4041;com vítima;113;BR-040/RJ;Sul;Engavetamento;4;;;;;;;;;;3;1;;;
28/07/2014;05:35:00;4047;sem vítima;120;BR-040/RJ;Sul;Colisão Lateral;1;;1;;;;;;;;2;;;;
29/07/2014;19:18:00;4303;com vítima;51;BR-040/RJ;Norte;Colisão Lateral;1;;;1;;;;;;;1;2;;;
29/07/2014;14:31:00;4262;com vítima;69;BR-040/RJ;Norte;Choque - Objeto Fixo;1;;;;;;;;;;0;;1;;
29/07/2014;12:26:00;4249;sem vítima;78;BR-040/RJ;Sul;Derrapagem;1;;;;;;;;;;1;;;;
29/07/2014;16:31:00;4278;sem vítima;84;BR-040/RJ;Norte;Choque - Objeto Fixo;1;;;;;;;;;;1;;;;
29/07/2014;20:30:00;4312;sem vítima;100;BR-040/RJ;Norte;Choque - Objeto Fixo;1;;;;;;;;;;1;;;;
29/07/2014;20:42:00;4315;sem vítima;100;BR-040/RJ;Norte;Choque - Objeto Fixo;1;;;;;;;;;;1;;;;
29/07/2014;08:20:00;4218;sem vítima;105;BR-040/RJ;Norte;Colisão Lateral;1;;1;;;;;;;;2;;;;
29/07/2014;09:12:00;4223;sem vítima;110;BR-040/RJ;Norte;Colisão Traseira;2;;;;;;;;;;2;;;;
29/07/2014;17:40:00;4291;sem vítima;118;BR-040/RJ;Norte;Capotamento;3;;;;;;;;;;3;;;;
29/07/2014;19:16:00;4302;sem vítima;124;BR-040/RJ;Norte;Colisão Traseira;2;;;;;;;;;;2;;;;
30/07/2014;14:18:00;4408;com vítima;51;BR-040/RJ;Sul;Tombamento;;;1;;;;;;;;0;1;;;
30/07/2014;07:00:00;4354;sem vítima;89;BR-040/RJ;Norte;Derrapagem;1;;;;;;;;;;1;;;;
30/07/2014;13:34:00;4402;sem vítima;101;BR-040/RJ;Norte;Colisão Lateral;1;;1;;;;;;;;2;;;;
30/07/2014;09:24:00;4376;sem vítima;110;BR-040/RJ;Norte;Colisão Traseira;2;;;;;;;;;;2;;;;
30/07/2014;04:26:00;4349;sem vítima;825;BR-040/MG;Norte;Colisão Traseira;1;;1;;;;;;;;2;;;;
30/07/2014;07:09:00;4355;sem vítima;119;BR-040/RJ;Norte;Colisão Traseira;1;;;;1;;;;;;2;;;;
30/07/2014;08:13:00;4368;sem vítima;122;BR-040/RJ;Sul;Engavetamento;2;;;;;1;;;;;3;;;;
31/07/2014;03:05:00;4490;com vítima;18;BR-040/RJ;Sul;Capotamento;1;;;;;;;;;;0;;2;;
31/07/2014;05:05:00;4497;sem vítima;81;BR-040/RJ;Sul;Choque - Objeto Fixo;;;1;;;;;;;;1;;;;
31/07/2014;17:00:00;4575;sem vítima;89;BR-040/RJ;Norte;Engavetamento;2;;;;1;;;;;;3;;;;
31/07/2014;15:21:00;4559;sem vítima;110;BR-040/RJ;Norte;Engavetamento;1;;2;;;;;;;;3;;;;
31/07/2014;16:07:00;4567;com vítima;116;BR-040/RJ;Norte;Queda de Moto;;;;1;;;;;;;0;;2;;
31/07/2014;04:21:00;4494;com vítima;780;BR-040/MG;Sul;Tombamento;;;1;;;;;;;;0;;;;1
01/08/2014;18:01:00;101;com vítima;89;BR-040/RJ;Sul;Colisão Traseira;;;2;;;;;;;;1;;2;;
01/08/2014;22:26:00;142;sem vítima;102;BR-040/RJ;Norte;Choque - Objeto Fixo;1;;;;;;;;;;1;;;;
01/08/2014;16:19:00;88;com vítima;105;BR-040/RJ;Norte;Colisão Traseira;;;;1;;1;;;;;1;1;;;
01/08/2014;19:29:00;119;sem vítima;105;BR-040/RJ;Norte;Colisão Lateral;1;;1;;;;;;;;2;;;;
01/08/2014;14:37:00;70;sem vítima;109;BR-040/RJ;Norte;Colisão Lateral;1;;1;;;;;;;;2;;;;
01/08/2014;15:03:00;75;sem vítima;121;BR-040/RJ;Norte;Colisão Traseira;1;;1;;;;;;;;2;;;;
01/08/2014;04:25:00;13;sem vítima;123;BR-040/RJ;Sul;Choque - Objeto Fixo;1;;;;;;;;;;1;;;;
01/08/2014;16:27:00;86;sem vítima;124;BR-040/RJ;Norte;Colisão Lateral;1;;1;;;;;;;;2;;;;
02/08/2014;17:04:00;260;sem vítima;5;BR-040/RJ;Norte;Queda de Moto;;;;1;;;;;;;1;;;;
02/08/2014;01:44:00;161;com vítima;34;BR-040/RJ;Norte;Tombamento;;;1;;;;;;;;0;;1;;
02/08/2014;18:21:00;272;com vítima;43;BR-040/RJ;Norte;Tombamento;;;1;;;;;;;;0;2;;;
02/08/2014;02:08:00;163;sem vítima;90;BR-040/RJ;Norte;Choque - Objeto Fixo;1;;;;;;;;;;1;;;;
02/08/2014;02:44:00;166;sem vítima;114;BR-040/RJ;Norte;Choque - Objeto Fixo;1;;;;;;;;;;1;;;;
02/08/2014;01:22:00;159;sem vítima;780;BR-040/MG;Norte;Choque - Objeto Fixo;1;;;;;;;;;;1;;;;
02/08/2014;07:17:00;183;com vítima;118;BR-040/RJ;Sul;Queda de Moto;;;;1;;;;;;;0;;;1;
02/08/2014;01:30:00;160;sem vítima;119;BR-040/RJ;Sul;Choque - Objeto Fixo;1;;;;;;;;;;1;;;;
02/08/2014;11:27:00;207;sem vítima;123;BR-040/RJ;Norte;Engavetamento;4;;;;;;;;;;4;;;;
02/08/2014;02:28:00;165;com vítima;124;BR-040/RJ;Norte;Choque - Objeto Fixo;1;;;;;;;;;;0;3;;;
03/08/2014;16:35:00;398;com vítima;72;BR-040/RJ;Norte;Capotamento;1;;;;;;;;;;0;1;;;
03/08/2014;05:09:00;325;sem vítima;96;BR-040/RJ;Norte;Choque - Objeto Fixo;1;;;;;;;;;;1;;;;
03/08/2014;13:55:00;375;sem vítima;786;BR-040/MG;Norte;Choque - Objeto Fixo;1;;;;;;;;;;1;;;;
03/08/2014;11:36:00;356;com vítima;806;BR-040/MG;Norte;Capotamento;1;;;;;;;;;;0;1;;;
03/08/2014;05:07:00;324;com vítima;119;BR-040/RJ;Norte;Colisão Traseira;2;;;;;;;;;;2;3;;;
03/08/2014;20:40:00;433;sem vítima;119;BR-040/RJ;Sul;Choque - Objeto Fixo;1;;;;;;;;;;1;;;;
03/08/2014;12:04:00;358;sem vítima;120;BR-040/RJ;Norte;Colisão Lateral;2;;;;;;;;;;2;;;;
03/08/2014;06:50:00;331;sem vítima;125;BR-040/RJ;Norte;Queda de Moto;;;;1;;;;;;;1;;;;
04/08/2014;16:06:00;542;sem vítima;11;BR-040/RJ;Sul;Choque - Objeto Fixo;1;;;;;;;;;;1;;;;
04/08/2014;08:22:00;496;sem vítima;84;BR-040/RJ;Sul;Choque - Objeto Fixo;;;1;;;;;;;;1;;;;
04/08/2014;20:56:00;586;com vítima;101;BR-040/RJ;Norte;Tombamento;;;1;;;;;;;;0;1;;;
04/08/2014;08:22:00;495;sem vítima;111;BR-040/RJ;Sul;Colisão Traseira;2;;;;;;;;;;2;;;;
04/08/2014;07:02:00;484;com vítima;112;BR-040/RJ;Sul;Colisão Lateral;2;;;;;;;;;;1;1;;;
04/08/2014;05:45:00;478;sem vítima;113;BR-040/RJ;Norte;Colisão Traseira;1;;;;;1;;;;;2;;;;
04/08/2014;22:50:00;595;com vítima;113;BR-040/RJ;Norte;Colisão Traseira;2;;;;;;;;;;2;;1;;
04/08/2014;20:27:00;580;com vítima;802;BR-040/MG;Sul;Queda de Moto;;;;1;;;;;;;0;1;;;
05/08/2014;04:29:00;620;com vítima;39;BR-040/RJ;Sul;Colisão Traseira;;;1;;;;;;;;0;1;;;
05/08/2014;14:30:00;681;sem vítima;51;BR-040/RJ;Sul;Choque - Objeto Fixo;1;;;;;;;;;;1;;;;
05/08/2014;07:46:00;638;com vítima;64;BR-040/RJ;Sul;Derrapagem;1;;;;;;;;;;0;;1;;
05/08/2014;13:25:00;677;sem vítima;72;BR-040/RJ;Norte;Choque - Objeto Fixo;1;;;;;;;;;;1;;;;
05/08/2014;15:00:00;687;com vítima;75;BR-040/RJ;Norte;Choque - Objeto Fixo;1;;;;;;;;;;0;1;;;
05/08/2014;05:17:00;625;sem vítima;78;BR-040/RJ;Sul;Choque - Objeto Fixo;1;;;;;;;;;;1;;;;
05/08/2014;15:15:00;689;sem vítima;78;BR-040/RJ;Sul;Choque - Objeto Fixo;1;;;;;;;;;;1;;;;
05/08/2014;10:52:00;659;com vítima;85;BR-040/RJ;Norte;Capotamento;1;;;;;;;;;;0;1;1;;
05/08/2014;08:38:00;647;com vítima;90;BR-040/RJ;Sul;Colisão Traseira;;;2;;;;;;;;1;;1;;
05/08/2014;15:19:00;691;sem vítima;90;BR-040/RJ;Sul;Colisão Traseira;2;;;;;;;;;;2;;;;
05/08/2014;07:09:00;634;sem vítima;92;BR-040/RJ;Norte;Derrapagem;1;;;;;;;;;;1;;;;
05/08/2014;09:23:00;652;sem vítima;92;BR-040/RJ;Sul;Colisão Traseira;1;;;;;;;;;;1;;;;
05/08/2014;10:34:00;655;sem vítima;93;BR-040/RJ;Sul;Choque - Objeto Fixo;1;;;;;;;;;;1;;;;
05/08/2014;10:29:00;654;com vítima;94;BR-040/RJ;Sul;Choque - Objeto Fixo;1;;;;;;;;;;0;2;;;
05/08/2014;04:38:00;622;sem vítima;118;BR-040/RJ;Sul;Choque - Objeto Fixo;;;1;;;;;;;;1;;;;
05/08/2014;09:09:00;649;sem vítima;124;BR-040/RJ;Sul;Colisão Lateral;;;;;2;;;;;;2;;;;
06/08/2014;08:57:00;813;com vítima;39;BR-040/RJ;Sul;Queda de Moto;1;;;;;;;;;;0;1;;;
06/08/2014;03:28:00;787;sem vítima;62;BR-040/RJ;Norte;Choque - Objeto Fixo;1;;;;;;;;;;1;;;;
06/08/2014;12:48:00;841;com vítima;66;BR-040/RJ;Norte;Queda de Moto;;;;1;;;;;;;0;;;1;
06/08/2014;10:24:00;821;sem vítima;84;BR-040/RJ;Norte;Colisão Lateral;2;;;;;;;;;;2;;;;
06/08/2014;07:17:00;803;com vítima;93;BR-040/RJ;Norte;Queda de Moto;;;;1;;;;;;;0;1;;;
06/08/2014;19:34:00;899;sem vítima;114;BR-040/RJ;Norte;Colisão Lateral;1;;1;;;;;;;;2;;;;