data;horario;n_da_ocorrencia;tipo_de_ocorrencia;km;trecho;sentido;tipo_de_acidente;automovel;bicicleta;caminhao;moto;onibus;outros;tracao_animal;transporte_de_cargas_especiais;trator_maquinas;utilitarios;ilesos;levemente_feridos;moderadamente_feridos;gravemente_feridos;mortos
20/09/2014;23:26:00;3124;sem vítima;79;BR-040/RJ;Norte;Choque - Objeto Fixo;1;;;;;;;;;;1;;;;
20/09/2014;22:24:00;3116;sem vítima;83;BR-040/RJ;Norte;Choque - Objeto Fixo;1;;;;;;;;;;1;;;;
20/09/2014;23:13:00;3122;sem vítima;86;BR-040/RJ;Norte;Tombamento;1;;;;;;;;;;1;;;;
20/09/2014;21:33:00;3109;sem vítima;93;BR-040/RJ;Sul;Choque - Objeto Fixo;1;;;;;;;;;;1;;;;
20/09/2014;17:30:00;3072;sem vítima;95;BR-040/RJ;Norte;Choque - Objeto Fixo;1;;;;;;;;;;1;;;;
20/09/2014;04:14:00;2960;sem vítima;99;BR-040/RJ;Norte;Choque - Objeto Fixo;1;;;;;;;;;;1;;;;
20/09/2014;15:34:00;3052;com vítima;101;BR-040/RJ;Sul;Colisão Traseira;1;;1;;;;;;;;1;1;;;
20/09/2014;12:51:00;3024;sem vítima;110;BR-040/RJ;Norte;Colisão Traseira;;;2;;;;;;;;2;;;;
20/09/2014;19:49:00;3094;com vítima;114;BR-040/RJ;Sul;Colisão Traseira;2;;;;;;;;;;1;;1;;
20/09/2014;18:41:00;3079;sem vítima;115;BR-040/RJ;Norte;Colisão Traseira;2;;;;;;;;;;2;;;;
20/09/2014;20:06:00;3098;sem vítima;799;BR-040/MG;Sul;Choque - Objeto Fixo;1;;;;;;;;;;1;;;;
20/09/2014;01:17:00;2952;sem vítima;118;BR-040/RJ;Sul;Colisão Traseira;2;;;;;;;;;;2;;;;
20/09/2014;20:56:00;3104;sem vítima;119;BR-040/RJ;Norte;Colisão Traseira;2;;;;;;;;;;2;;;;
20/09/2014;15:01:00;3044;sem vítima;121;BR-040/RJ;Norte;Choque - Objeto Fixo;1;;;;;;;;;;1;;;;
20/09/2014;19:18:00;3085;sem vítima;121;BR-040/RJ;Sul;Choque - Objeto Fixo;1;;;;;;;;;;1;;;;
20/09/2014;04:53:00;2963;sem vítima;122;BR-040/RJ;Sul;Choque - Objeto Fixo;1;;;;;;;;;;1;;;;
21/09/2014;18:52:00;3241;com vítima;31;BR-040/RJ;Sul;Choque - Objeto Fixo;1;;;;;;;;;;0;1;;;
21/09/2014;19:47:00;3249;com vítima;44;BR-040/RJ;Sul;Choque - Objeto Fixo;1;;;;;;;;;;0;1;;;
21/09/2014;23:39:00;3271;com vítima;58;BR-040/RJ;Norte;Tombamento;;;;;1;;;;;;0;1;1;2;1
21/09/2014;01:57:00;3135;sem vítima;69;BR-040/RJ;Norte;Choque - Objeto Fixo;1;;;;;;;;;;1;;;;
21/09/2014;07:14:00;3162;sem vítima;72;BR-040/RJ;Sul;Choque - Objeto Fixo;1;;;;;;;;;;1;;;;
21/09/2014;09:31:00;3174;sem vítima;78;BR-040/RJ;Sul;Choque - Objeto Fixo;1;;;;;;;;;;1;;;;
21/09/2014;10:28:00;3182;com vítima;80;BR-040/RJ;Sul;Choque - Objeto Fixo;1;;;;;;;;;;0;5;;;
21/09/2014;17:09:00;3231;sem vítima;82;BR-040/RJ;Sul;Choque - Objeto Fixo;1;;;;;;;;;;1;;;;
21/09/2014;20:27:00;3253;com vítima;82;BR-040/RJ;Sul;Choque - Objeto Fixo;1;;;;;;;;;;0;1;;;
21/09/2014;07:29:00;3161;sem vítima;84;BR-040/RJ;Sul;Derrapagem;1;;;;;;;;;;1;;;;
21/09/2014;10:07:00;3178;sem vítima;84;BR-040/RJ;Sul;Choque - Objeto Fixo;1;;;;;;;;;;1;;;;
21/09/2014;10:50:00;3184;sem vítima;84;BR-040/RJ;Sul;Choque - Objeto Fixo;1;;;;;;;;;;1;;;;
21/09/2014;07:18:00;3159;sem vítima;86;BR-040/RJ;Sul;Choque - Objeto Fixo;1;;;;;;;;;;1;;;;
21/09/2014;16:23:00;3223;com vítima;89;BR-040/RJ;Norte;Colisão Lateral;2;;;;;;;;;;1;1;;;
21/09/2014;14:53:00;3211;sem vítima;90;BR-040/RJ;Norte;Choque - Objeto Fixo;1;;;;;;;;;;1;;;;
21/09/2014;15:18:00;3215;sem vítima;92;BR-040/RJ;Sul;Choque - Objeto Fixo;1;;;;;;;;;;1;;;;
21/09/2014;15:23:00;3216;sem vítima;92;BR-040/RJ;Sul;Choque - Objeto Fixo;1;;;;;;;;;;1;;;;
21/09/2014;03:48:00;3142;sem vítima;93;BR-040/RJ;Sul;Choque - Objeto Fixo;1;;;;;;;;;;1;;;;
21/09/2014;11:15:00;3189;sem vítima;93;BR-040/RJ;Sul;Capotamento;1;;;;;;;;;;1;;;;
21/09/2014;11:27:00;3190;sem vítima;93;BR-040/RJ;Sul;Derrapagem;1;;;;;;;;;;1;;;;
21/09/2014;15:14:00;3213;sem vítima;93;BR-040/RJ;Sul;Choque - Objeto Fixo;1;;;;;;;;;;1;;;;
21/09/2014;19:49:00;3250;sem vítima;93;BR-040/RJ;Sul;Choque - Objeto Fixo;1;;;;;;;;;;1;;;;
21/09/2014;19:58:00;3252;sem vítima;93;BR-040/RJ;Sul;Choque - Objeto Fixo;1;;;;;;;;;;1;;;;
21/09/2014;12:23:00;3196;sem vítima;96;BR-040/RJ;Sul;Choque - Objeto Fixo;1;;;;;;;;;;1;;;;
21/09/2014;14:36:00;3210;sem vítima;96;BR-040/RJ;Norte;Choque - Objeto Fixo;1;;;;;;;;;;1;;;;
21/09/2014;21:00:00;3255;sem vítima;96;BR-040/RJ;Sul;Choque - Objeto Fixo;1;;;;;;;;;;1;;;;
21/09/2014;18:16:00;3238;sem vítima;97;BR-040/RJ;Sul;Choque - Objeto Fixo;1;;;;;;;;;;1;;;;
21/09/2014;14:35:00;3209;sem vítima;104;BR-040/RJ;Sul;Colisão Traseira;2;;;;;;;;;;2;;;;
21/09/2014;18:30:00;3239;com vítima;113;BR-040/RJ;Norte;Choque - Objeto Fixo;1;;;;;;;;;;0;1;;;
21/09/2014;16:27:00;3225;com vítima;799;BR-040/MG;Norte;Capotamento;1;;;;;;;;;;0;1;;;
21/09/2014;01:06:00;3133;sem vítima;118;BR-040/RJ;Sul;Colisão Traseira;2;;;;;;;;;;2;;;;
21/09/2014;13:39:00;3202;sem vítima;828;BR-040/MG;Norte;Choque - Objeto Fixo;1;;;;;;;;;;1;;;;
21/09/2014;02:39:00;3139;sem vítima;119;BR-040/RJ;Sul;Choque - Objeto Fixo;1;;;;;;;;;;1;;;;
21/09/2014;03:56:00;3144;sem vítima;121;BR-040/RJ;Sul;Choque - Objeto Fixo;1;;;;;;;;;;1;;;;
21/09/2014;09:18:00;3173;sem vítima;124;BR-040/RJ;Sul;Choque - Objeto Fixo;1;;;;;1;;;;;2;;;;
21/09/2014;17:43:00;3234;sem vítima;124;BR-040/RJ;Sul;Engavetamento;3;;;;;;;;;;3;;;;
22/09/2014;16:22:00;3395;com vítima;39;BR-040/RJ;Sul;Tombamento;;;1;;;;;;;;0;1;;;
22/09/2014;16:21:00;3394;sem vítima;45;BR-040/RJ;Norte;Colisão Transversal;2;;;;;;;;;;2;;;;
22/09/2014;09:16:00;3331;com vítima;55;BR-040/RJ;Sul;Atropelamento - Pedestre;1;;;;;;;;;;1;;1;;
22/09/2014;05:09:00;3300;sem vítima;101;BR-040/RJ;Sul;Derrapagem;1;;;;;;;;;;1;;;;
22/09/2014;05:31:00;3303;sem vítima;101;BR-040/RJ;Sul;Choque - Objeto Fixo;1;;;;;;;;;;1;;;;
22/09/2014;02:19:00;3284;sem vítima;102;BR-040/RJ;Norte;Colisão Traseira;1;;1;;;;;;;;2;;;;
22/09/2014;18:23:00;3408;com vítima;109;BR-040/RJ;Norte;Colisão Traseira;2;;;;;;;;;;0;3;;;
22/09/2014;16:26:00;3396;com vítima;115;BR-040/RJ;Sul;Colisão Lateral;1;;1;;;;;;;;0;2;;;
22/09/2014;04:36:00;3293;sem vítima;119;BR-040/RJ;Sul;Choque - Objeto Fixo;1;;;;;;;;;;1;;;;
22/09/2014;04:58:00;3295;sem vítima;119;BR-040/RJ;Sul;Engavetamento;2;;;;1;;;;;;3;;;;
22/09/2014;05:28:00;3302;com vítima;123;BR-040/RJ;Sul;Colisão Lateral;1;;;1;;;;;;;1;;1;;
22/09/2014;08:04:00;3319;com vítima;124;BR-040/RJ;Sul;Colisão Traseira;1;;1;;;;;;;;1;1;;;
22/09/2014;08:40:00;3329;sem vítima;124;BR-040/RJ;Sul;Colisão Lateral;1;;1;;;;;;;;2;;;;
23/09/2014;01:09:00;3441;sem vítima;85;BR-040/RJ;Sul;Choque - Objeto Fixo;1;;;;;;;;;;1;;;;
23/09/2014;03:06:00;3448;com vítima;87;BR-040/RJ;Norte;Capotamento;1;;;;;;;;;;0;1;;;
23/09/2014;13:20:00;3493;com vítima;97;BR-040/RJ;Sul;Choque - Objeto Fixo;1;;;;;;;;;;0;1;;;
23/09/2014;16:48:00;3518;sem vítima;110;BR-040/RJ;Norte;Colisão Lateral;;;2;;;;;;;;2;;;;
23/09/2014;17:14:00;3523;sem vítima;114;BR-040/RJ;Sul;Colisão Traseira;2;;;;;;;;;;2;;;;
23/09/2014;13:38:00;3496;sem vítima;803;BR-040/MG;Norte;Colisão Lateral;1;;1;;;;;;;;2;;;;
24/09/2014;03:09:00;3575;sem vítima;45;BR-040/RJ;Sul;Choque - Objeto Fixo;1;;;;;;;;;;1;;;;
24/09/2014;00:52:00;3570;com vítima;110;BR-040/RJ;Sul;Choque - Objeto Fixo;1;;;;;;;;;;0;;1;;
24/09/2014;04:29:00;3581;com vítima;800;BR-040/MG;Sul;Choque - Objeto Fixo;1;;;;;;;;;;0;1;;;
24/09/2014;14:56:00;3654;com vítima;802;BR-040/MG;Sul;Capotamento;1;;;;;;;;;;0;1;;;
24/09/2014;13:44:00;3646;com vítima;121;BR-040/RJ;Sul;Colisão Traseira;;;;1;;1;;;;;1;;1;;
24/09/2014;17:02:00;3674;sem vítima;121;BR-040/RJ;Norte;Engavetamento;3;;;;;;;;;;3;;;;
25/09/2014;13:01:00;3799;sem vítima;93;BR-040/RJ;Norte;Colisão Lateral;;;2;;;;;;;;2;;;;
25/09/2014;14:13:00;3808;sem vítima;101;BR-040/RJ;Sul;Colisão Traseira;1;;1;;;;;;;;2;;;;
25/09/2014;07:23:00;3760;com vítima;102;BR-040/RJ;Sul;Colisão Traseira;1;;1;;;;;;;;1;;1;;
25/09/2014;17:27:00;3835;com vítima;106;BR-040/RJ;Sul;Colisão Lateral;;1;;;;1;;;;;1;3;;;
25/09/2014;14:37:00;3811;com vítima;111;BR-040/RJ;Norte;Capotamento;1;;;;;;;;;;0;1;;;
25/09/2014;19:25:00;3847;com vítima;124;BR-040/RJ;Sul;Colisão Traseira;2;;;;;;;;;;1;1;;;
26/09/2014;18:00:00;3972;com vítima;78;BR-040/RJ;Sul;Capotamento;1;;;;;;;;;;0;1;;;
26/09/2014;04:24:00;3872;com vítima;80;BR-040/RJ;Sul;Choque - Objeto Fixo;;;1;;;;;;;;0;;1;;
26/09/2014;19:43:00;3993;com vítima;80;BR-040/RJ;Sul;Choque - Objeto Fixo;1;;;;;;;;;;0;2;;;
26/09/2014;13:18:00;3928;sem vítima;89;BR-040/RJ;Sul;Colisão Traseira;2;;;;;;;;;;2;;;;
26/09/2014;17:24:00;3968;com vítima;93;BR-040/RJ;Norte;Queda de Moto;;;;1;;;;;;;0;1;;;
26/09/2014;20:01:00;3999;sem vítima;102;BR-040/RJ;Sul;Choque - Objeto Fixo;1;;;;;;;;;;1;;;;
26/09/2014;10:41:00;3915;com vítima;105;BR-040/RJ;Norte;Colisão Lateral;1;;1;;;;;;;;1;;1;;
26/09/2014;05:38:00;3877;sem vítima;111;BR-040/RJ;Sul;Colisão Traseira;1;;;;;1;;;;;2;;;;
26/09/2014;05:38:00;3880;sem vítima;111;BR-040/RJ;Sul;Choque - Objeto Fixo;1;;;;;;;;;;1;;;;
26/09/2014;23:57:00;4019;com vítima;111;BR-040/RJ;Norte;Queda de Moto;;;;1;;;;;;;0;1;;;
26/09/2014;10:33:00;3912;sem vítima;113;BR-040/RJ;Sul;Colisão Traseira;1;;;;;1;;;;;2;;;;
26/09/2014;15:38:00;3953;com vítima;113;BR-040/RJ;Norte;Colisão Traseira;1;;1;;;;;;;;1;1;;;
26/09/2014;06:04:00;3881;com vítima;783;BR-040/MG;Sul;Capotamento;1;;;;;;;;;;0;1;;;
26/09/2014;03:55:00;3869;sem vítima;810;BR-040/MG;Norte;Choque - Objeto Fixo;1;;;;;;;;;;1;;;;
26/09/2014;23:21:00;4015;sem vítima;119;BR-040/RJ;Sul;Choque - Objeto Fixo;1;;;;;;;;;;1;;;;
26/09/2014;21:49:00;4010;sem vítima;120;BR-040/RJ;Norte;Colisão Transversal;;;;;1;1;;;;;2;;;;
27/09/2014;15:34:00;4120;com vítima;73;BR-040/RJ;Norte;Capotamento;1;;;;;;;;;;0;1;;;
27/09/2014;19:44:00;4159;sem vítima;78;BR-040/RJ;Sul;Choque - Objeto Fixo;1;;;;;;;;;;1;;;;
27/09/2014;09:40:00;4068;com vítima;81;BR-040/RJ;Sul;Choque - Objeto Fixo;1;;;;;;;;;;0;2;;;
27/09/2014;16:02:00;4125;com vítima;85;BR-040/RJ;Norte;Choque - Objeto Fixo;1;;;;;;;;;;0;1;;;
27/09/2014;06:45:00;4044;sem vítima;109;BR-040/RJ;Sul;Colisão Traseira;2;;;;;;;;;;2;;;;
27/09/2014;16:28:00;4127;com vítima;780;BR-040/MG;Sul;Queda de Moto;;;;1;;;;;;;0;2;;;
27/09/2014;01:40:00;4029;sem vítima;801;BR-040/MG;Sul;Capotamento;1;;;;;;;;;;1;;;;
27/09/2014;12:55:00;4101;com vítima;801;BR-040/MG;Sul;Capotamento;1;;;;;;;;;;0;1;;;
27/09/2014;18:53:00;4148;sem vítima;119;BR-040/RJ;Norte;Engavetamento;1;;;;;5;;;;;6;;;;
27/09/2014;04:41:00;4038;sem vítima;122;BR-040/RJ;Sul;Choque - Objeto Fixo;1;;;;;;;;;;1;;;;
27/09/2014;22:32:00;4174;com vítima;122;BR-040/RJ;Norte;Engavetamento;3;;;;;;;;;;4;1;;;
28/09/2014;21:16:00;4298;sem vítima;59;BR-040/RJ;Sul;Choque - Objeto Fixo;1;;;;;;;;;;1;;;;
28/09/2014;18:04:00;4272;sem vítima;85;BR-040/RJ;Sul;Colisão Lateral;1;;;;;1;;;;;2;;;;
28/09/2014;17:06:00;4265;sem vítima;88;BR-040/RJ;Norte;Choque - Objeto Fixo;1;;;;;;;;;;1;;;;
28/09/2014;19:52:00;4287;sem vítima;98;BR-040/RJ;Norte;Colisão Lateral;1;;;;;1;;;;;2;;;;
28/09/2014;23:06:00;4311;sem vítima;113;BR-040/RJ;Norte;Queda de Moto;;;;1;;;;;;;1;;;;
28/09/2014;23:10:00;4315;sem vítima;113;BR-040/RJ;Norte;Queda de Moto;1;;;;;;;;;;1;;;;
29/09/2014;11:21:00;4398;com vítima;70;BR-040/RJ;Sul;Colisão Traseira;1;;1;;;;;;;;3;1;;;
29/09/2014;18:10:00;4457;com vítima;72;BR-040/RJ;Sul;Capotamento;1;;;;;;;;;;0;1;;;
29/09/2014;06:32:00;4350;sem vítima;84;BR-040/RJ;Norte;Derrapagem;1;;;;;;;;;;1;;;;
29/09/2014;08:53:00;4375;sem vítima;90;BR-040/RJ;Sul;Derrapagem;1;;;;;;;;;;1;;;;
29/09/2014;07:35:00;4358;sem vítima;92;BR-040/RJ;Norte;Derrapagem;1;;;;;;;;;;1;;;;
29/09/2014;14:40:00;4424;sem vítima;105;BR-040/RJ;Sul;Colisão Traseira;2;;;;;;;;;;2;;;;
29/09/2014;09:36:00;4382;com vítima;774;BR-040/MG;Sul;Queda de Moto;;;;1;;;;;;;0;1;;;
29/09/2014;00:47:00;4321;sem vítima;117;BR-040/RJ;Norte;Choque - Objeto Fixo;1;;;;;;;;;;1;;;;
29/09/2014;01:05:00;4326;com vítima;117;BR-040/RJ;Norte;Colisão Traseira;1;;1;;;;;;;;1;1;;;
29/09/2014;20:43:00;4473;sem vítima;805;BR-040/MG;Sul;Colisão Traseira;1;;;;;1;;;;;2;;;;
30/09/2014;18:12:00;4605;sem vítima;9;BR-040/RJ;Sul;Choque - Objeto Fixo;1;;;;;;;;;;1;;;;
30/09/2014;17:07:00;4596;com vítima;25;BR-040/RJ;Sul;Colisão Frontal;1;;1;;;;;;;;2;2;;;
30/09/2014;15:36:00;4584;com vítima;37;BR-040/RJ;Norte;Choque - Objeto Fixo;1;;;;;;;;;;0;;1;;
30/09/2014;15:16:00;4580;sem vítima;68;BR-040/RJ;Norte;Derrapagem;;;1;;;;;;;;1;;;;
30/09/2014;20:43:00;4625;com vítima;94;BR-040/RJ;Sul;Colisão Traseira;;;2;;;;;;;;0;2;;;2
30/09/2014;19:00:00;4615;sem vítima;101;BR-040/RJ;Sul;Choque - Objeto Fixo;1;;;;;;;;;;1;;;;
30/09/2014;15:19:00;4579;com vítima;104;BR-040/RJ;Norte;Choque - Objeto Fixo;1;;;;;;;;;;0;1;;;
30/09/2014;17:23:00;4599;sem vítima;114;BR-040/RJ;Sul;Colisão Lateral;1;;1;;;;;;;;2;;;;
30/09/2014;17:21:00;4598;sem vítima;787;BR-040/MG;Sul;Colisão Lateral;1;;;;;;;;;;1;;;;
30/09/2014;17:23:00;4600;com vítima;792;BR-040/MG;Norte;Capotamento;1;;;;;;;;;;0;2;;;
30/09/2014;16:19:00;4590;com vítima;815;BR-040/MG;Norte;Choque - Objeto Fixo;1;;;;;;;;;;0;2;;;
01/10/2014;04:59:00;18;sem vítima;81;BR-040/RJ;Norte;Choque - Objeto Fixo;1;;;;;;;;;;1;;;;
01/10/2014;23:24:00;173;com vítima;109;BR-040/RJ;Norte;Colisão Traseira;1;;;;1;;;;;;1;1;;;
01/10/2014;05:24:00;25;com vítima;110;BR-040/RJ;Sul;Choque - Objeto Fixo;1;;;;;;;;;;0;1;;;
01/10/2014;22:30:00;165;sem vítima;110;BR-040/RJ;Norte;Colisão Traseira;2;;;;;;;;;;2;;;;
01/10/2014;15:46:00;98;sem vítima;115;BR-040/RJ;Norte;Colisão Traseira;;;1;;1;;;;;;2;;;;
02/10/2014;08:59:00;220;sem vítima;82;BR-040/RJ;Sul;Choque - Objeto Fixo;1;;;;;;;;;;1;;;;
02/10/2014;08:20:00;217;sem vítima;83;BR-040/RJ;Sul;Choque - Objeto Fixo;1;;;;;;;;;;1;;;;
02/10/2014;17:23:00;294;sem vítima;90;BR-040/RJ;Norte;Choque - Objeto Fixo;1;;;;;;;;;;1;;;;
02/10/2014;06:31:00;204;com vítima;94;BR-040/RJ;Sul;Capotamento;1;;;;;;;;;;0;1;;;
02/10/2014;07:30:00;210;sem vítima;94;BR-040/RJ;Sul;Colisão Traseira;2;;;;;;;;;;2;;;;
02/10/2014;16:39:00;288;sem vítima;102;BR-040/RJ;Norte;Colisão Lateral;1;;;;1;;;;;;2;;;;
03/10/2014;07:34:00;375;com vítima;40;BR-040/RJ;Sul;Queda de Moto;;;;1;;;;;;;0;1;;;
03/10/2014;07:45:00;377;sem vítima;71;BR-040/RJ;Norte;Choque - Objeto Fixo;1;;;;;;;;;;1;;;;
03/10/2014;12:47:00;416;sem vítima;76;BR-040/RJ;Sul;Choque - Objeto Fixo;;;1;;;;;;;;1;;;;
03/10/2014;21:09:00;497;sem vítima;80;BR-040/RJ;Sul;Choque - Objeto Fixo;1;;;;;;;;;;1;;;;
03/10/2014;12:43:00;415;sem vítima;88;BR-040/RJ;Norte;Choque - Objeto Fixo;;;1;;;;;;;;1;;;;
03/10/2014;07:10:00;371;sem vítima;93;BR-040/RJ;Sul;Capotamento;1;;;;;;;;;;1;;;;
03/10/2014;22:46:00;507;sem vítima;106;BR-040/RJ;Norte;Choque - Objeto Fixo;1;;;;;;;;;;1;;;;
03/10/2014;19:19:00;483;com vítima;111;BR-040/RJ;Norte;Queda de Moto;;;;1;;;;;;;0;1;;;
03/10/2014;16:05:00;441;sem vítima;113;BR-040/RJ;Norte;Engavetamento;3;;;;;;;;;;3;;;;
03/10/2014;16:35:00;448;sem vítima;114;BR-040/RJ;Norte;Engavetamento;4;;;;;;;;;;4;;;;
03/10/2014;18:16:00;469;com vítima;116;BR-040/RJ;Norte;Colisão Lateral;2;;;1;;;;;;;2;;1;;
03/10/2014;18:27:00;472;sem vítima;116;BR-040/RJ;Norte;Colisão Lateral;1;;;;1;;;;;;2;;;;
03/10/2014;18:32:00;474;com vítima;118;BR-040/RJ;Norte;Engavetamento;3;;;;;;;;;;0;3;;;
03/10/2014;07:30:00;376;sem vítima;122;BR-040/RJ;Sul;Colisão Traseira;1;;1;;;;;;;;2;;;;
03/10/2014;11:48:00;406;com vítima;123;BR-040/RJ;Sul;Queda de Moto;;;;1;;;;;;;0;1;;;
04/10/2014;05:23:00;535;com vítima;31;BR-040/RJ;Norte;Choque - Objeto Fixo;1;;;;;;;;;;0;1;;;
04/10/2014;15:49:00;606;sem vítima;61;BR-040/RJ;Sul;Choque - Objeto Fixo;1;;;;;;;;;;1;;;;
04/10/2014;10:12:00;566;sem vítima;72;BR-040/RJ;Sul;Derrapagem;1;;;;;;;;;;1;;;;
04/10/2014;08:30:00;552;sem vítima;78;BR-040/RJ;Sul;Choque - Objeto Fixo;1;;;;;;;;;;1;;;;
04/10/2014;07:17:00;545;com vítima;81;BR-040/RJ;Sul;Choque - Objeto Fixo;1;;;;;;;;;;0;2;;;
04/10/2014;07:56:00;547;sem vítima;82;BR-040/RJ;Sul;Choque - Objeto Fixo;1;;;;;;;;;;1;;;;
04/10/2014;08:11:00;549;sem vítima;99;BR-040/RJ;Norte;Colisão Traseira;2;;;;;;;;;;2;;;;
04/10/2014;09:40:00;561;com vítima;101;BR-040/RJ;Sul;Colisão Frontal;2;;;;;;;;;;1;;2;;
04/10/2014;04:14:00;532;sem vítima;105;BR-040/RJ;Norte;Choque - Objeto Fixo;1;;;;;;;;;;1;;;;
04/10/2014;03:11:00;527;com vítima;109;BR-040/RJ;Norte;Capotamento;1;;;;;;;;;;0;2;;;
04/10/2014;02:07:00;525;sem vítima;112;BR-040/RJ;Norte;Colisão Traseira;1;;1;;;;;;;;2;;;;
04/10/2014;15:30:00;602;sem vítima;114;BR-040/RJ;Sul;Queda de Moto;;;;1;;;;;;;1;;;;
04/10/2014;11:13:00;576;com vítima;801;BR-040/MG;Norte;Choque - Objeto Fixo;1;;;;;;;;;;0;;1;;
04/10/2014;16:47:00;614;com vítima;124;BR-040/RJ;Norte;Tombamento;1;;;;;;;;;;0;1;;;
05/10/2014;07:16:00;688;sem vítima;10;BR-040/RJ;Sul;Choque - Objeto Fixo;1;;;;;;;;;;1;;;;
05/10/2014;08:49:00;697;com vítima;53;BR-040/RJ;Sul;Queda de Moto;;;;1;;;;;;;0;1;;;
05/10/2014;09:16:00;700;sem vítima;68;BR-040/RJ;Norte;Choque - Objeto Fixo;1;;;;;;;;;;1;;;;
05/10/2014;12:24:00;723;sem vítima;100;BR-040/RJ;Norte;Colisão Traseira;1;;;;;1;;;;;2;;;;
05/10/2014;01:16:00;662;com vítima;119;BR-040/RJ;Sul;Capotamento;1;;;;;;;;;;0;2;;;
05/10/2014;16:38:00;744;com vítima;119;BR-040/RJ;Norte;Choque - Objeto Fixo;1;;;;;;;;;;0;3;;;
05/10/2014;03:41:00;673;com vítima;121;BR-040/RJ;Norte;Capotamento;1;;;;;;;;;;0;;1;;
05/10/2014;19:47:00;767;sem vítima;123;BR-040/RJ;Sul;Choque - Objeto Fixo;1;;;;;1;;;;;2;;;;
06/10/2014;20:04:00;914;sem vítima;22;BR-040/RJ;Sul;Atropelamento - Animal;1;;;;;;;;;;1;;;;
06/10/2014;14:25:00;869;sem vítima;68;BR-040/RJ;Sul;Choque - Objeto Fixo;1;;;;;;;;;;1;;;;
06/10/2014;00:38:00;799;sem vítima;71;BR-040/RJ;Sul;Choque - Objeto Fixo;1;;;;;;;;;;1;;;;
06/10/2014;02:10:00;806;com vítima;78;BR-040/RJ;Sul;Capotamento;1;;;;;;;;;;0;1;;;
06/10/2014;14:15:00;867;com vítima;83;BR-040/RJ;Norte;Colisão Transversal;1;;;;1;;;;;;1;1;;;
06/10/2014;15:22:00;879;sem vítima;90;BR-040/RJ;Norte;Choque - Objeto Fixo;1;;;;;;;;;;1;;;;
06/10/2014;15:00:00;876;sem vítima;101;BR-040/RJ;Sul;Colisão Frontal;2;;;;;;;;;;2;;;;
06/10/2014;21:10:00;919;com vítima;105;BR-040/RJ;Sul;Atropelamento - Pedestre;1;;;;;;;;;;1;;1;;
06/10/2014;01:05:00;802;com vítima;110;BR-040/RJ;Sul;Capotamento;1;;;;;;;;;;0;2;4;;
06/10/2014;01:14:00;803;com vítima;110;BR-040/RJ;Sul;Colisão Traseira;1;;1;;;;;;;;1;;1;;
06/10/2014;07:16:00;822;sem vítima;110;BR-040/RJ;Sul;Colisão Traseira;;;1;;1;;;;;;2;;;;
06/10/2014;01:20:00;804;sem vítima;119;BR-040/RJ;Norte;Choque - Objeto Fixo;1;;;;;;;;;;1;;;;
07/10/2014;17:38:00;1020;com vítima;83;BR-040/RJ;Sul;Queda de Moto;;;;1;;;;;;;0;1;;;
07/10/2014;05:54:00;944;sem vítima;93;BR-040/RJ;Sul;Choque - Objeto Fixo;1;;;;;;;;;;1;;;;
07/10/2014;16:23:00;1007;com vítima;96;BR-040/RJ;Norte;Tombamento;;;1;;;;;;;;0;1;;;
07/10/2014;06:48:00;952;com vítima;109;BR-040/RJ;Sul;Queda de Moto;;;;1;;;;;;;0;1;;;
07/10/2014;17:16:00;1013;sem vítima;124;BR-040/RJ;Norte;Colisão Lateral;1;;1;;;;;;;;2;;;;
08/10/2014;15:12:00;1141;sem vítima;74;BR-040/RJ;Norte;Choque - Objeto Fixo;1;;;;;;;;;;1;;;;
08/10/2014;14:23:00;1133;sem vítima;85;BR-040/RJ;Norte;Choque - Objeto Fixo;1;;;;;;;;;;1;;;;
08/10/2014;12:22:00;1121;sem vítima;95;BR-040/RJ;Sul;Colisão Traseira;1;;1;;;;;;;;2;;;;
08/10/2014;08:32:00;1101;com vítima;108;BR-040/RJ;Norte;Tombamento;;;1;;;;;;;;0;1;;;
08/10/2014;11:43:00;1119;com vítima;111;BR-040/RJ;Norte;Engavetamento;4;;1;;;;;;;;4;1;2;;
08/10/2014;15:31:00;1144;sem vítima;112;BR-040/RJ;Sul;Colisão Lateral;;;1;;1;;;;;;2;;;;
08/10/2014;23:00:00;1203;sem vítima;790;BR-040/MG;Norte;Engavetamento;;;3;;;;;;;;3;;;;
09/10/2014;22:07:00;1367;com vítima;9;BR-040/RJ;Sul;Atropelamento - Animal;1;;1;;;;;;;;0;5;;;
09/10/2014;21:54:00;1366;sem vítima;44;BR-040/RJ;Norte;Colisão Lateral;2;;;;;;;;;;4;;;;
09/10/2014;08:14:00;1244;sem vítima;62;BR-040/RJ;Norte;Colisão Lateral;1;;;1;;;;;;;2;;;;
09/10/2014;14:11:00;1288;com vítima;78;BR-040/RJ;Sul;Capotamento;1;1;;;;;;;;;1;;1;;
09/10/2014;16:12:00;1313;sem vítima;93;BR-040/RJ;Norte;Colisão Traseira;2;;;;;;;;;;2;;;;
09/10/2014;09:41:00;1256;com vítima;110;BR-040/RJ;Sul;Colisão Traseira;3;;;;;;;;;;0;5;;;