data;horario;n_da_ocorrencia;tipo_de_ocorrencia;km;trecho;sentido;tipo_de_acidente;automovel;bicicleta;caminhao;moto;onibus;outros;tracao_animal;transporte_de_cargas_especiais;trator_maquinas;utilitarios;ilesos;levemente_feridos;moderadamente_feridos;gravemente_feridos;mortos
20/11/2014;22:40:00;3002;sem vítima;85;BR-040/RJ;Norte;Choque - Objeto Fixo;1;;;;;;;;;;1;;;;
20/11/2014;17:14:00;2964;sem vítima;88;BR-040/RJ;Norte;Colisão Traseira;2;;;;;;;;;;2;;;;
20/11/2014;17:35:00;2972;sem vítima;95;BR-040/RJ;Norte;Choque - Objeto Fixo;1;;;;;;;;;;1;;;;
20/11/2014;14:18:00;2935;com vítima;105;BR-040/RJ;Norte;Colisão Traseira;;1;;;;1;;;;;1;1;;;
20/11/2014;07:23:00;2885;com vítima;108;BR-040/RJ;Norte;Tombamento;;;1;;;;;;;;0;1;;;
20/11/2014;17:09:00;2965;sem vítima;780;BR-040/MG;Norte;Queda de Moto;;;;1;;;;;;;1;;;;
20/11/2014;10:37:00;2905;com vítima;118;BR-040/RJ;Sul;Choque - Objeto Fixo;1;;;;;;;;;;0;;;1;
20/11/2014;11:00:00;2913;sem vítima;118;BR-040/RJ;Sul;Colisão Lateral;1;;1;;;;;;;;2;;;;
20/11/2014;01:25:00;2868;sem vítima;819;BR-040/MG;Norte;Choque - Objeto Fixo;1;;;;;;;;;;1;;;;
20/11/2014;13:34:00;2931;com vítima;119;BR-040/RJ;Sul;Colisão Lateral;1;;;1;;;;;;;1;;1;;
20/11/2014;21:23:00;2994;com vítima;121;BR-040/RJ;Norte;Colisão Lateral;2;;;;;;;;;;1;1;;;
20/11/2014;17:32:00;2970;sem vítima;124;BR-040/RJ;Sul;Colisão Traseira;1;;;;;1;;;;;2;;;;
21/11/2014;13:05:00;3075;sem vítima;90;BR-040/RJ;Norte;Colisão Lateral;1;;1;;;;;;;;2;;;;
21/11/2014;16:59:00;3127;com vítima;101;BR-040/RJ;Sul;Atropelamento - Pedestre;;;1;;;;;;;;1;;;1;
21/11/2014;21:13:00;3171;com vítima;101;BR-040/RJ;Norte;Queda de Moto;;;;1;;;;;;;0;1;1;;
21/11/2014;12:10:00;3070;sem vítima;102;BR-040/RJ;Norte;Colisão Lateral;1;;1;;;;;;;;2;;;;
21/11/2014;12:35:00;3072;sem vítima;102;BR-040/RJ;Norte;Colisão Traseira;1;;1;;;;;;;;2;;;;
21/11/2014;02:16:00;3015;com vítima;110;BR-040/RJ;Sul;Capotamento;;;1;;;;;;;;0;1;;;
21/11/2014;22:47:00;3180;com vítima;810;BR-040/MG;Norte;Queda de Moto;;;;1;;;;;;;0;1;;;
22/11/2014;09:51:00;3231;sem vítima;21;BR-040/RJ;Sul;Colisão Traseira;1;;1;;;;;;;;2;;;;
22/11/2014;17:42:00;3304;com vítima;92;BR-040/RJ;Sul;Capotamento;1;;;;;;;;;;0;2;;;
22/11/2014;04:49:00;3204;com vítima;95;BR-040/RJ;Norte;Choque - Objeto Fixo;1;;;;;;;;;;0;1;;;
22/11/2014;07:05:00;3214;com vítima;113;BR-040/RJ;Sul;Capotamento;1;;;;;;;;;;0;;1;;
22/11/2014;09:58:00;3232;sem vítima;113;BR-040/RJ;Sul;Choque - Objeto Fixo;1;;;;;;;;;;1;;;;
22/11/2014;15:33:00;3277;sem vítima;114;BR-040/RJ;Sul;Choque - Objeto Fixo;1;;;;;;;;;;1;;;;
22/11/2014;12:35:00;3252;com vítima;117;BR-040/RJ;Norte;Colisão Traseira;1;;;1;;;;;;;1;;;;1
22/11/2014;14:48:00;3279;sem vítima;117;BR-040/RJ;Norte;Colisão Traseira;1;;;;;1;;;;;2;;;;
22/11/2014;16:20:00;3284;sem vítima;784;BR-040/MG;Norte;Colisão Lateral;1;;;1;;;;;;;3;;;;
23/11/2014;14:29:00;3423;sem vítima;4;BR-040/RJ;Sul;Choque - Objeto Fixo;1;;;;;;;;;;1;;;;
23/11/2014;16:57:00;3451;sem vítima;6;BR-040/RJ;Norte;Choque - Objeto Fixo;1;;;;;;;;;;1;;;;
23/11/2014;18:29:00;3481;sem vítima;7;BR-040/RJ;Norte;Choque - Objeto Fixo;1;;;;;;;;;;1;;;;
23/11/2014;17:34:00;3462;sem vítima;11;BR-040/RJ;Norte;Choque - Objeto Fixo;1;;;;;;;;;;1;;;;
23/11/2014;17:41:00;3463;com vítima;13;BR-040/RJ;Sul;Colisão Traseira;1;;;;;1;;;;;1;4;;;
23/11/2014;15:28:00;3435;com vítima;23;BR-040/RJ;Sul;Choque - Objeto Fixo;1;;;;;;;;;;0;1;;;
23/11/2014;20:50:00;3504;sem vítima;31;BR-040/RJ;Norte;Choque - Objeto Fixo;1;;;;;;;;;;1;;;;
23/11/2014;15:00:00;3428;com vítima;32;BR-040/RJ;Norte;Capotamento;1;;;;;;;;;;0;2;;;
23/11/2014;23:11:00;3518;sem vítima;51;BR-040/RJ;Sul;Choque - Objeto Fixo;1;;;;;;;;;;1;;;;
23/11/2014;17:46:00;3464;sem vítima;53;BR-040/RJ;Sul;Choque - Objeto Fixo;1;;;;;;;;;;1;;;;
23/11/2014;18:17:00;3474;sem vítima;82;BR-040/RJ;Sul;Choque - Objeto Fixo;1;;;;;;;;;;1;;;;
23/11/2014;19:52:00;3494;sem vítima;82;BR-040/RJ;Sul;Choque - Objeto Fixo;1;;;;;;;;;;1;;;;
23/11/2014;18:23:00;3478;sem vítima;84;BR-040/RJ;Norte;Choque - Objeto Fixo;1;;;;;;;;;;1;;;;
23/11/2014;20:19:00;3496;sem vítima;84;BR-040/RJ;Sul;Choque - Objeto Fixo;1;;;;;;;;;;1;;;;
23/11/2014;20:43:00;3502;sem vítima;84;BR-040/RJ;Norte;Choque - Objeto Fixo;1;;;;;;;;;;1;;;;
23/11/2014;20:19:00;3506;sem vítima;84;BR-040/RJ;Sul;Colisão Traseira;2;;;;;;;;;;2;;;;
23/11/2014;18:24:00;3479;sem vítima;85;BR-040/RJ;Sul;Engavetamento;3;;1;;;;;;;;4;;;;
23/11/2014;14:31:00;3424;sem vítima;88;BR-040/RJ;Norte;Choque - Objeto Fixo;1;;;;;;;;;;1;;;;
23/11/2014;19:45:00;3492;sem vítima;89;BR-040/RJ;Norte;Choque - Objeto Fixo;1;;;;;;;;;;1;;;;
23/11/2014;15:06:00;3429;com vítima;90;BR-040/RJ;Norte;Capotamento;1;;;;;;;;;;0;2;;;
23/11/2014;23:10:00;3517;sem vítima;91;BR-040/RJ;Norte;Choque - Objeto Fixo;1;;;;;;;;;;1;;;;
23/11/2014;01:23:00;3356;sem vítima;92;BR-040/RJ;Norte;Choque - Objeto Fixo;1;;;;;;;;;;1;;;;
23/11/2014;17:50:00;3466;sem vítima;93;BR-040/RJ;Norte;Choque - Objeto Fixo;1;;;;;;;;;;1;;;;
23/11/2014;22:24:00;3511;sem vítima;93;BR-040/RJ;Norte;Colisão Traseira;1;;1;;;;;;;;2;;;;
23/11/2014;19:11:00;3486;sem vítima;105;BR-040/RJ;Norte;Colisão Frontal;2;;;;;;;;;;2;;;;
23/11/2014;20:39:00;3500;sem vítima;108;BR-040/RJ;Norte;Choque - Objeto Fixo;1;;;;;;;;;;1;;;;
23/11/2014;12:22:00;3407;sem vítima;111;BR-040/RJ;Sul;Engavetamento;5;;;;;;;;;;5;;;;
23/11/2014;15:20:00;3433;com vítima;774;BR-040/MG;Sul;Capotamento;1;;;;;;;;;;0;1;;;
23/11/2014;13:07:00;3409;com vítima;796;BR-040/MG;Sul;Choque - Objeto Fixo;1;;;;;;;;;;0;1;;;
23/11/2014;13:07:00;3420;com vítima;796;BR-040/MG;Sul;Derrapagem;1;;;;;;;;;;0;3;2;;
23/11/2014;15:29:00;3437;com vítima;815;BR-040/MG;Norte;Choque - Objeto Fixo;1;;;;;;;;;;0;1;;;
23/11/2014;16:28:00;3445;com vítima;815;BR-040/MG;Sul;Choque - Objeto Fixo;1;;;;;;;;;;0;1;;;
23/11/2014;19:24:00;3489;com vítima;815;BR-040/MG;Sul;Choque - Objeto Fixo;1;;;;;;;;;;0;2;;;
23/11/2014;19:24:00;3490;sem vítima;815;BR-040/MG;Sul;Choque - Objeto Fixo;1;;;;;;;;;;1;;;;
23/11/2014;18:20:00;3477;sem vítima;823;BR-040/MG;Sul;Choque - Objeto Fixo;1;;;;;;;;;;1;;;;
23/11/2014;05:25:00;3373;sem vítima;122;BR-040/RJ;Sul;Choque - Objeto Fixo;1;;;;;;;;;;1;;;;
23/11/2014;14:47:00;3425;sem vítima;124;BR-040/RJ;Norte;Colisão Traseira;1;;;;1;;;;;;2;;;;
24/11/2014;06:43:00;3545;sem vítima;5;BR-040/RJ;Norte;Choque - Objeto Fixo;1;;;;;;;;;;1;;;;
24/11/2014;06:09:00;3543;com vítima;12;BR-040/RJ;Norte;Capotamento;1;;;;;;;;;;0;1;;;
24/11/2014;20:25:00;3661;sem vítima;58;BR-040/RJ;Norte;Choque - Objeto Fixo;1;;;;;;;;;;1;;;;
24/11/2014;06:54:00;3549;sem vítima;69;BR-040/RJ;Norte;Choque - Objeto Fixo;1;;;;;;;;;;1;;;;
24/11/2014;18:13:00;3640;sem vítima;78;BR-040/RJ;Sul;Choque - Objeto Fixo;1;;;;;;;;;;1;;;;
24/11/2014;18:13:00;3649;sem vítima;78;BR-040/RJ;Sul;Choque - Objeto Fixo;1;;;;;;;;;;1;;;;
24/11/2014;16:24:00;3622;sem vítima;80;BR-040/RJ;Norte;Colisão Traseira;1;;1;;;;;;;;2;;;;
24/11/2014;18:58:00;3648;sem vítima;85;BR-040/RJ;Norte;Choque - Objeto Fixo;1;;;;;;;;;;1;;;;
24/11/2014;02:21:00;3536;sem vítima;86;BR-040/RJ;Norte;Derrapagem;1;;;;;;;;;;1;;;;
24/11/2014;14:20:00;3610;sem vítima;93;BR-040/RJ;Norte;Choque - Objeto Fixo;1;;;;;;;;;;1;;;;
24/11/2014;01:39:00;3533;sem vítima;98;BR-040/RJ;Norte;Choque - Objeto Fixo;1;;;;;;;;;;1;;;;
24/11/2014;23:53:00;3681;sem vítima;98;BR-040/RJ;Sul;Derrapagem;1;;;;;;;;;;1;;;;
24/11/2014;16:47:00;3625;sem vítima;104;BR-040/RJ;Norte;Engavetamento;3;;;;;;;;;;3;;;;
24/11/2014;13:55:00;3607;sem vítima;113;BR-040/RJ;Sul;Colisão Traseira;1;;1;;;;;;;;2;;;;
24/11/2014;20:40:00;3662;sem vítima;114;BR-040/RJ;Sul;Colisão Lateral;1;;1;;;;;;;;2;;;;
24/11/2014;08:50:00;3568;com vítima;116;BR-040/RJ;Norte;Capotamento;1;;;;;;;;;;0;1;;;
24/11/2014;19:21:00;3653;com vítima;783;BR-040/MG;Sul;Choque - Objeto Fixo;1;;;;;;;;;;0;1;;;
24/11/2014;16:17:00;3621;sem vítima;784;BR-040/MG;Norte;Choque - Objeto Fixo;1;;;;;;;;;;1;;;;
24/11/2014;04:56:00;3539;com vítima;118;BR-040/RJ;Sul;Colisão Lateral;2;;;;;;;;;;0;3;;;
24/11/2014;05:34:00;3540;sem vítima;118;BR-040/RJ;Sul;Engavetamento;4;;;;;;;;;;4;;;;
25/11/2014;18:15:00;3805;sem vítima;101;BR-040/RJ;Norte;Colisão Lateral;1;;1;;;;;;;;2;;;;
25/11/2014;13:36:00;3763;com vítima;105;BR-040/RJ;Norte;Atropelamento - Pedestre;;;;;;1;;;;;1;;1;;
25/11/2014;14:36:00;3766;com vítima;791;BR-040/MG;Sul;Choque - Objeto Fixo;1;;;;;;;;;;0;3;;;
25/11/2014;20:36:00;3822;sem vítima;121;BR-040/RJ;Sul;Colisão Lateral;1;;;;;1;;;;;2;;;;
26/11/2014;16:46:00;3966;com vítima;25;BR-040/RJ;Norte;Choque - Objeto Fixo;1;;;;;;;;;;0;4;;;
26/11/2014;23:48:00;4015;sem vítima;33;BR-040/RJ;Norte;Choque - Objeto Fixo;1;;;;;;;;;;1;;;;
26/11/2014;17:38:00;3975;com vítima;35;BR-040/RJ;Norte;Choque - Objeto Fixo;;;1;;;;;;;;0;2;;;
26/11/2014;09:51:00;3886;com vítima;52;BR-040/RJ;Norte;Choque - Objeto Fixo;1;;;;;;;;;;0;2;;;
26/11/2014;16:25:00;3959;com vítima;72,001;BR-040/RJ;Sul;Choque - Objeto Fixo;1;;;;;;;;;;0;2;;;
26/11/2014;14:41:00;3940;sem vítima;75;BR-040/RJ;Sul;Choque - Objeto Fixo;1;;;;;;;;;;1;;;;
26/11/2014;15:31:00;3951;sem vítima;78;BR-040/RJ;Sul;Choque - Objeto Fixo;1;;;;;;;;;;1;;;;
26/11/2014;15:44:00;3952;sem vítima;78;BR-040/RJ;Sul;Choque - Objeto Fixo;1;;;;;;;;;;1;;;;
26/11/2014;02:32:00;3849;com vítima;91;BR-040/RJ;Sul;Atropelamento - Pedestre;;;;;;1;;;;;1;;;1;
26/11/2014;18:35:00;3982;sem vítima;91;BR-040/RJ;Norte;Colisão Lateral;;;1;1;;;;;;;2;;;;
26/11/2014;18:37:00;3983;sem vítima;93;BR-040/RJ;Norte;Colisão Lateral;1;;;;;;;;;;1;;;;
26/11/2014;15:57:00;3954;com vítima;94;BR-040/RJ;Sul;Capotamento;1;;;;;1;;;;;1;1;;;
26/11/2014;15:27:00;3949;sem vítima;97;BR-040/RJ;Sul;Choque - Objeto Fixo;1;;;;;;;;;;1;;;;
26/11/2014;03:09:00;3850;com vítima;102;BR-040/RJ;Sul;Choque - Objeto Fixo;;;1;;;;;;;;0;;1;;
26/11/2014;00:58:00;3848;sem vítima;105;BR-040/RJ;Norte;Tombamento;;;1;;;;;;;;1;;;;
26/11/2014;20:46:00;3994;com vítima;105;BR-040/RJ;Norte;Colisão Traseira;2;;;;;;;;;;1;;1;;
26/11/2014;20:57:00;3995;sem vítima;110;BR-040/RJ;Sul;Choque - Objeto Fixo;;;1;;;;;;;;1;;;;
26/11/2014;18:54:00;3991;sem vítima;785;BR-040/MG;Sul;Choque - Objeto Fixo;1;;;;;;;;;;1;;;;
26/11/2014;17:11:00;3973;com vítima;787;BR-040/MG;Norte;Choque - Objeto Fixo;1;;;;;;;;;;0;1;;;
26/11/2014;23:46:00;4014;sem vítima;799;BR-040/MG;Norte;Colisão Traseira;;;2;;;;;;;;2;;;;
26/11/2014;05:48:00;3859;sem vítima;118;BR-040/RJ;Sul;Engavetamento;3;;;;;1;;;;;4;;;;
26/11/2014;21:06:00;3998;com vítima;120;BR-040/RJ;Sul;Colisão Transversal;1;;1;;;;;;;;0;2;2;;
26/11/2014;09:11:00;3881;com vítima;123;BR-040/RJ;Sul;Colisão Traseira;1;;1;;;;;;;;1;1;1;;
26/11/2014;20:45:00;3997;sem vítima;124;BR-040/RJ;Norte;Tombamento;;;1;;;;;;;;1;;;;
27/11/2014;15:00:00;4096;com vítima;0;BR-040/RJ;Norte;Capotamento;1;;;;;;;;;;0;1;;;
27/11/2014;14:38:00;4105;com vítima;2;BR-040/RJ;Norte;Capotamento;1;;;;;;;;;;0;4;;;
27/11/2014;11:14:00;4068;com vítima;8;BR-040/RJ;Norte;Choque - Objeto Fixo;1;;;;;;;;;;0;1;;;
27/11/2014;14:57:00;4100;com vítima;15;BR-040/RJ;Sul;Capotamento;1;;;;;;;;;;0;2;;;
27/11/2014;07:19:00;4041;sem vítima;34;BR-040/RJ;Norte;Choque - Objeto Fixo;1;;;;;;;;;;1;;;;
27/11/2014;15:44:00;4110;sem vítima;34;BR-040/RJ;Norte;Choque - Objeto Fixo;1;;;;;;;;;;1;;;;
27/11/2014;15:10:00;4104;sem vítima;37;BR-040/RJ;Sul;Choque - Objeto Fixo;1;;;;;;;;;;1;;;;
27/11/2014;17:16:00;4122;com vítima;38;BR-040/RJ;Norte;Tombamento;;;1;;;;;;;;0;3;;;
27/11/2014;08:50:00;4052;sem vítima;40;BR-040/RJ;Sul;Tombamento;;;1;;;;;;;;1;;;;
27/11/2014;21:18:00;4147;com vítima;46;BR-040/RJ;Norte;Derrapagem;1;;;;;;;;;;0;1;;;
27/11/2014;15:41:00;4109;sem vítima;62;BR-040/RJ;Sul;Choque - Objeto Fixo;1;;;;;;;;;;1;;;;
27/11/2014;13:17:00;4087;com vítima;68;BR-040/RJ;Norte;Capotamento;1;;;;;;;;;;0;5;;;
27/11/2014;08:06:00;4047;sem vítima;72;BR-040/RJ;Norte;Choque - Objeto Fixo;1;;;;;;;;;;1;;;;
27/11/2014;14:34:00;4095;sem vítima;77;BR-040/RJ;Sul;Colisão Traseira;;;2;;;;;;;;2;;;;
27/11/2014;21:59:00;4161;sem vítima;77;BR-040/RJ;Sul;Derrapagem;1;;;;;;;;;;1;;;;
27/11/2014;15:29:00;4108;sem vítima;79;BR-040/RJ;Sul;Choque - Objeto Fixo;1;;;;;;;;;;1;;;;
27/11/2014;17:50:00;4128;sem vítima;88;BR-040/RJ;Norte;Choque - Objeto Fixo;1;;;;;;;;;;1;;;;
27/11/2014;12:10:00;4075;sem vítima;89;BR-040/RJ;Sul;Choque - Objeto Fixo;1;;;;;;;;;;1;;;;
27/11/2014;06:40:00;4037;sem vítima;104;BR-040/RJ;Norte;Colisão Traseira;2;;;;;;;;;;2;;;;
27/11/2014;13:15:00;4086;sem vítima;113;BR-040/RJ;Sul;Colisão Traseira;2;;;;;;;;;;2;;;;
27/11/2014;07:44:00;4042;sem vítima;123;BR-040/RJ;Sul;Colisão Lateral;;;;;2;;;;;;2;;;;
28/11/2014;21:53:00;4305;sem vítima;71;BR-040/RJ;Sul;Choque - Objeto Fixo;1;;;;;;;;;;1;;;;
28/11/2014;15:24:00;4264;sem vítima;77;BR-040/RJ;Sul;Colisão Lateral;1;;1;;;;;;;;2;;;;
28/11/2014;06:49:00;4194;sem vítima;82;BR-040/RJ;Sul;Choque - Objeto Fixo;1;;;;;;;;;;1;;;;
28/11/2014;09:13:00;4217;sem vítima;82;BR-040/RJ;Sul;Choque - Objeto Fixo;1;;;;;;;;;;1;;;;
28/11/2014;10:41:00;4232;com vítima;90;BR-040/RJ;Norte;Colisão Lateral;1;;;;1;;;;;;0;2;;;
28/11/2014;21:52:00;4304;sem vítima;91;BR-040/RJ;Norte;Choque - Objeto Fixo;1;;;;;;;;;;1;;;;
28/11/2014;10:36:00;4231;sem vítima;92;BR-040/RJ;Sul;Choque - Objeto Fixo;1;;;;;;;;;;1;;;;
28/11/2014;13:08:00;4251;sem vítima;92;BR-040/RJ;Sul;Capotamento;1;;;;;;;;;;1;;;;
28/11/2014;13:54:00;4257;com vítima;94;BR-040/RJ;Sul;Choque - Objeto Fixo;1;;;;;;;;;;0;1;;;
28/11/2014;08:04:00;4208;com vítima;105;BR-040/RJ;Norte;Atropelamento - Pedestre;;;;;1;;;;;;0;1;;;1
28/11/2014;09:32:00;4220;sem vítima;108;BR-040/RJ;Sul;Choque - Objeto Fixo;1;;;;;;;;;;1;;;;
28/11/2014;05:39:00;4189;sem vítima;115;BR-040/RJ;Sul;Colisão Traseira;2;;;;;;;;;;2;;;;
28/11/2014;18:19:00;4284;sem vítima;116;BR-040/RJ;Sul;Queda de Moto;;;;1;;;;;;;1;;;;
28/11/2014;07:50:00;4207;com vítima;792;BR-040/MG;Norte;Capotamento;1;;;;;;;;;;0;1;;;
28/11/2014;07:09:00;4197;com vítima;122;BR-040/RJ;Sul;Engavetamento;1;;;1;;1;;;;;2;1;;;
29/11/2014;20:50:00;4442;sem vítima;51;BR-040/RJ;Sul;Choque - Objeto Fixo;1;;;;;;;;;;1;;;;
29/11/2014;15:01:00;4398;com vítima;74;BR-040/RJ;Sul;Colisão Frontal;1;;;1;;;;;;;0;2;;;
29/11/2014;13:27:00;4387;com vítima;85;BR-040/RJ;Norte;Colisão Lateral;1;;;1;;;;;;;0;2;1;;
29/11/2014;17:33:00;4424;com vítima;114;BR-040/RJ;Sul;Queda de Moto;;;;1;;;;;;;0;;2;;
29/11/2014;09:54:00;4362;sem vítima;117;BR-040/RJ;Sul;Colisão Traseira;1;;;;1;;;;;;2;;;;
29/11/2014;15:44:00;4406;com vítima;787;BR-040/MG;Norte;Capotamento;1;;;;;;;;;;0;1;;;
29/11/2014;17:02:00;4420;sem vítima;120;BR-040/RJ;Norte;Choque - Objeto Fixo;1;;;;;;;;;;1;;;;
29/11/2014;23:44:00;4455;sem vítima;124;BR-040/RJ;Sul;Choque - Objeto Fixo;1;;;;;;;;;;1;;;;
30/11/2014;23:53:00;4601;com vítima;34;BR-040/RJ;Norte;Capotamento;1;;;;;;;;;;0;7;;2;
30/11/2014;08:04:00;4490;sem vítima;79;BR-040/RJ;Sul;Derrapagem;1;;;;;;;;;;1;;;;
30/11/2014;02:55:00;4470;com vítima;81;BR-040/RJ;Sul;Colisão Lateral;2;;;;;;;;;;0;5;1;;
30/11/2014;04:05:00;4477;sem vítima;89;BR-040/RJ;Norte;Choque - Objeto Fixo;1;;;;;;;;;;1;;;;
30/11/2014;20:24:00;4582;sem vítima;102;BR-040/RJ;Sul;Choque - Objeto Fixo;1;;;;;;;;;;1;;;;
30/11/2014;18:34:00;4569;com vítima;104;BR-040/RJ;Norte;Colisão Transversal;1;1;;;;;;;;;1;;1;;
30/11/2014;23:26:00;4599;com vítima;105;BR-040/RJ;Norte;Choque - Objeto Fixo;1;;;;;;;;;;0;1;;;
30/11/2014;14:03:00;4525;com vítima;116;BR-040/RJ;Sul;Colisão Lateral;2;;;;;1;;;;;1;3;;;
30/11/2014;16:02:00;4539;com vítima;828;BR-040/MG;Norte;Capotamento;1;;;;;;;;;;0;3;2;;
30/11/2014;01:35:00;4466;com vítima;122;BR-040/RJ;Sul;Choque - Objeto Fixo;1;;;;;;;;;;0;1;;;
30/11/2014;07:13:00;4489;com vítima;122;BR-040/RJ;Sul;Choque - Objeto Fixo;1;;;;;;;;;;0;;1;;
30/11/2014;15:55:00;4538;sem vítima;123;BR-040/RJ;Norte;Colisão Lateral;1;;1;;;;;;;;2;;;;
01/12/2014;14:41:00;92;com vítima;10;BR-040/RJ;Norte;Choque - Objeto Fixo;1;;;;;;;;;;0;1;;;
01/12/2014;11:02:00;61;com vítima;41;BR-040/RJ;Sul;Capotamento;1;;;;;;;;;;0;;3;;
01/12/2014;08:58:00;48;sem vítima;103;BR-040/RJ;Norte;Colisão Lateral;1;;;;;1;;;;;2;;;;
01/12/2014;11:25:00;66;sem vítima;111;BR-040/RJ;Sul;Colisão Traseira;2;;;;;;;;;;2;;;;
01/12/2014;07:26:00;35;com vítima;824;BR-040/MG;Norte;Derrapagem;1;;;;;;;;;;0;1;;;
02/12/2014;16:38:00;262;sem vítima;55;BR-040/RJ;Norte;Choque - Objeto Fixo;1;;;;;;;;;;1;;;;
02/12/2014;08:53:00;205;sem vítima;65;BR-040/RJ;Sul;Choque - Objeto Fixo;1;;;1;;;;;;;2;;;;
02/12/2014;20:13:00;292;sem vítima;82;BR-040/RJ;Sul;Colisão Lateral;;;1;;1;;;;;;2;;;;
02/12/2014;16:14:00;258;com vítima;87;BR-040/RJ;Sul;Choque - Objeto Fixo;;;1;;;;;;;;0;3;;;
02/12/2014;20:44:00;294;sem vítima;89;BR-040/RJ;Sul;Choque - Objeto Fixo;;;1;;;;;;;;1;;;;
02/12/2014;09:52:00;213;sem vítima;94;BR-040/RJ;Norte;Engavetamento;2;;1;;;;;;;;3;;;;
02/12/2014;01:08:00;169;com vítima;95;BR-040/RJ;Sul;Choque - Objeto Fixo;1;;;;;;;;;;0;2;;;
02/12/2014;07:36:00;197;com vítima;108;BR-040/RJ;Norte;Colisão Traseira;1;;;;1;;;;;;1;1;;;
02/12/2014;06:33:00;188;com vítima;777;BR-040/MG;Sul;Derrapagem;1;;;;;;;;;;0;1;;;
03/12/2014;08:42:00;351;sem vítima;64;BR-040/RJ;Sul;Choque - Objeto Fixo;1;;;;;;;;;;1;;;;
03/12/2014;16:58:00;422;com vítima;773;BR-040/MG;Norte;Capotamento;1;;;;;;;;;;0;3;;;
03/12/2014;10:15:00;365;sem vítima;121;BR-040/RJ;Sul;Colisão Lateral;1;;1;;;;;;;;2;;;;
03/12/2014;06:13:00;329;sem vítima;122;BR-040/RJ;Sul;Colisão Traseira;1;;;;;1;;;;;2;;;;
04/12/2014;08:06:00;506;com vítima;58;BR-040/RJ;Sul;Colisão Frontal;;;;3;;;;;;;0;;3;;
04/12/2014;21:50:00;611;sem vítima;113;BR-040/RJ;Norte;Choque - Objeto Fixo;1;;;;;;;;;;1;;;;
04/12/2014;15:35:00;568;sem vítima;117;BR-040/RJ;Norte;Colisão Traseira;2;;;;;;;;;;2;;;;
04/12/2014;18:14:00;595;sem vítima;782;BR-040/MG;Norte;Choque - Objeto Fixo;1;;;;;;;;;;1;;;;
04/12/2014;18:14:00;594;com vítima;801;BR-040/MG;Norte;Colisão Lateral;2;;;;;;;;;;0;2;;;
04/12/2014;19:07:00;600;sem vítima;827;BR-040/MG;Sul;Choque - Objeto Fixo;1;;;;;;;;;;1;;;;
04/12/2014;11:16:00;530;com vítima;121;BR-040/RJ;Sul;Atropelamento - Pedestre;;;;;;1;;;;;1;1;;;
04/12/2014;12:21:00;540;sem vítima;124;BR-040/RJ;Sul;Colisão Traseira;1;;1;;;;;;;;2;;;;
05/12/2014;17:22:00;756;com vítima;1;BR-040/RJ;Sul;Capotamento;1;;;;;;;;;;0;1;;;
05/12/2014;17:05:00;749;com vítima;3;BR-040/RJ;Sul;Capotamento;1;;;;;;;;;;0;1;3;;
05/12/2014;18:14:00;762;sem vítima;12;BR-040/RJ;Norte;Derrapagem;1;;;;;;;;;;1;;;;
05/12/2014;10:54:00;689;sem vítima;22;BR-040/RJ;Norte;Choque - Objeto Fixo;1;;;;;;;;;;1;;;;
05/12/2014;09:07:00;673;com vítima;31;BR-040/RJ;Sul;Capotamento;1;;;;;;;;;;0;;3;;
05/12/2014;12:22:00;700;sem vítima;31;BR-040/RJ;Norte;Choque - Objeto Fixo;1;;;;;;;;;;1;;;;
05/12/2014;15:40:00;737;sem vítima;31;BR-040/RJ;Norte;Choque - Objeto Fixo;1;;;;;;;;;;1;;;;
05/12/2014;14:05:00;723;sem vítima;33;BR-040/RJ;Norte;Choque - Objeto Fixo;1;;;;;;;;;;1;;;;
05/12/2014;15:16:00;719;sem vítima;34;BR-040/RJ;Norte;Choque - Objeto Fixo;1;;;;;;;;;;1;;;;
05/12/2014;15:02:00;727;sem vítima;43;BR-040/RJ;Norte;Choque - Objeto Fixo;1;;;;;;;;;;1;;;;
05/12/2014;11:56:00;699;com vítima;78;BR-040/RJ;Sul;Capotamento;1;;;;;;;;;;0;1;2;;
05/12/2014;19:55:00;784;sem vítima;78;BR-040/RJ;Sul;Choque - Objeto Fixo;1;;;;;;;;;;1;;;;
05/12/2014;04:37:00;638;sem vítima;82;BR-040/RJ;Sul;Colisão Traseira;1;;1;;;;;;;;2;;;;
05/12/2014;08:48:00;668;sem vítima;84;BR-040/RJ;Norte;Choque - Objeto Fixo;1;;;;;;;;;;1;;;;
05/12/2014;23:36:00;812;sem vítima;84;BR-040/RJ;Norte;Choque - Objeto Fixo;1;;;;;;;;;;1;;;;
05/12/2014;21:11:00;794;sem vítima;91;BR-040/RJ;Sul;Choque - Objeto Fixo;1;;;;;;;;;;1;;;;
05/12/2014;11:29:00;695;sem vítima;93;BR-040/RJ;Sul;Derrapagem;1;;;;;;;;;;1;;;;
05/12/2014;17:16:00;754;sem vítima;94;BR-040/RJ;Sul;Choque - Objeto Fixo;1;;;;;;;;;;1;;;;
05/12/2014;12:43:00;703;sem vítima;95;BR-040/RJ;Norte;Choque - Objeto Fixo;1;;;;;;;;;;1;;;;