data;horario;n_da_ocorrencia;tipo_de_ocorrencia;km;trecho;sentido;tipo_de_acidente;automovel;bicicleta;caminhao;moto;onibus;outros;tracao_animal;transporte_de_cargas_especiais;trator_maquinas;utilitarios;ilesos;levemente_feridos;moderadamente_feridos;gravemente_feridos;mortos
20/12/2014;05:16:00;3168;sem vítima;123;BR-040/RJ;Norte;Choque - Objeto Fixo;1;;;;;;;;;;1;;;;
20/12/2014;16:19:00;3293;sem vítima;123;BR-040/RJ;Norte;Colisão Lateral;1;;1;;;;;;;;2;;;;
20/12/2014;14:18:00;3266;com vítima;124;BR-040/RJ;Norte;Engavetamento;3;;;;;;;;;;1;5;;;
21/12/2014;16:44:00;3446;sem vítima;2;BR-040/RJ;Norte;Choque - Objeto Fixo;1;;;;;;;;;;1;;;;
21/12/2014;16:09:00;3440;com vítima;3;BR-040/RJ;Sul;Capotamento;1;;;;;;;;;;0;3;;;
21/12/2014;15:00:00;3432;sem vítima;7;BR-040/RJ;Norte;Choque - Objeto Fixo;1;;;;;;;;;;1;;;;
21/12/2014;21:19:00;3488;sem vítima;78;BR-040/RJ;Sul;Choque - Objeto Fixo;1;;;;;;;;;;1;;;;
21/12/2014;16:26:00;3442;sem vítima;84;BR-040/RJ;Norte;Choque - Objeto Fixo;1;;;;;1;;;;;2;;;;
21/12/2014;16:51:00;3447;sem vítima;96;BR-040/RJ;Sul;Choque - Objeto Fixo;1;;;;;;;;;;1;;;;
21/12/2014;03:55:00;3367;sem vítima;101;BR-040/RJ;Sul;Choque - Objeto Fixo;1;;;;;;;;;;1;;;;
21/12/2014;03:50:00;3366;com vítima;107;BR-040/RJ;Sul;Colisão Traseira;1;;1;;;;;;;;1;5;;;
21/12/2014;06:45:00;3376;sem vítima;115;BR-040/RJ;Sul;Capotamento;1;;;;;;;;;;1;;;;
21/12/2014;19:16:00;3472;sem vítima;119;BR-040/RJ;Norte;Colisão Transversal;1;;;;1;1;;;;;3;;;;
22/12/2014;22:10:00;3663;sem vítima;31;BR-040/RJ;Norte;Choque - Objeto Fixo;1;;;;;;;;;;1;;;;
22/12/2014;15:09:00;3617;com vítima;78;BR-040/RJ;Sul;Queda de Moto;;;;1;;;;;;;0;1;;;
22/12/2014;15:15:00;3619;com vítima;78;BR-040/RJ;Sul;Choque - Objeto Fixo;1;;;;;;;;;;0;1;;;
22/12/2014;15:15:00;3621;com vítima;78;BR-040/RJ;Sul;Choque - Objeto Fixo;1;;;;;;;;;;0;2;;;
22/12/2014;20:01:00;3652;com vítima;96;BR-040/RJ;Norte;Tombamento;;;1;;;;;;;;0;1;;;
22/12/2014;06:25:00;3525;com vítima;99;BR-040/RJ;Sul;Capotamento;1;;;;;;;;;;0;1;;;
22/12/2014;00:36:00;3508;sem vítima;108;BR-040/RJ;Norte;Choque - Objeto Fixo;1;;;;;;;;;;1;;;;
22/12/2014;13:35:00;3594;com vítima;778;BR-040/MG;Sul;Capotamento;1;;;;;;;;;;0;1;;;
22/12/2014;15:19:00;3620;sem vítima;117;BR-040/RJ;Norte;Queda de Moto;;;;1;;;;;;;2;;;;
22/12/2014;18:00:00;3635;sem vítima;122;BR-040/RJ;Norte;Colisão Traseira;1;;;;;1;;;;;2;;;;
23/12/2014;21:44:00;3842;sem vítima;2;BR-040/RJ;Norte;Choque - Objeto Fixo;1;;;;;;;;;;1;;;;
23/12/2014;07:28:00;3705;sem vítima;52;BR-040/RJ;Norte;Choque - Objeto Fixo;1;;;;;;;;;;1;;;;
23/12/2014;19:19:00;3816;com vítima;63;BR-040/RJ;Sul;Choque - Objeto Fixo;1;;;;;;;;;;0;5;;;
23/12/2014;00:43:00;3679;com vítima;69;BR-040/RJ;Sul;Colisão Traseira;;;2;;;;;;;;0;2;;;
23/12/2014;04:21:00;3686;com vítima;69;BR-040/RJ;Sul;Colisão Traseira;2;;;;;;;;;;0;2;;;
23/12/2014;06:19:00;3693;sem vítima;77;BR-040/RJ;Sul;Choque - Objeto Fixo;1;;;;;;;;;;1;;;;
23/12/2014;23:28:00;3862;sem vítima;78;BR-040/RJ;Sul;Choque - Objeto Fixo;1;;;;;;;;;;1;;;;
23/12/2014;06:28:00;3694;sem vítima;81;BR-040/RJ;Sul;Choque - Objeto Fixo;1;;;;;;;;;;1;;;;
23/12/2014;15:44:00;3779;com vítima;81;BR-040/RJ;Norte;Choque - Objeto Fixo;1;;;;;;;;;;0;2;;;
23/12/2014;19:49:00;3822;sem vítima;81;BR-040/RJ;Sul;Choque - Objeto Fixo;1;;;;;;;;;;1;;;;
23/12/2014;18:40:00;3811;com vítima;82;BR-040/RJ;Sul;Choque - Objeto Fixo;1;;;;;;;;;;0;1;2;;
23/12/2014;19:00:00;3814;com vítima;82;BR-040/RJ;Sul;Choque - Objeto Fixo;1;;;;;;;;;;0;4;;;
23/12/2014;19:30:00;3817;sem vítima;85;BR-040/RJ;Norte;Choque - Objeto Fixo;1;;;;;;;;;;1;;;;
23/12/2014;14:21:00;3763;sem vítima;90;BR-040/RJ;Sul;Choque - Objeto Fixo;1;;;;;;;;;;1;;;;
23/12/2014;15:09:00;3773;com vítima;91;BR-040/RJ;Norte;Choque - Objeto Fixo;1;;;;;;;;;;0;4;;;
23/12/2014;21:46:00;3843;com vítima;91;BR-040/RJ;Sul;Capotamento;1;;;;;;;;;;0;4;;;
23/12/2014;15:06:00;3781;sem vítima;93;BR-040/RJ;Sul;Choque - Objeto Fixo;1;;;;;;;;;;1;;;;
23/12/2014;22:37:00;3854;sem vítima;94;BR-040/RJ;Norte;Choque - Objeto Fixo;1;;;;;;;;;;1;;;;
23/12/2014;15:13:00;3774;sem vítima;779;BR-040/MG;Sul;Choque - Objeto Fixo;1;;;;;;;;;;1;;;;
23/12/2014;06:59:00;3697;sem vítima;793;BR-040/MG;Sul;Choque - Objeto Fixo;1;;;;;;;;;;1;;;;
23/12/2014;14:40:00;3768;com vítima;121;BR-040/RJ;Sul;Colisão Frontal;1;;1;;;;;;;;1;;;;1
23/12/2014;15:32:00;3776;sem vítima;121;BR-040/RJ;Norte;Colisão Lateral;1;;1;;;;;;;;2;;;;
23/12/2014;22:07:00;3848;com vítima;123;BR-040/RJ;Norte;Queda de Moto;;;;1;;;;;;;0;1;;;
23/12/2014;22:57:00;3858;sem vítima;124;BR-040/RJ;Sul;Choque - Objeto Fixo;1;;;;;;;;;;1;;;;
24/12/2014;14:04:00;3962;sem vítima;11;BR-040/RJ;Sul;Choque - Objeto Fixo;;;1;;;;;;;;2;;;;
24/12/2014;21:25:00;4007;com vítima;32;BR-040/RJ;Sul;Capotamento;1;;;;;;;;;;0;1;;;
24/12/2014;01:18:00;3875;sem vítima;41;BR-040/RJ;Norte;Choque - Objeto Fixo;1;;;;;;;;;;1;;;;
24/12/2014;07:21:00;3903;sem vítima;73;BR-040/RJ;Norte;Capotamento;1;;;;;;;;;;1;;;;
24/12/2014;06:37:00;3896;sem vítima;78;BR-040/RJ;Sul;Choque - Objeto Fixo;1;;;;;;;;;;1;;;;
24/12/2014;08:27:00;3911;com vítima;78;BR-040/RJ;Sul;Capotamento;1;;;;;;;;;;0;4;;;
24/12/2014;16:58:00;3982;sem vítima;83;BR-040/RJ;Norte;Colisão Traseira;1;;1;;;;;;;;2;;;;
24/12/2014;16:07:00;3977;sem vítima;85;BR-040/RJ;Sul;Choque - Objeto Fixo;1;;;;;;;;;;1;;;;
24/12/2014;16:03:00;3975;sem vítima;92;BR-040/RJ;Norte;Derrapagem;1;;;;;;;;;;1;;;;
24/12/2014;16:56:00;3981;sem vítima;94;BR-040/RJ;Norte;Choque - Objeto Fixo;1;;;;;;;;;;1;;;;
24/12/2014;18:46:00;3993;sem vítima;98;BR-040/RJ;Sul;Colisão Traseira;1;;;;;1;;;;;2;;;;
24/12/2014;03:36:00;3886;sem vítima;100;BR-040/RJ;Sul;Choque - Objeto Fixo;1;;;;;;;;;;1;;;;
24/12/2014;08:56:00;3915;com vítima;102;BR-040/RJ;Norte;Atropelamento - Pedestre;1;1;;;;;;;;;1;;1;;
24/12/2014;05:13:00;3890;sem vítima;122;BR-040/RJ;Sul;Choque - Objeto Fixo;1;;1;;;;;;;;2;;;;
24/12/2014;22:21:00;4010;sem vítima;124;BR-040/RJ;Sul;Choque - Objeto Fixo;1;;;;;;;;;;1;;;;
25/12/2014;09:55:00;4054;sem vítima;25;BR-040/RJ;Norte;Choque - Objeto Fixo;1;;;;;;;;;;1;;;;
25/12/2014;21:13:00;4135;com vítima;64;BR-040/RJ;Norte;Atropelamento - Pedestre;;;;;;1;;;;;1;;;;1
25/12/2014;10:21:00;4056;sem vítima;67;BR-040/RJ;Sul;Choque - Objeto Fixo;1;;;;;;;;;;1;;;;
25/12/2014;21:14:00;4136;com vítima;111;BR-040/RJ;Sul;Colisão Traseira;2;;;;;;;;;;1;2;;;
25/12/2014;09:53:00;4053;sem vítima;117;BR-040/RJ;Norte;Choque - Objeto Fixo;1;;;;;;;;;;1;;;;
25/12/2014;06:18:00;4040;sem vítima;805;BR-040/MG;Sul;Choque - Objeto Fixo;1;;;;;;;;;;1;;;;
25/12/2014;15:57:00;4083;com vítima;815;BR-040/MG;Norte;Choque - Objeto Fixo;1;;;;;;;;;;0;2;;;
25/12/2014;03:18:00;4033;com vítima;123;BR-040/RJ;Norte;Colisão Frontal;1;;;1;;;;;;;1;1;;;
25/12/2014;00:08:00;4023;sem vítima;124;BR-040/RJ;Sul;Choque - Objeto Fixo;1;;;;;;;;;;1;;;;
26/12/2014;00:38:00;4151;com vítima;25;BR-040/RJ;Sul;Atropelamento - Animal;;;;1;;;;;;;0;;1;;
26/12/2014;10:53:00;4204;sem vítima;83;BR-040/RJ;Norte;Colisão Traseira;1;;;;;1;;;;;2;;;;
26/12/2014;10:30:00;4200;sem vítima;86;BR-040/RJ;Norte;Colisão Traseira;6;;;;;;;;;;6;;;;
26/12/2014;21:33:00;4294;com vítima;117;BR-040/RJ;Norte;Colisão Frontal;1;;;1;;;;;;;1;;2;;
26/12/2014;15:03:00;4235;sem vítima;119;BR-040/RJ;Sul;Colisão Lateral;1;;;;1;;;;;;2;;;;
26/12/2014;20:45:00;4290;sem vítima;123;BR-040/RJ;Norte;Colisão Traseira;2;;;;;;;;;;2;;;;
26/12/2014;18:21:00;4273;sem vítima;125;BR-040/RJ;Norte;Queda de Moto;;;;1;;;;;;;2;;;;
27/12/2014;22:38:00;4458;com vítima;60;BR-040/RJ;Sul;Choque - Objeto Fixo;1;;;;;;;;;;0;2;;;
27/12/2014;12:51:00;4374;sem vítima;62;BR-040/RJ;Sul;Colisão Lateral;2;;;;;;;;;;2;;;;
27/12/2014;17:34:00;4419;sem vítima;71;BR-040/RJ;Sul;Choque - Objeto Fixo;1;;;;;;;;;;1;;;;
27/12/2014;11:50:00;4364;com vítima;118;BR-040/RJ;Sul;Capotamento;2;;;;;1;;;;;1;4;;;
27/12/2014;22:06:00;4455;sem vítima;121;BR-040/RJ;Norte;Colisão Traseira;1;;;;;1;;;;;2;;;;
27/12/2014;14:45:00;4398;sem vítima;124;BR-040/RJ;Sul;Colisão Traseira;1;;;;;1;;;;;2;;;;
28/12/2014;12:08:00;4529;sem vítima;12;BR-040/RJ;Sul;Choque - Objeto Fixo;1;;;;;;;;;;1;;;;
28/12/2014;05:11:00;4484;com vítima;54;BR-040/RJ;Sul;Choque - Objeto Fixo;1;;;;;;;;;;0;2;;;
28/12/2014;15:48:00;4563;sem vítima;85;BR-040/RJ;Sul;Colisão Traseira;2;;;;;;;;;;2;;;;
28/12/2014;17:34:00;4592;sem vítima;102;BR-040/RJ;Sul;Colisão Traseira;1;;;;;1;;;;;2;;;;
28/12/2014;13:14:00;4540;sem vítima;796;BR-040/MG;Sul;Choque - Objeto Fixo;1;;;;;;;;;;1;;;;
28/12/2014;15:10:00;4555;com vítima;803;BR-040/MG;Sul;Colisão Lateral;1;;;1;;;;;;;1;1;;;
28/12/2014;01:26:00;4475;com vítima;815;BR-040/MG;Sul;Capotamento;1;;;;;;;;;;4;1;;;
28/12/2014;18:15:00;4599;sem vítima;825;BR-040/MG;Sul;Colisão Lateral;1;;;;1;;;;;;2;;;;
28/12/2014;00:32:00;4471;sem vítima;123;BR-040/RJ;Sul;Choque - Objeto Fixo;1;;;;;;;;;;1;;;;
29/12/2014;17:02:00;4741;sem vítima;89;BR-040/RJ;Norte;Colisão Lateral;1;;1;;;;;;;;2;;;;
29/12/2014;23:34:00;4804;sem vítima;90;BR-040/RJ;Norte;Choque - Objeto Fixo;1;;;;;;;;;;1;;;;
29/12/2014;04:46:00;4659;com vítima;108;BR-040/RJ;Sul;Colisão Traseira;1;;1;;;;;;;;1;1;;;
29/12/2014;10:57:00;4688;com vítima;113;BR-040/RJ;Sul;Queda de Moto;;;;1;;;;;;;0;2;;;
29/12/2014;11:18:00;4689;sem vítima;117;BR-040/RJ;Sul;Colisão Traseira;;;1;;1;;;;;;2;;;;
30/12/2014;22:58:00;4995;com vítima;2;BR-040/RJ;Sul;Capotamento;1;;;;;;;;;;0;3;;;
30/12/2014;07:08:00;4841;com vítima;38;BR-040/RJ;Sul;Capotamento;1;;;;;;;;;;0;4;;;
30/12/2014;08:51:00;4851;com vítima;39;BR-040/RJ;Sul;Colisão Lateral;1;;1;;;;;;;;0;5;;;
30/12/2014;20:35:00;4976;sem vítima;71;BR-040/RJ;Sul;Choque - Objeto Fixo;1;;;;;;;;;;1;;;;
30/12/2014;22:35:00;4990;com vítima;75;BR-040/RJ;Sul;Colisão Frontal;2;;;;;;;;;;0;4;;1;
30/12/2014;19:44:00;4964;sem vítima;77;BR-040/RJ;Sul;Choque - Objeto Fixo;1;;;;;;;;;;1;;;;
30/12/2014;19:58:00;4968;sem vítima;80;BR-040/RJ;Sul;Choque - Objeto Fixo;1;;;;;;;;;;1;;;;
30/12/2014;19:32:00;4960;com vítima;82;BR-040/RJ;Sul;Choque - Objeto Fixo;1;;;;;;;;;;0;2;;;
30/12/2014;19:15:00;4956;sem vítima;88;BR-040/RJ;Sul;Choque - Objeto Fixo;1;;;;;;;;;;1;;;;
30/12/2014;18:31:00;4945;sem vítima;89;BR-040/RJ;Sul;Choque - Objeto Fixo;1;;;;;;;;;;1;;;;
30/12/2014;02:35:00;4819;sem vítima;91;BR-040/RJ;Sul;Choque - Objeto Fixo;1;;;;;;;;;;1;;;;
30/12/2014;22:57:00;4994;sem vítima;93;BR-040/RJ;Sul;Choque - Objeto Fixo;1;;;;;;;;;;1;;;;
30/12/2014;18:35:00;4947;sem vítima;95;BR-040/RJ;Norte;Choque - Objeto Fixo;1;;;;;;;;;;1;;;;
30/12/2014;19:27:00;4958;sem vítima;96;BR-040/RJ;Sul;Colisão Lateral;1;;1;;;;;;;;2;;;;
30/12/2014;10:48:00;4870;com vítima;108;BR-040/RJ;Norte;Tombamento;;;1;;;;;;;;0;1;;;
30/12/2014;15:18:00;4905;sem vítima;796;BR-040/MG;Sul;Choque - Objeto Fixo;1;;;;;;;;;;1;;;;
30/12/2014;22:32:00;4989;sem vítima;816;BR-040/MG;Sul;Choque - Objeto Fixo;1;;;;;;;;;;1;;;;
30/12/2014;15:37:00;4910;sem vítima;123;BR-040/RJ;Norte;Colisão Lateral;1;;;;1;;;;;;2;;;;
31/12/2014;06:31:00;5036;com vítima;45;BR-040/RJ;Norte;Colisão Traseira;;;1;1;;;;;;;1;2;;;
31/12/2014;11:44:00;5069;sem vítima;75;BR-040/RJ;Norte;Choque - Objeto Fixo;1;;;;;;;;;;1;;;;
31/12/2014;15:52:00;5114;sem vítima;77;BR-040/RJ;Sul;Choque - Objeto Fixo;1;;;;;;;;;;1;;;;
31/12/2014;19:35:00;5146;com vítima;78;BR-040/RJ;Sul;Capotamento;1;;;;;;;;;;0;4;1;;
31/12/2014;19:12:00;5143;com vítima;80;BR-040/RJ;Sul;Colisão Transversal;1;1;;;;;;;;;0;2;1;1;
31/12/2014;00:18:00;5000;sem vítima;82;BR-040/RJ;Sul;Choque - Objeto Fixo;1;;;;;;;;;;1;;;;
31/12/2014;17:26:00;5128;com vítima;84;BR-040/RJ;Sul;Queda de Moto;;;;1;;;;;;;0;1;1;;
31/12/2014;17:19:00;5127;com vítima;86;BR-040/RJ;Sul;Queda de Moto;;;;1;;;;;;;0;;1;;
31/12/2014;18:24:00;5132;sem vítima;86;BR-040/RJ;Sul;Choque - Objeto Fixo;1;;;;;;;;;;1;;;;
31/12/2014;10:22:00;5060;sem vítima;87;BR-040/RJ;Sul;Choque - Objeto Fixo;1;;;;;;;;;;1;;;;
31/12/2014;17:06:00;5126;com vítima;93;BR-040/RJ;Sul;Capotamento;1;;;;;;;;;;0;2;;;
31/12/2014;20:03:00;5150;sem vítima;95;BR-040/RJ;Sul;Choque - Objeto Fixo;1;;;;;;;;;;1;;;;
31/12/2014;15:49:00;5113;sem vítima;102;BR-040/RJ;Norte;Colisão Traseira;2;;;;;;;;;;2;;;;
31/12/2014;10:12:00;5059;com vítima;112;BR-040/RJ;Norte;Choque - Objeto Fixo;1;;;;;;;;;;0;;1;;
31/12/2014;06:22:00;5033;sem vítima;113;BR-040/RJ;Norte;Choque - Objeto Fixo;1;;;;;;;;;;1;;;;
31/12/2014;20:18:00;5154;com vítima;776;BR-040/MG;Sul;Choque - Objeto Fixo;1;;;;;;;;;;0;1;1;;
31/12/2014;08:12:00;5044;com vítima;804;BR-040/MG;Norte;Capotamento;1;;;;;;;;;;0;3;;;
31/12/2014;14:32:00;5103;sem vítima;823;BR-040/MG;Sul;Choque - Objeto Fixo;1;;;;;;;;;;1;;;;
31/12/2014;16:54:00;5123;sem vítima;124;BR-040/RJ;Norte;Choque - Objeto Fixo;1;;;;;;;;;;1;;;;
01/01/2015;01:18:00;3;com vítima;64;BR-040/RJ;Sul;Choque - Objeto Fixo;1;;;;;;;;;;0;1;;;
01/01/2015;20:29:00;116;com vítima;103;BR-040/RJ;Norte;Atropelamento - Pedestre;1;;;;;;;;;;0;1;;;1
01/01/2015;01:42:00;6;com vítima;104;BR-040/RJ;Sul;Colisão Lateral;1;;;1;;;;;;;1;1;;;
01/01/2015;08:24:00;31;com vítima;110;BR-040/RJ;Sul;Queda de Moto;;;;1;;;;;;;0;;;;1
01/01/2015;18:46:00;102;com vítima;110;BR-040/RJ;Sul;Queda de Moto;;;;1;;;;;;;0;1;;;
01/01/2015;15:13:00;72;sem vítima;792;BR-040/MG;Norte;Choque - Objeto Fixo;1;;;;;;;;;;1;;;;
01/01/2015;05:09:00;18;com vítima;793;BR-040/MG;Sul;Capotamento;1;;;;;;;;;;0;1;;;
01/01/2015;18:08:00;98;sem vítima;824;BR-040/MG;Sul;Choque - Objeto Fixo;1;;;;;;;;;;1;;;;
02/01/2015;10:37:00;165;com vítima;43;BR-040/RJ;Norte;Choque - Objeto Fixo;1;;;;;;;;;;0;2;3;;
02/01/2015;18:07:00;236;com vítima;74;BR-040/RJ;Norte;Choque - Objeto Fixo;1;;;;;;;;;;0;3;;;
02/01/2015;14:08:00;198;com vítima;78;BR-040/RJ;Sul;Choque - Objeto Fixo;1;;;;;;;;;;0;2;;;
02/01/2015;10:51:00;168;com vítima;92;BR-040/RJ;Sul;Queda de Moto;;;;1;;;;;;;0;2;;;
02/01/2015;14:49:00;205;com vítima;113;BR-040/RJ;Sul;Colisão Lateral;1;;;;1;;;;;;1;1;;;
02/01/2015;13:26:00;190;sem vítima;117;BR-040/RJ;Norte;Colisão Lateral;2;;;;;;;;;;2;;;;
02/01/2015;15:14:00;214;com vítima;785;BR-040/MG;Sul;Choque - Objeto Fixo;1;;;;;;;;;;0;;1;;
02/01/2015;18:07:00;237;sem vítima;123;BR-040/RJ;Sul;Colisão Lateral;2;;;;;;;;;;2;;;;
03/01/2015;10:22:00;317;com vítima;18;BR-040/RJ;Norte;Choque - Objeto Fixo;1;;;;;;;;;;0;5;;;
03/01/2015;14:12:00;343;com vítima;38;BR-040/RJ;Norte;Engavetamento;3;;;;;;;;;;0;3;2;;
03/01/2015;14:17:00;344;sem vítima;41;BR-040/RJ;Norte;Choque - Objeto Fixo;1;;;;;;;;;;1;;;;
03/01/2015;21:40:00;395;sem vítima;61;BR-040/RJ;Norte;Colisão Lateral;;;1;;1;;;;;;2;;;;
03/01/2015;20:11:00;388;sem vítima;82;BR-040/RJ;Sul;Choque - Objeto Fixo;1;;;;;;;;;;1;;;;
03/01/2015;06:44:00;299;com vítima;92;BR-040/RJ;Norte;Capotamento;1;;;;;;;;;;0;1;;;
04/01/2015;18:26:00;529;com vítima;0;BR-040/RJ;Norte;Capotamento;1;;;;;;;;;;0;1;;;
04/01/2015;19:30:00;535;sem vítima;30;BR-040/RJ;Norte;Choque - Objeto Fixo;1;;;;;;;;;;1;;;;
04/01/2015;18:48:00;533;com vítima;41;BR-040/RJ;Norte;Choque - Objeto Fixo;1;;;;;;;;;;0;1;1;;
04/01/2015;10:00:00;444;sem vítima;45;BR-040/RJ;Norte;Choque - Objeto Fixo;1;;;;;;;;;;1;;;;
04/01/2015;20:35:00;546;sem vítima;62;BR-040/RJ;Sul;Choque - Objeto Fixo;1;;;;;;;;;;1;;;;
04/01/2015;21:31:00;553;com vítima;64;BR-040/RJ;Sul;Capotamento;1;;;;;;;;;;0;;;2;1
04/01/2015;08:33:00;434;com vítima;66;BR-040/RJ;Sul;Capotamento;1;;;;;;;;;;0;2;;;
04/01/2015;20:07:00;542;com vítima;78;BR-040/RJ;Sul;Choque - Objeto Fixo;1;;;;;;;;;;0;1;;;
04/01/2015;15:05:00;489;com vítima;79;BR-040/RJ;Sul;Choque - Objeto Fixo;1;;;;;;;;;;0;1;;;
04/01/2015;14:56:00;487;com vítima;81;BR-040/RJ;Norte;Colisão Lateral;2;;;;;;;;;;1;1;;;
04/01/2015;16:11:00;496;sem vítima;84;BR-040/RJ;Norte;Choque - Objeto Fixo;1;;;;;;;;;;1;;;;
04/01/2015;19:34:00;537;sem vítima;84;BR-040/RJ;Norte;Choque - Objeto Fixo;1;;;;;;;;;;1;;;;
04/01/2015;18:10:00;526;sem vítima;91;BR-040/RJ;Norte;Derrapagem;1;;;;;;;;;;1;;;;
04/01/2015;11:26:00;456;sem vítima;93;BR-040/RJ;Norte;Colisão Traseira;3;;;;;;;;;;3;;;;
04/01/2015;17:05:00;510;com vítima;93;BR-040/RJ;Sul;Capotamento;1;;;;;;;;;;0;2;;;
04/01/2015;10:48:00;450;sem vítima;102;BR-040/RJ;Sul;Engavetamento;3;;;;;;;;;;3;;;;
04/01/2015;15:52:00;495;com vítima;104;BR-040/RJ;Norte;Atropelamento - Pedestre;1;1;;;;;;;;;1;;1;1;
04/01/2015;16:26:00;499;sem vítima;105;BR-040/RJ;Norte;Colisão Transversal;1;;;;1;;;;;;2;;;;
04/01/2015;16:50:00;506;com vítima;804;BR-040/MG;Sul;Colisão Transversal;2;;;;;;;;;;0;3;;;
04/01/2015;17:55:00;521;com vítima;817;BR-040/MG;Norte;Capotamento;1;;;;;;;;;;0;2;2;;
04/01/2015;12:30:00;466;com vítima;121;BR-040/RJ;Sul;Colisão Frontal;2;;;;;;;;;;1;1;;;
04/01/2015;19:42:00;538;sem vítima;121;BR-040/RJ;Norte;Colisão Lateral;2;;;;;;;;;;2;;;;
04/01/2015;14:22:00;479;com vítima;122;BR-040/RJ;Sul;Colisão Lateral;1;;;;;1;;;;;1;2;;;
05/01/2015;12:07:00;642;com vítima;6;BR-040/RJ;Norte;Colisão Transversal;2;;;;;;;;;;0;3;;;
05/01/2015;15:26:00;656;sem vítima;60;BR-040/RJ;Norte;Choque - Objeto Fixo;1;;;;;;;;;;1;;;;
05/01/2015;16:00:00;661;com vítima;65;BR-040/RJ;Sul;Capotamento;1;;;;;;;;;;0;6;;;
05/01/2015;16:49:00;669;sem vítima;72;BR-040/RJ;Norte;Choque - Objeto Fixo;1;;;;;;;;;;1;;;;
05/01/2015;19:39:00;699;sem vítima;75;BR-040/RJ;Sul;Choque - Objeto Fixo;1;;;;;;;;;;1;;;;
05/01/2015;18:52:00;693;sem vítima;78;BR-040/RJ;Sul;Capotamento;1;;;;;;;;;;1;;;;
05/01/2015;22:54:00;723;sem vítima;78;BR-040/RJ;Sul;Choque - Objeto Fixo;1;;;;;;;;;;1;;;;
05/01/2015;20:00:00;703;sem vítima;79;BR-040/RJ;Sul;Choque - Objeto Fixo;1;;;;;;;;;;1;;;;
05/01/2015;20:25:00;708;sem vítima;79;BR-040/RJ;Sul;Choque - Objeto Fixo;1;;;;;;;;;;1;;;;
05/01/2015;08:04:00;607;sem vítima;84;BR-040/RJ;Norte;Choque - Objeto Fixo;1;;;;;;;;;;1;;;;
05/01/2015;21:16:00;712;sem vítima;89;BR-040/RJ;Sul;Choque - Objeto Fixo;;;1;;;;;;;;1;;;;
05/01/2015;22:42:00;722;com vítima;92;BR-040/RJ;Sul;Choque - Objeto Fixo;1;;;;;;;;;;0;1;;;
05/01/2015;17:59:00;681;sem vítima;93;BR-040/RJ;Sul;Choque - Objeto Fixo;1;;;;;;;;;;1;;;;
05/01/2015;18:19:00;686;sem vítima;102;BR-040/RJ;Norte;Colisão Traseira;1;;1;;;;;;;;2;;;;
05/01/2015;06:28:00;600;sem vítima;790;BR-040/MG;Norte;Choque - Objeto Fixo;1;;;;;1;;;;;2;;;;
05/01/2015;18:16:00;685;com vítima;816;BR-040/MG;Norte;Colisão Traseira;1;;1;;;;;;;;1;1;;;
05/01/2015;19:06:00;696;sem vítima;123;BR-040/RJ;Norte;Colisão Lateral;1;;1;;;;;;;;2;;;;
05/01/2015;05:34:00;595;sem vítima;124;BR-040/RJ;Sul;Engavetamento;2;;;;;1;;;;;3;;;;
06/01/2015;15:17:00;808;com vítima;58;BR-040/RJ;Sul;Choque - Objeto Fixo;;;1;;;;;;;;0;1;;1;
06/01/2015;18:17:00;842;com vítima;67;BR-040/RJ;Norte;Queda de Moto;;;;1;;;;;;;0;;2;;
06/01/2015;14:03:00;805;sem vítima;73;BR-040/RJ;Norte;Choque - Objeto Fixo;1;;;;;;;;;;1;;;;
06/01/2015;01:23:00;742;sem vítima;78;BR-040/RJ;Sul;Choque - Objeto Fixo;1;;;;;;;;;;1;;;;
07/01/2015;13:39:00;927;sem vítima;60;BR-040/RJ;Sul;Colisão Traseira;;;2;;;;;;;;2;;;;
07/01/2015;14:19:00;930;com vítima;94;BR-040/RJ;Sul;Tombamento;;;1;;;;;;;;0;3;;;
07/01/2015;11:43:00;916;sem vítima;98;BR-040/RJ;Norte;Colisão Lateral;1;;1;;;;;;;;2;;;;
07/01/2015;21:53:00;993;com vítima;117;BR-040/RJ;Sul;Tombamento;;;1;;;;;;;;0;1;;;
07/01/2015;16:23:00;948;sem vítima;780;BR-040/MG;Sul;Colisão Lateral;2;;;;;;;;;;2;;;;
07/01/2015;17:35:00;957;com vítima;784;BR-040/MG;Norte;Queda de Moto;;;;1;;;;;;;0;;1;;
08/01/2015;17:01:00;1075;sem vítima;45;BR-040/RJ;Norte;Engavetamento;3;;1;;;;;;;;4;;;;
08/01/2015;10:02:00;1039;com vítima;73;BR-040/RJ;Norte;Tombamento;;;1;;;;;;;;0;;1;;
08/01/2015;16:40:00;1073;sem vítima;104;BR-040/RJ;Sul;Colisão Transversal;1;;1;;;;;;;;2;;;;
08/01/2015;16:23:00;1072;com vítima;113;BR-040/RJ;Sul;Colisão Traseira;2;;;;;;;;;;0;2;;;
08/01/2015;17:38:00;1082;sem vítima;113;BR-040/RJ;Norte;Colisão Lateral;2;;;;;;;;;;2;;;;
08/01/2015;10:51:00;1043;sem vítima;125;BR-040/RJ;Sul;Colisão Lateral;1;;1;;;;;;;;2;;;;
09/01/2015;15:30:00;1212;com vítima;87;BR-040/RJ;Norte;Engavetamento;3;;1;;;;;;;;0;8;;;