data;horario;n_da_ocorrencia;tipo_de_ocorrencia;km;trecho;sentido;tipo_de_acidente;automovel;bicicleta;caminhao;moto;onibus;outros;tracao_animal;transporte_de_cargas_especiais;trator_maquinas;utilitarios;ilesos;levemente_feridos;moderadamente_feridos;gravemente_feridos;mortos
09/01/2015;15:45:00;1226;sem vítima;87;BR-040/RJ;Norte;Colisão Traseira;1;;1;;;;;;;;2;;;;
09/01/2015;16:27:00;1224;sem vítima;93;BR-040/RJ;Norte;Engavetamento;3;;;;;;;;;;3;;;;
09/01/2015;17:07:00;1233;sem vítima;110;BR-040/RJ;Norte;Engavetamento;3;;1;;;;;;;;4;;;;
09/01/2015;11:04:00;1175;com vítima;114;BR-040/RJ;Sul;Queda de Moto;;;;1;;;;;;;0;;1;;
09/01/2015;18:56:00;1250;com vítima;773;BR-040/MG;Norte;Tombamento;;;1;;;;;;;;1;1;;;
09/01/2015;17:50:00;1240;com vítima;116;BR-040/RJ;Sul;Colisão Traseira;1;;;1;;;;;;;1;1;;;
09/01/2015;07:08:00;1147;com vítima;123;BR-040/RJ;Norte;Colisão Frontal;;;;1;1;;;;;;1;;;;1
10/01/2015;22:18:00;1451;com vítima;97;BR-040/RJ;Norte;Queda de Moto;;;;1;;;;;;;0;2;;;
10/01/2015;06:29:00;1319;com vítima;110;BR-040/RJ;Sul;Choque - Objeto Fixo;1;;;;;;;;;;0;1;;;
10/01/2015;18:30:00;1426;com vítima;111;BR-040/RJ;Sul;Engavetamento;3;;;;;;;;;;1;5;;;
10/01/2015;03:08:00;1310;sem vítima;122;BR-040/RJ;Sul;Colisão Traseira;2;;;;;;;;;;2;;;;
10/01/2015;11:14:00;1352;com vítima;124;BR-040/RJ;Norte;Colisão Traseira;2;;;;;;;;;;0;3;;;
11/01/2015;14:31:00;1550;sem vítima;21;BR-040/RJ;Norte;Choque - Objeto Fixo;1;;;;;;;;;;1;;;;
11/01/2015;11:32:00;1510;com vítima;87;BR-040/RJ;Sul;Choque - Objeto Fixo;1;;;;;;;;;;0;2;;;
11/01/2015;14:02:00;1542;com vítima;100;BR-040/RJ;Sul;Colisão Lateral;1;;;1;;;;;;;0;2;;;
11/01/2015;19:28:00;1614;sem vítima;108;BR-040/RJ;Norte;Choque - Objeto Fixo;1;;;;;;;;;;1;;;;
11/01/2015;16:18:00;1569;com vítima;109;BR-040/RJ;Sul;Engavetamento;4;;;;;;;;;;0;5;2;;
11/01/2015;17:47:00;1592;sem vítima;114;BR-040/RJ;Sul;Colisão Traseira;2;;;;;;;;;;2;;;;
11/01/2015;00:20:00;1465;com vítima;115;BR-040/RJ;Norte;Atropelamento - Pedestre;1;;;;;;;;;;0;1;;;1
11/01/2015;23:45:00;1648;sem vítima;115;BR-040/RJ;Sul;Choque - Objeto Fixo;1;;;;;;;;;;1;;;;
11/01/2015;18:44:00;1607;com vítima;783;BR-040/MG;Sul;Colisão Traseira;1;;1;;;;;;;;1;2;;2;
11/01/2015;10:46:00;1504;sem vítima;803;BR-040/MG;Sul;Choque - Objeto Fixo;1;;;;;;;;;;1;;;;
11/01/2015;03:42:00;1476;com vítima;120;BR-040/RJ;Norte;Choque - Objeto Fixo;1;;;;;;;;;;0;;1;;
11/01/2015;19:09:00;1611;sem vítima;120;BR-040/RJ;Norte;Colisão Lateral;1;;;;1;;;;;;2;;;;
12/01/2015;12:50:00;1729;sem vítima;26;BR-040/RJ;Norte;Colisão Traseira;2;;;;;;;;;;2;;;;
12/01/2015;09:50:00;1703;sem vítima;102;BR-040/RJ;Sul;Colisão Lateral;1;;1;;;;;;;;2;;;;
12/01/2015;07:12:00;1681;com vítima;110;BR-040/RJ;Sul;Queda de Moto;;;;1;;;;;;;0;;1;;
12/01/2015;02:01:00;1656;sem vítima;111;BR-040/RJ;Sul;Choque - Objeto Fixo;1;;;;;;;;;;1;;;;
12/01/2015;10:09:00;1706;com vítima;113;BR-040/RJ;Norte;Colisão Traseira;1;;;;1;;;;;;1;3;;;
12/01/2015;13:58:00;1738;com vítima;810;BR-040/MG;Sul;Colisão Lateral;1;;1;;;;;;;;0;4;;;
12/01/2015;14:54:00;1750;com vítima;810;BR-040/MG;Norte;Queda de Moto;;;;1;;;;;;;0;;1;;
12/01/2015;03:02:00;1658;com vítima;120;BR-040/RJ;Sul;Choque - Objeto Fixo;1;;;;;;;;;;0;1;;;
13/01/2015;15:40:00;1950;com vítima;23;BR-040/RJ;Norte;Choque - Objeto Fixo;;;1;;;;;;;;0;;1;;
13/01/2015;09:42:00;1898;sem vítima;74;BR-040/RJ;Norte;Colisão Traseira;1;;1;;;;;;;;2;;;;
13/01/2015;17:20:00;1966;sem vítima;75;BR-040/RJ;Sul;Choque - Objeto Fixo;1;;;;;;;;;;1;;;;
13/01/2015;18:08:00;1974;sem vítima;105;BR-040/RJ;Norte;Colisão Traseira;1;;1;;;;;;;;2;;;;
13/01/2015;17:39:00;1969;sem vítima;109;BR-040/RJ;Norte;Colisão Traseira;2;;;;;;;;;;2;;;;
13/01/2015;08:09:00;1885;com vítima;111;BR-040/RJ;Sul;Colisão Lateral;;;1;1;;;;;;;1;1;;;
13/01/2015;08:53:00;1890;sem vítima;113;BR-040/RJ;Sul;Colisão Traseira;;;2;;;;;;;;2;;;;
13/01/2015;10:28:00;1905;com vítima;116;BR-040/RJ;Norte;Queda de Moto;;;;1;;;;;;;0;2;;;
13/01/2015;09:49:00;1900;sem vítima;803;BR-040/MG;Sul;Colisão Traseira;2;;;;;;;;;;2;;;;
14/01/2015;11:29:00;2067;sem vítima;91;BR-040/RJ;Norte;Colisão Lateral;1;;;;;1;;;;;2;;;;
14/01/2015;01:01:00;2011;sem vítima;94;BR-040/RJ;Sul;Colisão Lateral;;;2;;;;;;;;2;;;;
14/01/2015;02:24:00;2020;sem vítima;102;BR-040/RJ;Sul;Colisão Traseira;;;2;;;;;;;;2;;;;
14/01/2015;18:39:00;2129;sem vítima;108;BR-040/RJ;Sul;Colisão Traseira;2;;;;;;;;;;2;;;;
14/01/2015;15:20:00;2095;sem vítima;111;BR-040/RJ;Sul;Choque - Objeto Fixo;1;;;;;;;;;;1;;;;
14/01/2015;10:44:00;2064;sem vítima;124;BR-040/RJ;Sul;Colisão Lateral;1;;1;;;;;;;;2;;;;
15/01/2015;00:30:00;2172;sem vítima;65;BR-040/RJ;Sul;Derrapagem;1;;;;;;;;;;1;;;;
15/01/2015;16:41:00;2268;sem vítima;69;BR-040/RJ;Sul;Choque - Objeto Fixo;1;;;;;;;;;;1;;;;
15/01/2015;15:33:00;2258;com vítima;110;BR-040/RJ;Sul;Colisão Traseira;1;;;1;;;;;;;0;2;;;
15/01/2015;17:26:00;2277;com vítima;111;BR-040/RJ;Sul;Engavetamento;3;;;;;;;;;;1;6;;;
15/01/2015;22:31:00;2315;sem vítima;112;BR-040/RJ;Norte;Choque - Objeto Fixo;1;;;;;;;;;;1;;;;
15/01/2015;08:59:00;2208;sem vítima;113;BR-040/RJ;Sul;Choque - Objeto Fixo;1;;;;;;;;;;1;;;;
15/01/2015;19:29:00;2293;sem vítima;116;BR-040/RJ;Norte;Tombamento;1;;;;1;;;;;;2;;;;
15/01/2015;14:41:00;2246;sem vítima;805;BR-040/MG;Norte;Colisão Traseira;1;;1;;;;;;;;2;;;;
15/01/2015;14:20:00;2243;com vítima;824;BR-040/MG;Norte;Choque - Objeto Fixo;1;;;;;1;;;;;1;1;;;
15/01/2015;17:20:00;2291;sem vítima;120;BR-040/RJ;Norte;Colisão Transversal;1;;1;;;;;;;;2;;;;
15/01/2015;17:40:00;2292;sem vítima;120;BR-040/RJ;Norte;Colisão Lateral;1;;1;;;;;;;;2;;;;
16/01/2015;10:46:00;2394;sem vítima;45;BR-040/RJ;Norte;Colisão Traseira;2;;;;;;;;;;2;;;;
16/01/2015;22:36:00;2487;com vítima;56;BR-040/RJ;Sul;Colisão Lateral;2;;;;;;;;;;0;6;;;
16/01/2015;13:15:00;2409;com vítima;78;BR-040/RJ;Sul;Queda de Moto;;;;1;;;;;;;0;1;;;
16/01/2015;16:16:00;2441;com vítima;104;BR-040/RJ;Sul;Queda de Moto;;;;1;;;;;;;0;1;;;
16/01/2015;20:40:00;2475;com vítima;108;BR-040/RJ;Norte;Queda de Moto;;;;1;;;;;;;0;2;;;
16/01/2015;05:23:00;2341;com vítima;116;BR-040/RJ;Sul;Choque - Objeto Fixo;1;;;;;;;;;;0;1;;;
16/01/2015;17:05:00;2450;com vítima;780;BR-040/MG;Sul;Choque - Objeto Fixo;1;;;;;;;;;;0;3;;;
16/01/2015;11:59:00;2403;sem vítima;121;BR-040/RJ;Sul;Colisão Traseira;;;1;;;1;;;;;2;;;;
16/01/2015;14:03:00;2414;com vítima;124;BR-040/RJ;Sul;Colisão Traseira;1;;;1;;;;;;;1;;1;;
16/01/2015;21:46:00;2482;com vítima;124;BR-040/RJ;Norte;Colisão Traseira;;;1;1;;;;;;;1;;;;1
17/01/2015;22:52:00;2647;sem vítima;9;BR-040/RJ;Sul;Atropelamento - Animal;1;;;;;;;;;;1;;;;
17/01/2015;21:15:00;2635;sem vítima;105;BR-040/RJ;Sul;Colisão Frontal;2;;;;;;;;;;2;;;;
17/01/2015;00:29:00;2500;sem vítima;107;BR-040/RJ;Norte;Choque - Objeto Fixo;1;;;;;;;;;;1;;;;
17/01/2015;06:46:00;2519;sem vítima;118;BR-040/RJ;Norte;Colisão Lateral;2;;;;;;;;;;2;;;;
17/01/2015;15:02:00;2580;sem vítima;122;BR-040/RJ;Norte;Colisão Traseira;1;;;;1;;;;;;2;;;;
18/01/2015;18:26:00;2767;com vítima;80;BR-040/RJ;Norte;Tombamento;;;1;;;;;;;;0;1;;;
18/01/2015;04:32:00;2673;sem vítima;104;BR-040/RJ;Sul;Colisão Lateral;2;;;;;;;;;;2;;;;
18/01/2015;09:11:00;2698;com vítima;107;BR-040/RJ;Sul;Queda de Moto;;;;1;;;;;;;0;2;;;
18/01/2015;18:55:00;2773;com vítima;110;BR-040/RJ;Norte;Engavetamento;3;;;;;;;;;;1;2;;;
18/01/2015;20:20:00;2780;sem vítima;110;BR-040/RJ;Sul;Colisão Lateral;1;;1;;;;;;;;2;;;;
18/01/2015;17:40:00;2761;com vítima;815;BR-040/MG;Sul;Colisão Lateral;;;1;1;;;;;;;1;1;;;
19/01/2015;10:40:00;2867;sem vítima;65;BR-040/RJ;Sul;Choque - Objeto Fixo;1;;;;;;;;;;1;;;;
19/01/2015;06:35:00;2833;com vítima;104;BR-040/RJ;Sul;Colisão Lateral;2;;;;;;;;;;1;1;;;
19/01/2015;11:25:00;2869;com vítima;780;BR-040/MG;Norte;Capotamento;1;;;;;;;;;;0;1;;;
19/01/2015;16:43:00;2918;com vítima;787;BR-040/MG;Norte;Capotamento;1;;;;;;;;;;0;4;;;
19/01/2015;12:54:00;2880;sem vítima;802;BR-040/MG;Norte;Choque - Objeto Fixo;1;;;;;;;;;;1;;;;
19/01/2015;12:32:00;2878;sem vítima;825;BR-040/MG;Norte;Choque - Objeto Fixo;1;;;;;;;;;;1;;;;
19/01/2015;14:03:00;2887;com vítima;825;BR-040/MG;Sul;Tombamento;;;1;;;;;;;;0;;1;;
20/01/2015;09:01:00;3018;sem vítima;78;BR-040/RJ;Sul;Choque - Objeto Fixo;1;;;;;;;;;;1;;;;
20/01/2015;17:15:00;3095;sem vítima;114;BR-040/RJ;Sul;Colisão Traseira;2;;;;;;;;;;2;;;;
21/01/2015;18:01:00;3294;com vítima;39;BR-040/RJ;Norte;Choque - Objeto Fixo;;;1;;;;;;;;0;1;;;
21/01/2015;17:04:00;3284;com vítima;66;BR-040/RJ;Norte;Choque - Objeto Fixo;1;;;;;;;;;;0;3;;;
21/01/2015;17:41:00;3290;sem vítima;87;BR-040/RJ;Norte;Choque - Objeto Fixo;1;;;;;;;;;;1;;;;
21/01/2015;19:48:00;3311;sem vítima;88;BR-040/RJ;Norte;Colisão Traseira;;;2;;;;;;;;2;;;;
21/01/2015;11:14:00;3228;sem vítima;91;BR-040/RJ;Sul;Choque - Objeto Fixo;1;;;;;;;;;;1;;;;
21/01/2015;22:50:00;3333;com vítima;91;BR-040/RJ;Sul;Derrapagem;1;;;;;;;;;;0;2;3;;
21/01/2015;21:05:00;3320;sem vítima;105;BR-040/RJ;Norte;Engavetamento;3;;;;;;;;;;3;;;;
21/01/2015;14:26:00;3251;com vítima;113;BR-040/RJ;Norte;Choque - Objeto Fixo;1;;;;;;;;;;0;1;;;
21/01/2015;23:58:00;3342;sem vítima;113;BR-040/RJ;Norte;Choque - Objeto Fixo;1;;;;;;;;;;1;;;;
21/01/2015;11:59:00;3233;sem vítima;777;BR-040/MG;Norte;Choque - Objeto Fixo;;;;;1;;;;;;1;;;;
21/01/2015;16:29:00;3277;sem vítima;117;BR-040/RJ;Norte;Colisão Traseira;2;;;;;;;;;;2;;;;
22/01/2015;18:36:00;3458;sem vítima;5;BR-040/RJ;Norte;Colisão Traseira;1;;;;;1;;;;;2;;;;
22/01/2015;17:04:00;3443;sem vítima;38;BR-040/RJ;Sul;Colisão Lateral;;;1;1;;;;;;;2;;;;
22/01/2015;16:05:00;3431;sem vítima;82;BR-040/RJ;Sul;Choque - Objeto Fixo;1;;;;;;;;;;1;;;;
22/01/2015;15:52:00;3428;com vítima;83;BR-040/RJ;Sul;Colisão Lateral;1;;;;1;;;;;;1;1;1;;
22/01/2015;12:06:00;3393;sem vítima;90;BR-040/RJ;Norte;Colisão Traseira;2;;;;;;;;;;2;;;;
22/01/2015;10:38:00;3384;sem vítima;91;BR-040/RJ;Norte;Colisão Lateral;2;;;;;;;;;;2;;;;
22/01/2015;16:04:00;3430;com vítima;91;BR-040/RJ;Sul;Tombamento;1;;;;;;;;;;0;2;1;;
22/01/2015;05:57:00;3354;sem vítima;118;BR-040/RJ;Sul;Colisão Lateral;2;;;;;;;;;;2;;;;
22/01/2015;07:11:00;3358;sem vítima;821;BR-040/MG;Sul;Tombamento;;;1;;;;;;;;1;;;;
23/01/2015;07:10:00;3519;sem vítima;13;BR-040/RJ;Norte;Choque - Objeto Fixo;1;;;;;;;;;;1;;;;
23/01/2015;19:18:00;3627;com vítima;81;BR-040/RJ;Sul;Choque - Objeto Fixo;1;;;;;;;;;;0;1;;;
23/01/2015;20:52:00;3638;sem vítima;84;BR-040/RJ;Sul;Choque - Objeto Fixo;1;;;;;;;;;;1;;;;
23/01/2015;16:43:00;3604;sem vítima;85;BR-040/RJ;Sul;Choque - Objeto Fixo;1;;;;;;;;;;1;;;;
23/01/2015;16:55:00;3606;sem vítima;91;BR-040/RJ;Sul;Choque - Objeto Fixo;1;;;;;;;;;;1;;;;
23/01/2015;22:54:00;3650;sem vítima;109;BR-040/RJ;Norte;Colisão Traseira;2;;;;;;;;;;2;;;;
23/01/2015;23:19:00;3655;sem vítima;110;BR-040/RJ;Norte;Choque - Objeto Fixo;1;;;;;;;;;;1;;;;
23/01/2015;16:51:00;3605;sem vítima;113;BR-040/RJ;Norte;Colisão Traseira;1;;1;;;;;;;;2;;;;
23/01/2015;17:24:00;3615;sem vítima;113;BR-040/RJ;Norte;Choque - Objeto Fixo;;;1;;;;;;;;1;;;;
23/01/2015;19:32:00;3630;com vítima;116;BR-040/RJ;Norte;Colisão Lateral;1;;;1;;;;;;;1;;1;;
23/01/2015;10:00:00;3542;sem vítima;787;BR-040/MG;Sul;Choque - Objeto Fixo;1;;;;;;;;;;1;;;;
23/01/2015;04:46:00;3502;sem vítima;790;BR-040/MG;Norte;Derrapagem;1;;;;;;;;;;1;;;;
23/01/2015;12:24:00;3558;com vítima;123;BR-040/RJ;Norte;Colisão Traseira;1;;;;;1;;;;;1;1;;;
24/01/2015;14:36:00;3762;com vítima;31;BR-040/RJ;Norte;Choque - Objeto Fixo;1;;;;;;;;;;0;4;;;
24/01/2015;15:32:00;3774;sem vítima;31;BR-040/RJ;Norte;Choque - Objeto Fixo;1;;;;;;;;;;1;;;;
24/01/2015;13:18:00;3748;sem vítima;34;BR-040/RJ;Norte;Choque - Objeto Fixo;1;;;;;;;;;;1;;;;
24/01/2015;03:18:00;3674;com vítima;58;BR-040/RJ;Norte;Derrapagem;1;;;;;;;;;;0;1;;;
24/01/2015;17:09:00;3789;sem vítima;75;BR-040/RJ;Sul;Choque - Objeto Fixo;1;;;;;;;;;;1;;;;
24/01/2015;19:22:00;3810;sem vítima;75;BR-040/RJ;Sul;Choque - Objeto Fixo;1;;;;;;;;;;1;;;;
24/01/2015;17:28:00;3792;sem vítima;78;BR-040/RJ;Sul;Choque - Objeto Fixo;1;;;;;;;;;;1;;;;
24/01/2015;17:54:00;3798;com vítima;78;BR-040/RJ;Sul;Choque - Objeto Fixo;1;;;;;;;;;;0;2;;;
24/01/2015;14:54:00;3766;sem vítima;81,001;BR-040/RJ;Sul;Choque - Objeto Fixo;1;;;;;;;;;;1;;;;
24/01/2015;08:25:00;3707;sem vítima;84;BR-040/RJ;Norte;Colisão Traseira;1;;;;;2;;;;;3;;;;
24/01/2015;17:27:00;3791;sem vítima;91;BR-040/RJ;Norte;Choque - Objeto Fixo;1;;;;;;;;;;1;;;;
24/01/2015;17:51:00;3797;sem vítima;91;BR-040/RJ;Norte;Choque - Objeto Fixo;1;;;;;;;;;;1;;;;
24/01/2015;17:08:00;3788;sem vítima;92;BR-040/RJ;Sul;Choque - Objeto Fixo;1;;;;;;;;;;1;;;;
24/01/2015;02:17:00;3672;com vítima;97;BR-040/RJ;Norte;Choque - Objeto Fixo;1;;;;;;;;;;0;1;;;
24/01/2015;16:30:00;3784;com vítima;790;BR-040/MG;Sul;Choque - Objeto Fixo;1;;;;;;;;;;0;1;;;
24/01/2015;18:40:00;3805;sem vítima;118;BR-040/RJ;Norte;Choque - Objeto Fixo;1;;;;;;;;;;1;;;;
25/01/2015;15:39:00;3916;com vítima;2;BR-040/RJ;Norte;Choque - Objeto Fixo;1;;;;;;;;;;0;1;;;
25/01/2015;11:51:00;3889;com vítima;5;BR-040/RJ;Norte;Queda de Moto;;;;1;;;;;;;0;1;;;
25/01/2015;15:30:00;3913;sem vítima;12;BR-040/RJ;Norte;Choque - Objeto Fixo;1;;;;;;;;;;1;;;;
25/01/2015;01:21:00;3838;sem vítima;76;BR-040/RJ;Sul;Derrapagem;1;;;;;;;;;;1;;;;
25/01/2015;06:06:00;3859;sem vítima;89;BR-040/RJ;Norte;Choque - Objeto Fixo;1;;;;;;;;;;1;;;;
25/01/2015;05:40:00;3857;sem vítima;101;BR-040/RJ;Sul;Choque - Objeto Fixo;1;;;;;;;;;;1;;;;
25/01/2015;17:46:00;3939;com vítima;110;BR-040/RJ;Norte;Choque - Objeto Fixo;1;;;;;;;;;;0;1;;;
25/01/2015;15:38:00;3915;com vítima;121;BR-040/RJ;Norte;Choque - Objeto Fixo;1;;;;;;;;;;0;1;;;
26/01/2015;08:41:00;4027;sem vítima;18;BR-040/RJ;Sul;Choque - Objeto Fixo;1;;;;;;;;;;1;;;;
26/01/2015;12:24:00;4050;sem vítima;78;BR-040/RJ;Sul;Choque - Objeto Fixo;1;;;;;;;;;;1;;;;
26/01/2015;20:48:00;4125;com vítima;78;BR-040/RJ;Sul;Capotamento;1;;;;;;;;;;0;2;;;
26/01/2015;20:02:00;4117;com vítima;105;BR-040/RJ;Norte;Atropelamento - Pedestre;1;;;;;;;;;;1;1;;;
26/01/2015;19:01:00;4109;sem vítima;783;BR-040/MG;Sul;Choque - Objeto Fixo;1;;;;;;;;;;1;;;;
27/01/2015;16:42:00;4235;sem vítima;68;BR-040/RJ;Sul;Choque - Objeto Fixo;1;;;;;;;;;;1;;;;
27/01/2015;16:21:00;4231;sem vítima;69;BR-040/RJ;Norte;Choque - Objeto Fixo;1;;;;;;;;;;1;;;;
27/01/2015;21:20:00;4257;sem vítima;77;BR-040/RJ;Sul;Choque - Objeto Fixo;1;;;;;;;;;;1;;;;
27/01/2015;20:17:00;4253;com vítima;83;BR-040/RJ;Norte;Choque - Objeto Fixo;1;;;;;;;;;;0;3;;;
27/01/2015;00:44:00;4145;sem vítima;91;BR-040/RJ;Norte;Choque - Objeto Fixo;1;;;;;;;;;;1;;;;
28/01/2015;10:02:00;4321;sem vítima;52;BR-040/RJ;Sul;Colisão Lateral;1;;1;;;;;;;;2;;;;
28/01/2015;06:55:00;4296;com vítima;53;BR-040/RJ;Norte;Capotamento;1;;;;;;;;;;0;1;;;
28/01/2015;01:07:00;4274;sem vítima;78;BR-040/RJ;Sul;Choque - Objeto Fixo;1;;;;;;;;;;1;;;;
28/01/2015;12:04:00;4341;sem vítima;92;BR-040/RJ;Norte;Engavetamento;3;;;;;;;;;;3;;;;
28/01/2015;16:41:00;4374;com vítima;102;BR-040/RJ;Norte;Colisão Frontal;1;;;1;;;;;;;1;1;;;
28/01/2015;08:35:00;4308;sem vítima;105;BR-040/RJ;Norte;Colisão Lateral;1;;;;1;;;;;;2;;;;
28/01/2015;16:45:00;4375;com vítima;116;BR-040/RJ;Norte;Engavetamento;1;;1;1;;;;;;;2;1;;;
28/01/2015;16:38:00;4378;sem vítima;783;BR-040/MG;Norte;Choque - Objeto Fixo;1;;;;;;;;;;1;;;;
28/01/2015;15:29:00;4364;com vítima;786;BR-040/MG;Norte;Tombamento;1;;;;;;;;;;0;1;;;
28/01/2015;11:16:00;4336;sem vítima;123;BR-040/RJ;Norte;Colisão Lateral;1;;2;;;;;;;;3;;;;
29/01/2015;22:40:00;4608;com vítima;25;BR-040/RJ;Norte;Choque - Objeto Fixo;1;;;;;;;;;;0;1;;;
29/01/2015;13:00:00;4505;sem vítima;119;BR-040/RJ;Sul;Colisão Traseira;1;;1;;;;;;;;2;;;;
29/01/2015;22:10:00;4605;sem vítima;120;BR-040/RJ;Norte;Colisão Lateral;1;;1;;;;;;;;2;;;;
30/01/2015;18:40:00;4752;com vítima;34;BR-040/RJ;Norte;Choque - Objeto Fixo;1;;;;;;;;;;0;3;;;
30/01/2015;18:35:00;4758;com vítima;34;BR-040/RJ;Norte;Choque - Objeto Fixo;1;;;;;;;;;;0;1;;;
30/01/2015;19:20:00;4767;sem vítima;34;BR-040/RJ;Norte;Colisão Traseira;2;;;;;;;;;;2;;;;
30/01/2015;18:06:00;4748;com vítima;37;BR-040/RJ;Norte;Capotamento;1;;;;;;;;;;0;1;1;;
30/01/2015;14:23:00;4704;com vítima;83;BR-040/RJ;Sul;Queda de Moto;;;;1;;;;;;;0;;2;;
30/01/2015;17:56:00;4743;sem vítima;85;BR-040/RJ;Norte;Choque - Objeto Fixo;1;;;;;;;;;;1;;;;
30/01/2015;18:03:00;4747;com vítima;103;BR-040/RJ;Sul;Colisão Lateral;1;;1;;;;;;;;1;;1;;
30/01/2015;08:57:00;4662;sem vítima;104;BR-040/RJ;Sul;Colisão Lateral;;;2;;;;;;;;2;;;;
30/01/2015;23:46:00;4797;sem vítima;109;BR-040/RJ;Sul;Colisão Traseira;2;;;;;;;;;;2;;;;
30/01/2015;16:50:00;4734;sem vítima;116;BR-040/RJ;Norte;Colisão Traseira;1;;1;;;;;;;;2;;;;
30/01/2015;06:21:00;4645;sem vítima;121;BR-040/RJ;Sul;Choque - Objeto Fixo;1;;;;;;;;;;1;;;;
30/01/2015;15:09:00;4715;sem vítima;123;BR-040/RJ;Sul;Engavetamento;2;;1;;;;;;;;3;;;;
31/01/2015;05:50:00;4819;sem vítima;58;BR-040/RJ;Norte;Choque - Objeto Fixo;1;;;;;;;;;;1;;;;
31/01/2015;23:44:00;4931;sem vítima;65;BR-040/RJ;Sul;Choque - Objeto Fixo;1;;;;;;;;;;1;;;;
31/01/2015;22:35:00;4929;sem vítima;66;BR-040/RJ;Sul;Choque - Objeto Fixo;1;;;;;;;;;;1;;;;
31/01/2015;18:34:00;4911;sem vítima;81;BR-040/RJ;Sul;Choque - Objeto Fixo;1;;;;;;;;;;1;;;;
31/01/2015;14:26:00;4872;sem vítima;101;BR-040/RJ;Sul;Choque - Objeto Fixo;1;;;;;;;;;;1;;;;
31/01/2015;07:06:00;4827;sem vítima;105;BR-040/RJ;Norte;Choque - Objeto Fixo;1;;;;;;;;;;1;;;;
31/01/2015;18:14:00;4906;com vítima;106;BR-040/RJ;Norte;Engavetamento;2;;;;;2;;;;;2;1;2;;
31/01/2015;23:00:00;4928;com vítima;109;BR-040/RJ;Sul;Colisão Traseira;1;;;;1;;;;;;1;1;1;;
31/01/2015;14:14:00;4871;com vítima;118;BR-040/RJ;Sul;Queda de Moto;;;;1;;;;;;;0;1;;;
01/02/2015;10:57:00;45;com vítima;19;BR-040/RJ;Sul;Atropelamento - Pedestre;1;;;;;;;;;;0;1;;;1
01/02/2015;05:03:00;16;sem vítima;27;BR-040/RJ;Norte;Derrapagem;1;;;;;;;;;;1;;;;
01/02/2015;20:34:00;118;sem vítima;76;BR-040/RJ;Sul;Choque - Objeto Fixo;1;;;;;;;;;;1;;;;
01/02/2015;15:42:00;67;com vítima;82;BR-040/RJ;Norte;Colisão Lateral;;;;1;;1;;;;;1;2;;;
01/02/2015;19:00:00;101;sem vítima;92;BR-040/RJ;Norte;Choque - Objeto Fixo;1;;;;;;;;;;1;;;;
01/02/2015;22:03:00;133;com vítima;94;BR-040/RJ;Norte;Choque - Objeto Fixo;1;;;;;;;;;;0;1;;;
01/02/2015;13:45:00;56;com vítima;96;BR-040/RJ;Norte;Queda de Moto;;;;1;;;;;;;0;2;;;
01/02/2015;18:38:00;95;sem vítima;97;BR-040/RJ;Sul;Colisão Traseira;1;;;;;1;;;;;2;;;;
01/02/2015;18:19:00;90;sem vítima;108;BR-040/RJ;Sul;Colisão Traseira;2;;;;;;;;;;2;;;;
01/02/2015;23:39:00;145;sem vítima;121;BR-040/RJ;Sul;Choque - Objeto Fixo;1;;;;;;;;;;1;;;;
01/02/2015;17:26:00;81;sem vítima;122;BR-040/RJ;Norte;Colisão Lateral;2;;;;;;;;;;2;;;;
02/02/2015;14:55:00;223;com vítima;84;BR-040/RJ;Norte;Choque - Objeto Fixo;1;;;;;;;;;;0;1;;;
02/02/2015;14:26:00;222;sem vítima;92;BR-040/RJ;Norte;Choque - Objeto Fixo;1;;;;;;;;;;1;;;;
02/02/2015;04:37:00;162;sem vítima;102;BR-040/RJ;Sul;Choque - Objeto Fixo;;;1;;;;;;;;1;;;;
02/02/2015;17:32:00;246;com vítima;113;BR-040/RJ;Norte;Engavetamento;3;;;;;;;;;;2;1;;;
02/02/2015;19:17:00;260;sem vítima;113;BR-040/RJ;Norte;Choque - Objeto Fixo;1;;;;;;;;;;1;;;;
02/02/2015;07:17:00;178;sem vítima;118;BR-040/RJ;Sul;Colisão Traseira;1;;;;1;;;;;;2;;;;
02/02/2015;08:23:00;187;sem vítima;826;BR-040/MG;Norte;Colisão Traseira;1;;1;;;;;;;;2;;;;
02/02/2015;23:39:00;149;sem vítima;121;BR-040/RJ;Sul;Choque - Objeto Fixo;1;;;;;;;;;;1;;;;
03/02/2015;01:28:00;279;com vítima;15;BR-040/RJ;Norte;Tombamento;1;;;;;;;;;;0;1;;;
03/02/2015;19:31:00;404;com vítima;34;BR-040/RJ;Norte;Choque - Objeto Fixo;1;;;;;;;;;;0;1;;;
03/02/2015;22:39:00;418;sem vítima;51;BR-040/RJ;Sul;Colisão Frontal;2;;;;;;;;;;2;;;;
03/02/2015;22:25:00;417;com vítima;74;BR-040/RJ;Norte;Capotamento;1;;;;;;;;;;0;1;1;;
03/02/2015;19:32:00;405;sem vítima;77;BR-040/RJ;Sul;Choque - Objeto Fixo;1;;;;;;;;;;1;;;;