data;horario;n_da_ocorrencia;tipo_de_ocorrencia;km;trecho;sentido;tipo_de_acidente;automovel;bicicleta;caminhao;moto;onibus;outros;tracao_animal;transporte_de_cargas_especiais;trator_maquinas;utilitarios;ilesos;levemente_feridos;moderadamente_feridos;gravemente_feridos;mortos
03/02/2015;21:34:00;412;com vítima;84;BR-040/RJ;Sul;Choque - Objeto Fixo;1;;;;;;;;;;0;1;;;
03/02/2015;09:55:00;313;com vítima;96;BR-040/RJ;Norte;Tombamento;;;1;;;;;;;;0;1;;;
03/02/2015;15:43:00;362;com vítima;102;BR-040/RJ;Sul;Tombamento;1;;;;;;;;;;0;;1;;
03/02/2015;02:56:00;280;com vítima;106;BR-040/RJ;Sul;Capotamento;1;;;;;;;;;;0;1;;;
03/02/2015;17:08:00;374;com vítima;110;BR-040/RJ;Sul;Queda de Moto;;;;1;;1;;;;;1;1;;;
03/02/2015;17:02:00;377;sem vítima;807;BR-040/MG;Sul;Choque - Objeto Fixo;1;;;;;;;;;;1;;;;
03/02/2015;17:56:00;385;sem vítima;119;BR-040/RJ;Norte;Colisão Lateral;1;;1;;;;;;;;2;;;;
04/02/2015;16:40:00;514;com vítima;2;BR-040/RJ;Sul;Choque - Objeto Fixo;1;;;;;;;;;;0;1;;;
04/02/2015;19:28:00;539;com vítima;3;BR-040/RJ;Sul;Queda de Moto;;;;1;;;;;;;0;1;;;
04/02/2015;18:40:00;531;com vítima;5;BR-040/RJ;Sul;Capotamento;1;;;;;;;;;;0;;1;;
04/02/2015;17:56:00;525;com vítima;30;BR-040/RJ;Norte;Choque - Objeto Fixo;1;;;;;;;;;;0;1;;;
04/02/2015;17:26:00;518;com vítima;35;BR-040/RJ;Sul;Capotamento;1;;;;;;;;;;0;2;;;
04/02/2015;17:48:00;523;sem vítima;58;BR-040/RJ;Sul;Choque - Objeto Fixo;1;;;;;;;;;;1;;;;
04/02/2015;17:30:00;521;sem vítima;73;BR-040/RJ;Norte;Choque - Objeto Fixo;1;;;;;;;;;;1;;;;
04/02/2015;19:42:00;542;sem vítima;78;BR-040/RJ;Sul;Choque - Objeto Fixo;1;;;;;;;;;;1;;;;
04/02/2015;20:06:00;543;sem vítima;78;BR-040/RJ;Norte;Choque - Objeto Fixo;1;;;;;;;;;;1;;;;
04/02/2015;19:10:00;538;com vítima;93;BR-040/RJ;Sul;Capotamento;1;;;;;;;;;;0;3;;;
04/02/2015;15:35:00;503;com vítima;96;BR-040/RJ;Norte;Tombamento;;;1;;;;;;;;0;1;;;
04/02/2015;06:03:00;450;com vítima;821;BR-040/MG;Norte;Tombamento;;;1;;;;;;;;0;;1;;
04/02/2015;04:50:00;444;sem vítima;824;BR-040/MG;Norte;Choque - Objeto Fixo;1;;;;;;;;;;1;;;;
05/02/2015;17:47:00;651;sem vítima;14;BR-040/RJ;Sul;Choque - Objeto Fixo;1;;;;;;;;;;1;;;;
05/02/2015;20:35:00;669;com vítima;33;BR-040/RJ;Norte;Queda de Moto;;;;1;;;;;;;0;1;;;
05/02/2015;07:17:00;589;com vítima;43;BR-040/RJ;Norte;Choque - Objeto Fixo;1;;;;;;;;;;0;2;1;;
05/02/2015;15:22:00;636;sem vítima;43;BR-040/RJ;Norte;Choque - Objeto Fixo;1;;;;;;;;;;1;;;;
05/02/2015;14:14:00;627;sem vítima;65;BR-040/RJ;Norte;Choque - Objeto Fixo;1;;;;;;;;;;1;;;;
05/02/2015;10:36:00;606;sem vítima;75;BR-040/RJ;Sul;Choque - Objeto Fixo;1;;;;;;;;;;1;;;;
05/02/2015;16:18:00;642;com vítima;90;BR-040/RJ;Norte;Choque - Objeto Fixo;1;;;;;;;;;;0;2;1;;
05/02/2015;22:16:00;676;com vítima;94;BR-040/RJ;Norte;Derrapagem;1;;;;;;;;;;0;1;1;;
05/02/2015;09:25:00;597;sem vítima;109;BR-040/RJ;Sul;Colisão Traseira;1;;1;;;;;;;;2;;;;
05/02/2015;22:57:00;683;com vítima;113;BR-040/RJ;Norte;Capotamento;1;;;;;;;;;;0;1;1;;
05/02/2015;15:54:00;640;com vítima;115;BR-040/RJ;Norte;Capotamento;1;;;;;;;;;;0;1;;;
05/02/2015;18:45:00;656;com vítima;782;BR-040/MG;Norte;Capotamento;1;;;;;;;;;;0;;1;;
05/02/2015;15:59:00;641;sem vítima;121;BR-040/RJ;Norte;Colisão Traseira;1;;;;;1;;;;;2;;;;
05/02/2015;18:13:00;653;sem vítima;121;BR-040/RJ;Norte;Choque - Objeto Fixo;1;;;;;;;;;;1;;;;
06/02/2015;01:02:00;691;sem vítima;62;BR-040/RJ;Sul;Choque - Objeto Fixo;1;;;;;;;;;;1;;;;
06/02/2015;09:13:00;725;sem vítima;84;BR-040/RJ;Norte;Colisão Lateral;1;;;;;;;;;;1;;;;
06/02/2015;18:23:00;801;com vítima;87;BR-040/RJ;Sul;Capotamento;1;;;;;;;;;;0;4;;;
06/02/2015;16:52:00;781;sem vítima;91;BR-040/RJ;Norte;Choque - Objeto Fixo;1;;;;;;;;;;1;;;;
06/02/2015;18:16:00;798;sem vítima;94;BR-040/RJ;Sul;Choque - Objeto Fixo;1;;;;;;;;;;1;;;;
06/02/2015;16:32:00;778;sem vítima;112;BR-040/RJ;Sul;Colisão Lateral;1;;1;;;;;;;;2;;;;
06/02/2015;13:53:00;756;sem vítima;115;BR-040/RJ;Sul;Colisão Traseira;;;2;;;;;;;;2;;;;
06/02/2015;16:08:00;774;com vítima;115;BR-040/RJ;Norte;Queda de Moto;;;;1;;;;;;;0;1;;;
06/02/2015;18:21:00;800;com vítima;115;BR-040/RJ;Norte;Colisão Traseira;1;;1;;;;;;;;1;;2;;
06/02/2015;17:55:00;794;sem vítima;116;BR-040/RJ;Norte;Colisão Traseira;1;;;;;1;;;;;2;;;;
06/02/2015;20:09:00;812;sem vítima;122;BR-040/RJ;Sul;Colisão Traseira;2;;;;;;;;;;2;;;;
07/02/2015;19:50:00;958;sem vítima;43;BR-040/RJ;Norte;Capotamento;1;;;;;;;;;;1;;;;
07/02/2015;14:36:00;907;sem vítima;67;BR-040/RJ;Norte;Choque - Objeto Fixo;1;;;;;;;;;;1;;;;
07/02/2015;20:58:00;965;sem vítima;85;BR-040/RJ;Sul;Choque - Objeto Fixo;1;;;;;;;;;;1;;;;
07/02/2015;11:33:00;897;sem vítima;102;BR-040/RJ;Sul;Colisão Traseira;1;;1;;;;;;;;2;;;;
07/02/2015;02:04:00;858;sem vítima;104;BR-040/RJ;Norte;Choque - Objeto Fixo;1;;;;;;;;;;1;;;;
07/02/2015;14:58:00;912;com vítima;105;BR-040/RJ;Norte;Choque - Objeto Fixo;;;1;;;;;;;;0;3;;;
07/02/2015;19:13:00;943;sem vítima;105;BR-040/RJ;Sul;Colisão Traseira;1;;;;1;;;;;;2;;;;
07/02/2015;20:37:00;962;com vítima;108;BR-040/RJ;Norte;Colisão Transversal;2;;;;;;;;;;1;2;;;
07/02/2015;20:37:00;970;sem vítima;108;BR-040/RJ;Norte;Colisão Traseira;1;;;;;1;;;;;2;;;;
07/02/2015;17:02:00;927;com vítima;110;BR-040/RJ;Norte;Colisão Traseira;1;;1;;;;;;;;1;1;;;
07/02/2015;15:23:00;920;sem vítima;113;BR-040/RJ;Norte;Colisão Traseira;2;;1;;;;;;;;4;;;;
07/02/2015;20:38:00;963;sem vítima;113;BR-040/RJ;Sul;Choque - Objeto Fixo;1;;;;;;;;;;1;;;;
07/02/2015;18:59:00;939;sem vítima;114;BR-040/RJ;Sul;Choque - Objeto Fixo;1;;;;;;;;;;1;;;;
07/02/2015;00:32:00;851;com vítima;779;BR-040/MG;Norte;Atropelamento - Animal;1;;;;;;;;;;0;3;;;
07/02/2015;02:34:00;861;sem vítima;117;BR-040/RJ;Norte;Choque - Objeto Fixo;1;;;;;;;;;;1;;;;
07/02/2015;21:21:00;966;sem vítima;123;BR-040/RJ;Norte;Colisão Lateral;1;;;;1;;;;;;2;;;;
07/02/2015;06:54:00;871;sem vítima;124;BR-040/RJ;Sul;Choque - Objeto Fixo;1;;;;;;;;;;1;;;;
08/02/2015;16:36:00;1049;sem vítima;3;BR-040/RJ;Sul;Capotamento;1;;;;;;;;;;1;;;;
08/02/2015;16:41:00;1051;sem vítima;25;BR-040/RJ;Norte;Choque - Objeto Fixo;1;;;;;;;;;;1;;;;
08/02/2015;17:46:00;1066;sem vítima;30;BR-040/RJ;Norte;Choque - Objeto Fixo;1;;;;;;;;;;1;;;;
08/02/2015;17:45:00;1065;com vítima;33;BR-040/RJ;Norte;Capotamento;1;;;;;;;;;;0;1;;;
08/02/2015;17:58:00;1068;sem vítima;62;BR-040/RJ;Sul;Choque - Objeto Fixo;1;;;;;;;;;;1;;;;
08/02/2015;09:21:00;1013;com vítima;74;BR-040/RJ;Sul;Queda de Moto;;;;1;;;;;;;0;;1;;
08/02/2015;18:30:00;1076;sem vítima;77;BR-040/RJ;Sul;Derrapagem;1;;;;;;;;;;1;;;;
08/02/2015;22:17:00;1106;sem vítima;82;BR-040/RJ;Sul;Choque - Objeto Fixo;1;;;;;;;;;;1;;;;
08/02/2015;20:54:00;1097;com vítima;85;BR-040/RJ;Norte;Choque - Objeto Fixo;1;;;;;;;;;;0;;2;;
08/02/2015;06:27:00;998;sem vítima;86;BR-040/RJ;Norte;Choque - Objeto Fixo;1;;;;;;;;;;1;;;;
08/02/2015;19:46:00;1087;sem vítima;90;BR-040/RJ;Norte;Choque - Objeto Fixo;1;;;;;;;;;;1;;;;
08/02/2015;16:31:00;1048;sem vítima;92;BR-040/RJ;Norte;Derrapagem;1;;;;;;;;;;1;;;;
08/02/2015;14:07:00;1030;com vítima;104;BR-040/RJ;Sul;Queda de Moto;;;;1;;;;;;;0;;1;;
08/02/2015;18:32:00;1077;com vítima;109;BR-040/RJ;Sul;Colisão Traseira;1;;;1;;;;;;;1;1;;1;
08/02/2015;08:17:00;1006;sem vítima;114;BR-040/RJ;Norte;Queda de Moto;;;;1;;;;;;;1;;;;
08/02/2015;23:31:00;1117;com vítima;114;BR-040/RJ;Norte;Choque - Objeto Fixo;1;;;;;;;;;;0;1;;;
08/02/2015;17:01:00;1057;sem vítima;116;BR-040/RJ;Norte;Choque - Objeto Fixo;1;;;;;;;;;;1;;;;
08/02/2015;14:11:00;1031;com vítima;782;BR-040/MG;Norte;Colisão Traseira;2;;;;;;;;;;1;3;1;;
08/02/2015;13:33:00;1029;sem vítima;783;BR-040/MG;Norte;Colisão Traseira;1;;1;;;;;;;;2;;;;
08/02/2015;05:16:00;991;sem vítima;118;BR-040/RJ;Sul;Colisão Lateral;1;;;;;;;;;;1;;;;
08/02/2015;16:01:00;1045;com vítima;119;BR-040/RJ;Sul;Queda de Moto;;;;1;;1;;;;;1;1;;;
08/02/2015;16:29:00;1047;com vítima;119;BR-040/RJ;Sul;Colisão Traseira;2;;;;;;;;;;1;1;;;
08/02/2015;00:14:00;981;sem vítima;120;BR-040/RJ;Sul;Choque - Objeto Fixo;1;;;;;;;;;;1;;;;
08/02/2015;16:50:00;1056;sem vítima;123;BR-040/RJ;Sul;Colisão Traseira;2;;;;;;;;;;2;;;;
09/02/2015;17:38:00;1219;sem vítima;37;BR-040/RJ;Sul;Choque - Objeto Fixo;1;;;;;;;;;;1;;;;
09/02/2015;18:11:00;1226;sem vítima;39;BR-040/RJ;Sul;Colisão Traseira;1;;;;;1;;;;;2;;;;
09/02/2015;17:17:00;1217;com vítima;78;BR-040/RJ;Sul;Queda de Moto;;;;1;;;;;;;0;2;;;
09/02/2015;17:30:00;1221;sem vítima;78;BR-040/RJ;Sul;Colisão Lateral;2;;;;;;;;;;2;;;;
09/02/2015;23:30:00;1263;com vítima;91;BR-040/RJ;Sul;Capotamento;1;;;;;;;;;;0;1;;;
09/02/2015;14:17:00;1191;sem vítima;100;BR-040/RJ;Norte;Colisão Traseira;;;1;;1;;;;;;2;;;;
09/02/2015;15:40:00;1202;com vítima;103;BR-040/RJ;Sul;Choque - Objeto Fixo;1;;;;;1;;;;;2;2;;;
09/02/2015;15:02:00;1196;com vítima;786;BR-040/MG;Norte;Choque - Objeto Fixo;1;;;;;;;;;;0;2;;;
10/02/2015;14:06:00;1337;sem vítima;87;BR-040/RJ;Sul;Colisão Lateral;1;;1;;;;;;;;2;;;;
10/02/2015;15:52:00;1358;sem vítima;102;BR-040/RJ;Norte;Colisão Traseira;2;;;;;;;;;;2;;;;
10/02/2015;15:48:00;1366;sem vítima;102;BR-040/RJ;Norte;Colisão Traseira;1;;1;;;;;;;;2;;;;
10/02/2015;16:53:00;1375;sem vítima;109;BR-040/RJ;Norte;Colisão Traseira;2;;;;;;;;;;2;;;;
10/02/2015;12:48:00;1326;com vítima;114;BR-040/RJ;Sul;Colisão Lateral;1;;1;;;;;;;;1;1;;;
10/02/2015;22:46:00;1405;sem vítima;789;BR-040/MG;Norte;Derrapagem;1;;;;;;;;;;1;;;;
10/02/2015;10:00:00;1311;sem vítima;118;BR-040/RJ;Sul;Colisão Traseira;;;2;;;;;;;;2;;;;
10/02/2015;18:00:00;1383;com vítima;119;BR-040/RJ;Sul;Capotamento;1;;1;;;;;;;;1;1;;;
10/02/2015;08:34:00;1299;com vítima;123;BR-040/RJ;Norte;Atropelamento - Pedestre;;;;;;1;;;;;1;1;;;
11/02/2015;13:21:00;1506;com vítima;64;BR-040/RJ;Sul;Choque - Objeto Fixo;1;;;;;;;;;;0;2;;;
11/02/2015;16:05:00;1535;com vítima;74;BR-040/RJ;Norte;Choque - Objeto Fixo;1;;;;;;;;;;0;;1;;
11/02/2015;00:32:00;1415;com vítima;95;BR-040/RJ;Norte;Choque - Objeto Fixo;;;1;;;;;;;;0;1;;;
11/02/2015;17:43:00;1564;sem vítima;110;BR-040/RJ;Norte;Colisão Traseira;2;;;;;;;;;;2;;;;
11/02/2015;18:18:00;1573;sem vítima;110;BR-040/RJ;Norte;Colisão Traseira;2;;;;;;;;;;2;;;;
11/02/2015;19:08:00;1586;sem vítima;110;BR-040/RJ;Norte;Colisão Traseira;2;;;;;;;;;;2;;;;
11/02/2015;19:34:00;1590;sem vítima;111;BR-040/RJ;Norte;Colisão Lateral;1;;1;;;;;;;;2;;;;
11/02/2015;22:54:00;1617;com vítima;116;BR-040/RJ;Norte;Engavetamento;2;;;1;;1;;;;;1;1;4;;
11/02/2015;15:34:00;1528;com vítima;123;BR-040/RJ;Sul;Engavetamento;1;;2;;;;;;;;1;1;1;;
12/02/2015;14:38:00;1703;sem vítima;88;BR-040/RJ;Norte;Choque - Objeto Fixo;;;1;;;;;;;;1;;;;
12/02/2015;17:04:00;1741;com vítima;96;BR-040/RJ;Norte;Tombamento;;;1;;;;;;;;0;;1;;
12/02/2015;12:38:00;1684;com vítima;112;BR-040/RJ;Norte;Engavetamento;1;;1;1;1;1;;;;;4;1;;;
12/02/2015;12:57:00;1687;sem vítima;112;BR-040/RJ;Norte;Colisão Traseira;2;;;;;;;;;;2;;;;
12/02/2015;05:21:00;1644;sem vítima;120;BR-040/RJ;Sul;Colisão Lateral;1;;;;;1;;;;;2;;;;
12/02/2015;14:12:00;1699;com vítima;121;BR-040/RJ;Sul;Colisão Traseira;1;;;1;;;;;;;1;;;1;
12/02/2015;13:21:00;1692;sem vítima;123;BR-040/RJ;Norte;Colisão Lateral;1;;1;;;;;;;;2;;;;
12/02/2015;23:05:00;1806;sem vítima;124;BR-040/RJ;Sul;Choque - Objeto Fixo;1;;;;;1;;;;;2;;;;
13/02/2015;10:43:00;1878;sem vítima;79;BR-040/RJ;Norte;Choque - Objeto Fixo;1;;;;;;;;;;1;;;;
13/02/2015;22:44:00;2023;com vítima;87;BR-040/RJ;Norte;Engavetamento;3;;;;;;;;;;2;1;;;
13/02/2015;10:41:00;1877;com vítima;102;BR-040/RJ;Sul;Colisão Traseira;1;;1;;;;;;;;1;2;;;
13/02/2015;10:34:00;1872;com vítima;105;BR-040/RJ;Norte;Atropelamento - Pedestre;;;;;1;;;;;;1;;1;;
13/02/2015;13:51:00;1923;sem vítima;110;BR-040/RJ;Norte;Colisão Traseira;1;;1;;;;;;;;2;;;;
13/02/2015;12:21:00;1900;sem vítima;787;BR-040/MG;Norte;Derrapagem;1;;;;;;;;;;1;;;;
13/02/2015;06:46:00;1841;com vítima;813;BR-040/MG;Norte;Engavetamento;1;;1;;1;;;;;;1;4;;;
13/02/2015;23:23:00;2028;sem vítima;122;BR-040/RJ;Norte;Colisão Lateral;1;;;;1;;;;;;2;;;;
14/02/2015;00:43:00;2040;sem vítima;79;BR-040/RJ;Norte;Colisão Traseira;2;;;;;;;;;;2;;;;
14/02/2015;21:31:00;2213;sem vítima;93;BR-040/RJ;Sul;Choque - Objeto Fixo;1;;;;;;;;;;1;;;;
14/02/2015;20:09:00;2205;sem vítima;97;BR-040/RJ;Sul;Choque - Objeto Fixo;1;;;;;;;;;;1;;;;
14/02/2015;01:23:00;2047;sem vítima;99;BR-040/RJ;Norte;Choque - Objeto Fixo;1;;;;;;;;;;1;;;;
14/02/2015;04:17:00;2057;com vítima;101;BR-040/RJ;Sul;Choque - Objeto Fixo;1;;;;;;;;;;0;;;;1
14/02/2015;23:15:00;2226;sem vítima;112;BR-040/RJ;Sul;Colisão Traseira;2;;;;;;;;;;2;;;;
14/02/2015;10:39:00;2111;sem vítima;119;BR-040/RJ;Sul;Colisão Lateral;1;;1;;;;;;;;2;;;;
14/02/2015;23:20:00;2228;com vítima;121;BR-040/RJ;Norte;Colisão Traseira;2;;;;;;;;;;1;1;;;
15/02/2015;21:00:00;2380;sem vítima;69;BR-040/RJ;Norte;Choque - Objeto Fixo;1;;;;;;;;;;1;;;;
15/02/2015;21:00:00;2375;sem vítima;82;BR-040/RJ;Sul;Choque - Objeto Fixo;1;;;;;;;;;;1;;;;
15/02/2015;06:52:00;2258;com vítima;93;BR-040/RJ;Norte;Queda de Moto;;;;1;;;;;;;0;2;;;
15/02/2015;00:13:00;2233;com vítima;101;BR-040/RJ;Norte;Capotamento;1;;;;;;;;;;0;1;;;
15/02/2015;19:56:00;2363;sem vítima;109;BR-040/RJ;Sul;Choque - Objeto Fixo;2;;;;;;;;;;2;;;;
15/02/2015;09:30:00;2265;com vítima;110;BR-040/RJ;Sul;Choque - Objeto Fixo;1;;;;;;;;;;0;1;;;
15/02/2015;23:10:00;2397;com vítima;112;BR-040/RJ;Norte;Queda de Moto;;;;1;;;;;;;0;1;;;
15/02/2015;03:12:00;2245;sem vítima;117;BR-040/RJ;Norte;Colisão Lateral;2;;;;;;;;;;2;;;;
15/02/2015;21:39:00;2384;sem vítima;792;BR-040/MG;Sul;Atropelamento - Animal;1;;;;;;;;;;1;;;;
15/02/2015;05:37:00;2255;sem vítima;123;BR-040/RJ;Norte;Choque - Objeto Fixo;1;;;;;;;;;;1;;;;
16/02/2015;19:20:00;2493;sem vítima;3;BR-040/RJ;Sul;Capotamento;1;;;;;;;;;;1;;;;
16/02/2015;19:03:00;2492;sem vítima;25;BR-040/RJ;Norte;Choque - Objeto Fixo;1;;;;;;;;;;1;;;;
16/02/2015;19:45:00;2498;com vítima;76;BR-040/RJ;Sul;Choque - Objeto Fixo;1;;;;;;;;;;0;3;;;
16/02/2015;19:24:00;2494;com vítima;78;BR-040/RJ;Sul;Capotamento;1;;;;;;;;;;0;1;;;
16/02/2015;06:46:00;2431;sem vítima;89;BR-040/RJ;Sul;Colisão Lateral;2;;;;;;;;;;2;;;;
16/02/2015;20:19:00;2501;com vítima;102;BR-040/RJ;Norte;Colisão Lateral;2;;1;;;;;;;;1;5;;;
16/02/2015;07:49:00;2434;sem vítima;109;BR-040/RJ;Norte;Colisão Lateral;1;;1;;;;;;;;2;;;;
16/02/2015;01:02:00;2408;sem vítima;114;BR-040/RJ;Sul;Choque - Objeto Fixo;1;;;;;;;;;;1;;;;
16/02/2015;08:03:00;2436;com vítima;117;BR-040/RJ;Sul;Colisão Lateral;1;;1;;;;;;;;1;1;;;
16/02/2015;03:08:00;2423;com vítima;797;BR-040/MG;Norte;Colisão Traseira;2;;;;;;;;;;0;4;;;
16/02/2015;15:54:00;2482;com vítima;801;BR-040/MG;Norte;Choque - Objeto Fixo;1;;;;;;;;;;0;1;;;
16/02/2015;10:24:00;2446;com vítima;807;BR-040/MG;Sul;Colisão Traseira;1;;1;;;;;;;;1;;2;;
16/02/2015;00:05:00;2402;com vítima;119;BR-040/RJ;Sul;Choque - Objeto Fixo;1;;;;;;;;;;0;1;;;
16/02/2015;00:05:00;2404;com vítima;119;BR-040/RJ;Sul;Choque - Objeto Fixo;1;;;;;;;;;;0;1;;;
16/02/2015;16:31:00;2485;sem vítima;123;BR-040/RJ;Sul;Colisão Traseira;2;;;;;;;;;;2;;;;
17/02/2015;18:04:00;2605;com vítima;91;BR-040/RJ;Norte;Choque - Objeto Fixo;1;;;;;;;;;;0;2;;;
17/02/2015;18:01:00;2604;sem vítima;92;BR-040/RJ;Sul;Choque - Objeto Fixo;1;;;;;;;;;;1;;;;
17/02/2015;08:15:00;2548;sem vítima;113;BR-040/RJ;Sul;Queda de Moto;;;;1;;;;;;;1;;;;
17/02/2015;00:14:00;2523;com vítima;115;BR-040/RJ;Norte;Atropelamento - Pedestre;1;;;;;;;;;;1;;;;1
17/02/2015;17:07:00;2601;sem vítima;116;BR-040/RJ;Sul;Colisão Lateral;2;;;;;;;;;;2;;;;
17/02/2015;07:47:00;2541;sem vítima;117;BR-040/RJ;Norte;Colisão Lateral;2;;;;;;;;;;2;;;;
17/02/2015;18:51:00;2609;com vítima;799;BR-040/MG;Sul;Choque - Objeto Fixo;1;;;;;;;;;;0;1;;;
17/02/2015;05:43:00;2536;sem vítima;124;BR-040/RJ;Norte;Choque - Objeto Fixo;1;;;;;;;;;;1;;;;
18/02/2015;18:00:00;2760;sem vítima;2;BR-040/RJ;Norte;Choque - Objeto Fixo;1;;;;;;;;;;1;;;;
18/02/2015;18:26:00;2766;com vítima;5;BR-040/RJ;Sul;Capotamento;1;;;;;;;;;;0;1;;;
18/02/2015;19:02:00;2771;com vítima;35;BR-040/RJ;Norte;Choque - Objeto Fixo;1;;;;;;;;;;0;1;;;
18/02/2015;21:10:00;2781;com vítima;73;BR-040/RJ;Norte;Queda de Moto;;;;1;;;;;;;0;1;1;;
18/02/2015;11:42:00;2697;sem vítima;74;BR-040/RJ;Sul;Colisão Traseira;2;;;;;;;;;;2;;;;
18/02/2015;18:03:00;2762;sem vítima;77;BR-040/RJ;Sul;Choque - Objeto Fixo;1;;;;;;;;;;1;;;;
18/02/2015;09:38:00;2680;sem vítima;82;BR-040/RJ;Norte;Choque - Objeto Fixo;1;;;;;;;;;;1;;;;
18/02/2015;17:55:00;2757;sem vítima;82;BR-040/RJ;Sul;Choque - Objeto Fixo;1;;;;;;;;;;1;;;;
18/02/2015;07:25:00;2669;com vítima;84;BR-040/RJ;Norte;Derrapagem;1;;;;;;;;;;0;3;2;;
18/02/2015;01:45:00;2645;sem vítima;90;BR-040/RJ;Norte;Choque - Objeto Fixo;1;;;;;;;;;;1;;;;
18/02/2015;01:24:00;2643;sem vítima;93;BR-040/RJ;Norte;Choque - Objeto Fixo;1;;;;;;;;;;1;;;;
18/02/2015;01:27:00;2646;sem vítima;93;BR-040/RJ;Norte;Choque - Objeto Fixo;1;;;;;;;;;;1;;;;
18/02/2015;15:08:00;2729;sem vítima;104;BR-040/RJ;Sul;Choque - Objeto Fixo;1;;;;;;;;;;1;;;;
18/02/2015;12:47:00;2704;com vítima;108;BR-040/RJ;Norte;Queda de Moto;;;;1;;;;;;;0;1;;;
18/02/2015;17:51:00;2756;sem vítima;790;BR-040/MG;Sul;Colisão Lateral;1;;1;;;;;;;;2;;;;
18/02/2015;22:32:00;2786;sem vítima;823;BR-040/MG;Sul;Choque - Objeto Fixo;1;;;;;;;;;;1;;;;
19/02/2015;07:40:00;2832;sem vítima;5;BR-040/RJ;Norte;Choque - Objeto Fixo;1;;;;;;;;;;1;;;;
19/02/2015;14:55:00;2880;sem vítima;86;BR-040/RJ;Norte;Choque - Objeto Fixo;1;;;;;1;;;;;2;;;;
19/02/2015;05:50:00;2821;sem vítima;93;BR-040/RJ;Sul;Choque - Objeto Fixo;1;;;;;;;;;;1;;;;
19/02/2015;18:06:00;2908;sem vítima;816;BR-040/MG;Norte;Colisão Traseira;;;2;;;;;;;;2;;;;
20/02/2015;02:46:00;2957;com vítima;94;BR-040/RJ;Sul;Tombamento;;;1;;;;;;;;0;;1;;
20/02/2015;22:10:00;3069;com vítima;101;BR-040/RJ;Norte;Capotamento;1;;1;;;;;;;;1;1;;;
20/02/2015;11:07:00;2993;sem vítima;109;BR-040/RJ;Norte;Colisão Lateral;2;;;;;;;;;;2;;;;
20/02/2015;17:19:00;3035;sem vítima;118;BR-040/RJ;Sul;Colisão Traseira;1;;1;;;;;;;;2;;;;
20/02/2015;17:29:00;3038;com vítima;118;BR-040/RJ;Norte;Choque - Objeto Fixo;;;1;;;;;;;;0;1;2;;
20/02/2015;20:02:00;3056;com vítima;120;BR-040/RJ;Norte;Colisão Traseira;2;;;;;;;;;;1;2;1;;
21/02/2015;13:44:00;3147;sem vítima;33;BR-040/RJ;Sul;Choque - Objeto Fixo;1;;;;;;;;;;1;;;;
21/02/2015;13:02:00;3139;com vítima;46;BR-040/RJ;Norte;Choque - Objeto Fixo;1;;1;;;;;;;;1;1;;;
21/02/2015;16:20:00;3166;com vítima;47;BR-040/RJ;Sul;Choque - Objeto Fixo;1;;;;;;;;;;0;2;;;
21/02/2015;22:40:00;3217;sem vítima;108;BR-040/RJ;Norte;Colisão Lateral;1;;1;;;;;;;;2;;;;
21/02/2015;18:14:00;3188;com vítima;114;BR-040/RJ;Sul;Queda de Moto;;;;1;;;;;;;0;2;;;
21/02/2015;15:43:00;3159;com vítima;815;BR-040/MG;Norte;Colisão Traseira;2;;;;;;;;;;0;5;;;
21/02/2015;10:51:00;3124;com vítima;822;BR-040/MG;Norte;Colisão Traseira;;;2;;;;;;;;0;2;;;
21/02/2015;10:45:00;3122;sem vítima;123;BR-040/RJ;Norte;Colisão Lateral;1;;1;;;;;;;;2;;;;
21/02/2015;16:43:00;3173;sem vítima;124;BR-040/RJ;Norte;Colisão Transversal;1;;1;;;;;;;;2;;;;
22/02/2015;21:55:00;3363;sem vítima;51;BR-040/RJ;Norte;Colisão Lateral;2;;;;;;;;;;2;;;;
22/02/2015;19:08:00;3342;sem vítima;83;BR-040/RJ;Norte;Choque - Objeto Fixo;1;;;;;;;;;;1;;;;
23/02/2015;17:47:00;3463;sem vítima;44;BR-040/RJ;Norte;Choque - Objeto Fixo;1;;;;;;;;;;1;;;;
23/02/2015;17:36:00;3461;com vítima;47;BR-040/RJ;Norte;Atropelamento - Pedestre;1;;;;;;;;;;0;1;1;;
23/02/2015;12:13:00;3421;com vítima;96;BR-040/RJ;Norte;Choque - Objeto Fixo;;;1;;;;;;;;0;1;;;
23/02/2015;17:47:00;3462;com vítima;104;BR-040/RJ;Norte;Queda de Moto;;;;1;;;;;;;0;1;;;
23/02/2015;15:12:00;3441;sem vítima;108;BR-040/RJ;Sul;Colisão Traseira;1;;1;;;;;;;;2;;;;
23/02/2015;17:48:00;3464;sem vítima;114;BR-040/RJ;Norte;Tombamento;;;1;;;;;;;;1;;;;
23/02/2015;13:37:00;3430;sem vítima;116;BR-040/RJ;Sul;Derrapagem;1;;;;;;;;;;1;;;;
23/02/2015;05:49:00;3387;com vítima;118;BR-040/RJ;Sul;Colisão Traseira;1;;1;;;;;;;;1;;1;;
24/02/2015;16:46:00;3588;sem vítima;109;BR-040/RJ;Norte;Colisão Traseira;1;;1;;;;;;;;2;;;;