data;horario;n_da_ocorrencia;tipo_de_ocorrencia;km;trecho;sentido;tipo_de_acidente;automovel;bicicleta;caminhao;moto;onibus;outros;tracao_animal;transporte_de_cargas_especiais;trator_maquinas;utilitarios;ilesos;levemente_feridos;moderadamente_feridos;gravemente_feridos;mortos
24/02/2015;14:52:00;3572;sem vítima;122;BR-040/RJ;Sul;Colisão Transversal;;;1;1;;;;;;;2;;;;
25/02/2015;20:39:00;3759;sem vítima;113;BR-040/RJ;Sul;Engavetamento;1;;;;;2;;;;;3;;;;
25/02/2015;19:19:00;3757;com vítima;115;BR-040/RJ;Sul;Engavetamento;3;;;;;;;;;;2;1;1;;
25/02/2015;13:48:00;3729;com vítima;122;BR-040/RJ;Sul;Queda de Moto;;;;1;;;;;;;0;;1;;
26/02/2015;16:20:00;3834;sem vítima;76;BR-040/RJ;Sul;Choque - Objeto Fixo;1;;;;;;;;;;1;;;;
26/02/2015;16:05:00;3832;sem vítima;77;BR-040/RJ;Norte;Colisão Lateral;;;1;;;;;;;;1;;;;
26/02/2015;16:11:00;3833;sem vítima;78;BR-040/RJ;Sul;Capotamento;1;;;;;;;;;;2;;;;
26/02/2015;16:40:00;3838;com vítima;81;BR-040/RJ;Sul;Capotamento;1;;;;;;;;;;0;;1;1;
26/02/2015;15:32:00;3828;sem vítima;86;BR-040/RJ;Norte;Choque - Objeto Fixo;1;;;;;;;;;;1;;;;
26/02/2015;15:49:00;3831;sem vítima;88;BR-040/RJ;Norte;Choque - Objeto Fixo;1;;;;;;;;;;1;;;;
26/02/2015;04:34:00;3786;com vítima;96;BR-040/RJ;Norte;Tombamento;;;1;;;;;;;;0;;1;;
26/02/2015;04:45:00;3787;sem vítima;96;BR-040/RJ;Norte;Choque - Objeto Fixo;1;;;;;;;;;;1;;;;
26/02/2015;18:17:00;3850;com vítima;109;BR-040/RJ;Sul;Colisão Lateral;1;;;;;1;;;;;1;2;;;
26/02/2015;04:21:00;3783;sem vítima;113;BR-040/RJ;Sul;Colisão Traseira;1;;;;;;;;;;1;;;;
27/02/2015;14:56:00;3963;com vítima;22;BR-040/RJ;Sul;Tombamento;;;1;;;;;;;;0;2;;;
27/02/2015;12:43:00;3946;com vítima;83;BR-040/RJ;Norte;Queda de Moto;;;;1;;;;;;;0;1;;;
27/02/2015;23:02:00;4029;com vítima;101;BR-040/RJ;Sul;Colisão Frontal;2;;;;1;;;;;;2;1;1;;
27/02/2015;15:29:00;3966;sem vítima;113;BR-040/RJ;Norte;Colisão Lateral;1;;1;;;;;;;;2;;;;
27/02/2015;19:59:00;4006;sem vítima;113;BR-040/RJ;Norte;Colisão Traseira;2;;;;;;;;;;2;;;;
27/02/2015;09:35:00;3926;sem vítima;117;BR-040/RJ;Norte;Colisão Traseira;1;;;;1;;;;;;2;;;;
27/02/2015;05:48:00;3902;sem vítima;118;BR-040/RJ;Norte;Colisão Traseira;1;;1;;;;;;;;2;;;;
27/02/2015;13:55:00;3956;sem vítima;822;BR-040/MG;Norte;Colisão Traseira;;;2;;;;;;;;2;;;;
27/02/2015;18:59:00;3995;com vítima;124;BR-040/RJ;Norte;Queda de Moto;;;;1;;;;;;;0;;1;;
28/02/2015;04:05:00;4049;com vítima;34;BR-040/RJ;Norte;Tombamento;;;1;;;;;;;;0;3;;;
28/02/2015;17:17:00;4141;sem vítima;69;BR-040/RJ;Norte;Choque - Objeto Fixo;1;;;;;;;;;;1;;;;
28/02/2015;12:21:00;4099;sem vítima;78;BR-040/RJ;Sul;Choque - Objeto Fixo;1;;;;;;;;;;1;;;;
28/02/2015;16:28:00;4133;com vítima;78;BR-040/RJ;Sul;Capotamento;1;;;;;;;;;;0;;;1;
28/02/2015;22:36:00;4177;sem vítima;78;BR-040/RJ;Sul;Choque - Objeto Fixo;1;;;;;;;;;;1;;;;
28/02/2015;11:53:00;4097;sem vítima;84;BR-040/RJ;Norte;Choque - Objeto Fixo;1;;;;;;;;;;1;;;;
28/02/2015;12:20:00;4103;sem vítima;85;BR-040/RJ;Sul;Choque - Objeto Fixo;1;;;;;;;;;;1;;;;
28/02/2015;14:40:00;4116;com vítima;91;BR-040/RJ;Norte;Choque - Objeto Fixo;1;;;;;;;;;;0;3;;;
28/02/2015;10:10:00;4081;com vítima;92;BR-040/RJ;Norte;Choque - Objeto Fixo;1;;;;;;;;;;0;1;;;
28/02/2015;05:18:00;4054;sem vítima;102;BR-040/RJ;Norte;Choque - Objeto Fixo;1;;;;;;;;;;1;;;;
28/02/2015;22:13:00;4175;com vítima;107;BR-040/RJ;Norte;Choque - Objeto Fixo;1;;;;;;;;;;0;1;;;
28/02/2015;05:59:00;4057;com vítima;110;BR-040/RJ;Norte;Choque - Objeto Fixo;1;;;;;;;;;;0;2;1;;
28/02/2015;02:49:00;4043;sem vítima;111;BR-040/RJ;Sul;Colisão Lateral;;;1;;;1;;;;;2;;;;
28/02/2015;13:04:00;4107;sem vítima;116;BR-040/RJ;Norte;Colisão Traseira;1;;;;1;;;;;;2;;;;
28/02/2015;16:00:00;4127;sem vítima;780;BR-040/MG;Sul;Queda de Moto;;;;1;;;;;;;1;;;;
28/02/2015;19:58:00;4163;com vítima;804;BR-040/MG;Sul;Colisão Lateral;1;;;1;;;;;;;1;;1;;
28/02/2015;21:20:00;4174;sem vítima;123;BR-040/RJ;Sul;Colisão Lateral;1;;1;;;;;;;;2;;;;
28/02/2015;19:53:00;4161;sem vítima;124;BR-040/RJ;Sul;Atropelamento - Pedestre;1;;;;;;;;;;2;;;;
01/03/2015;20:20:00;121;sem vítima;25;BR-040/RJ;Norte;Choque - Objeto Fixo;1;;;;;;;;;;1;;;;
01/03/2015;22:22:00;134;com vítima;45;BR-040/RJ;Sul;Colisão Traseira;1;;1;;;;;;;;0;2;;;
01/03/2015;10:35:00;45;sem vítima;64;BR-040/RJ;Sul;Capotamento;1;;;;;;;;;;1;;;;
01/03/2015;03:25:00;13;sem vítima;95;BR-040/RJ;Norte;Choque - Objeto Fixo;1;;;;;;;;;;1;;;;
01/03/2015;04:50:00;18;com vítima;103;BR-040/RJ;Norte;Choque - Objeto Fixo;1;;;;;;;;;;0;2;;;1
01/03/2015;21:47:00;131;sem vítima;103;BR-040/RJ;Norte;Colisão Lateral;1;;1;;;;;;;;2;;;;
01/03/2015;20:50:00;125;sem vítima;104;BR-040/RJ;Norte;Colisão Lateral;1;;;;1;;;;;;2;;;;
01/03/2015;16:12:00;87;com vítima;105;BR-040/RJ;Sul;Colisão Traseira;2;;;;;;;;;;1;1;;;
01/03/2015;20:39:00;124;com vítima;121;BR-040/RJ;Sul;Colisão Traseira;1;;1;;;;;;;;1;1;;;
01/03/2015;04:41:00;16;com vítima;122;BR-040/RJ;Sul;Colisão Lateral;2;;;;;;;;;;0;3;;;
01/03/2015;04:41:00;17;com vítima;122;BR-040/RJ;Sul;Colisão Traseira;2;;;;;;;;;;1;2;;;
01/03/2015;17:23:00;106;sem vítima;122;BR-040/RJ;Norte;Colisão Lateral;2;;;;;;;;;;2;;;;
02/03/2015;06:29:00;169;com vítima;29;BR-040/RJ;Norte;Atropelamento - Pedestre;1;;;;;;;;;;0;1;;1;
02/03/2015;16:32:00;241;com vítima;46;BR-040/RJ;Norte;Colisão Traseira;2;;;;;;;;;;0;2;1;;
02/03/2015;13:09:00;216;sem vítima;84;BR-040/RJ;Sul;Choque - Objeto Fixo;1;;;;;;;;;;1;;;;
02/03/2015;18:50:00;263;sem vítima;88;BR-040/RJ;Norte;Engavetamento;3;;;;;;;;;;3;;;;
02/03/2015;09:31:00;199;sem vítima;91;BR-040/RJ;Sul;Colisão Traseira;1;;1;;;;;;;;2;;;;
02/03/2015;16:37:00;244;com vítima;106;BR-040/RJ;Norte;Choque - Objeto Fixo;1;;;;;1;;;;;1;1;;;
02/03/2015;21:58:00;284;sem vítima;108;BR-040/RJ;Norte;Colisão Frontal;;;;1;1;;;;;;2;;;;
02/03/2015;18:47:00;259;sem vítima;110;BR-040/RJ;Norte;Colisão Traseira;2;;;;;;;;;;2;;;;
02/03/2015;21:47:00;281;sem vítima;120;BR-040/RJ;Norte;Colisão Traseira;1;;;;1;;;;;;2;;;;
02/03/2015;20:49:00;276;com vítima;123;BR-040/RJ;Norte;Colisão Traseira;1;;;;;1;;;;;1;1;;;
03/03/2015;15:34:00;363;sem vítima;78;BR-040/RJ;Sul;Choque - Objeto Fixo;1;;;;;;;;;;1;;;;
03/03/2015;14:13:00;353;sem vítima;80;BR-040/RJ;Sul;Colisão Lateral;1;;1;;;;;;;;2;;;;
03/03/2015;20:59:00;408;sem vítima;87;BR-040/RJ;Norte;Choque - Objeto Fixo;1;;;;;;;;;;1;;;;
03/03/2015;16:17:00;371;sem vítima;91;BR-040/RJ;Norte;Choque - Objeto Fixo;1;;;;;;;;;;1;;;;
03/03/2015;02:13:00;304;sem vítima;108;BR-040/RJ;Norte;Queda de Moto;;;;1;;;;;;;1;;;;
03/03/2015;21:33:00;412;sem vítima;113;BR-040/RJ;Norte;Tombamento;1;;1;;;;;;;;2;;;;
03/03/2015;05:40:00;311;com vítima;115;BR-040/RJ;Norte;Choque - Objeto Fixo;1;;;;;;;;;;0;1;;;
03/03/2015;22:34:00;421;sem vítima;790;BR-040/MG;Norte;Colisão Traseira;1;;;;;;;;;;1;;;;
04/03/2015;16:04:00;513;com vítima;74;BR-040/RJ;Sul;Capotamento;1;;;;;;;;;;0;2;;;
04/03/2015;12:31:00;487;com vítima;79;BR-040/RJ;Norte;Tombamento;;;1;;;;;;;;0;1;;;
04/03/2015;15:00:00;502;sem vítima;89;BR-040/RJ;Norte;Choque - Objeto Fixo;1;;;;;;;;;;1;;;;
04/03/2015;06:45:00;449;com vítima;105;BR-040/RJ;Norte;Colisão Lateral;;1;;1;;;;;;;1;1;;;
04/03/2015;15:37:00;506;sem vítima;111;BR-040/RJ;Sul;Colisão Traseira;;;1;;1;;;;;;2;;;;
04/03/2015;13:25:00;492;sem vítima;120;BR-040/RJ;Norte;Engavetamento;2;;1;;;;;;;;3;;;;
04/03/2015;14:00:00;496;sem vítima;120;BR-040/RJ;Norte;Colisão Lateral;1;;1;;;;;;;;2;;;;
05/03/2015;04:23:00;579;com vítima;34;BR-040/RJ;Norte;Capotamento;1;;;;;;;;;;0;3;;;
05/03/2015;05:42:00;584;com vítima;36;BR-040/RJ;Sul;Queda de Moto;;;;1;;;;;;;0;;1;;
05/03/2015;18:35:00;673;com vítima;61;BR-040/RJ;Norte;Atropelamento - Pedestre;1;;;;;;;;;;0;1;;;1
05/03/2015;21:58:00;696;sem vítima;101;BR-040/RJ;Sul;Colisão Lateral;;;2;;;;;;;;2;;;;
05/03/2015;17:58:00;666;sem vítima;104;BR-040/RJ;Norte;Colisão Transversal;2;;;;;;;;;;2;;;;
05/03/2015;05:58:00;585;com vítima;106;BR-040/RJ;Norte;Colisão Lateral;1;1;;;;;;;;;1;1;;;
05/03/2015;12:40:00;632;com vítima;123;BR-040/RJ;Sul;Engavetamento;1;;2;;1;;;;;;2;2;;;
05/03/2015;13:35:00;637;sem vítima;123;BR-040/RJ;Sul;Colisão Lateral;1;;1;;;;;;;;2;;;;
06/03/2015;14:56:00;790;sem vítima;5;BR-040/RJ;Norte;Colisão Traseira;1;;1;;;;;;;;2;;;;
06/03/2015;19:13:00;834;sem vítima;38;BR-040/RJ;Sul;Choque - Objeto Fixo;1;;;;;;;;;;1;;;;
06/03/2015;11:41:00;768;com vítima;43;BR-040/RJ;Sul;Capotamento;1;;;;;;;;;;0;4;1;;
06/03/2015;15:13:00;793;com vítima;59;BR-040/RJ;Sul;Choque - Objeto Fixo;1;;;;;;;;;;0;1;;;
06/03/2015;19:49:00;840;sem vítima;68;BR-040/RJ;Norte;Choque - Objeto Fixo;1;;;;;;;;;;1;;;;
06/03/2015;06:50:00;730;com vítima;78;BR-040/RJ;Sul;Tombamento;;;1;;;;;;;;0;;1;;
06/03/2015;05:10:00;726;sem vítima;104;BR-040/RJ;Norte;Colisão Frontal;1;;1;;;;;;;;2;;;;
06/03/2015;10:57:00;763;com vítima;104;BR-040/RJ;Norte;Colisão Lateral;1;;;1;;;;;;;1;1;;;
06/03/2015;17:00:00;812;sem vítima;782;BR-040/MG;Norte;Choque - Objeto Fixo;1;;;;;;;;;;1;;;;
06/03/2015;13:51:00;782;sem vítima;118;BR-040/RJ;Sul;Colisão Traseira;1;;;;1;;;;;;2;;;;
06/03/2015;10:03:00;753;sem vítima;123;BR-040/RJ;Sul;Engavetamento;2;;1;;;;;;;;3;;;;
07/03/2015;16:38:00;964;sem vítima;2;BR-040/RJ;Sul;Choque - Objeto Fixo;1;;;;;;;;;;1;;;;
07/03/2015;17:45:00;971;com vítima;4;BR-040/RJ;Sul;Capotamento;1;;;;;;;;;;0;2;;;
07/03/2015;19:38:00;988;sem vítima;30;BR-040/RJ;Norte;Choque - Objeto Fixo;1;;;;;;;;;;1;;;;
07/03/2015;23:42:00;1007;com vítima;32;BR-040/RJ;Norte;Capotamento;1;;;;;;;;;;0;1;;;
07/03/2015;21:52:00;1002;com vítima;72;BR-040/RJ;Norte;Capotamento;1;;;;;;;;;;0;3;1;;
07/03/2015;10:55:00;923;sem vítima;76;BR-040/RJ;Norte;Choque - Objeto Fixo;1;;;;;;;;;;1;;;;
07/03/2015;16:07:00;958;sem vítima;76;BR-040/RJ;Sul;Queda de Moto;;;;1;;;;;;;1;;;;
07/03/2015;13:14:00;939;com vítima;91;BR-040/RJ;Sul;Capotamento;1;;;;;;;;;;0;2;;;
07/03/2015;11:11:00;926;sem vítima;93;BR-040/RJ;Sul;Choque - Objeto Fixo;1;;;;;;;;;;1;;;;
07/03/2015;19:24:00;987;sem vítima;785;BR-040/MG;Sul;Colisão Lateral;1;;1;;;;;;;;2;;;;
07/03/2015;18:06:00;973;sem vítima;786;BR-040/MG;Norte;Choque - Objeto Fixo;1;;;;;;;;;;1;;;;
07/03/2015;20:10:00;994;com vítima;792;BR-040/MG;Norte;Choque - Objeto Fixo;1;;;;;;;;;;0;2;;;
07/03/2015;06:05:00;892;com vítima;813;BR-040/MG;Sul;Choque - Objeto Fixo;1;;;;;;;;;;0;1;;;
07/03/2015;07:05:00;896;sem vítima;121;BR-040/RJ;Norte;Colisão Traseira;2;;;;;;;;;;2;;;;
07/03/2015;09:01:00;907;com vítima;123;BR-040/RJ;Sul;Colisão Traseira;1;;;1;;;;;;;1;;2;;
08/03/2015;00:56:00;1013;com vítima;59;BR-040/RJ;Norte;Choque - Objeto Fixo;1;;;;;;;;;;0;4;;;
08/03/2015;04:39:00;1021;sem vítima;63;BR-040/RJ;Sul;Derrapagem;1;;;;;;;;;;1;;;;
08/03/2015;05:52:00;1022;com vítima;68;BR-040/RJ;Sul;Capotamento;1;;;;;;;;;;0;;1;;
08/03/2015;21:02:00;1128;com vítima;92;BR-040/RJ;Sul;Capotamento;1;;;;;;;;;;0;1;;;
08/03/2015;18:32:00;1105;sem vítima;98;BR-040/RJ;Sul;Choque - Objeto Fixo;1;;;;;;;;;;1;;;;
08/03/2015;20:20:00;1127;sem vítima;109;BR-040/RJ;Sul;Colisão Traseira;2;;;;;;;;;;2;;;;
08/03/2015;06:06:00;1023;com vítima;111;BR-040/RJ;Sul;Capotamento;1;;;;;;;;;;0;5;;;
08/03/2015;19:41:00;1120;sem vítima;113;BR-040/RJ;Sul;Colisão Traseira;2;;;;;;;;;;2;;;;
08/03/2015;16:36:00;1084;com vítima;826;BR-040/MG;Norte;Choque - Objeto Fixo;1;;;;;;;;;;0;2;;;
08/03/2015;09:35:00;1037;sem vítima;120;BR-040/RJ;Norte;Colisão Lateral;2;;;;;;;;;;2;;;;
08/03/2015;02:37:00;1017;com vítima;121;BR-040/RJ;Sul;Choque - Objeto Fixo;1;;;;;;;;;;0;1;;;
09/03/2015;11:49:00;1204;sem vítima;3;BR-040/RJ;Sul;Choque - Objeto Fixo;1;;;;;;;;;;1;;;;
09/03/2015;10:27:00;1198;com vítima;32;BR-040/RJ;Norte;Choque - Objeto Fixo;1;;;;;;;;;;1;1;;;
09/03/2015;15:46:00;1231;sem vítima;32;BR-040/RJ;Norte;Choque - Objeto Fixo;1;;;;;;;;;;1;;;;
09/03/2015;10:09:00;1196;com vítima;33;BR-040/RJ;Norte;Colisão Frontal;2;;;;;;;;;;0;5;;;
09/03/2015;06:01:00;1172;sem vítima;34;BR-040/RJ;Norte;Choque - Objeto Fixo;1;;;;;;;;;;1;;;;
09/03/2015;15:49:00;1232;com vítima;68;BR-040/RJ;Norte;Capotamento;1;;;;;;;;;;0;;2;;
09/03/2015;19:20:00;1264;sem vítima;70;BR-040/RJ;Sul;Choque - Objeto Fixo;1;;;;;;;;;;1;;;;
09/03/2015;18:00:00;1251;sem vítima;77;BR-040/RJ;Sul;Choque - Objeto Fixo;1;;;;;;;;;;1;;;;
09/03/2015;15:00:00;1228;sem vítima;78;BR-040/RJ;Sul;Choque - Objeto Fixo;1;;;;;;;;;;1;;;;
09/03/2015;15:25:00;1229;sem vítima;82;BR-040/RJ;Sul;Derrapagem;1;;;;;;;;;;1;;;;
09/03/2015;14:42:00;1223;sem vítima;91;BR-040/RJ;Norte;Choque - Objeto Fixo;1;;;;;;;;;;1;;;;
09/03/2015;14:42:00;1222;com vítima;93;BR-040/RJ;Sul;Capotamento;1;;;;;;;;;;0;2;;;
09/03/2015;20:50:00;1276;com vítima;93;BR-040/RJ;Sul;Choque - Objeto Fixo;1;;;;;;;;;;0;1;;;
09/03/2015;14:32:00;1220;com vítima;108;BR-040/RJ;Sul;Choque - Objeto Fixo;1;;;;;;;;;;0;1;;;
09/03/2015;17:32:00;1244;com vítima;112;BR-040/RJ;Norte;Choque - Objeto Fixo;1;;;;;;;;;;0;3;1;;
09/03/2015;05:50:00;1171;sem vítima;116;BR-040/RJ;Sul;Engavetamento;3;;;;;;;;;;3;;;;
09/03/2015;15:56:00;1233;sem vítima;118;BR-040/RJ;Sul;Colisão Traseira;1;;1;;;;;;;;2;;;;
09/03/2015;20:16:00;1272;com vítima;823;BR-040/MG;Sul;Choque - Objeto Fixo;1;;;;;;;;;;0;1;;;
09/03/2015;03:55:00;1162;sem vítima;120;BR-040/RJ;Norte;Choque - Objeto Fixo;1;;;;;;;;;;1;;;;
09/03/2015;13:58:00;1218;sem vítima;121;BR-040/RJ;Sul;Colisão Lateral;;;1;;1;;;;;;2;;;;
09/03/2015;09:46:00;1191;com vítima;122;BR-040/RJ;Norte;Colisão Traseira;1;;1;;;;;;;;1;1;;;
10/03/2015;07:23:00;1305;sem vítima;0;BR-040/RJ;Sul;Choque - Objeto Fixo;1;;;;;;;;;;1;;;;
10/03/2015;14:53:00;1354;com vítima;36;BR-040/RJ;Sul;Choque - Objeto Fixo;;;;;1;;;;;;0;15;;;
10/03/2015;22:30:00;1407;sem vítima;41;BR-040/RJ;Sul;Colisão Lateral;1;;1;;;;;;;;2;;;;
10/03/2015;16:43:00;1369;com vítima;77;BR-040/RJ;Sul;Capotamento;1;;;;;;;;;;0;1;1;;
10/03/2015;17:00:00;1373;com vítima;77;BR-040/RJ;Sul;Choque - Objeto Fixo;1;;;;;;;;;;0;2;;;
10/03/2015;06:38:00;1299;sem vítima;81;BR-040/RJ;Sul;Choque - Objeto Fixo;1;;;;;;;;;;1;;;;
10/03/2015;17:01:00;1374;sem vítima;85;BR-040/RJ;Sul;Colisão Traseira;;;2;;;;;;;;2;;;;
10/03/2015;16:49:00;1371;com vítima;91;BR-040/RJ;Norte;Choque - Objeto Fixo;1;;;;;;;;;;0;2;1;;
10/03/2015;03:10:00;1287;sem vítima;95;BR-040/RJ;Sul;Colisão Traseira;;;2;;;;;;;;2;;;;
10/03/2015;17:42:00;1381;sem vítima;101;BR-040/RJ;Norte;Colisão Lateral;;;1;1;;;;;;;2;;;;
10/03/2015;19:26:00;1389;sem vítima;110;BR-040/RJ;Norte;Colisão Traseira;2;;;;;;;;;;2;;;;
10/03/2015;17:06:00;1376;sem vítima;115;BR-040/RJ;Norte;Colisão Traseira;;;2;;1;;;;;;3;;;;
10/03/2015;06:58:00;1302;sem vítima;120;BR-040/RJ;Norte;Colisão Traseira;1;;;;1;;;;;;2;;;;
10/03/2015;14:06:00;1346;sem vítima;124;BR-040/RJ;Norte;Colisão Traseira;;;2;;;;;;;;2;;;;
11/03/2015;11:40:00;1500;sem vítima;2;BR-040/RJ;Norte;Choque - Objeto Fixo;1;;;;;;;;;;1;;;;
11/03/2015;15:51:00;1530;com vítima;4;BR-040/RJ;Sul;Capotamento;1;;;;;;;;;;0;2;;;
11/03/2015;14:17:00;1518;com vítima;54;BR-040/RJ;Sul;Choque - Objeto Fixo;1;;;;;;;;;;0;2;;;
11/03/2015;13:45:00;1516;com vítima;71;BR-040/RJ;Sul;Choque - Objeto Fixo;1;;;;;;;;;;0;1;;;
11/03/2015;16:17:00;1536;sem vítima;75;BR-040/RJ;Sul;Choque - Objeto Fixo;1;;;;;;;;;;1;;;;
11/03/2015;15:31:00;1527;sem vítima;78;BR-040/RJ;Sul;Choque - Objeto Fixo;1;;;;;;;;;;1;;;;
11/03/2015;10:27:00;1480;sem vítima;87;BR-040/RJ;Norte;Derrapagem;1;;;;;;;;;;1;;;;
11/03/2015;10:35:00;1483;sem vítima;89;BR-040/RJ;Norte;Derrapagem;1;;;;;;;;;;1;;;;
11/03/2015;12:14:00;1505;sem vítima;89;BR-040/RJ;Norte;Derrapagem;1;;;;;;;;;;1;;;;
11/03/2015;10:34:00;1482;sem vítima;90;BR-040/RJ;Norte;Derrapagem;1;;;;;;;;;;1;;;;
11/03/2015;17:53:00;1546;com vítima;105;BR-040/RJ;Norte;Atropelamento - Pedestre;;;;1;;;;;;;0;1;1;;
11/03/2015;18:20:00;1550;sem vítima;793;BR-040/MG;Sul;Choque - Objeto Fixo;1;;;;;;;;;;1;;;;
11/03/2015;12:55:00;1511;com vítima;123;BR-040/RJ;Norte;Colisão Lateral;1;;1;;;;;;;;1;;2;;
12/03/2015;14:42:00;1677;sem vítima;5;BR-040/RJ;Sul;Choque - Objeto Fixo;1;;;;;;;;;;1;;;;
12/03/2015;17:00:00;1694;com vítima;17;BR-040/RJ;Norte;Choque - Objeto Fixo;1;;;;;;;;;;0;5;;;
12/03/2015;07:46:00;1618;sem vítima;19;BR-040/RJ;Norte;Choque - Objeto Fixo;1;;;;;;;;;;1;;;;
12/03/2015;14:31:00;1676;com vítima;24;BR-040/RJ;Norte;Choque - Objeto Fixo;1;;;;;;;;;;0;2;;;
12/03/2015;11:16:00;1652;com vítima;25;BR-040/RJ;Norte;Choque - Objeto Fixo;1;;;;;;;;;;0;1;;;
12/03/2015;07:20:00;1616;sem vítima;87;BR-040/RJ;Norte;Choque - Objeto Fixo;1;;;;;;;;;;1;;;;
12/03/2015;04:49:00;1598;sem vítima;94;BR-040/RJ;Sul;Choque - Objeto Fixo;;;1;;;;;;;;1;;;;
12/03/2015;06:07:00;1606;sem vítima;110;BR-040/RJ;Sul;Engavetamento;3;;1;;;;;;;;4;;;;
12/03/2015;07:49:00;1619;sem vítima;773;BR-040/MG;Sul;Colisão Transversal;2;;;;;;;;;;2;;;;
13/03/2015;16:05:00;1837;com vítima;2;BR-040/RJ;Sul;Capotamento;1;;;;;;;;;;0;2;;;
13/03/2015;17:45:00;1852;com vítima;2;BR-040/RJ;Sul;Choque - Objeto Fixo;1;;;;;;;;;;0;2;;;
13/03/2015;23:55:00;1886;com vítima;61;BR-040/RJ;Norte;Colisão Lateral;1;;1;;;;;;;;0;3;;;
13/03/2015;19:28:00;1867;com vítima;78;BR-040/RJ;Sul;Choque - Objeto Fixo;1;;;;;;;;;;0;1;;;
13/03/2015;12:40:00;1809;com vítima;87;BR-040/RJ;Norte;Engavetamento;2;;1;;;;;;;;2;1;;;
13/03/2015;06:48:00;1759;sem vítima;91;BR-040/RJ;Norte;Choque - Objeto Fixo;1;;;;;;;;;;1;;;;
13/03/2015;20:55:00;1871;sem vítima;91;BR-040/RJ;Norte;Choque - Objeto Fixo;1;;;;;;;;;;1;;;;
13/03/2015;11:25:00;1799;com vítima;94;BR-040/RJ;Sul;Colisão Traseira;;;2;;;;;;;;1;;1;;
13/03/2015;20:07:00;1868;sem vítima;101;BR-040/RJ;Sul;Choque - Objeto Fixo;1;;;;;;;;;;1;;;;
13/03/2015;12:49:00;1810;com vítima;105;BR-040/RJ;Norte;Colisão Lateral;2;;;;;;;;;;1;1;;;
13/03/2015;09:24:00;1784;sem vítima;110;BR-040/RJ;Norte;Capotamento;2;;1;;;;;;;;3;;;;
13/03/2015;17:03:00;1849;com vítima;113;BR-040/RJ;Norte;Queda de Moto;;;;1;;;;;;;0;1;;;
13/03/2015;13:26:00;1814;sem vítima;117;BR-040/RJ;Sul;Colisão Traseira;2;;;;;;;;;;2;;;;
13/03/2015;14:06:00;1821;com vítima;789;BR-040/MG;Norte;Capotamento;1;;;;;;;;;;0;;2;1;
14/03/2015;12:30:00;1951;com vítima;4;BR-040/RJ;Norte;Queda de Moto;;;;1;;;;;;;0;1;;;
14/03/2015;13:04:00;1955;sem vítima;21;BR-040/RJ;Norte;Tombamento;;;1;;;;;;;;1;;;;
14/03/2015;16:15:00;1979;sem vítima;82;BR-040/RJ;Norte;Colisão Traseira;1;;;;;1;;;;;2;;;;
14/03/2015;18:17:00;1993;sem vítima;98;BR-040/RJ;Sul;Colisão Traseira;1;;1;;;;;;;;2;;;;
14/03/2015;00:01:00;1887;com vítima;112;BR-040/RJ;Sul;Capotamento;1;;;;;;;;;;0;;;1;
14/03/2015;19:25:00;2003;sem vítima;123;BR-040/RJ;Norte;Colisão Lateral;1;;1;;;;;;;;2;;;;
15/03/2015;22:30:00;2175;com vítima;90;BR-040/RJ;Sul;Colisão Traseira;1;;1;;;;;;;;1;1;;;
15/03/2015;08:53:00;2083;com vítima;105;BR-040/RJ;Norte;Colisão Lateral;1;;;1;;;;;;;1;1;;;
15/03/2015;07:09:00;2075;com vítima;110;BR-040/RJ;Sul;Choque - Objeto Fixo;1;;;;;;;;;;0;2;;;
15/03/2015;13:05:00;2105;sem vítima;113;BR-040/RJ;Norte;Choque - Objeto Fixo;1;;;;;;;;;;1;;;;
15/03/2015;07:50:00;2079;sem vítima;115;BR-040/RJ;Norte;Colisão Lateral;;;;2;;;;;;;2;;;;
15/03/2015;23:11:00;2179;com vítima;118;BR-040/RJ;Sul;Queda de Moto;;;;1;;;;;;;0;2;;;
15/03/2015;05:24:00;2068;sem vítima;122;BR-040/RJ;Sul;Colisão Traseira;2;;;;;;;;;;2;;;;
16/03/2015;17:45:00;2271;com vítima;55;BR-040/RJ;Sul;Capotamento;1;;;;;;;;;;0;1;;;
16/03/2015;08:18:00;2207;com vítima;94;BR-040/RJ;Norte;Queda de Moto;;;;1;;;;;;;0;1;;;
16/03/2015;13:45:00;2240;sem vítima;102;BR-040/RJ;Sul;Choque - Objeto Fixo;1;;1;;;;;;;;2;;;;
16/03/2015;19:30:00;2289;sem vítima;111;BR-040/RJ;Norte;Engavetamento;5;;;;;;;;;;5;;;;
16/03/2015;20:06:00;2298;sem vítima;111;BR-040/RJ;Norte;Engavetamento;4;;;;;;;;;;4;;;;
16/03/2015;13:35:00;2238;com vítima;113;BR-040/RJ;Norte;Colisão Lateral;1;;;1;;;;;;;1;1;;;
16/03/2015;13:48:00;2241;com vítima;784;BR-040/MG;Sul;Tombamento;1;;;;;;;;;;0;2;;;
17/03/2015;09:18:00;2356;com vítima;62;BR-040/RJ;Sul;Capotamento;1;;;;;;;;;;0;1;;;
17/03/2015;19:41:00;2435;sem vítima;72;BR-040/RJ;Norte;Colisão Traseira;2;;;;;;;;;;2;;;;