data;horario;n_da_ocorrencia;tipo_de_ocorrencia;km;trecho;sentido;tipo_de_acidente;automovel;bicicleta;caminhao;moto;onibus;outros;tracao_animal;transporte_de_cargas_especiais;trator_maquinas;utilitarios;ilesos;levemente_feridos;moderadamente_feridos;gravemente_feridos;mortos
07/09/2015;15:26:00;1065;sem vítima;75;BR-040/RJ;Norte;Choque - Objeto Fixo;1;;;;;;;;;;1;;;;
07/09/2015;16:40:00;1081;sem vítima;77;BR-040/RJ;Sul;Choque - Objeto Fixo;1;;;;;;;;;;1;;;;
07/09/2015;12:07:00;1020;sem vítima;78;BR-040/RJ;Sul;Derrapagem;1;;;;;;;;;;1;;;;
07/09/2015;12:40:00;1027;sem vítima;78;BR-040/RJ;Sul;Derrapagem;1;;;;;;;;;;1;;;;
07/09/2015;01:19:00;962;sem vítima;80;BR-040/RJ;Sul;Choque - Objeto Fixo;1;;;;;;;;;;1;;;;
07/09/2015;13:29:00;1042;sem vítima;80;BR-040/RJ;Norte;Choque - Objeto Fixo;1;;;;;;;;;;1;;;;
07/09/2015;13:43:00;1047;sem vítima;80;BR-040/RJ;Sul;Colisão Lateral;2;;;;;;;;;;2;;;;
07/09/2015;02:10:00;963;com vítima;84;BR-040/RJ;Sul;Queda de Moto;;;;1;;;;;;;0;2;;;
07/09/2015;10:57:00;1010;sem vítima;87;BR-040/RJ;Sul;Choque - Objeto Fixo;1;;;;;;;;;;1;;;;
07/09/2015;13:20:00;1044;sem vítima;90;BR-040/RJ;Norte;Colisão Traseira;2;;;;;;;;;;2;;;;
07/09/2015;14:35:00;1055;sem vítima;91;BR-040/RJ;Sul;Capotamento;1;;;;;;;;;;1;;;;
07/09/2015;18:19:00;1100;sem vítima;92;BR-040/RJ;Norte;Engavetamento;2;;;;;;;;;;2;;;;
07/09/2015;14:00:00;1049;com vítima;94;BR-040/RJ;Sul;Capotamento;1;;;;;;;;;;0;1;1;;
07/09/2015;12:55:00;1030;sem vítima;97;BR-040/RJ;Sul;Choque - Objeto Fixo;1;;;;;;;;;;1;;;;
07/09/2015;04:04:00;971;com vítima;110;BR-040/RJ;Norte;Capotamento;1;;;;;;;;;;0;;1;;
07/09/2015;12:35:00;1024;sem vítima;783;BR-040/MG;Norte;Choque - Objeto Fixo;1;;;;;;;;;;1;;;;
07/09/2015;13:15:00;1033;sem vítima;787;BR-040/MG;Norte;Capotamento;1;;;;;;;;;;1;;;;
07/09/2015;15:28:00;1066;com vítima;790;BR-040/MG;Sul;Colisão Lateral;3;;;;;;;;;;1;7;;;
07/09/2015;11:14:00;1011;com vítima;801;BR-040/MG;Sul;Capotamento;1;;;;;;;;;;0;3;;;
07/09/2015;16:32:00;1080;sem vítima;823;BR-040/MG;Sul;Choque - Objeto Fixo;1;;;;;;;;;;1;;;;
08/09/2015;09:15:00;1213;sem vítima;2;BR-040/RJ;Norte;Choque - Objeto Fixo;1;;;;;;;;;;1;;;;
08/09/2015;08:16:00;1198;sem vítima;4;BR-040/RJ;Sul;Choque - Objeto Fixo;1;;;;;;;;;;1;;;;
08/09/2015;09:03:00;1205;sem vítima;34;BR-040/RJ;Norte;Colisão Lateral;3;;;;;1;;;;;4;;;;
08/09/2015;09:34:00;1208;com vítima;38;BR-040/RJ;Norte;Choque - Objeto Fixo;1;;;;;;;;;;0;;4;;
08/09/2015;08:37:00;1202;com vítima;43;BR-040/RJ;Norte;Choque - Objeto Fixo;1;;;;;;;;;;0;4;1;;
08/09/2015;08:12:00;1197;sem vítima;77;BR-040/RJ;Sul;Choque - Objeto Fixo;1;;;;;;;;;;1;;;;
08/09/2015;22:40:00;1284;sem vítima;80;BR-040/RJ;Sul;Colisão Traseira;1;;;;;1;;;;;2;;;;
08/09/2015;17:33:00;1254;com vítima;84;BR-040/RJ;Sul;Colisão Traseira;;;2;;;;;;;;0;3;;;
08/09/2015;18:35:00;1261;sem vítima;89;BR-040/RJ;Norte;Choque - Objeto Fixo;1;;;;;;;;;;1;;;;
08/09/2015;07:55:00;1196;com vítima;92;BR-040/RJ;Sul;Capotamento;1;;;;;;;;;;0;4;;;
08/09/2015;23:32:00;1290;sem vítima;92;BR-040/RJ;Norte;Choque - Objeto Fixo;1;;;;;;;;;;1;;;;
08/09/2015;06:02:00;1185;sem vítima;102;BR-040/RJ;Sul;Colisão Traseira;1;;1;;;;;;;;2;;;;
08/09/2015;06:44:00;1189;com vítima;114;BR-040/RJ;Sul;Colisão Traseira;;;;;2;;;;;;1;3;;;
08/09/2015;23:00:00;1288;com vítima;121;BR-040/RJ;Norte;Queda de Moto;;;;1;;;;;;;0;1;;;
09/09/2015;09:53:00;1341;com vítima;34;BR-040/RJ;Norte;Capotamento;1;;;;;;;;;;0;1;;;
09/09/2015;14:23:00;1374;com vítima;36;BR-040/RJ;Sul;Capotamento;1;;;;;;;;;;0;1;;;
09/09/2015;10:37:00;1349;sem vítima;78;BR-040/RJ;Sul;Choque - Objeto Fixo;1;;;;;;;;;;1;;;;
09/09/2015;06:55:00;1320;sem vítima;92;BR-040/RJ;Norte;Choque - Objeto Fixo;1;;;;;;;;;;1;;;;
09/09/2015;02:35:00;1300;com vítima;95;BR-040/RJ;Sul;Derrapagem;1;;;;;;;;;;0;1;;;
09/09/2015;01:53:00;1298;sem vítima;106;BR-040/RJ;Norte;Choque - Objeto Fixo;1;;;;;;;;;;1;;;;
09/09/2015;17:58:00;1413;sem vítima;110;BR-040/RJ;Norte;Engavetamento;3;;;;;;;;;;3;;;;
09/09/2015;04:10:00;1305;sem vítima;114;BR-040/RJ;Sul;Derrapagem;1;;;;;;;;;;1;;;;
09/09/2015;08:28:00;1327;com vítima;776;BR-040/MG;Sul;Choque - Objeto Fixo;1;;;;;;;;;;0;1;;;
09/09/2015;18:49:00;1418;sem vítima;804;BR-040/MG;Sul;Colisão Traseira;;;2;;;;;;;;2;;;;
09/09/2015;15:12:00;1383;sem vítima;122;BR-040/RJ;Sul;Queda de Moto;;;;1;;;;;;;1;;;;
09/09/2015;19:54:00;1421;com vítima;122;BR-040/RJ;Norte;Atropelamento - Pedestre;;;;;;1;;;;;1;;1;;
09/09/2015;05:46:00;1314;com vítima;123;BR-040/RJ;Sul;Queda de Moto;;;;1;;1;;;;;1;1;;;
09/09/2015;22:57:00;1439;com vítima;123;BR-040/RJ;Norte;Choque - Objeto Fixo;;;1;;;;;;;;0;1;;;
09/09/2015;14:51:00;1380;sem vítima;124;BR-040/RJ;Sul;Colisão Lateral;1;;;;1;;;;;;2;;;;
10/09/2015;09:37:00;1482;com vítima;1;BR-040/RJ;Sul;Choque - Objeto Fixo;1;;;;;;;;;;0;1;;;
10/09/2015;23:05:00;1592;sem vítima;1;BR-040/RJ;Norte;Choque - Objeto Fixo;1;;;;;;;;;;1;;;;
10/09/2015;11:52:00;1504;sem vítima;5;BR-040/RJ;Sul;Choque - Objeto Fixo;1;;;;;;;;;;1;;;;
10/09/2015;11:35:00;1502;com vítima;11;BR-040/RJ;Sul;Choque - Objeto Fixo;;;1;;;;;;;;0;;1;;
10/09/2015;13:21:00;1518;com vítima;34;BR-040/RJ;Norte;Choque - Objeto Fixo;1;;;;;;;;;;0;1;;;
10/09/2015;15:50:00;1541;sem vítima;34;BR-040/RJ;Norte;Choque - Objeto Fixo;1;;;;;;;;;;1;;;;
10/09/2015;15:12:00;1537;com vítima;62;BR-040/RJ;Norte;Colisão Lateral;2;;;;;;;;;;0;3;;;
10/09/2015;12:29:00;1515;sem vítima;78;BR-040/RJ;Sul;Colisão Lateral;;;2;;;;;;;;2;;;;
10/09/2015;15:38:00;1540;sem vítima;79;BR-040/RJ;Sul;Choque - Objeto Fixo;;;1;;;;;;;;1;;;;
10/09/2015;08:42:00;1474;sem vítima;82;BR-040/RJ;Sul;Choque - Objeto Fixo;1;;;;;;;;;;1;;;;
10/09/2015;07:27:00;1462;sem vítima;96;BR-040/RJ;Norte;Tombamento;1;;;;;;;;;;1;;;;
10/09/2015;09:30:00;1486;sem vítima;106;BR-040/RJ;Norte;Colisão Traseira;1;;1;;;;;;;;2;;;;
10/09/2015;08:52:00;1473;sem vítima;793;BR-040/MG;Sul;Choque - Objeto Fixo;1;;;;;;;;;;1;;;;
10/09/2015;12:00:00;1507;com vítima;828;BR-040/MG;Sul;Choque - Objeto Fixo;1;;;;;;;;;;0;1;;;
10/09/2015;15:20:00;1538;com vítima;120;BR-040/RJ;Sul;Colisão Frontal;;1;1;1;;;;;;;1;2;1;;
10/09/2015;07:38:00;1465;sem vítima;121;BR-040/RJ;Norte;Choque - Objeto Fixo;1;;;;;;;;;;1;;;;
10/09/2015;17:49:00;1555;sem vítima;121;BR-040/RJ;Sul;Engavetamento;5;;;;;;;;;;5;;;;
11/09/2015;15:44:00;1688;sem vítima;1;BR-040/RJ;Norte;Choque - Objeto Fixo;1;;;;;;;;;;1;;;;
11/09/2015;16:05:00;1693;sem vítima;1;BR-040/RJ;Sul;Choque - Objeto Fixo;1;;;;;;;;;;1;;;;
11/09/2015;17:42:00;1709;sem vítima;1;BR-040/RJ;Norte;Engavetamento;2;;1;;;;;;;;3;;;;
11/09/2015;14:40:00;1667;sem vítima;8;BR-040/RJ;Norte;Choque - Objeto Fixo;1;;;;;;;;;;1;;;;
11/09/2015;17:47:00;1707;sem vítima;31;BR-040/RJ;Norte;Choque - Objeto Fixo;1;;;;;;;;;;1;;;;
11/09/2015;10:58:00;1644;com vítima;34;BR-040/RJ;Norte;Choque - Objeto Fixo;1;;;;;;;;;;0;1;;;
11/09/2015;04:43:00;1607;com vítima;44;BR-040/RJ;Norte;Colisão Traseira;;;2;;;;;;;;0;2;;;
11/09/2015;12:45:00;1655;sem vítima;78;BR-040/RJ;Sul;Choque - Objeto Fixo;1;;;;;;;;;;1;;;;
11/09/2015;21:45:00;1735;sem vítima;91;BR-040/RJ;Norte;Choque - Objeto Fixo;1;;;;;;;;;;1;;;;
11/09/2015;11:53:00;1652;com vítima;93;BR-040/RJ;Sul;Capotamento;1;;;;;;;;;;0;1;1;;
11/09/2015;19:29:00;1721;com vítima;105;BR-040/RJ;Norte;Atropelamento - Pedestre;;;1;;;;;;;;1;;1;;
11/09/2015;15:20:00;1682;sem vítima;109;BR-040/RJ;Sul;Engavetamento;3;;;;;;;;;;3;;;;
11/09/2015;07:26:00;1618;com vítima;112;BR-040/RJ;Norte;Colisão Traseira;;1;1;;;;;;;;1;;1;;
11/09/2015;16:34:00;1697;sem vítima;776;BR-040/MG;Sul;Choque - Objeto Fixo;1;;;;;;;;;;1;;;;
11/09/2015;12:35:00;1656;sem vítima;792;BR-040/MG;Sul;Choque - Objeto Fixo;1;;;;;;;;;;1;;;;
11/09/2015;15:14:00;1681;com vítima;793;BR-040/MG;Sul;Choque - Objeto Fixo;1;;;;;;;;;;0;1;;;
11/09/2015;14:58:00;1673;com vítima;794;BR-040/MG;Sul;Choque - Objeto Fixo;1;;;;;;;;;;0;;1;;
11/09/2015;14:55:00;1679;com vítima;824;BR-040/MG;Sul;Choque - Objeto Fixo;1;;;;;;;;;;0;1;2;;
11/09/2015;20:50:00;1731;sem vítima;121;BR-040/RJ;Sul;Choque - Objeto Fixo;1;;;;;1;;;;;2;;;;
11/09/2015;10:44:00;1639;sem vítima;123;BR-040/RJ;Sul;Colisão Lateral;1;;1;;;;;;;;2;;;;
11/09/2015;11:46:00;1654;sem vítima;123;BR-040/RJ;Sul;Colisão Lateral;1;;1;;;;;;;;2;;;;
12/09/2015;00:19:00;1747;sem vítima;55;BR-040/RJ;Norte;Choque - Objeto Fixo;1;;;;;;;;;;1;;;;
12/09/2015;02:34:00;1760;com vítima;62;BR-040/RJ;Norte;Capotamento;1;;;;;;;;;;0;1;;;
12/09/2015;09:25:00;1793;sem vítima;84;BR-040/RJ;Norte;Choque - Objeto Fixo;1;;;;;;;;;;1;;;;
12/09/2015;12:36:00;1823;sem vítima;90;BR-040/RJ;Norte;Derrapagem;1;;;;;;;;;;1;;;;
12/09/2015;07:48:00;1782;sem vítima;91;BR-040/RJ;Sul;Derrapagem;1;;;;;;;;;;1;;;;
12/09/2015;14:45:00;1846;sem vítima;91;BR-040/RJ;Norte;Derrapagem;1;;;;;;;;;;1;;;;
12/09/2015;18:44:00;1886;sem vítima;94;BR-040/RJ;Sul;Choque - Objeto Fixo;1;;;;;;;;;;1;;;;
12/09/2015;18:50:00;1887;sem vítima;105;BR-040/RJ;Sul;Colisão Lateral;2;;;;;;;;;;2;;;;
12/09/2015;20:25:00;1899;com vítima;109;BR-040/RJ;Sul;Colisão Lateral;1;;1;;;;;;;;1;4;;;
12/09/2015;19:38:00;1894;com vítima;111;BR-040/RJ;Sul;Colisão Traseira;2;;;;;;;;;;0;5;;;
12/09/2015;23:44:00;1914;sem vítima;117;BR-040/RJ;Norte;Colisão Traseira;2;;;;;1;;;;;3;;;;
12/09/2015;12:40:00;1826;com vítima;792;BR-040/MG;Sul;Capotamento;1;;;;;;;;;;0;2;;;
12/09/2015;03:09:00;1764;sem vítima;118;BR-040/RJ;Sul;Choque - Objeto Fixo;1;;;;;;;;;;1;;;;
12/09/2015;09:01:00;1789;com vítima;823;BR-040/MG;Norte;Choque - Objeto Fixo;1;;;;;;;;;;0;5;;;
12/09/2015;12:01:00;1818;sem vítima;828;BR-040/MG;Norte;Choque - Objeto Fixo;1;;;;;;;;;;1;;;;
13/09/2015;10:28:00;1968;sem vítima;0;BR-040/RJ;Sul;Choque - Objeto Fixo;1;;;;;;;;;;1;;;;
13/09/2015;15:17:00;2003;com vítima;34;BR-040/RJ;Norte;Capotamento;1;;;;;;;;;;0;2;;;
13/09/2015;16:49:00;2015;com vítima;43;BR-040/RJ;Norte;Colisão Traseira;1;;1;;;;;;;;0;3;;;
13/09/2015;16:17:00;2011;sem vítima;72;BR-040/RJ;Sul;Colisão Traseira;2;;;;;;;;;;2;;;;
13/09/2015;05:25:00;1938;sem vítima;75;BR-040/RJ;Sul;Choque - Objeto Fixo;;;;;1;;;;;;1;;;;
13/09/2015;13:19:00;1986;sem vítima;92;BR-040/RJ;Sul;Choque - Objeto Fixo;1;;;;;;;;;;1;;;;
13/09/2015;06:35:00;1943;sem vítima;104;BR-040/RJ;Sul;Queda de Moto;;;;1;;;;;;;1;;;;
13/09/2015;19:21:00;2034;com vítima;104;BR-040/RJ;Sul;Choque - Objeto Fixo;1;;;;;;;;;;0;2;;;
13/09/2015;02:13:00;1930;sem vítima;105;BR-040/RJ;Norte;Choque - Objeto Fixo;1;;;;;;;;;;1;;;;
13/09/2015;15:57:00;2007;sem vítima;109;BR-040/RJ;Norte;Colisão Traseira;1;;;;;1;;;;;2;;;;
13/09/2015;06:44:00;1945;sem vítima;113;BR-040/RJ;Norte;Colisão Traseira;2;;;;;;;;;;2;;;;
13/09/2015;17:20:00;2019;sem vítima;113;BR-040/RJ;Norte;Colisão Traseira;2;;;;;;;;;;2;;;;
13/09/2015;08:02:00;1953;sem vítima;114;BR-040/RJ;Norte;Choque - Objeto Fixo;1;;;;;;;;;;1;;;;
13/09/2015;16:39:00;2013;sem vítima;116;BR-040/RJ;Sul;Derrapagem;1;;;;;;;;;;1;;;;
13/09/2015;00:00:00;1921;com vítima;785;BR-040/MG;Sul;Choque - Objeto Fixo;1;;;;;;;;;;0;1;;;
13/09/2015;07:40:00;1951;sem vítima;786;BR-040/MG;Norte;Choque - Objeto Fixo;1;;;;;;;;;;1;;;;
13/09/2015;19:19:00;2033;sem vítima;794;BR-040/MG;Norte;Choque - Objeto Fixo;1;;;;;;;;;;1;;;;
13/09/2015;13:45:00;1989;sem vítima;810;BR-040/MG;Norte;Tombamento;;;1;;;;;;;;1;;;;
14/09/2015;01:20:00;2077;com vítima;8;BR-040/RJ;Norte;Capotamento;1;;;;;;;;;;0;4;;;
14/09/2015;06:07:00;2098;sem vítima;76;BR-040/RJ;Norte;Choque - Objeto Fixo;1;;;;;;;;;;1;;;;
14/09/2015;13:26:00;2147;com vítima;93;BR-040/RJ;Sul;Capotamento;1;;;;;;;;;;0;1;;;
14/09/2015;15:02:00;2160;sem vítima;116;BR-040/RJ;Sul;Colisão Lateral;1;;1;;;;;;;;2;;;;
14/09/2015;20:32:00;2202;com vítima;781;BR-040/MG;Sul;Tombamento;;;1;;;;;;;;0;1;;;
14/09/2015;14:27:00;2150;com vítima;812;BR-040/MG;Norte;Derrapagem;1;;;;;;;;;;0;1;;;
14/09/2015;06:05:00;2097;sem vítima;122;BR-040/RJ;Norte;Choque - Objeto Fixo;1;;;;;;;;;;1;;;;
14/09/2015;18:26:00;2185;sem vítima;123;BR-040/RJ;Norte;Colisão Lateral;1;;1;;;;;;;;2;;;;
14/09/2015;02:19:00;2080;sem vítima;124;BR-040/RJ;Norte;Choque - Objeto Fixo;1;;;;;;;;;;1;;;;
15/09/2015;20:59:00;2370;sem vítima;9;BR-040/RJ;Sul;Atropelamento - Animal;;;;;1;;;;;;1;;;;
15/09/2015;21:59:00;2376;sem vítima;106;BR-040/RJ;Norte;Colisão Traseira;1;;;;;1;;;;;2;;;;
15/09/2015;00:50:00;2219;sem vítima;111;BR-040/RJ;Norte;Choque - Objeto Fixo;1;;;;;;;;;;1;;;;
15/09/2015;12:27:00;2293;sem vítima;112;BR-040/RJ;Sul;Colisão Traseira;2;;;;;;;;;;2;;;;
15/09/2015;08:04:00;2254;sem vítima;801;BR-040/MG;Sul;Choque - Objeto Fixo;1;;;;;;;;;;1;;;;
15/09/2015;07:45:00;2253;sem vítima;124;BR-040/RJ;Norte;Colisão Traseira;2;;;;;;;;;;2;;;;
16/09/2015;21:08:00;2541;com vítima;83;BR-040/RJ;Sul;Queda de Moto;;;;1;;;;;;;0;;1;;
16/09/2015;23:15:00;2562;sem vítima;89;BR-040/RJ;Norte;Colisão Traseira;1;;;;1;;;;;;2;;;;
16/09/2015;13:05:00;2475;sem vítima;106;BR-040/RJ;Sul;Colisão Traseira;2;;;;;;;;;;2;;;;
17/09/2015;13:50:00;2654;sem vítima;54;BR-040/RJ;Sul;Choque - Objeto Fixo;1;;;;;;;;;;1;;;;
17/09/2015;20:12:00;2736;sem vítima;66;BR-040/RJ;Norte;Choque - Objeto Fixo;1;;;;;;;;;;1;;;;
17/09/2015;00:50:00;2568;sem vítima;76;BR-040/RJ;Sul;Choque - Objeto Fixo;1;;;;;;;;;;1;;;;
17/09/2015;10:40:00;2626;sem vítima;96;BR-040/RJ;Sul;Choque - Objeto Fixo;1;;;;;;;;;;1;;;;
17/09/2015;08:33:00;2604;sem vítima;100;BR-040/RJ;Norte;Colisão Frontal;1;;;;1;;;;;;2;;;;
17/09/2015;08:08:00;2601;sem vítima;101;BR-040/RJ;Norte;Derrapagem;1;;;;;;;;;;1;;;;
17/09/2015;07:16:00;2592;com vítima;780;BR-040/MG;Sul;Colisão Traseira;1;;1;;;;;;;;1;4;1;;
17/09/2015;17:02:00;2696;sem vítima;121;BR-040/RJ;Sul;Colisão Lateral;;;;;1;1;;;;;2;;;;
17/09/2015;02:50:00;2574;sem vítima;122;BR-040/RJ;Norte;Colisão Traseira;1;;;1;;;;;;;2;;;;
18/09/2015;00:25:00;2758;com vítima;74;BR-040/RJ;Sul;Queda de Moto;;;;1;;;;;;;0;1;;;
18/09/2015;12:28:00;2841;sem vítima;89;BR-040/RJ;Norte;Capotamento;1;;;;;;;;;;1;;;;
18/09/2015;09:18:00;2815;com vítima;107;BR-040/RJ;Norte;Atropelamento - Pedestre;1;1;;;;;;;;;1;;1;;
18/09/2015;16:34:00;2889;sem vítima;110;BR-040/RJ;Norte;Colisão Lateral;1;;1;;;;;;;;2;;;;
18/09/2015;05:35:00;2781;com vítima;112;BR-040/RJ;Sul;Queda de Moto;;;;1;;;;;;;0;2;;;
18/09/2015;06:40:00;2790;sem vítima;113;BR-040/RJ;Sul;Engavetamento;3;;;;;;;;;;3;;;;
18/09/2015;22:24:00;2945;com vítima;778;BR-040/MG;Norte;Capotamento;1;;;;;;;;;;0;1;;;
18/09/2015;15:15:00;2874;sem vítima;118;BR-040/RJ;Norte;Colisão Traseira;1;;;;;1;;;;;2;;;;
18/09/2015;20:03:00;2927;sem vítima;121;BR-040/RJ;Norte;Colisão Traseira;1;;;;1;;;;;;2;;;;
18/09/2015;08:08:00;2803;sem vítima;123;BR-040/RJ;Sul;Colisão Lateral;1;;1;;;;;;;;2;;;;
18/09/2015;08:30:00;2808;com vítima;124;BR-040/RJ;Sul;Colisão Lateral;1;;;1;;;;;;;1;;1;;
19/09/2015;13:05:00;3027;sem vítima;73;BR-040/RJ;Sul;Derrapagem;1;;;;;;;;;;1;;;;
19/09/2015;18:58:00;3073;com vítima;81;BR-040/RJ;Sul;Choque - Objeto Fixo;1;;;;;;;;;;0;3;;;
19/09/2015;14:46:00;3039;sem vítima;92;BR-040/RJ;Norte;Colisão Lateral;;;2;;;;;;;;2;;;;
19/09/2015;13:04:00;3024;sem vítima;109;BR-040/RJ;Sul;Colisão Traseira;2;;;;;;;;;;2;;;;
19/09/2015;13:04:00;3029;sem vítima;109;BR-040/RJ;Sul;Colisão Traseira;2;;;;;;;;;;2;;;;
19/09/2015;15:09:00;3045;sem vítima;109;BR-040/RJ;Sul;Colisão Traseira;2;;;;;;;;;;2;;;;
19/09/2015;14:54:00;3041;sem vítima;110;BR-040/RJ;Sul;Colisão Lateral;1;;1;;;;;;;;2;;;;
19/09/2015;10:28:00;3007;com vítima;114;BR-040/RJ;Norte;Colisão Lateral;1;;;;;;;;;;0;1;;;
19/09/2015;13:44:00;3032;sem vítima;816;BR-040/MG;Sul;Colisão Lateral;1;;1;;;;;;;;2;;;;
19/09/2015;03:40:00;2969;com vítima;120;BR-040/RJ;Sul;Choque - Objeto Fixo;1;;;;;;;;;;0;;2;;
20/09/2015;07:32:00;3139;sem vítima;7;BR-040/RJ;Norte;Choque - Objeto Fixo;1;;;;;;;;;;1;;;;
20/09/2015;12:23:00;3157;com vítima;29;BR-040/RJ;Norte;Choque - Objeto Fixo;1;;;;;;;;;;0;2;;;
20/09/2015;12:41:00;3158;com vítima;89;BR-040/RJ;Sul;Queda de Moto;;;;1;;;;;;;0;1;;;
20/09/2015;08:13:00;3141;com vítima;94;BR-040/RJ;Norte;Queda de Moto;;;;1;;;;;;;0;1;;;
20/09/2015;13:59:00;3170;sem vítima;109;BR-040/RJ;Norte;Colisão Traseira;2;;;;;;;;;;2;;;;
20/09/2015;13:21:00;3165;sem vítima;119;BR-040/RJ;Sul;Engavetamento;3;;;;;;;;;;3;;;;
20/09/2015;15:07:00;3180;sem vítima;120;BR-040/RJ;Norte;Choque - Objeto Fixo;1;;;;;;;;;;1;;;;
21/09/2015;19:49:00;3371;sem vítima;70;BR-040/RJ;Sul;Colisão Lateral;;;2;;;;;;;;2;;;;
21/09/2015;17:25:00;3355;sem vítima;121;BR-040/RJ;Norte;Colisão Lateral;1;;1;;;;;;;;2;;;;
22/09/2015;23:50:00;3561;sem vítima;69;BR-040/RJ;Sul;Choque - Objeto Fixo;1;;;;;;;;;;1;;;;
22/09/2015;16:40:00;3501;sem vítima;101;BR-040/RJ;Sul;Derrapagem;;;;1;;;;;;;1;;;;
22/09/2015;18:41:00;3525;com vítima;111;BR-040/RJ;Norte;Queda de Moto;;;;1;;;;;;;0;;1;;
22/09/2015;10:30:00;3453;sem vítima;113;BR-040/RJ;Norte;Colisão Traseira;2;;;;;;;;;;2;;;;
22/09/2015;01:36:00;3401;com vítima;798;BR-040/MG;Norte;Colisão Traseira;1;;1;;;;;;;;1;1;;;2
22/09/2015;19:01:00;3529;com vítima;118;BR-040/RJ;Sul;Colisão Traseira;1;;1;;;;;;;;1;1;;;
23/09/2015;00:25:00;3566;sem vítima;59;BR-040/RJ;Sul;Capotamento;1;;;;;;;;;;1;;;;
23/09/2015;13:44:00;3631;com vítima;115;BR-040/RJ;Sul;Queda de Moto;;;;1;;;;;;;0;;;;1
23/09/2015;17:15:00;3652;sem vítima;121;BR-040/RJ;Sul;Colisão Traseira;2;;;;;;;;;;2;;;;
24/09/2015;19:06:00;3849;com vítima;44;BR-040/RJ;Sul;Colisão Traseira;1;;1;;;;;;;;1;2;;;
24/09/2015;04:47:00;3712;sem vítima;70;BR-040/RJ;Sul;Colisão Traseira;;;2;;;;;;;;2;;;;
24/09/2015;04:12:00;3709;sem vítima;86;BR-040/RJ;Norte;Choque - Objeto Fixo;;;1;;;;;;;;1;;;;
24/09/2015;14:44:00;3799;sem vítima;94;BR-040/RJ;Sul;Derrapagem;;;1;;;;;;;;1;;;;
24/09/2015;16:58:00;3826;com vítima;118;BR-040/RJ;Norte;Tombamento;;;1;;;;;;;;0;2;;;
25/09/2015;07:45:00;3902;sem vítima;0;BR-040/RJ;Norte;Tombamento;;;1;;;;;;;;2;;;;
25/09/2015;12:03:00;3940;sem vítima;76;BR-040/RJ;Sul;Colisão Traseira;2;;;;;;;;;;2;;;;
25/09/2015;20:00:00;4021;sem vítima;82;BR-040/RJ;Norte;Choque - Objeto Fixo;1;;;;;;;;;;1;;;;
25/09/2015;20:46:00;4026;sem vítima;98;BR-040/RJ;Norte;Queda de Moto;;;;1;;;;;;;1;;;;
25/09/2015;20:14:00;4022;sem vítima;109;BR-040/RJ;Sul;Colisão Lateral;1;;1;;;;;;;;2;;;;
25/09/2015;09:23:00;3916;com vítima;110;BR-040/RJ;Norte;Atropelamento - Pedestre;1;;;;;;;;;;1;;1;;
25/09/2015;09:35:00;3917;sem vítima;110;BR-040/RJ;Norte;Colisão Traseira;2;;;;;;;;;;2;;;;
25/09/2015;15:50:00;3979;sem vítima;119;BR-040/RJ;Norte;Colisão Lateral;1;;1;;;;;;;;2;;;;
26/09/2015;16:32:00;4151;com vítima;54;BR-040/RJ;Sul;Colisão Lateral;1;;1;;;;;;;;0;4;;;
26/09/2015;06:14:00;4077;com vítima;68;BR-040/RJ;Norte;Capotamento;1;;;;;;;;;;0;5;;;
26/09/2015;05:48:00;4075;sem vítima;77;BR-040/RJ;Sul;Choque - Objeto Fixo;1;;;;;;;;;;1;;;;
26/09/2015;19:56:00;4170;sem vítima;80;BR-040/RJ;Norte;Colisão Traseira;2;;;;;;;;;;2;;;;
26/09/2015;15:03:00;4141;sem vítima;84;BR-040/RJ;Sul;Derrapagem;;;;1;;;;;;;1;;;;
26/09/2015;12:42:00;4120;com vítima;87;BR-040/RJ;Norte;Colisão Lateral;;;;2;;;;;;;0;4;;;
26/09/2015;18:30:00;4162;com vítima;105;BR-040/RJ;Sul;Colisão Traseira;1;;;1;;;;;;;1;;1;;
26/09/2015;05:48:00;4074;sem vítima;122;BR-040/RJ;Sul;Colisão Lateral;1;;1;;;;;;;;2;;;;
26/09/2015;15:35:00;4144;sem vítima;124;BR-040/RJ;Sul;Choque - Objeto Fixo;1;;;;;;;;;;1;;;;
27/09/2015;10:17:00;4221;sem vítima;26;BR-040/RJ;Norte;Choque - Objeto Fixo;1;;;;;;;;;;1;;;;
27/09/2015;20:32:00;4305;com vítima;55;BR-040/RJ;Sul;Colisão Lateral;1;;1;;;;;;;;0;6;;;
27/09/2015;21:31:00;4313;com vítima;58;BR-040/RJ;Norte;Colisão Traseira;1;;;;;1;;;;;1;2;;;
27/09/2015;21:55:00;4322;com vítima;66;BR-040/RJ;Sul;Choque - Objeto Fixo;1;;;;;;;;;;0;1;;;
27/09/2015;10:32:00;4226;com vítima;75;BR-040/RJ;Norte;Queda de Moto;;;;1;;;;;;;0;1;1;;
27/09/2015;10:18:00;4222;com vítima;81;BR-040/RJ;Norte;Queda de Moto;;;;1;;;;;;;0;2;;;
27/09/2015;14:01:00;4251;com vítima;85;BR-040/RJ;Sul;Queda de Moto;;;;1;;;;;;;0;1;1;;