data;horario;n_da_ocorrencia;tipo_de_ocorrencia;km;trecho;sentido;tipo_de_acidente;automovel;bicicleta;caminhao;moto;onibus;outros;tracao_animal;transporte_de_cargas_especiais;trator_maquinas;utilitarios;ilesos;levemente_feridos;moderadamente_feridos;gravemente_feridos;mortos
27/09/2015;22:22:00;4326;sem vítima;85;BR-040/RJ;Norte;Queda de Moto;1;;;;;;;;;;1;;;;
27/09/2015;00:12:00;4188;com vítima;86;BR-040/RJ;Sul;Queda de Moto;;;;1;;;;;;;0;1;;;
27/09/2015;15:43:00;4259;com vítima;95;BR-040/RJ;Sul;Queda de Moto;;;;1;;;;;;;0;1;;;
27/09/2015;11:38:00;4238;com vítima;97;BR-040/RJ;Sul;Queda de Moto;;;;1;;;;;;;0;2;;;
27/09/2015;12:27:00;4242;sem vítima;109;BR-040/RJ;Norte;Choque - Objeto Fixo;1;;;;;;;;;;1;;;;
27/09/2015;21:50:00;4319;com vítima;109;BR-040/RJ;Norte;Queda de Moto;;;;1;;;;;;;0;;1;;
27/09/2015;22:59:00;4330;com vítima;113;BR-040/RJ;Norte;Colisão Lateral;2;;;;;;;;;;1;;1;;
27/09/2015;03:29:00;4193;com vítima;120;BR-040/RJ;Norte;Queda de Moto;;;;1;;;;;;;0;;1;;
27/09/2015;18:26:00;4288;com vítima;123;BR-040/RJ;Sul;Capotamento;1;;;;;;;;;;0;3;;;
28/09/2015;11:01:00;4388;com vítima;34;BR-040/RJ;Sul;Choque - Objeto Fixo;1;;;;;;;;;;0;1;;;
28/09/2015;08:10:00;4365;sem vítima;77;BR-040/RJ;Norte;Choque - Objeto Fixo;;;1;;;;;;;;1;;;;
28/09/2015;12:47:00;4407;sem vítima;78;BR-040/RJ;Sul;Choque - Objeto Fixo;1;;;;;;;;;;1;;;;
28/09/2015;12:33:00;4402;com vítima;80;BR-040/RJ;Sul;Choque - Objeto Fixo;1;;;;;;;;;;0;3;;;
28/09/2015;16:39:00;4429;com vítima;83;BR-040/RJ;Norte;Choque - Objeto Fixo;1;;;;;;;;;;0;2;;;
28/09/2015;01:10:00;4335;com vítima;109;BR-040/RJ;Norte;Capotamento;1;;;;;;;;;;0;2;2;;
28/09/2015;11:45:00;4398;sem vítima;805;BR-040/MG;Sul;Colisão Traseira;;;2;;;;;;;;2;;;;
28/09/2015;12:01:00;4397;sem vítima;120;BR-040/RJ;Norte;Colisão Traseira;1;;1;;;;;;;;2;;;;
29/09/2015;21:24:00;4595;com vítima;4;BR-040/RJ;Sul;Queda de Moto;;;;1;;;;;;;0;1;;;
29/09/2015;06:58:00;4491;com vítima;17;BR-040/RJ;Norte;Atropelamento - Pedestre;;1;1;;;;;;;;1;;1;;
29/09/2015;06:41:00;4488;com vítima;75;BR-040/RJ;Norte;Choque - Objeto Fixo;;;1;;;;;;;;0;;1;;
29/09/2015;09:52:00;4507;sem vítima;108;BR-040/RJ;Sul;Colisão Lateral;1;;1;;;;;;;;2;;;;
30/09/2015;10:24:00;4656;sem vítima;39;BR-040/RJ;Sul;Capotamento;1;;;;;;;;;;1;;;;
30/09/2015;15:37:00;4680;sem vítima;77;BR-040/RJ;Sul;Choque - Objeto Fixo;1;;;;;;;;;;1;;;;
30/09/2015;03:40:00;4623;sem vítima;78;BR-040/RJ;Sul;Choque - Objeto Fixo;1;;;;;;;;;;1;;;;
30/09/2015;18:31:00;4716;sem vítima;84;BR-040/RJ;Sul;Engavetamento;2;;;;;1;;;;;3;;;;
30/09/2015;16:07:00;4687;sem vítima;87;BR-040/RJ;Sul;Choque - Objeto Fixo;1;;;;;;;;;;1;;;;
30/09/2015;17:26:00;4703;sem vítima;93;BR-040/RJ;Sul;Choque - Objeto Fixo;1;;;;;;;;;;1;;;;
30/09/2015;20:20:00;4737;com vítima;93;BR-040/RJ;Sul;Capotamento;1;;;;;;;;;;0;3;;;
30/09/2015;12:05:00;4660;sem vítima;95;BR-040/RJ;Norte;Colisão Lateral;1;;1;;;;;;;;2;;;;
30/09/2015;19:29:00;4729;com vítima;104;BR-040/RJ;Sul;Colisão Traseira;1;;;;1;;;;;;0;12;;;
30/09/2015;18:11:00;4711;sem vítima;109;BR-040/RJ;Norte;Colisão Lateral;1;;1;;;;;;;;2;;;;
30/09/2015;19:44:00;4732;com vítima;792;BR-040/MG;Norte;Choque - Objeto Fixo;1;;;;;;;;;;0;1;;;
30/09/2015;08:13:00;4639;sem vítima;120;BR-040/RJ;Sul;Choque - Objeto Fixo;1;;;;;;;;;;1;;;;
30/09/2015;20:15:00;4735;com vítima;124;BR-040/RJ;Norte;Capotamento;1;;;;;;;;;;0;2;;;
01/10/2015;08:40:00;39;sem vítima;24;BR-040/RJ;Sul;Tombamento;;;1;;;;;;;;1;;;;
01/10/2015;01:24:00;2;sem vítima;30;BR-040/RJ;Sul;Derrapagem;1;;;;;;;;;;1;;;;
01/10/2015;18:40:00;114;sem vítima;83;BR-040/RJ;Sul;Colisão Traseira;1;;;;;1;;;;;2;;;;
01/10/2015;00:16:00;1;sem vítima;84;BR-040/RJ;Sul;Choque - Objeto Fixo;1;;;;;;;;;;1;;;;
01/10/2015;17:55:00;110;sem vítima;84;BR-040/RJ;Norte;Choque - Objeto Fixo;1;;;;;;;;;;1;;;;
01/10/2015;08:20:00;35;sem vítima;91;BR-040/RJ;Sul;Choque - Objeto Fixo;1;;;;;;;;;;1;;;;
01/10/2015;17:29:00;106;sem vítima;91;BR-040/RJ;Norte;Queda de Moto;;;;1;;;;;;;1;;;;
01/10/2015;23:26:00;136;sem vítima;93;BR-040/RJ;Norte;Choque - Objeto Fixo;;;1;;;;;;;;1;;;;
01/10/2015;08:31:00;36;com vítima;103;BR-040/RJ;Norte;Atropelamento - Pedestre;;;;;;1;;;;;1;;;1;
01/10/2015;15:07:00;77;com vítima;783;BR-040/MG;Sul;Queda de Moto;;;;1;;;;;;;0;;2;;
01/10/2015;08:14:00;30;sem vítima;120;BR-040/RJ;Sul;Colisão Traseira;1;;2;;;;;;;;3;;;;
01/10/2015;06:40:00;16;sem vítima;123;BR-040/RJ;Sul;Engavetamento;1;;2;;;;;;;;3;;;;
02/10/2015;23:51:00;290;sem vítima;55;BR-040/RJ;Norte;Choque - Objeto Fixo;1;;;;;;;;;;1;;;;
02/10/2015;02:57:00;151;sem vítima;79;BR-040/RJ;Norte;Choque - Objeto Fixo;1;;;;;;;;;;1;;;;
02/10/2015;10:03:00;190;com vítima;81;BR-040/RJ;Norte;Queda de Moto;;;;1;;;;;;;0;1;;;
02/10/2015;15:17:00;225;sem vítima;83;BR-040/RJ;Norte;Choque - Objeto Fixo;1;;;;;;;;;;1;;;;
02/10/2015;07:46:00;172;com vítima;110;BR-040/RJ;Sul;Colisão Traseira;1;;1;;;;;;;;1;1;;;
02/10/2015;15:09:00;223;sem vítima;111;BR-040/RJ;Norte;Colisão Lateral;1;;;1;;;;;;;2;;;;
02/10/2015;22:29:00;284;com vítima;113;BR-040/RJ;Norte;Capotamento;1;;;;;;;;;;0;1;;;
02/10/2015;04:33:00;158;sem vítima;118;BR-040/RJ;Norte;Colisão Traseira;2;;;;;;;;;;2;;;;
02/10/2015;03:00:00;152;com vítima;119;BR-040/RJ;Sul;Colisão Traseira;1;;1;;;;;;;;1;1;;;
02/10/2015;19:41:00;260;com vítima;124;BR-040/RJ;Norte;Colisão Lateral;1;;;1;;;;;;;1;1;;;
03/10/2015;22:31:00;435;sem vítima;39;BR-040/RJ;Sul;Choque - Objeto Fixo;1;;;;;;;;;;1;;;;
03/10/2015;10:10:00;344;sem vítima;66;BR-040/RJ;Sul;Colisão Lateral;1;;1;;;;;;;;2;;;;
03/10/2015;01:50:00;301;sem vítima;78;BR-040/RJ;Sul;Choque - Objeto Fixo;1;;;;;;;;;;1;;;;
03/10/2015;19:16:00;418;sem vítima;84;BR-040/RJ;Norte;Choque - Objeto Fixo;1;;;;;;;;;;1;;;;
03/10/2015;07:20:00;322;sem vítima;93;BR-040/RJ;Sul;Choque - Objeto Fixo;1;;;;;;;;;;1;;;;
03/10/2015;16:28:00;403;sem vítima;790;BR-040/MG;Norte;Choque - Objeto Fixo;1;;;;;;;;;;1;;;;
03/10/2015;16:06:00;399;sem vítima;816;BR-040/MG;Norte;Colisão Traseira;;;2;;;;;;;;2;;;;
03/10/2015;16:44:00;404;sem vítima;120;BR-040/RJ;Sul;Colisão Lateral;1;;;;1;;;;;;2;;;;
03/10/2015;20:52:00;428;sem vítima;120;BR-040/RJ;Sul;Choque - Objeto Fixo;1;;;;;;;;;;1;;;;
03/10/2015;17:13:00;406;sem vítima;123;BR-040/RJ;Norte;Queda de Moto;;;;1;;;;;;;1;;;;
04/10/2015;07:55:00;465;sem vítima;14;BR-040/RJ;Sul;Choque - Objeto Fixo;1;;;;;;;;;;1;;;;
04/10/2015;17:24:00;529;com vítima;43;BR-040/RJ;Norte;Colisão Frontal;2;;;;;;;;;;0;4;;;
04/10/2015;16:54:00;524;sem vítima;56;BR-040/RJ;Sul;Choque - Objeto Fixo;1;;;;;;;;;;1;;;;
04/10/2015;17:35:00;537;sem vítima;56;BR-040/RJ;Sul;Engavetamento;1;;;;;2;;;;;3;;;;
04/10/2015;17:19:00;527;sem vítima;58;BR-040/RJ;Sul;Choque - Objeto Fixo;1;;;;;;;;;;1;;;;
04/10/2015;17:26:00;531;sem vítima;82;BR-040/RJ;Sul;Choque - Objeto Fixo;1;;;;;;;;;;1;;;;
04/10/2015;20:10:00;555;sem vítima;82;BR-040/RJ;Sul;Choque - Objeto Fixo;1;;;;;;;;;;1;;;;
04/10/2015;12:52:00;489;sem vítima;84;BR-040/RJ;Norte;Choque - Objeto Fixo;1;;;;;;;;;;1;;;;
04/10/2015;16:53:00;522;sem vítima;84;BR-040/RJ;Norte;Choque - Objeto Fixo;1;;;;;;;;;;1;;;;
04/10/2015;17:32:00;534;sem vítima;85;BR-040/RJ;Norte;Choque - Objeto Fixo;1;;;;;;;;;;1;;;;
04/10/2015;16:10:00;517;com vítima;90;BR-040/RJ;Norte;Choque - Objeto Fixo;1;;;;;;;;;;0;3;;;
04/10/2015;23:04:00;569;sem vítima;90;BR-040/RJ;Norte;Queda de Moto;;;;1;;;;;;;1;;;;
04/10/2015;14:28:00;503;sem vítima;91;BR-040/RJ;Norte;Derrapagem;1;;;;;;;;;;1;;;;
04/10/2015;14:40:00;505;sem vítima;91;BR-040/RJ;Norte;Derrapagem;1;;;;;;;;;;1;;;;
04/10/2015;17:02:00;526;sem vítima;92;BR-040/RJ;Sul;Choque - Objeto Fixo;1;;;;;;;;;;1;;;;
04/10/2015;17:28:00;532;com vítima;92;BR-040/RJ;Norte;Choque - Objeto Fixo;1;;;;;;;;;;0;3;;;
04/10/2015;17:49:00;538;sem vítima;92;BR-040/RJ;Sul;Choque - Objeto Fixo;1;;;;;;;;;;1;;;;
04/10/2015;23:33:00;571;sem vítima;92;BR-040/RJ;Sul;Choque - Objeto Fixo;1;;;;;;;;;;1;;;;
04/10/2015;13:35:00;494;com vítima;93;BR-040/RJ;Norte;Choque - Objeto Fixo;1;;;;;;;;;;0;3;;;
04/10/2015;21:00:00;558;sem vítima;93;BR-040/RJ;Norte;Choque - Objeto Fixo;1;;;;;;;;;;1;;;;
04/10/2015;12:49:00;488;com vítima;109;BR-040/RJ;Norte;Capotamento;1;;;;;;;;;;0;1;;;
04/10/2015;15:19:00;510;sem vítima;109;BR-040/RJ;Sul;Colisão Lateral;1;;1;;;;;;;;2;;;;
04/10/2015;21:56:00;563;sem vítima;111;BR-040/RJ;Norte;Colisão Traseira;1;;;;;;;;;;1;;;;
04/10/2015;16:32:00;520;sem vítima;114;BR-040/RJ;Norte;Colisão Lateral;2;;;;;;;;;;2;;;;
04/10/2015;05:18:00;451;sem vítima;118;BR-040/RJ;Norte;Choque - Objeto Fixo;1;;;;;;;;;;1;;;;
04/10/2015;11:56:00;483;sem vítima;118;BR-040/RJ;Sul;Colisão Lateral;1;;1;;;;;;;;2;;;;
04/10/2015;17:00:00;525;sem vítima;825;BR-040/MG;Sul;Choque - Objeto Fixo;1;;;;;;;;;;1;;;;
04/10/2015;16:06:00;516;sem vítima;120;BR-040/RJ;Norte;Colisão Traseira;2;;;;;;;;;;2;;;;
05/10/2015;08:24:00;614;com vítima;35;BR-040/RJ;Sul;Atropelamento - Pedestre;;;1;;;;;;;;0;1;1;;
05/10/2015;13:56:00;654;com vítima;72;BR-040/RJ;Norte;Choque - Objeto Fixo;1;;;;;;;;;;0;2;;;
05/10/2015;07:13:00;610;sem vítima;73;BR-040/RJ;Norte;Choque - Objeto Fixo;1;;;;;;;;;;1;;;;
05/10/2015;09:15:00;621;sem vítima;81;BR-040/RJ;Norte;Choque - Objeto Fixo;1;;;;;;;;;;1;;;;
05/10/2015;16:15:00;675;sem vítima;81;BR-040/RJ;Sul;Choque - Objeto Fixo;1;;;;;;;;;;1;;;;
05/10/2015;03:09:00;585;sem vítima;84;BR-040/RJ;Norte;Choque - Objeto Fixo;1;;;;;;;;;;1;;;;
05/10/2015;09:33:00;623;sem vítima;90;BR-040/RJ;Sul;Choque - Objeto Fixo;1;;;;;;;;;;1;;;;
05/10/2015;14:45:00;664;sem vítima;91;BR-040/RJ;Norte;Choque - Objeto Fixo;1;;;;;;;;;;1;;;;
05/10/2015;12:55:00;644;com vítima;92;BR-040/RJ;Norte;Capotamento;1;;;;;;;;;;0;2;;;
05/10/2015;07:00:00;607;sem vítima;93;BR-040/RJ;Norte;Choque - Objeto Fixo;1;;;;;;;;;;1;;;;
05/10/2015;10:01:00;626;sem vítima;93;BR-040/RJ;Sul;Derrapagem;1;;;;;;;;;;1;;;;
05/10/2015;12:02:00;640;sem vítima;93;BR-040/RJ;Norte;Choque - Objeto Fixo;1;;;;;;;;;;1;;;;
05/10/2015;17:32:00;682;sem vítima;96;BR-040/RJ;Sul;Choque - Objeto Fixo;1;;;;;;;;;;1;;;;
05/10/2015;01:01:00;576;sem vítima;102;BR-040/RJ;Norte;Derrapagem;1;;;;;;;;;;1;;;;
05/10/2015;19:28:00;695;sem vítima;104;BR-040/RJ;Norte;Colisão Traseira;2;;;;;;;;;;2;;;;
05/10/2015;05:48:00;600;sem vítima;122;BR-040/RJ;Sul;Engavetamento;1;;;;;4;;;;;5;;;;
05/10/2015;06:55:00;605;sem vítima;122;BR-040/RJ;Sul;Colisão Traseira;1;;1;;;;;;;;2;;;;
05/10/2015;08:40:00;618;sem vítima;122;BR-040/RJ;Sul;Engavetamento;4;;;;;;;;;;4;;;;
06/10/2015;04:12:00;724;com vítima;9;BR-040/RJ;Norte;Queda de Moto;;;;1;;;;;;;0;2;;;
06/10/2015;06:10:00;735;sem vítima;33;BR-040/RJ;Sul;Choque - Objeto Fixo;1;;;;;;;;;;1;;;;
06/10/2015;18:58:00;810;sem vítima;83;BR-040/RJ;Norte;Colisão Traseira;2;;;;;;;;;;2;;;;
06/10/2015;15:45:00;784;sem vítima;105;BR-040/RJ;Norte;Colisão Transversal;2;;;;;;;;;;2;;;;
06/10/2015;13:22:00;763;com vítima;113;BR-040/RJ;Sul;Engavetamento;3;;;;;;;;;;2;3;;;
06/10/2015;17:39:00;800;sem vítima;114;BR-040/RJ;Norte;Engavetamento;2;;;;;2;;;;;4;;;;
06/10/2015;17:35:00;799;sem vítima;115;BR-040/RJ;Norte;Colisão Traseira;2;;;;;;;;;;2;;;;
06/10/2015;16:15:00;790;com vítima;116;BR-040/RJ;Sul;Capotamento;1;;;;;;;;;;0;2;;;
06/10/2015;18:28:00;808;com vítima;121;BR-040/RJ;Norte;Engavetamento;4;;;;;;;;;;3;;1;;
06/10/2015;07:09:00;740;sem vítima;122;BR-040/RJ;Sul;Colisão Lateral;1;;;1;;;;;;;2;;;;
06/10/2015;08:58:00;750;sem vítima;124;BR-040/RJ;Sul;Colisão Lateral;;;1;1;;;;;;;2;;;;
07/10/2015;08:34:00;878;com vítima;44;BR-040/RJ;Sul;Colisão Traseira;1;;1;;;;;;;;1;3;;;
07/10/2015;17:25:00;962;sem vítima;68;BR-040/RJ;Norte;Choque - Objeto Fixo;1;;;;;;;;;;1;;;;
07/10/2015;13:15:00;913;sem vítima;87;BR-040/RJ;Sul;Colisão Lateral;1;;1;;;;;;;;2;;;;
07/10/2015;05:46:00;859;sem vítima;101;BR-040/RJ;Sul;Choque - Objeto Fixo;1;;;;;;;;;;1;;;;
07/10/2015;14:08:00;920;sem vítima;104;BR-040/RJ;Norte;Colisão Lateral;1;;;;1;;;;;;2;;;;
07/10/2015;12:27:00;906;sem vítima;116;BR-040/RJ;Norte;Colisão Traseira;1;;;;;1;;;;;2;;;;
08/10/2015;11:50:00;1051;com vítima;34;BR-040/RJ;Sul;Atropelamento - Pedestre;1;1;;;;;;;;;0;2;;;
08/10/2015;11:07:00;1047;com vítima;85;BR-040/RJ;Norte;Queda de Moto;;;;1;;;;;;;0;2;;;
08/10/2015;11:01:00;1045;sem vítima;87;BR-040/RJ;Norte;Choque - Objeto Fixo;1;;;;;;;;;;1;;;;
08/10/2015;15:48:00;1078;sem vítima;87;BR-040/RJ;Norte;Colisão Traseira;2;;;;;;;;;;2;;;;
08/10/2015;13:43:00;1060;com vítima;93;BR-040/RJ;Sul;Choque - Objeto Fixo;1;;;;;;;;;;0;1;1;;
08/10/2015;17:14:00;1098;com vítima;95;BR-040/RJ;Sul;Capotamento;1;;;;;;;;;;0;1;;;
08/10/2015;18:16:00;1108;sem vítima;115;BR-040/RJ;Norte;Colisão Traseira;2;;;;;;;;;;3;;;;
08/10/2015;17:10:00;1096;com vítima;119;BR-040/RJ;Sul;Queda de Moto;;;;1;;;;;;;0;;1;;
09/10/2015;18:06:00;1274;sem vítima;16;BR-040/RJ;Sul;Choque - Objeto Fixo;1;;;;;;;;;;1;;;;
09/10/2015;13:41:00;1230;sem vítima;30;BR-040/RJ;Sul;Colisão Lateral;;;;;2;;;;;;2;;;;
09/10/2015;07:33:00;1169;sem vítima;85;BR-040/RJ;Norte;Engavetamento;2;;1;;;;;;;;3;;;;
09/10/2015;17:06:00;1264;sem vítima;89;BR-040/RJ;Norte;Colisão Lateral;2;;;;;;;;;;2;;;;
09/10/2015;23:04:00;1313;sem vítima;90;BR-040/RJ;Norte;Choque - Objeto Fixo;1;;;;;;;;;;1;;;;
09/10/2015;15:14:00;1245;sem vítima;109;BR-040/RJ;Sul;Colisão Traseira;2;;;;;;;;;;2;;;;
09/10/2015;07:30:00;1168;sem vítima;110;BR-040/RJ;Norte;Atropelamento - Pedestre;1;1;;;;;;;;;2;;;;
09/10/2015;08:10:00;1173;com vítima;113;BR-040/RJ;Norte;Queda de Moto;;;;1;;;;;;;1;1;;;
09/10/2015;12:32:00;1215;sem vítima;113;BR-040/RJ;Sul;Tombamento;;;1;;;;;;;;1;;;;
09/10/2015;23:52:00;1316;com vítima;115;BR-040/RJ;Norte;Colisão Traseira;;;;1;;1;;;;;1;1;;;
09/10/2015;19:41:00;1285;sem vítima;117;BR-040/RJ;Norte;Engavetamento;3;;;;;;;;;;3;;;;
09/10/2015;08:09:00;1172;sem vítima;124;BR-040/RJ;Sul;Colisão Lateral;1;;1;;;;;;;;2;;;;
10/10/2015;06:05:00;1354;com vítima;52;BR-040/RJ;Norte;Queda de Moto;;;;1;;;;;;;0;;;1;
10/10/2015;06:42:00;1359;sem vítima;74;BR-040/RJ;Norte;Choque - Objeto Fixo;1;;;;;;;;;;1;;;;
10/10/2015;05:58:00;1353;sem vítima;97;BR-040/RJ;Norte;Queda de Moto;;;;1;;;;;;;1;;;;
10/10/2015;08:57:00;1380;sem vítima;814;BR-040/MG;Sul;Colisão Lateral;2;;;;;;;;;;2;;;;
10/10/2015;08:52:00;1385;sem vítima;816;BR-040/MG;Norte;Colisão Traseira;;;2;;;;;;;;2;;;;
10/10/2015;03:07:00;1337;sem vítima;119;BR-040/RJ;Norte;Capotamento;1;;;;;;;;;;1;;;;
10/10/2015;15:00:00;1442;sem vítima;123;BR-040/RJ;Norte;Colisão Traseira;1;;1;;;;;;;;2;;;;
10/10/2015;23:17:00;1509;sem vítima;124;BR-040/RJ;Norte;Colisão Lateral;2;;;;;;;;;;2;;;;
11/10/2015;07:41:00;1548;com vítima;98;BR-040/RJ;Sul;Capotamento;1;;;;;;;;;;0;;;1;
11/10/2015;12:48:00;1579;sem vítima;105;BR-040/RJ;Norte;Choque - Objeto Fixo;1;;;;;;;;;;1;;;;
11/10/2015;02:57:00;1528;com vítima;119;BR-040/RJ;Norte;Capotamento;1;;;;;;;;;;0;1;2;;
11/10/2015;18:33:00;1616;com vítima;119;BR-040/RJ;Norte;Capotamento;1;;;;;;;;;;0;1;;;
11/10/2015;05:40:00;1539;sem vítima;125;BR-040/RJ;Sul;Capotamento;1;;;;;;;;;;1;;;;
12/10/2015;20:00:00;1772;com vítima;68;BR-040/RJ;Norte;Choque - Objeto Fixo;1;;;;;;;;;;0;;1;;
12/10/2015;12:49:00;1700;com vítima;85;BR-040/RJ;Sul;Colisão Traseira;2;;;;;;;;;;0;7;;;
12/10/2015;16:45:00;1740;com vítima;109;BR-040/RJ;Norte;Choque - Objeto Fixo;1;;;;;;;;;;0;1;;;
12/10/2015;00:57:00;1648;sem vítima;122;BR-040/RJ;Norte;Choque - Objeto Fixo;1;;;;;;;;;;1;;;;
13/10/2015;09:51:00;1839;com vítima;34;BR-040/RJ;Norte;Choque - Objeto Fixo;1;;;;;;;;;;0;2;;;
13/10/2015;10:18:00;1843;com vítima;40;BR-040/RJ;Norte;Capotamento;1;;;;;;;;;;0;;1;;
13/10/2015;15:03:00;1870;sem vítima;73;BR-040/RJ;Sul;Capotamento;1;;;;;;;;;;1;;;;
13/10/2015;17:31:00;1894;sem vítima;74;BR-040/RJ;Sul;Derrapagem;1;;;;;;;;;;1;;;;
13/10/2015;05:36:00;1810;com vítima;78;BR-040/RJ;Sul;Tombamento;;;1;;;;;;;;0;1;;;
13/10/2015;18:58:00;1903;com vítima;91;BR-040/RJ;Sul;Choque - Objeto Fixo;1;;;;;;;;;;0;1;1;;
13/10/2015;19:52:00;1911;com vítima;94;BR-040/RJ;Norte;Queda de Moto;;;;1;;;;;;;0;;1;;
14/10/2015;13:26:00;2001;com vítima;63;BR-040/RJ;Sul;Queda de Moto;;;;1;;;;;;;0;;1;;
14/10/2015;06:42:00;1950;sem vítima;90;BR-040/RJ;Norte;Colisão Lateral;1;;;;;;;;;;1;;;;
14/10/2015;13:26:00;2002;com vítima;97;BR-040/RJ;Norte;Colisão Traseira;1;;;1;;;;;;;1;1;;;
14/10/2015;07:27:00;1956;com vítima;109;BR-040/RJ;Norte;Colisão Lateral;;;;2;;;;;;;1;1;;;
14/10/2015;07:02:00;1953;com vítima;113;BR-040/RJ;Sul;Colisão Traseira;1;;;;1;;;;;;1;1;;;
14/10/2015;04:00:00;1941;com vítima;124;BR-040/RJ;Sul;Colisão Traseira;2;;;;;;;;;;1;1;;;
14/10/2015;08:53:00;1965;com vítima;124;BR-040/RJ;Norte;Atropelamento - Pedestre;;;1;1;;;;;;;1;;;;1
15/10/2015;17:02:00;2206;com vítima;91;BR-040/RJ;Norte;Queda de Moto;;;;1;;;;;;;0;1;;;
15/10/2015;17:10:00;2208;com vítima;91;BR-040/RJ;Sul;Choque - Objeto Fixo;1;;;;;;;;;;0;;1;;
15/10/2015;11:53:00;2145;com vítima;97;BR-040/RJ;Norte;Colisão Traseira;2;;;;;;;;;;1;1;;;
15/10/2015;18:04:00;2220;com vítima;100;BR-040/RJ;Norte;Queda de Moto;;;;1;;;;;;;0;2;;;
15/10/2015;00:53:00;2073;com vítima;106;BR-040/RJ;Sul;Colisão Lateral;1;;1;;;;;;;;1;1;;;
15/10/2015;12:30:00;2150;sem vítima;115;BR-040/RJ;Norte;Choque - Objeto Fixo;1;;;;;;;;;;1;;;;
15/10/2015;23:24:00;2256;com vítima;116;BR-040/RJ;Sul;Capotamento;1;;;;;;;;;;0;;2;;
15/10/2015;04:48:00;2084;sem vítima;786;BR-040/MG;Norte;Choque - Objeto Fixo;1;;;;;;;;;;1;;;;
15/10/2015;16:04:00;2196;com vítima;799;BR-040/MG;Norte;Capotamento;1;;;;;;;;;;0;1;;;
16/10/2015;18:05:00;2408;sem vítima;88;BR-040/RJ;Norte;Choque - Objeto Fixo;1;;;;;;;;;;1;;;;
16/10/2015;19:56:00;2423;sem vítima;109;BR-040/RJ;Sul;Choque - Objeto Fixo;1;;;;;;;;;;1;;;;
16/10/2015;14:19:00;2355;com vítima;110;BR-040/RJ;Sul;Colisão Traseira;1;;;;1;;;;;;0;1;1;;
16/10/2015;22:50:00;2442;com vítima;117;BR-040/RJ;Sul;Choque - Objeto Fixo;1;;;;;;;;;;0;4;;;
16/10/2015;18:25:00;2409;sem vítima;118;BR-040/RJ;Norte;Engavetamento;3;;1;;;;;;;;4;;;;
16/10/2015;21:30:00;2434;sem vítima;119;BR-040/RJ;Norte;Engavetamento;1;;;;;2;;;;;3;;;;
16/10/2015;04:41:00;2273;com vítima;123;BR-040/RJ;Sul;Queda de Moto;;;;1;;;;;;;0;2;;;
17/10/2015;09:00:00;2497;sem vítima;80;BR-040/RJ;Sul;Choque - Objeto Fixo;1;;;;;;;;;;1;;;;
17/10/2015;07:59:00;2491;sem vítima;91;BR-040/RJ;Norte;Colisão Traseira;1;;;;;;;;;;1;;;;
17/10/2015;20:10:00;2595;com vítima;91;BR-040/RJ;Sul;Choque - Objeto Fixo;1;;;;;;;;;;0;5;;;
17/10/2015;18:41:00;2576;sem vítima;92;BR-040/RJ;Norte;Choque - Objeto Fixo;1;;;;;;;;;;1;;;;
17/10/2015;19:58:00;2591;sem vítima;92;BR-040/RJ;Sul;Choque - Objeto Fixo;1;;;;;;;;;;1;;;;
17/10/2015;22:42:00;2604;sem vítima;93;BR-040/RJ;Norte;Choque - Objeto Fixo;1;;;;;;;;;;1;;;;
17/10/2015;04:03:00;2470;sem vítima;97;BR-040/RJ;Sul;Choque - Objeto Fixo;1;;;;;;;;;;1;;;;
17/10/2015;15:18:00;2545;sem vítima;98;BR-040/RJ;Norte;Engavetamento;3;;;;;;;;;;3;;;;
17/10/2015;19:28:00;2587;sem vítima;101;BR-040/RJ;Norte;Choque - Objeto Fixo;1;;;;;;;;;;1;;;;
17/10/2015;19:53:00;2590;sem vítima;101;BR-040/RJ;Norte;Choque - Objeto Fixo;1;;;;;;;;;;1;;;;
17/10/2015;13:05:00;2521;com vítima;107;BR-040/RJ;Norte;Colisão Lateral;2;;;;;;;;;;0;3;;;
17/10/2015;16:32:00;2555;com vítima;807;BR-040/MG;Sul;Colisão Traseira;;;;1;;;;;;;0;2;;;
17/10/2015;07:22:00;2486;sem vítima;122;BR-040/RJ;Sul;Colisão Traseira;1;;1;;;;;;;;2;;;;
17/10/2015;20:01:00;2592;sem vítima;122;BR-040/RJ;Sul;Choque - Objeto Fixo;1;;;;;;;;;;1;;;;
18/10/2015;12:31:00;2664;com vítima;78;BR-040/RJ;Sul;Capotamento;1;;;;;;;;;;0;4;1;;
18/10/2015;13:49:00;2679;sem vítima;78;BR-040/RJ;Norte;Choque - Objeto Fixo;1;;;;;;;;;;1;;;;
18/10/2015;17:49:00;2707;sem vítima;80;BR-040/RJ;Sul;Choque - Objeto Fixo;1;;;;;;;;;;1;;;;
18/10/2015;13:31:00;2676;sem vítima;81;BR-040/RJ;Sul;Choque - Objeto Fixo;1;;;;;;;;;;1;;;;
18/10/2015;06:02:00;2621;sem vítima;82;BR-040/RJ;Sul;Derrapagem;1;;;;;;;;;;1;;;;
18/10/2015;11:51:00;2661;sem vítima;82;BR-040/RJ;Sul;Choque - Objeto Fixo;1;;;;;;;;;;1;;;;