data;horario;n_da_ocorrencia;tipo_de_ocorrencia;km;trecho;sentido;tipo_de_acidente;automovel;bicicleta;caminhao;moto;onibus;outros;tracao_animal;transporte_de_cargas_especiais;trator_maquinas;utilitarios;ilesos;levemente_feridos;moderadamente_feridos;gravemente_feridos;mortos
18/10/2015;18:40:00;2715;sem vítima;82;BR-040/RJ;Sul;Choque - Objeto Fixo;1;;;;;;;;;;1;;;;
18/10/2015;16:16:00;2694;sem vítima;84;BR-040/RJ;Norte;Choque - Objeto Fixo;1;;;;;;;;;;1;;;;
18/10/2015;16:52:00;2702;sem vítima;84;BR-040/RJ;Norte;Choque - Objeto Fixo;1;;;;;1;;;;;2;;;;
18/10/2015;13:05:00;2672;sem vítima;85;BR-040/RJ;Sul;Colisão Traseira;2;;;;;;;;;;2;;;;
18/10/2015;17:11:00;2704;com vítima;85;BR-040/RJ;Norte;Queda de Moto;;;;1;;;;;;;0;2;;;
18/10/2015;10:00:00;2651;sem vítima;90;BR-040/RJ;Norte;Choque - Objeto Fixo;1;;;;;;;;;;1;;;;
18/10/2015;16:14:00;2693;sem vítima;90;BR-040/RJ;Sul;Choque - Objeto Fixo;1;;;;;;;;;;1;;;;
18/10/2015;09:41:00;2648;sem vítima;91;BR-040/RJ;Sul;Choque - Objeto Fixo;1;;;;;;;;;;1;;;;
18/10/2015;13:03:00;2671;sem vítima;91;BR-040/RJ;Sul;Choque - Objeto Fixo;1;;;;;;;;;;1;;;;
18/10/2015;13:22:00;2674;com vítima;91;BR-040/RJ;Sul;Capotamento;1;;;;;;;;;;0;;1;;
18/10/2015;16:11:00;2692;sem vítima;91;BR-040/RJ;Norte;Choque - Objeto Fixo;1;;;;;;;;;;1;;;;
18/10/2015;08:30:00;2641;com vítima;92;BR-040/RJ;Sul;Choque - Objeto Fixo;1;;;;;;;;;;0;;1;;
18/10/2015;21:31:00;2729;sem vítima;92;BR-040/RJ;Sul;Choque - Objeto Fixo;1;;;;;;;;;;1;;;;
18/10/2015;06:39:00;2624;sem vítima;93;BR-040/RJ;Norte;Choque - Objeto Fixo;1;;;;;;;;;;1;;;;
18/10/2015;07:18:00;2629;sem vítima;93;BR-040/RJ;Sul;Choque - Objeto Fixo;1;;;;;;;;;;1;;;;
18/10/2015;12:58:00;2670;sem vítima;93;BR-040/RJ;Norte;Choque - Objeto Fixo;1;;;;;;;;;;1;;;;
18/10/2015;21:13:00;2727;sem vítima;93;BR-040/RJ;Sul;Choque - Objeto Fixo;1;;;;;;;;;;1;;;;
18/10/2015;10:08:00;2652;sem vítima;97;BR-040/RJ;Sul;Colisão Lateral;1;;1;;;;;;;;2;;;;
18/10/2015;18:19:00;2711;sem vítima;102;BR-040/RJ;Sul;Colisão Traseira;2;;;;;;;;;;2;;;;
18/10/2015;08:20:00;2639;sem vítima;105;BR-040/RJ;Sul;Colisão Traseira;1;;;;1;;;;;;2;;;;
18/10/2015;04:01:00;2617;sem vítima;115;BR-040/RJ;Norte;Derrapagem;;;1;;;;;;;;1;;;;
18/10/2015;01:49:00;2611;com vítima;796;BR-040/MG;Sul;Choque - Objeto Fixo;1;;;;;;;;;;0;3;;;
19/10/2015;05:55:00;2756;com vítima;104;BR-040/RJ;Norte;Colisão Traseira;;;1;;1;;;;;;1;1;;;
19/10/2015;02:57:00;2747;com vítima;113;BR-040/RJ;Sul;Queda de Moto;;;;1;;;;;;;0;;1;;
19/10/2015;08:50:00;2768;sem vítima;814;BR-040/MG;Sul;Colisão Traseira;1;;;;;1;;;;;2;;;;
19/10/2015;03:56:00;2749;sem vítima;824;BR-040/MG;Sul;Choque - Objeto Fixo;1;;;;;;;;;;1;;;;
20/10/2015;17:20:00;2948;com vítima;23;BR-040/RJ;Norte;Choque - Objeto Fixo;1;;;;;;;;;;0;4;;;
20/10/2015;07:32:00;2870;com vítima;41;BR-040/RJ;Sul;Colisão Traseira;2;;;;;;;;;;0;3;;;
20/10/2015;11:20:00;2909;sem vítima;70;BR-040/RJ;Sul;Colisão Traseira;2;;;;;;;;;;2;;;;
20/10/2015;02:22:00;2851;sem vítima;86;BR-040/RJ;Norte;Choque - Objeto Fixo;1;;;;;;;;;;1;;;;
20/10/2015;14:28:00;2925;sem vítima;87;BR-040/RJ;Norte;Choque - Objeto Fixo;1;;;;;;;;;;1;;;;
20/10/2015;11:23:00;2907;com vítima;108;BR-040/RJ;Norte;Colisão Lateral;1;;;1;;;;;;;1;1;;;
20/10/2015;07:44:00;2872;sem vítima;109;BR-040/RJ;Sul;Colisão Lateral;1;;1;;;;;;;;2;;;;
20/10/2015;07:09:00;2868;sem vítima;783;BR-040/MG;Norte;Choque - Objeto Fixo;1;;;;;;;;;;1;;;;
20/10/2015;03:21:00;2853;sem vítima;784;BR-040/MG;Norte;Choque - Objeto Fixo;1;;;;;;;;;;1;;;;
21/10/2015;16:57:00;3085;sem vítima;84;BR-040/RJ;Sul;Choque - Objeto Fixo;1;;;;;;;;;;1;;;;
21/10/2015;19:42:00;3110;com vítima;103;BR-040/RJ;Sul;Engavetamento;3;;;;;;;;;;2;2;;;
21/10/2015;10:00:00;3033;sem vítima;109;BR-040/RJ;Norte;Colisão Traseira;1;;1;;;;;;;;2;;;;
22/10/2015;14:29:00;3199;sem vítima;23;BR-040/RJ;Sul;Choque - Objeto Fixo;1;;;;;;;;;;1;;;;
22/10/2015;18:03:00;3235;sem vítima;30;BR-040/RJ;Norte;Choque - Objeto Fixo;1;;;;;;;;;;1;;;;
22/10/2015;17:00:00;3222;sem vítima;32;BR-040/RJ;Sul;Choque - Objeto Fixo;1;;;;;;;;;;1;;;;
22/10/2015;17:48:00;3230;sem vítima;37;BR-040/RJ;Norte;Choque - Objeto Fixo;1;;;;;;;;;;1;;;;
22/10/2015;18:15:00;3236;com vítima;74;BR-040/RJ;Norte;Tombamento;;;1;;;;;;;;0;1;;;
22/10/2015;09:37:00;3170;sem vítima;84;BR-040/RJ;Norte;Choque - Objeto Fixo;;;1;;;;;;;;1;;;;
22/10/2015;19:31:00;3245;sem vítima;84;BR-040/RJ;Norte;Choque - Objeto Fixo;1;;;;;;;;;;1;;;;
22/10/2015;05:06:00;3145;sem vítima;109;BR-040/RJ;Norte;Choque - Objeto Fixo;1;;;;;;;;;;1;;;;
22/10/2015;06:31:00;3153;com vítima;109;BR-040/RJ;Sul;Colisão Lateral;1;;;;1;;;;;;1;1;;;
22/10/2015;08:22:00;3160;sem vítima;123;BR-040/RJ;Sul;Colisão Traseira;1;;1;;;;;;;;2;;;;
23/10/2015;01:42:00;3267;com vítima;61;BR-040/RJ;Sul;Atropelamento - Animal;1;;;;;;;;;;0;3;;;
23/10/2015;19:52:00;3395;sem vítima;93;BR-040/RJ;Norte;Choque - Objeto Fixo;1;;;;;;;;;;1;;;;
23/10/2015;16:33:00;3369;sem vítima;109;BR-040/RJ;Norte;Colisão Traseira;1;;1;;;;;;;;2;;;;
23/10/2015;06:57:00;3282;sem vítima;113;BR-040/RJ;Norte;Choque - Objeto Fixo;1;;;;;;;;;;1;;;;
23/10/2015;03:13:00;3269;sem vítima;806;BR-040/MG;Sul;Choque - Objeto Fixo;1;;;;;;;;;;1;;;;
24/10/2015;23:57:00;3564;sem vítima;72;BR-040/RJ;Norte;Derrapagem;1;;;;;;;;;;1;;;;
24/10/2015;12:28:00;3476;com vítima;82;BR-040/RJ;Sul;Capotamento;1;;;;;;;;;;0;1;;;
24/10/2015;15:00:00;3499;sem vítima;82;BR-040/RJ;Sul;Choque - Objeto Fixo;1;;;;;;;;;;1;;;;
24/10/2015;13:21:00;3488;sem vítima;84;BR-040/RJ;Norte;Choque - Objeto Fixo;1;;;;;;;;;;1;;;;
24/10/2015;11:49:00;3472;sem vítima;88;BR-040/RJ;Norte;Choque - Objeto Fixo;1;;;;;;;;;;1;;;;
24/10/2015;18:12:00;3533;sem vítima;92;BR-040/RJ;Sul;Choque - Objeto Fixo;1;;;;;;;;;;1;;;;
24/10/2015;17:59:00;3527;sem vítima;93;BR-040/RJ;Norte;Choque - Objeto Fixo;1;;;;;;;;;;1;;;;
24/10/2015;15:48:00;3506;sem vítima;109;BR-040/RJ;Norte;Choque - Objeto Fixo;1;;;;;;;;;;1;;;;
24/10/2015;08:01:00;3450;com vítima;784;BR-040/MG;Sul;Colisão Frontal;1;;1;1;;;;;;;2;1;;;
24/10/2015;03:11:00;3437;sem vítima;120;BR-040/RJ;Norte;Derrapagem;1;;;;;;;;;;1;;;;
25/10/2015;00:03:00;3565;sem vítima;72;BR-040/RJ;Norte;Derrapagem;1;;;;;;;;;;1;;;;
25/10/2015;00:41:00;3570;sem vítima;74;BR-040/RJ;Norte;Choque - Objeto Fixo;1;;;;;;;;;;1;;;;
25/10/2015;14:04:00;3620;sem vítima;84;BR-040/RJ;Norte;Choque - Objeto Fixo;1;;;;;;;;;;1;;;;
25/10/2015;16:12:00;3635;sem vítima;88;BR-040/RJ;Norte;Choque - Objeto Fixo;1;;;;;;;;;;1;;;;
25/10/2015;10:35:00;3600;com vítima;90;BR-040/RJ;Sul;Derrapagem;1;;;;;;;;;;0;;1;;
25/10/2015;14:11:00;3622;sem vítima;92;BR-040/RJ;Sul;Choque - Objeto Fixo;1;;;;;;;;;;1;;;;
25/10/2015;16:10:00;3634;com vítima;92;BR-040/RJ;Sul;Choque - Objeto Fixo;1;;;;;;;;;;0;;1;;
25/10/2015;07:52:00;3586;com vítima;93;BR-040/RJ;Sul;Capotamento;1;;;;;;;;;;0;;1;;
25/10/2015;09:05:00;3595;sem vítima;93;BR-040/RJ;Sul;Choque - Objeto Fixo;1;;;;;;;;;;1;;;;
25/10/2015;14:18:00;3624;sem vítima;93;BR-040/RJ;Sul;Choque - Objeto Fixo;1;;;;;;;;;;1;;;;
25/10/2015;15:22:00;3629;com vítima;93;BR-040/RJ;Norte;Queda de Moto;;;;1;;;;;;;0;1;;;
25/10/2015;12:53:00;3613;sem vítima;94;BR-040/RJ;Norte;Choque - Objeto Fixo;1;;;;;;;;;;1;;;;
25/10/2015;12:26:00;3611;com vítima;106;BR-040/RJ;Norte;Colisão Lateral;1;;;1;;;;;;;1;1;;;
25/10/2015;17:57:00;3651;sem vítima;108;BR-040/RJ;Sul;Capotamento;1;;;;;;;;;;1;;;;
25/10/2015;23:39:00;3678;com vítima;109;BR-040/RJ;Norte;Choque - Objeto Fixo;1;;;;;;;;;;0;1;;;
25/10/2015;20:17:00;3667;com vítima;110;BR-040/RJ;Norte;Engavetamento;3;;;;;;;;;;1;3;1;;
26/10/2015;07:11:00;3706;com vítima;34;BR-040/RJ;Norte;Choque - Objeto Fixo;1;;;;;;;;;;0;2;;;
26/10/2015;17:25:00;3775;sem vítima;86;BR-040/RJ;Norte;Choque - Objeto Fixo;1;;;;;;;;;;1;;;;
26/10/2015;11:14:00;3730;com vítima;784;BR-040/MG;Sul;Tombamento;1;;;;;;;;;;0;2;;;
26/10/2015;16:42:00;3770;com vítima;122;BR-040/RJ;Sul;Capotamento;1;;;;;;;;;;0;1;;;
26/10/2015;16:26:00;3767;com vítima;124;BR-040/RJ;Sul;Colisão Traseira;1;;;1;;;;;;;0;2;;;
27/10/2015;19:31:00;3939;sem vítima;27;BR-040/RJ;Sul;Choque - Objeto Fixo;1;;;;;;;;;;1;;;;
27/10/2015;09:10:00;3852;sem vítima;92;BR-040/RJ;Sul;Choque - Objeto Fixo;1;;;;;;;;;;1;;;;
27/10/2015;16:12:00;3910;com vítima;95;BR-040/RJ;Sul;Choque - Objeto Fixo;1;;;;;;;;;;0;3;;;
27/10/2015;07:58:00;3838;sem vítima;100;BR-040/RJ;Norte;Colisão Frontal;2;;;;;;;;;;2;;;;
27/10/2015;00:22:00;3804;com vítima;803;BR-040/MG;Sul;Choque - Objeto Fixo;1;;;;;;;;;;0;2;;;
27/10/2015;08:20:00;3842;sem vítima;813;BR-040/MG;Norte;Choque - Objeto Fixo;1;;;;;;;;;;1;;;;
27/10/2015;23:41:00;3956;sem vítima;122;BR-040/RJ;Norte;Colisão Traseira;1;;;;1;;;;;;2;;;;
28/10/2015;07:52:00;3988;sem vítima;24;BR-040/RJ;Norte;Choque - Objeto Fixo;1;;;;;;;;;;1;;;;
28/10/2015;04:19:00;3973;com vítima;31;BR-040/RJ;Norte;Tombamento;;;1;;;;;;;;0;;1;;
28/10/2015;09:34:00;4004;sem vítima;77;BR-040/RJ;Sul;Choque - Objeto Fixo;1;;;;;;;;;;1;;;;
28/10/2015;15:31:00;4044;sem vítima;78;BR-040/RJ;Sul;Choque - Objeto Fixo;1;;;;;;;;;;1;;;;
28/10/2015;15:50:00;4045;sem vítima;85;BR-040/RJ;Norte;Engavetamento;2;;;;;2;;;;;4;;;;
28/10/2015;15:13:00;4038;sem vítima;92;BR-040/RJ;Norte;Choque - Objeto Fixo;1;;;;;;;;;;1;;;;
28/10/2015;21:59:00;4098;com vítima;93;BR-040/RJ;Sul;Capotamento;1;;;;;;;;;;0;1;;;
28/10/2015;13:01:00;4023;sem vítima;94;BR-040/RJ;Sul;Derrapagem;1;;;;;;;;;;1;;;;
28/10/2015;13:48:00;4029;sem vítima;94;BR-040/RJ;Sul;Choque - Objeto Fixo;1;;;;;;;;;;1;;;;
28/10/2015;08:02:00;3990;sem vítima;102;BR-040/RJ;Sul;Colisão Lateral;1;;1;;;;;;;;2;;;;
28/10/2015;01:39:00;3965;com vítima;115;BR-040/RJ;Norte;Derrapagem;1;;;;;;;;;;0;1;;;
28/10/2015;16:38:00;4057;com vítima;783;BR-040/MG;Norte;Choque - Objeto Fixo;1;;;;;;;;;;0;1;;;
28/10/2015;11:46:00;4019;com vítima;793;BR-040/MG;Sul;Capotamento;1;;;;;;;;;;0;1;;;
28/10/2015;16:57:00;4062;com vítima;825;BR-040/MG;Sul;Capotamento;1;;;;;;;;;;0;1;;;
29/10/2015;15:04:00;4194;com vítima;41;BR-040/RJ;Norte;Colisão Traseira;1;;1;;;;;;;;0;7;;;
29/10/2015;06:57:00;4131;sem vítima;73;BR-040/RJ;Norte;Derrapagem;1;;;;;;;;;;1;;;;
29/10/2015;15:25:00;4196;sem vítima;73;BR-040/RJ;Norte;Choque - Objeto Fixo;1;;;;;;;;;;1;;;;
29/10/2015;17:01:00;4212;sem vítima;78;BR-040/RJ;Sul;Choque - Objeto Fixo;1;;;;;;;;;;1;;;;
29/10/2015;22:56:00;4265;sem vítima;80;BR-040/RJ;Norte;Choque - Objeto Fixo;1;;;;;;;;;;1;;;;
29/10/2015;18:45:00;4232;sem vítima;85;BR-040/RJ;Norte;Colisão Lateral;;;1;;1;;;;;;2;;;;
29/10/2015;21:37:00;4253;com vítima;87;BR-040/RJ;Sul;Colisão Traseira;;;2;;;;;;;;0;2;;;
29/10/2015;10:00:00;4149;sem vítima;89;BR-040/RJ;Norte;Choque - Objeto Fixo;1;;;;;;;;;;1;;;;
29/10/2015;17:36:00;4220;sem vítima;92;BR-040/RJ;Norte;Colisão Lateral;1;;;;;;;;;;1;;;;
29/10/2015;07:42:00;4134;sem vítima;93;BR-040/RJ;Sul;Choque - Objeto Fixo;1;;;;;;;;;;1;;;;
29/10/2015;21:23:00;4252;sem vítima;93;BR-040/RJ;Sul;Choque - Objeto Fixo;1;;;;;;;;;;1;;;;
29/10/2015;08:20:00;4140;sem vítima;113;BR-040/RJ;Sul;Colisão Frontal;1;;1;;;;;;;;2;;;;
29/10/2015;05:46:00;4124;com vítima;114;BR-040/RJ;Norte;Queda de Moto;;;;1;;;;;;;0;;1;;
29/10/2015;00:31:00;4111;sem vítima;124;BR-040/RJ;Norte;Choque - Objeto Fixo;1;;;;;;;;;;1;;;;
30/10/2015;10:25:00;4310;com vítima;54;BR-040/RJ;Sul;Capotamento;1;;;;;;;;;;0;1;;1;
30/10/2015;21:17:00;4409;sem vítima;89;BR-040/RJ;Sul;Colisão Lateral;;;1;;1;;;;;;2;;;;
30/10/2015;21:38:00;4410;com vítima;103;BR-040/RJ;Norte;Atropelamento - Pedestre;1;;;;;;;;;;1;;1;;
30/10/2015;17:09:00;4367;com vítima;781;BR-040/MG;Sul;Colisão Lateral;;;2;;;;;;;;1;1;;;
30/10/2015;22:22:00;4414;com vítima;788;BR-040/MG;Sul;Atropelamento - Animal;2;;;;;1;;;;;2;6;;;
30/10/2015;06:14:00;4286;com vítima;794;BR-040/MG;Sul;Choque - Objeto Fixo;1;;;;;;;;;;0;4;;;
31/10/2015;07:57:00;4468;com vítima;13;BR-040/RJ;Norte;Capotamento;1;;;;;;;;;;0;1;;;
31/10/2015;09:46:00;4485;sem vítima;31;BR-040/RJ;Norte;Choque - Objeto Fixo;1;;;;;;;;;;1;;;;
31/10/2015;01:44:00;4435;sem vítima;40;BR-040/RJ;Norte;Choque - Objeto Fixo;1;;;;;;;;;;1;;;;
31/10/2015;09:05:00;4479;sem vítima;45;BR-040/RJ;Sul;Colisão Traseira;2;;;;;;;;;;2;;;;
31/10/2015;18:23:00;4565;sem vítima;66;BR-040/RJ;Norte;Choque - Objeto Fixo;1;;;;;;;;;;1;;;;
31/10/2015;04:37:00;4447;com vítima;73;BR-040/RJ;Norte;Capotamento;1;;;;;;;;;;0;1;;;
31/10/2015;18:43:00;4568;com vítima;101;BR-040/RJ;Norte;Atropelamento - Pedestre;1;;;;;;;;;;1;1;;;
31/10/2015;02:33:00;4437;sem vítima;105;BR-040/RJ;Sul;Colisão Traseira;3;;;;;1;;;;;4;;;;
31/10/2015;08:17:00;4473;com vítima;108;BR-040/RJ;Norte;Tombamento;;;1;;;;;;;;0;1;;;
31/10/2015;22:22:00;4594;com vítima;114;BR-040/RJ;Sul;Capotamento;1;;;;;;;;;;0;3;1;;
31/10/2015;09:49:00;4486;com vítima;821;BR-040/MG;Norte;Queda de Moto;;;;1;;;;;;;0;;1;1;
31/10/2015;10:02:00;4488;com vítima;821;BR-040/MG;Sul;Colisão Traseira;2;;;;;;;;;;0;8;;;
31/10/2015;04:07:00;4445;sem vítima;120;BR-040/RJ;Norte;Choque - Objeto Fixo;2;;;;;;;;;;2;;;;
31/10/2015;21:28:00;4590;com vítima;121;BR-040/RJ;Sul;Colisão Traseira;1;;1;;;;;;;;1;2;;;
01/11/2015;09:57:00;37;com vítima;75;BR-040/RJ;Sul;Queda de Moto;;;;1;;;;;;;0;;1;;
01/11/2015;18:58:00;101;sem vítima;82;BR-040/RJ;Sul;Choque - Objeto Fixo;1;;;;;;;;;;1;;;;
01/11/2015;21:55:00;118;sem vítima;82;BR-040/RJ;Sul;Derrapagem;1;;;;;;;;;;1;;;;
01/11/2015;22:11:00;114;sem vítima;91;BR-040/RJ;Norte;Choque - Objeto Fixo;1;;;;;;;;;;1;;;;
01/11/2015;03:38:00;13;sem vítima;92;BR-040/RJ;Sul;Choque - Objeto Fixo;1;;;;;;;;;;1;;;;
01/11/2015;20:58:00;108;sem vítima;93;BR-040/RJ;Sul;Choque - Objeto Fixo;1;;;;;;;;;;1;;;;
01/11/2015;23:10:00;120;sem vítima;94;BR-040/RJ;Norte;Choque - Objeto Fixo;1;;;;;;;;;;1;;;;
01/11/2015;12:13:00;47;com vítima;109;BR-040/RJ;Norte;Queda de Moto;;;;1;;;;;;;0;;1;;
01/11/2015;12:23:00;50;sem vítima;112;BR-040/RJ;Norte;Choque - Objeto Fixo;1;;;;;;;;;;1;;;;
01/11/2015;11:32:00;44;com vítima;115;BR-040/RJ;Norte;Derrapagem;1;;;;;;;;;;0;1;;;
01/11/2015;17:05:00;89;com vítima;790;BR-040/MG;Norte;Choque - Objeto Fixo;1;;;;;;;;;;0;1;;;
01/11/2015;20:59:00;109;com vítima;805;BR-040/MG;Sul;Choque - Objeto Fixo;1;;;;;;;;;;0;1;;;
01/11/2015;08:21:00;27;sem vítima;124;BR-040/RJ;Sul;Choque - Objeto Fixo;1;;;;;;;;;;1;;;;
02/11/2015;06:41:00;148;com vítima;21;BR-040/RJ;Norte;Choque - Objeto Fixo;1;;;;;;;;;;0;;2;;
02/11/2015;08:23:00;156;com vítima;73;BR-040/RJ;Norte;Capotamento;1;;;;;;;;;;0;1;;;1
02/11/2015;08:36:00;157;com vítima;73;BR-040/RJ;Norte;Capotamento;1;;;;;;;;;;0;1;;;
02/11/2015;07:30:00;153;sem vítima;74;BR-040/RJ;Sul;Choque - Objeto Fixo;1;;;;;;;;;;1;;;;
02/11/2015;00:26:00;126;sem vítima;84;BR-040/RJ;Norte;Choque - Objeto Fixo;1;;;;;;;;;;1;;;;
02/11/2015;16:59:00;223;sem vítima;85;BR-040/RJ;Sul;Colisão Traseira;2;;;;;;;;;;2;;;;
02/11/2015;12:58:00;186;sem vítima;97;BR-040/RJ;Sul;Choque - Objeto Fixo;1;;;;;;;;;;1;;;;
02/11/2015;22:36:00;270;sem vítima;101;BR-040/RJ;Sul;Choque - Objeto Fixo;1;;;;;;;;;;1;;;;
02/11/2015;18:25:00;237;sem vítima;109;BR-040/RJ;Norte;Colisão Lateral;1;;;;;1;;;;;2;;;;
02/11/2015;14:59:00;201;sem vítima;114;BR-040/RJ;Norte;Choque - Objeto Fixo;1;;;;;;;;;;1;;;;
02/11/2015;15:56:00;208;sem vítima;123;BR-040/RJ;Norte;Colisão Lateral;1;;;;;1;;;;;2;;;;
03/11/2015;07:56:00;321;com vítima;0;BR-040/RJ;Norte;Choque - Objeto Fixo;1;;;;;;;;;;0;2;;;
03/11/2015;08:15:00;330;com vítima;1;BR-040/RJ;Sul;Choque - Objeto Fixo;1;;;;;;;;;;0;1;;;
03/11/2015;10:00:00;334;sem vítima;73;BR-040/RJ;Norte;Choque - Objeto Fixo;1;;;;;;;;;;1;;;;
03/11/2015;07:27:00;314;sem vítima;91;BR-040/RJ;Sul;Choque - Objeto Fixo;1;;;;;;;;;;1;;;;
03/11/2015;10:27:00;336;sem vítima;91;BR-040/RJ;Norte;Choque - Objeto Fixo;1;;;;;;;;;;1;;;;
03/11/2015;05:14:00;303;sem vítima;94;BR-040/RJ;Sul;Choque - Objeto Fixo;1;;;;;;;;;;1;;;;
03/11/2015;00:07:00;279;sem vítima;97;BR-040/RJ;Sul;Colisão Traseira;1;;;;;;;;;;1;;;;
03/11/2015;07:04:00;310;sem vítima;105;BR-040/RJ;Sul;Colisão Lateral;2;;;;;;;;;;2;;;;
03/11/2015;13:18:00;359;com vítima;108;BR-040/RJ;Norte;Tombamento;;;1;;;;;;;;0;1;;;
03/11/2015;10:19:00;335;sem vítima;113;BR-040/RJ;Sul;Choque - Objeto Fixo;1;;;;;;;;;;1;;;;
03/11/2015;16:37:00;386;sem vítima;783;BR-040/MG;Sul;Colisão Traseira;2;;;;;;;;;;2;;;;
03/11/2015;06:50:00;311;sem vítima;792;BR-040/MG;Sul;Choque - Objeto Fixo;1;;;;;;;;;;1;;;;
03/11/2015;11:53:00;348;com vítima;821;BR-040/MG;Norte;Capotamento;1;;;;;;;;;;1;;2;;
03/11/2015;07:55:00;320;com vítima;825;BR-040/MG;Sul;Choque - Objeto Fixo;1;;;;;;;;;;0;2;;;
03/11/2015;07:49:00;317;com vítima;122;BR-040/RJ;Sul;Colisão Traseira;1;;;;1;;;;;;1;1;;;
04/11/2015;19:13:00;543;com vítima;34;BR-040/RJ;Sul;Queda de Moto;;;;1;;;;;;;0;1;;;
04/11/2015;17:20:00;527;sem vítima;79;BR-040/RJ;Norte;Choque - Objeto Fixo;1;;;;;;;;;;1;;;;
04/11/2015;22:02:00;558;sem vítima;85;BR-040/RJ;Norte;Choque - Objeto Fixo;1;;;;;;;;;;1;;;;
04/11/2015;00:32:00;428;com vítima;780;BR-040/MG;Sul;Choque - Objeto Fixo;;;1;;;;;;;;0;1;;;
04/11/2015;15:29:00;506;sem vítima;799;BR-040/MG;Norte;Colisão Traseira;1;;1;;;;;;;;2;;;;
04/11/2015;17:55:00;538;sem vítima;120;BR-040/RJ;Norte;Colisão Lateral;1;;1;;;;;;;;2;;;;
05/11/2015;15:01:00;654;sem vítima;54;BR-040/RJ;Sul;Choque - Objeto Fixo;1;;;;;;;;;;1;;;;
05/11/2015;07:00:00;591;com vítima;92;BR-040/RJ;Sul;Capotamento;1;;;;;;;;;;0;1;;;
05/11/2015;08:27:00;604;sem vítima;92;BR-040/RJ;Sul;Derrapagem;1;;;;;;;;;;1;;;;
05/11/2015;18:03:00;678;com vítima;94;BR-040/RJ;Sul;Tombamento;;;1;;;;;;;;0;1;;;
05/11/2015;11:13:00;626;sem vítima;822;BR-040/MG;Norte;Colisão Lateral;;;2;;;;;;;;2;;;;
05/11/2015;17:18:00;673;sem vítima;124;BR-040/RJ;Sul;Colisão Lateral;2;;;;;;;;;;2;;;;
06/11/2015;20:34:00;857;com vítima;2;BR-040/RJ;Sul;Capotamento;1;;;;;;;;;;0;3;;;
06/11/2015;15:34:00;806;com vítima;51;BR-040/RJ;Norte;Choque - Objeto Fixo;1;;;;;;;;;;0;5;;;
06/11/2015;18:20:00;839;sem vítima;72;BR-040/RJ;Norte;Choque - Objeto Fixo;1;;;;;;;;;;1;;;;
06/11/2015;16:48:00;822;com vítima;92;BR-040/RJ;Norte;Choque - Objeto Fixo;1;;;;;;;;;;0;1;;;
06/11/2015;16:43:00;821;sem vítima;93;BR-040/RJ;Sul;Choque - Objeto Fixo;1;;;;;;;;;;1;;;;
06/11/2015;23:45:00;888;sem vítima;93;BR-040/RJ;Sul;Derrapagem;1;;;;;;;;;;1;;;;
06/11/2015;21:52:00;867;com vítima;109;BR-040/RJ;Sul;Capotamento;1;;;;;;;;;;0;1;;;
06/11/2015;03:49:00;725;sem vítima;110;BR-040/RJ;Norte;Colisão Traseira;1;;1;;;;;;;;2;;;;
06/11/2015;21:52:00;868;sem vítima;112;BR-040/RJ;Norte;Colisão Traseira;2;;;;;;;;;;2;;;;
06/11/2015;19:46:00;852;sem vítima;115;BR-040/RJ;Norte;Choque - Objeto Fixo;1;;;;;;;;;;1;;;;
06/11/2015;23:21:00;879;sem vítima;122;BR-040/RJ;Sul;Choque - Objeto Fixo;1;;;;;;;;;;1;;;;
07/11/2015;07:50:00;924;com vítima;1;BR-040/RJ;Norte;Choque - Objeto Fixo;1;;;;;;;;;;0;1;;;
07/11/2015;21:55:00;1019;com vítima;4;BR-040/RJ;Sul;Capotamento;1;;;;;;;;;;0;3;;;
07/11/2015;07:50:00;928;sem vítima;12;BR-040/RJ;Norte;Choque - Objeto Fixo;1;;;;;;;;;;1;;;;
07/11/2015;00:47:00;892;com vítima;43;BR-040/RJ;Norte;Colisão Traseira;;1;;;;1;;;;;1;;1;;
07/11/2015;06:59:00;920;sem vítima;49;BR-040/RJ;Sul;Choque - Objeto Fixo;1;;;;;;;;;;1;;;;
07/11/2015;06:09:00;915;com vítima;52;BR-040/RJ;Sul;Queda de Moto;;;;1;;;;;;;0;;1;;
07/11/2015;03:32:00;899;sem vítima;55;BR-040/RJ;Norte;Atropelamento - Animal;1;;;;;;;;;;1;;;;
07/11/2015;23:09:00;1022;com vítima;73;BR-040/RJ;Norte;Derrapagem;1;;;;;;;;;;0;1;;;
07/11/2015;13:49:00;966;sem vítima;89;BR-040/RJ;Sul;Choque - Objeto Fixo;1;;;;;;;;;;1;;;;
07/11/2015;20:29:00;1009;sem vítima;89;BR-040/RJ;Sul;Choque - Objeto Fixo;1;;;;;;;;;;1;;;;
07/11/2015;00:59:00;893;sem vítima;93;BR-040/RJ;Sul;Derrapagem;1;;;;;;;;;;1;;;;
07/11/2015;08:30:00;930;com vítima;93;BR-040/RJ;Norte;Queda de Moto;;;;1;;;;;;;0;1;;;
07/11/2015;11:11:00;952;sem vítima;93;BR-040/RJ;Sul;Choque - Objeto Fixo;1;;;;;;;;;;1;;;;
07/11/2015;13:25:00;963;sem vítima;93;BR-040/RJ;Norte;Engavetamento;4;;;;;;;;;;4;;;;