data;horario;n_da_ocorrencia;tipo_de_ocorrencia;km;trecho;sentido;tipo_de_acidente;automovel;bicicleta;caminhao;moto;onibus;outros;tracao_animal;transporte_de_cargas_especiais;trator_maquinas;utilitarios;ilesos;levemente_feridos;moderadamente_feridos;gravemente_feridos;mortos
28/11/2015;02:45:00;4016;sem vítima;813;BR-040/MG;Norte;Derrapagem;1;;;;;;;;;;1;;;;
29/11/2015;15:10:00;4254;sem vítima;0;BR-040/RJ;Sul;Choque - Objeto Fixo;1;;;;;;;;;;1;;;;
29/11/2015;14:25:00;4240;sem vítima;2;BR-040/RJ;Sul;Choque - Objeto Fixo;1;;;;;;;;;;1;;;;
29/11/2015;16:14:00;4264;com vítima;4;BR-040/RJ;Sul;Tombamento;;;1;;;;;;;;0;1;;;
29/11/2015;17:43:00;4274;com vítima;13;BR-040/RJ;Norte;Capotamento;1;;;;;;;;;;0;1;2;;
29/11/2015;18:05:00;4281;com vítima;32;BR-040/RJ;Norte;Capotamento;1;;;;;;;;;;0;1;;;
29/11/2015;19:50:00;4293;com vítima;43;BR-040/RJ;Norte;Choque - Objeto Fixo;1;;;;;;;;;;0;2;;;
29/11/2015;15:33:00;4255;sem vítima;75;BR-040/RJ;Norte;Tombamento;1;;;;;;;;;;1;;;;
29/11/2015;17:55:00;4278;sem vítima;77;BR-040/RJ;Norte;Colisão Traseira;2;;;;;;;;;;2;;;;
29/11/2015;19:48:00;4292;sem vítima;79;BR-040/RJ;Sul;Choque - Objeto Fixo;1;;;;;;;;;;1;;;;
29/11/2015;00:09:00;4165;sem vítima;81;BR-040/RJ;Norte;Choque - Objeto Fixo;1;;;;;;;;;;1;;;;
29/11/2015;20:31:00;4300;sem vítima;82;BR-040/RJ;Sul;Choque - Objeto Fixo;1;;;;;;;;;;1;;;;
29/11/2015;12:29:00;4230;sem vítima;90;BR-040/RJ;Norte;Choque - Objeto Fixo;1;;;;;;;;;;1;;;;
29/11/2015;02:59:00;4175;sem vítima;93;BR-040/RJ;Sul;Colisão Lateral;2;;;;;;;;;;2;;;;
29/11/2015;10:52:00;4222;com vítima;96;BR-040/RJ;Sul;Queda de Moto;;;;1;;;;;;;0;1;;;
29/11/2015;11:31:00;4226;com vítima;98;BR-040/RJ;Sul;Capotamento;1;;;;;;;;;;0;;1;;
29/11/2015;08:59:00;4207;com vítima;108;BR-040/RJ;Sul;Choque - Objeto Fixo;1;;;;;;;;;;0;1;;;
29/11/2015;21:41:00;4309;sem vítima;783;BR-040/MG;Sul;Choque - Objeto Fixo;1;;;;;;;;;;1;;;;
29/11/2015;13:46:00;4238;sem vítima;805;BR-040/MG;Sul;Choque - Objeto Fixo;1;;;;;;;;;;1;;;;
29/11/2015;17:38:00;4275;com vítima;119;BR-040/RJ;Norte;Choque - Objeto Fixo;;;1;;;;;;;;0;1;;;
29/11/2015;20:10:00;4297;com vítima;122;BR-040/RJ;Sul;Capotamento;2;;;;;;;;;;0;3;;;
30/11/2015;00:20:00;4326;com vítima;72;BR-040/RJ;Norte;Capotamento;1;;;;;;;;;;0;;1;;
30/11/2015;14:46:00;4429;sem vítima;82;BR-040/RJ;Sul;Choque - Objeto Fixo;1;;;;;;;;;;1;;;;
30/11/2015;21:34:00;4491;sem vítima;82;BR-040/RJ;Sul;Choque - Objeto Fixo;1;;;;;;;;;;1;;;;
30/11/2015;09:52:00;4387;sem vítima;92;BR-040/RJ;Norte;Choque - Objeto Fixo;1;;;;;;;;;;1;;;;
30/11/2015;15:30:00;4439;com vítima;100;BR-040/RJ;Sul;Choque - Objeto Fixo;1;;;;;;;;;;0;3;;;
30/11/2015;01:17:00;4333;com vítima;101;BR-040/RJ;Norte;Choque - Objeto Fixo;1;;;;;;;;;;0;;1;;
30/11/2015;07:33:00;4365;sem vítima;104;BR-040/RJ;Norte;Choque - Objeto Fixo;1;;;;;;;;;;1;;;;
30/11/2015;10:07:00;4389;sem vítima;105;BR-040/RJ;Norte;Colisão Lateral;2;;;;;;;;;;2;;;;
30/11/2015;08:49:00;4379;sem vítima;109;BR-040/RJ;Norte;Colisão Traseira;1;;;;1;;;;;;2;;;;
30/11/2015;13:44:00;4420;com vítima;801;BR-040/MG;Norte;Choque - Objeto Fixo;1;;;;;;;;;;0;2;;;
30/11/2015;14:17:00;4423;com vítima;817;BR-040/MG;Norte;Choque - Objeto Fixo;1;;;;;;;;;;0;1;;;
30/11/2015;21:54:00;4494;sem vítima;120;BR-040/RJ;Norte;Engavetamento;3;;;;;;;;;;3;;;;
30/11/2015;05:54:00;4351;sem vítima;121;BR-040/RJ;Sul;Colisão Traseira;1;;;;;1;;;;;2;;;;
01/12/2015;21:37:00;143;com vítima;39;BR-040/RJ;Norte;Tombamento;;;1;;;;;;;;0;1;;;
01/12/2015;17:48:00;116;sem vítima;85;BR-040/RJ;Norte;Choque - Objeto Fixo;1;;;;;;;;;;1;;;;
01/12/2015;18:54:00;129;sem vítima;92;BR-040/RJ;Sul;Choque - Objeto Fixo;1;;;;;;;;;;1;;;;
01/12/2015;23:50:00;149;com vítima;120;BR-040/RJ;Sul;Atropelamento - Pedestre;;;;;;1;;;;;1;;;;1
01/12/2015;14:57:00;88;com vítima;124;BR-040/RJ;Sul;Engavetamento;2;;2;;;;;;;;1;4;;;
02/12/2015;10:17:00;196;sem vítima;0;BR-040/RJ;Norte;Choque - Objeto Fixo;;;1;;;;;;;;1;;;;
02/12/2015;15:16:00;227;com vítima;3;BR-040/RJ;Norte;Choque - Objeto Fixo;1;;;;;;;;;;0;2;;;
02/12/2015;00:31:00;154;com vítima;31;BR-040/RJ;Sul;Colisão Traseira;;;2;;;;;;;;0;3;;;
02/12/2015;08:59:00;189;sem vítima;84;BR-040/RJ;Sul;Choque - Objeto Fixo;1;;;;;;;;;;1;;;;
02/12/2015;04:10:00;167;sem vítima;85;BR-040/RJ;Sul;Choque - Objeto Fixo;1;;;;;;;;;;1;;;;
02/12/2015;13:23:00;216;sem vítima;91;BR-040/RJ;Norte;Choque - Objeto Fixo;1;;;;;;;;;;1;;;;
02/12/2015;13:21:00;215;sem vítima;101;BR-040/RJ;Norte;Colisão Lateral;1;;;;1;;;;;;2;;;;
02/12/2015;21:49:00;272;com vítima;115;BR-040/RJ;Norte;Colisão Lateral;1;;;1;;;;;;;1;;1;;
02/12/2015;17:30:00;244;sem vítima;779;BR-040/MG;Sul;Colisão Traseira;2;;;;;;;;;;2;;;;
02/12/2015;09:10:00;191;com vítima;116;BR-040/RJ;Sul;Queda de Moto;1;;;;;;;;;;0;;1;1;
02/12/2015;15:39:00;230;sem vítima;118;BR-040/RJ;Norte;Choque - Objeto Fixo;1;;;;;;;;;;1;;;;
03/12/2015;12:10:00;329;com vítima;25;BR-040/RJ;Sul;Tombamento;;;1;;;;;;;;0;1;;;
03/12/2015;18:00:00;381;com vítima;39;BR-040/RJ;Norte;Capotamento;1;;;;;;;;;;0;1;;;
03/12/2015;04:53:00;286;sem vítima;88;BR-040/RJ;Norte;Choque - Objeto Fixo;1;;;;;;;;;;1;;;;
03/12/2015;18:21:00;387;sem vítima;93;BR-040/RJ;Sul;Choque - Objeto Fixo;1;;;;;;;;;;1;;;;
03/12/2015;16:38:00;372;com vítima;94;BR-040/RJ;Sul;Capotamento;1;;;;;;;;;;0;1;;;
03/12/2015;08:34:00;305;sem vítima;111;BR-040/RJ;Sul;Colisão Lateral;;;2;;;;;;;;2;;;;
03/12/2015;16:12:00;369;sem vítima;111;BR-040/RJ;Norte;Colisão Traseira;2;;;;;;;;;;2;;;;
03/12/2015;16:15:00;370;sem vítima;112;BR-040/RJ;Norte;Engavetamento;2;;1;;;;;;;;3;;;;
03/12/2015;05:06:00;288;sem vítima;113;BR-040/RJ;Sul;Engavetamento;1;;;;;3;;;;;4;;;;
03/12/2015;15:52:00;365;sem vítima;119;BR-040/RJ;Norte;Engavetamento;3;;2;;;;;;;;5;;;;
04/12/2015;11:45:00;485;sem vítima;55;BR-040/RJ;Norte;Choque - Objeto Fixo;1;;;;;;;;;;1;;;;
04/12/2015;08:02:00;452;sem vítima;91;BR-040/RJ;Norte;Choque - Objeto Fixo;1;;;;;;;;;;1;;;;
04/12/2015;18:11:00;542;sem vítima;94;BR-040/RJ;Sul;Choque - Objeto Fixo;1;;;;;;;;;;1;;;;
04/12/2015;22:55:00;569;sem vítima;101;BR-040/RJ;Norte;Choque - Objeto Fixo;1;;;;;;;;;;1;;;;
04/12/2015;04:40:00;433;sem vítima;113;BR-040/RJ;Sul;Choque - Objeto Fixo;1;;;;;;;;;;1;;;;
04/12/2015;08:11:00;455;sem vítima;113;BR-040/RJ;Sul;Derrapagem;1;;;;;;;;;;1;;;;
04/12/2015;17:02:00;533;com vítima;114;BR-040/RJ;Sul;Queda de Moto;;;;1;;1;;;;;1;;1;;
04/12/2015;03:16:00;429;sem vítima;118;BR-040/RJ;Sul;Choque - Objeto Fixo;1;;;;;;;;;;1;;;;
04/12/2015;18:50:00;548;sem vítima;119;BR-040/RJ;Norte;Colisão Traseira;3;;;;;1;;;;;4;;;;
04/12/2015;05:48:00;438;sem vítima;123;BR-040/RJ;Sul;Choque - Objeto Fixo;1;;;;;;;;;;1;;;;
05/12/2015;13:39:00;653;sem vítima;55;BR-040/RJ;Norte;Colisão Traseira;1;;;;;1;;;;;2;;;;
05/12/2015;19:14:00;713;sem vítima;78;BR-040/RJ;Norte;Colisão Traseira;2;;;;;;;;;;2;;;;
05/12/2015;07:15:00;606;sem vítima;82;BR-040/RJ;Sul;Choque - Objeto Fixo;1;;;;;;;;;;1;;;;
05/12/2015;02:15:00;586;sem vítima;84;BR-040/RJ;Norte;Derrapagem;1;;;;;;;;;;1;;;;
05/12/2015;12:31:00;641;com vítima;84;BR-040/RJ;Sul;Choque - Objeto Fixo;1;;;;;;;;;;0;;1;;
05/12/2015;05:20:00;600;sem vítima;92;BR-040/RJ;Norte;Choque - Objeto Fixo;1;;;;;;;;;;1;;;;
05/12/2015;18:57:00;708;sem vítima;94;BR-040/RJ;Norte;Choque - Objeto Fixo;1;;;;;;;;;;1;;;;
05/12/2015;04:01:00;595;sem vítima;95;BR-040/RJ;Sul;Choque - Objeto Fixo;1;;;;;;;;;;1;;;;
05/12/2015;06:24:00;604;sem vítima;100;BR-040/RJ;Sul;Derrapagem;1;;;;;;;;;;1;;;;
05/12/2015;15:39:00;670;com vítima;105;BR-040/RJ;Sul;Colisão Lateral;1;;;1;;;;;;;1;;1;;
05/12/2015;16:02:00;677;com vítima;105;BR-040/RJ;Norte;Colisão Transversal;1;;;1;;;;;;;1;;1;;
05/12/2015;07:06:00;605;com vítima;111;BR-040/RJ;Norte;Colisão Traseira;1;;;1;;;;;;;1;1;;;
05/12/2015;14:36:00;661;com vítima;114;BR-040/RJ;Norte;Colisão Traseira;;;1;;1;;;;;;1;4;1;;
05/12/2015;17:10:00;691;com vítima;115;BR-040/RJ;Sul;Capotamento;1;;;;;;;;;;0;3;;;
05/12/2015;20:50:00;721;com vítima;777;BR-040/MG;Norte;Colisão Transversal;1;;1;;;;;;;;1;1;;;
05/12/2015;23:40:00;735;sem vítima;117;BR-040/RJ;Norte;Colisão Traseira;2;;;;;;;;;;2;;;;
05/12/2015;22:06:00;727;com vítima;815;BR-040/MG;Sul;Choque - Objeto Fixo;1;;;;;;;;;;0;3;2;;
05/12/2015;05:38:00;601;sem vítima;121;BR-040/RJ;Sul;Choque - Objeto Fixo;1;;;;;;;;;;1;;;;
05/12/2015;07:20:00;607;sem vítima;121;BR-040/RJ;Sul;Choque - Objeto Fixo;;;1;;;;;;;;1;;;;
05/12/2015;21:30:00;724;com vítima;122;BR-040/RJ;Sul;Capotamento;1;;;;;;;;;;0;1;;;
06/12/2015;17:49:00;843;sem vítima;4;BR-040/RJ;Sul;Choque - Objeto Fixo;1;;;;;;;;;;1;;;;
06/12/2015;16:15:00;826;sem vítima;34;BR-040/RJ;Norte;Choque - Objeto Fixo;1;;;;;;;;;;1;;;;
06/12/2015;18:15:00;852;sem vítima;39;BR-040/RJ;Norte;Choque - Objeto Fixo;1;;;;;;;;;;1;;;;
06/12/2015;06:53:00;758;com vítima;41;BR-040/RJ;Sul;Queda de Moto;;;;1;;;;;;;0;;1;;
06/12/2015;19:18:00;863;sem vítima;73;BR-040/RJ;Sul;Choque - Objeto Fixo;1;;;;;;;;;;1;;;;
06/12/2015;18:02:00;847;com vítima;77;BR-040/RJ;Sul;Capotamento;1;;;;;;;;;;0;5;;;
06/12/2015;13:39:00;803;sem vítima;84;BR-040/RJ;Sul;Choque - Objeto Fixo;1;;;;;;;;;;1;;;;
06/12/2015;18:19:00;853;sem vítima;90;BR-040/RJ;Sul;Choque - Objeto Fixo;1;;;;;;;;;;1;;;;
06/12/2015;16:24:00;828;sem vítima;98;BR-040/RJ;Norte;Choque - Objeto Fixo;1;;;;;;;;;;1;;;;
06/12/2015;21:15:00;879;sem vítima;101;BR-040/RJ;Sul;Choque - Objeto Fixo;1;;;;;;;;;;1;;;;
06/12/2015;02:52:00;749;sem vítima;105;BR-040/RJ;Norte;Colisão Frontal;1;;;;;1;;;;;2;;;;
06/12/2015;05:02:00;754;sem vítima;109;BR-040/RJ;Sul;Colisão Traseira;1;;;;;1;;;;;2;;;;
06/12/2015;20:02:00;867;com vítima;116;BR-040/RJ;Norte;Colisão Lateral;2;;;;;;;;;;1;3;;;
06/12/2015;17:30:00;840;com vítima;825;BR-040/MG;Sul;Choque - Objeto Fixo;1;;;;;;;;;;0;1;;;
06/12/2015;20:03:00;868;com vítima;120;BR-040/RJ;Sul;Colisão Traseira;2;;;;;;;;;;0;2;;;
06/12/2015;22:25:00;883;sem vítima;123;BR-040/RJ;Sul;Choque - Objeto Fixo;1;;;;;;;;;;1;;;;
07/12/2015;16:20:00;1017;sem vítima;11;BR-040/RJ;Norte;Choque - Objeto Fixo;1;;;;;;;;;;1;;;;
07/12/2015;18:26:00;1028;com vítima;78;BR-040/RJ;Sul;Choque - Objeto Fixo;1;;;;;;;;;;0;1;;;
07/12/2015;06:16:00;920;sem vítima;92;BR-040/RJ;Norte;Choque - Objeto Fixo;1;;;;;;;;;;1;;;;
07/12/2015;04:25:00;910;sem vítima;96;BR-040/RJ;Sul;Choque - Objeto Fixo;1;;;;;;;;;;1;;;;
07/12/2015;18:12:00;1026;sem vítima;98;BR-040/RJ;Norte;Colisão Lateral;2;;;;;;;;;;2;;;;
07/12/2015;06:55:00;924;sem vítima;779;BR-040/MG;Norte;Atropelamento - Animal;1;;;;;;;;;;1;;;;
08/12/2015;18:20:00;1162;sem vítima;91;BR-040/RJ;Norte;Choque - Objeto Fixo;1;;;;;;;;;;1;;;;
08/12/2015;18:53:00;1164;com vítima;93;BR-040/RJ;Norte;Choque - Objeto Fixo;1;;;;;;;;;;0;1;;;
08/12/2015;18:13:00;1161;sem vítima;109;BR-040/RJ;Norte;Colisão Traseira;1;;;;;1;;;;;2;;;;
08/12/2015;15:55:00;1139;sem vítima;110;BR-040/RJ;Sul;Colisão Lateral;;;2;;;;;;;;2;;;;
08/12/2015;20:13:00;1169;com vítima;114;BR-040/RJ;Norte;Choque - Objeto Fixo;1;;;;;;;;;;0;1;;;
08/12/2015;19:50:00;1168;com vítima;117;BR-040/RJ;Sul;Capotamento;1;;;;;;;;;;0;;2;;
09/12/2015;16:23:00;1269;sem vítima;3;BR-040/RJ;Sul;Choque - Objeto Fixo;1;;;;;;;;;;1;;;;
09/12/2015;19:52:00;1295;com vítima;70;BR-040/RJ;Norte;Derrapagem;1;;;;;;;;;;0;1;;;
09/12/2015;07:34:00;1209;com vítima;105;BR-040/RJ;Norte;Colisão Traseira;1;;;1;;;;;;;1;1;;;
09/12/2015;08:13:00;1213;com vítima;111;BR-040/RJ;Sul;Colisão Lateral;;;;1;;1;;;;;1;1;1;;
09/12/2015;14:44:00;1255;com vítima;799;BR-040/MG;Sul;Queda de Moto;;;;1;;;;;;;0;1;1;;
09/12/2015;20:14:00;1297;com vítima;118;BR-040/RJ;Norte;Choque - Objeto Fixo;1;;1;;;;;;;;1;;1;;
09/12/2015;16:56:00;1274;sem vítima;120;BR-040/RJ;Sul;Colisão Traseira;1;;;;;;;;;;1;;;;
10/12/2015;14:32:00;1404;sem vítima;42;BR-040/RJ;Sul;Colisão Traseira;1;;;;;1;;;;;2;;;;
10/12/2015;14:58:00;1408;sem vítima;65;BR-040/RJ;Norte;Choque - Objeto Fixo;1;;;;;;;;;;1;;;;
10/12/2015;07:48:00;1347;com vítima;105;BR-040/RJ;Norte;Queda de Moto;;;;1;;;;;;;0;1;;;
10/12/2015;18:14:00;1439;com vítima;107;BR-040/RJ;Sul;Colisão Lateral;;1;;1;;;;;;;1;1;;;
10/12/2015;07:15:00;1340;sem vítima;113;BR-040/RJ;Sul;Queda de Moto;;;;1;;;;;;;1;;;;
10/12/2015;14:05:00;1399;com vítima;116;BR-040/RJ;Norte;Colisão Traseira;1;;;1;;;;;;;1;1;;;
10/12/2015;02:05:00;1320;com vítima;828;BR-040/MG;Norte;Capotamento;1;;;;;;;;;;0;1;;;
10/12/2015;22:59:00;1465;com vítima;120;BR-040/RJ;Norte;Colisão Traseira;2;;;;;;;;;;1;5;;1;
10/12/2015;07:41:00;1346;sem vítima;122;BR-040/RJ;Sul;Colisão Frontal;;;1;1;;;;;;;2;;;;
10/12/2015;17:10:00;1431;sem vítima;123;BR-040/RJ;Sul;Colisão Traseira;2;;;;;;;;;;2;;;;
11/12/2015;16:14:00;1573;com vítima;2;BR-040/RJ;Sul;Capotamento;1;;;;;;;;;;0;2;;;
11/12/2015;21:06:00;1615;sem vítima;11;BR-040/RJ;Norte;Queda de Moto;;;;1;;;;;;;1;;;;
11/12/2015;14:31:00;1549;sem vítima;31;BR-040/RJ;Norte;Choque - Objeto Fixo;1;;;;;;;;;;1;;;;
11/12/2015;17:30:00;1599;sem vítima;45;BR-040/RJ;Sul;Engavetamento;2;;;;;1;;;;;3;;;;
12/12/2015;12:25:00;1702;com vítima;66;BR-040/RJ;Sul;Colisão Traseira;1;;1;;;;;;;;0;7;;;
12/12/2015;16:03:00;1736;sem vítima;86;BR-040/RJ;Norte;Colisão Lateral;1;;;;;1;;;;;2;;;;
12/12/2015;17:37:00;1749;sem vítima;92;BR-040/RJ;Sul;Choque - Objeto Fixo;1;;;;;;;;;;1;;;;
12/12/2015;11:20:00;1692;sem vítima;102;BR-040/RJ;Sul;Colisão Traseira;1;;1;;;;;;;;2;;;;
12/12/2015;01:21:00;1638;com vítima;106;BR-040/RJ;Norte;Colisão Traseira;2;;;;;;;;;;1;1;;;
12/12/2015;12:02:00;1697;com vítima;107;BR-040/RJ;Sul;Choque - Objeto Fixo;1;;;;;;;;;;0;;1;;
12/12/2015;08:24:00;1665;sem vítima;109;BR-040/RJ;Norte;Engavetamento;3;;;;;;;;;;3;;;;
12/12/2015;14:18:00;1717;sem vítima;113;BR-040/RJ;Norte;Queda de Moto;;;;1;;;;;;;1;;;;
12/12/2015;02:40:00;1645;com vítima;784;BR-040/MG;Norte;Colisão Lateral;2;;;;;;;;;;1;3;;;
12/12/2015;19:02:00;1760;sem vítima;787;BR-040/MG;Sul;Choque - Objeto Fixo;1;;;;;;;;;;1;;;;
12/12/2015;14:53:00;1723;sem vítima;798;BR-040/MG;Sul;Choque - Objeto Fixo;1;;;;;;;;;;1;;;;
12/12/2015;05:21:00;1653;com vítima;119;BR-040/RJ;Sul;Queda de Moto;;;;1;;;;;;;0;;;1;
12/12/2015;21:56:00;1783;sem vítima;120;BR-040/RJ;Norte;Capotamento;1;;;;;;;;;;1;;;;
12/12/2015;22:53:00;1786;sem vítima;121;BR-040/RJ;Sul;Choque - Objeto Fixo;1;;;;;;;;;;1;;;;
12/12/2015;21:09:00;1780;sem vítima;124;BR-040/RJ;Norte;Colisão Lateral;1;;1;;;;;;;;2;;;;
13/12/2015;21:23:00;1937;sem vítima;7;BR-040/RJ;Sul;Choque - Objeto Fixo;1;;;;;;;;;;1;;;;
13/12/2015;18:49:00;1913;com vítima;51;BR-040/RJ;Norte;Choque - Objeto Fixo;1;;;;;;;;;;0;2;1;;
13/12/2015;11:36:00;1844;com vítima;56;BR-040/RJ;Norte;Choque - Objeto Fixo;1;;;;;;;;;;0;3;;;
13/12/2015;10:39:00;1838;com vítima;63;BR-040/RJ;Norte;Colisão Traseira;;;;2;;;;;;;0;;2;;
13/12/2015;16:32:00;1883;sem vítima;90;BR-040/RJ;Sul;Colisão Traseira;2;;;;;;;;;;2;;;;
13/12/2015;15:31:00;1876;sem vítima;93;BR-040/RJ;Norte;Engavetamento;1;;1;;;1;;;;;3;;;;
13/12/2015;20:38:00;1930;sem vítima;102;BR-040/RJ;Norte;Choque - Objeto Fixo;1;;;;;1;;;;;2;;;;
13/12/2015;23:14:00;1954;sem vítima;112;BR-040/RJ;Sul;Colisão Traseira;1;;;;;1;;;;;2;;;;
13/12/2015;11:39:00;1845;sem vítima;113;BR-040/RJ;Sul;Choque - Objeto Fixo;1;;;;;;;;;;1;;;;
13/12/2015;22:16:00;1943;sem vítima;113;BR-040/RJ;Norte;Capotamento;1;;;;;;;;;;1;;;;
13/12/2015;22:31:00;1952;sem vítima;113;BR-040/RJ;Norte;Colisão Traseira;2;;;;;;;;;;2;;;;
13/12/2015;03:03:00;1805;com vítima;787;BR-040/MG;Norte;Capotamento;1;;;;;;;;;;0;2;;;
13/12/2015;22:08:00;1942;com vítima;789;BR-040/MG;Norte;Choque - Objeto Fixo;1;;;;;;;;;;0;3;;;
13/12/2015;03:59:00;1809;sem vítima;121;BR-040/RJ;Norte;Choque - Objeto Fixo;1;;;;;;;;;;1;;;;
14/12/2015;11:45:00;2032;sem vítima;1;BR-040/RJ;Sul;Choque - Objeto Fixo;1;;;;;;;;;;1;;;;
14/12/2015;15:53:00;2052;com vítima;53;BR-040/RJ;Sul;Colisão Frontal;1;;;1;;;;;;;1;1;;;
14/12/2015;00:00:00;1958;com vítima;59;BR-040/RJ;Sul;Tombamento;;;1;;;;;;;;0;1;;;
14/12/2015;19:45:00;2081;com vítima;67;BR-040/RJ;Sul;Derrapagem;1;;;;;;;;;;0;2;;;
14/12/2015;01:27:00;1967;sem vítima;92;BR-040/RJ;Sul;Derrapagem;1;;;;;;;;;;1;;;;
14/12/2015;10:16:00;2014;com vítima;111;BR-040/RJ;Norte;Queda de Moto;;;;1;;;;;;;0;1;;;
14/12/2015;20:20:00;2084;com vítima;117;BR-040/RJ;Norte;Colisão Traseira;;;;;1;1;;;;;1;1;;;
14/12/2015;00:00:00;1957;sem vítima;121;BR-040/RJ;Norte;Colisão Traseira;1;;;;;1;;;;;2;;;;
14/12/2015;18:08:00;2072;sem vítima;124;BR-040/RJ;Sul;Colisão Lateral;1;;;;1;;;;;;2;;;;
15/12/2015;14:16:00;2215;sem vítima;87;BR-040/RJ;Norte;Engavetamento;2;;;;;1;;;;;3;;;;
15/12/2015;22:52:00;2299;com vítima;105;BR-040/RJ;Norte;Choque - Objeto Fixo;1;;;;;;;;;;0;1;;;
15/12/2015;19:34:00;2275;com vítima;109;BR-040/RJ;Norte;Colisão Traseira;2;;;;;;;;;;0;2;;;
15/12/2015;18:41:00;2265;com vítima;118;BR-040/RJ;Sul;Colisão Traseira;2;;;;;;;;;;1;1;;;
15/12/2015;02:51:00;2136;com vítima;121;BR-040/RJ;Sul;Colisão Traseira;2;;;;;;;;;;0;2;1;;
15/12/2015;07:36:00;2159;sem vítima;123;BR-040/RJ;Sul;Colisão Lateral;1;;1;;;;;;;;2;;;;
16/12/2015;14:35:00;2386;sem vítima;43;BR-040/RJ;Norte;Choque - Objeto Fixo;1;;;;;;;;;;1;;;;
16/12/2015;16:17:00;2399;sem vítima;84;BR-040/RJ;Sul;Colisão Traseira;2;;;;;;;;;;2;;;;
16/12/2015;11:50:00;2364;com vítima;94;BR-040/RJ;Sul;Choque - Objeto Fixo;1;;;;;;;;;;0;;1;;
16/12/2015;13:57:00;2378;sem vítima;98;BR-040/RJ;Norte;Choque - Objeto Fixo;1;;;;;;;;;;1;;;;
16/12/2015;19:05:00;2428;com vítima;105;BR-040/RJ;Norte;Atropelamento - Pedestre;;;;;;1;;;;;1;;1;;
16/12/2015;15:45:00;2395;com vítima;108;BR-040/RJ;Sul;Engavetamento;2;;1;;;;;;;;1;6;3;;
16/12/2015;11:33:00;2363;com vítima;114;BR-040/RJ;Sul;Colisão Lateral;1;;;1;;;;;;;1;;1;;
17/12/2015;23:52:00;2633;com vítima;87;BR-040/RJ;Norte;Derrapagem;;;1;;;;;;;;0;2;;;
17/12/2015;19:20:00;2601;sem vítima;91;BR-040/RJ;Norte;Choque - Objeto Fixo;1;;;;;;;;;;1;;;;
17/12/2015;12:04:00;2535;com vítima;101;BR-040/RJ;Sul;Queda de Moto;;;;1;;;;;;;0;1;;;
17/12/2015;08:36:00;2505;sem vítima;104;BR-040/RJ;Norte;Colisão Lateral;1;;;;1;;;;;;2;;;;
17/12/2015;23:28:00;2630;sem vítima;109;BR-040/RJ;Sul;Choque - Objeto Fixo;1;;;;;;;;;;1;;;;
17/12/2015;05:05:00;2487;sem vítima;112;BR-040/RJ;Sul;Engavetamento;3;;;;1;;;;;;4;;;;
17/12/2015;13:20:00;2548;com vítima;801;BR-040/MG;Norte;Colisão Traseira;2;;;;;;;;;;1;1;;;
17/12/2015;10:00:00;2516;sem vítima;815;BR-040/MG;Sul;Colisão Traseira;2;;;;;;;;;;2;;;;
17/12/2015;11:26:00;2529;com vítima;123;BR-040/RJ;Sul;Colisão Lateral;;;;1;1;;;;;;1;1;;;
18/12/2015;19:38:00;2779;com vítima;55;BR-040/RJ;Norte;Colisão Lateral;1;;;1;;;;;;;0;3;;1;
18/12/2015;15:00:00;2730;sem vítima;82;BR-040/RJ;Norte;Colisão Traseira;2;;;;;;;;;;2;;;;
18/12/2015;16:29:00;2740;sem vítima;83;BR-040/RJ;Norte;Colisão Traseira;2;;;;;;;;;;2;;;;
18/12/2015;07:10:00;2664;sem vítima;104;BR-040/RJ;Sul;Atropelamento - Animal;1;;;;;;;;;;1;;;;
18/12/2015;20:33:00;2786;com vítima;104;BR-040/RJ;Norte;Colisão Lateral;2;;;;;;;;;;1;2;1;;
18/12/2015;23:29:00;2805;com vítima;109;BR-040/RJ;Norte;Choque - Objeto Fixo;1;;;;;;;;;;0;1;;;
18/12/2015;17:01:00;2747;sem vítima;112;BR-040/RJ;Norte;Engavetamento;3;;;;;;;;;;3;;;;
18/12/2015;21:55:00;2801;sem vítima;112;BR-040/RJ;Norte;Engavetamento;3;;;;;;;;;;3;;;;
18/12/2015;23:33:00;2806;sem vítima;816;BR-040/MG;Norte;Derrapagem;1;;;;;;;;;;1;;;;
19/12/2015;06:42:00;2836;sem vítima;72;BR-040/RJ;Norte;Choque - Objeto Fixo;;;1;;;;;;;;1;;;;
19/12/2015;15:51:00;2917;sem vítima;77;BR-040/RJ;Sul;Colisão Traseira;2;;;;;;;;;;2;;;;
19/12/2015;14:53:00;2908;com vítima;78;BR-040/RJ;Sul;Choque - Objeto Fixo;1;;;;;;;;;;0;4;;;
19/12/2015;12:34:00;2886;com vítima;105;BR-040/RJ;Norte;Colisão Frontal;1;;;1;;;;;;;1;1;;;
19/12/2015;17:55:00;2938;com vítima;105;BR-040/RJ;Norte;Queda de Moto;;;;1;;;;;;;0;1;;;
19/12/2015;10:02:00;2869;sem vítima;109;BR-040/RJ;Sul;Colisão Lateral;1;;;1;;;;;;;2;;;;
19/12/2015;14:26:00;2905;com vítima;784;BR-040/MG;Norte;Colisão Lateral;1;;1;;;;;;;;1;1;;;