data;horario;n_da_ocorrencia;tipo_de_ocorrencia;km;trecho;sentido;tipo_de_acidente;automovel;bicicleta;caminhao;moto;onibus;outros;tracao_animal;transporte_de_cargas_especiais;trator_maquinas;utilitarios;ilesos;levemente_feridos;moderadamente_feridos;gravemente_feridos;mortos
18/02/2016;10:50:00;2771;com vítima;801;BR-040/MG;Norte;Choque - Objeto Fixo;1;;;;;;;;;;0;1;;;
18/02/2016;10:44:00;2770;com vítima;117;BR-040/RJ;Norte;Colisão Traseira;1;;;;1;;;;;;1;3;1;;
19/02/2016;01:21:00;2864;sem vítima;17;BR-040/RJ;Norte;Derrapagem;;;1;;;;;;;;1;;;;
19/02/2016;07:19:00;2890;com vítima;78;BR-040/RJ;Sul;Tombamento;;;1;;;;;;;;0;1;;;
19/02/2016;02:18:00;2867;sem vítima;101;BR-040/RJ;Norte;Derrapagem;1;;;;;;;;;;1;;;;
19/02/2016;14:35:00;2948;com vítima;102;BR-040/RJ;Norte;Choque - Objeto Fixo;1;;;;;1;;;;;1;1;;;
19/02/2016;21:56:00;3010;com vítima;102;BR-040/RJ;Sul;Queda de Moto;;;;1;;;;;;;0;1;;;
19/02/2016;08:56:00;2903;com vítima;109;BR-040/RJ;Sul;Colisão Traseira;;;2;;;;;;;;1;3;;;
19/02/2016;12:35:00;2934;sem vítima;109;BR-040/RJ;Norte;Choque - Objeto Fixo;1;;;;;;;;;;1;;;;
19/02/2016;19:11:00;2995;sem vítima;110;BR-040/RJ;Norte;Colisão Lateral;1;;1;;;;;;;;2;;;;
19/02/2016;08:48:00;2902;sem vítima;115;BR-040/RJ;Norte;Colisão Traseira;;;2;;;;;;;;2;;;;
19/02/2016;14:30:00;2946;sem vítima;116;BR-040/RJ;Sul;Capotamento;1;;;;;;;;;;3;;;;
19/02/2016;08:25:00;2896;sem vítima;121;BR-040/RJ;Norte;Colisão Traseira;2;;;;;;;;;;2;;;;
19/02/2016;15:21:00;2953;com vítima;124;BR-040/RJ;Norte;Atropelamento - Pedestre;2;;;;;;;;;;2;;1;;
19/02/2016;20:27:00;3005;sem vítima;124;BR-040/RJ;Sul;Colisão Traseira;1;;;1;;;;;;;2;;;;
20/02/2016;09:57:00;3061;com vítima;31;BR-040/RJ;Norte;Choque - Objeto Fixo;1;;;;;;;;;;0;1;;;
20/02/2016;04:00:00;3025;sem vítima;61;BR-040/RJ;Norte;Colisão Traseira;1;;;;;1;;;;;2;;;;
20/02/2016;08:34:00;3047;sem vítima;77;BR-040/RJ;Norte;Choque - Objeto Fixo;1;;;;;;;;;;1;;;;
20/02/2016;19:51:00;3142;com vítima;84;BR-040/RJ;Norte;Choque - Objeto Fixo;1;;;;;;;;;;0;1;;;
20/02/2016;08:01:00;3042;com vítima;86;BR-040/RJ;Norte;Queda de Moto;;;;1;;;;;;;0;1;;;
20/02/2016;18:08:00;3127;com vítima;88;BR-040/RJ;Norte;Choque - Objeto Fixo;1;;;;;;;;;;0;1;;;
20/02/2016;21:10:00;3154;sem vítima;91;BR-040/RJ;Norte;Choque - Objeto Fixo;1;;;;;;;;;;1;;;;
20/02/2016;06:57:00;3035;sem vítima;93;BR-040/RJ;Sul;Choque - Objeto Fixo;1;;;;;;;;;;1;;;;
20/02/2016;11:24:00;3071;com vítima;97;BR-040/RJ;Norte;Queda de Moto;;;;1;;;;;;;0;2;;;
20/02/2016;12:54:00;3086;sem vítima;102;BR-040/RJ;Norte;Choque - Objeto Fixo;1;;;;;;;;;;1;;;;
20/02/2016;17:32:00;3121;sem vítima;111;BR-040/RJ;Sul;Engavetamento;2;;;;;1;;;;;3;;;;
20/02/2016;22:10:00;3158;com vítima;808;BR-040/MG;Sul;Capotamento;1;;;;;;;;;;0;2;;;
20/02/2016;10:03:00;3062;sem vítima;124;BR-040/RJ;Sul;Choque - Objeto Fixo;1;;;;;;;;;;1;;;;
21/02/2016;03:51:00;3191;sem vítima;84;BR-040/RJ;Norte;Derrapagem;1;;;;;;;;;;1;;;;
21/02/2016;08:06:00;3207;sem vítima;102;BR-040/RJ;Norte;Choque - Objeto Fixo;1;;;;;;;;;;1;;;;
21/02/2016;17:05:00;3267;sem vítima;804;BR-040/MG;Sul;Choque - Objeto Fixo;1;;;;;;;;;;1;;;;
21/02/2016;05:30:00;3195;sem vítima;816;BR-040/MG;Sul;Choque - Objeto Fixo;1;;;;;;;;;;1;;;;
21/02/2016;22:31:00;3302;com vítima;822;BR-040/MG;Norte;Colisão Traseira;1;;1;;;;;;;;1;4;;;
21/02/2016;12:52:00;3239;sem vítima;117;BR-040/RJ;Norte;Colisão Lateral;2;;;;;;;;;;2;;;;
22/02/2016;09:03:00;3350;com vítima;19;BR-040/RJ;Sul;Colisão Traseira;;;2;;;;;;;;1;2;;;
22/02/2016;11:43:00;3367;com vítima;19;BR-040/RJ;Norte;Colisão Lateral;;;2;;;;;;;;1;1;;;
22/02/2016;05:19:00;3324;com vítima;95;BR-040/RJ;Sul;Colisão Lateral;;;2;;;;;;;;0;4;;;
22/02/2016;16:17:00;3392;com vítima;109;BR-040/RJ;Norte;Tombamento;;;1;;;;;;;;0;1;;;
22/02/2016;02:38:00;3320;com vítima;110;BR-040/RJ;Sul;Colisão Traseira;1;;1;;;;;;;;1;1;;;
22/02/2016;20:23:00;3429;sem vítima;113;BR-040/RJ;Sul;Engavetamento;4;;;;;;;;;;4;;;;
22/02/2016;18:22:00;3408;com vítima;120;BR-040/RJ;Norte;Colisão Traseira;;;;;2;;;;;;1;1;;;
23/02/2016;08:09:00;3483;sem vítima;82;BR-040/RJ;Sul;Choque - Objeto Fixo;;;1;;;;;;;;1;;;;
24/02/2016;15:48:00;3675;sem vítima;96;BR-040/RJ;Norte;Colisão Traseira;1;;1;;;;;;;;2;;;;
24/02/2016;20:48:00;3710;com vítima;101;BR-040/RJ;Sul;Colisão Lateral;1;;;1;;;;;;;1;2;;;
24/02/2016;10:36:00;3624;sem vítima;102;BR-040/RJ;Norte;Choque - Objeto Fixo;1;;;;;;;;;;1;;;;
24/02/2016;21:13:00;3711;com vítima;112;BR-040/RJ;Norte;Tombamento;1;;;;;;;;;;0;1;;;
25/02/2016;13:52:00;3800;com vítima;84;BR-040/RJ;Sul;Capotamento;1;;;;;;;;;;0;6;;;
25/02/2016;18:04:00;3823;sem vítima;93;BR-040/RJ;Sul;Choque - Objeto Fixo;1;;;;;1;;;;;2;;;;
25/02/2016;11:46:00;3788;sem vítima;109;BR-040/RJ;Sul;Choque - Objeto Fixo;1;;;;;;;;;;1;;;;
25/02/2016;12:59:00;3793;sem vítima;109;BR-040/RJ;Sul;Colisão Traseira;2;;;;;;;;;;2;;;;
26/02/2016;18:13:00;3975;sem vítima;11;BR-040/RJ;Norte;Choque - Objeto Fixo;1;;;;;;;;;;1;;;;
26/02/2016;04:47:00;3872;sem vítima;88;BR-040/RJ;Sul;Choque - Objeto Fixo;;;1;;;;;;;;1;;;;
26/02/2016;14:00:00;3931;sem vítima;90;BR-040/RJ;Sul;Colisão Traseira;1;;1;;;;;;;;2;;;;
26/02/2016;05:52:00;3874;sem vítima;803;BR-040/MG;Sul;Choque - Objeto Fixo;;;1;;;;;;;;1;;;;
26/02/2016;19:10:00;3984;com vítima;124;BR-040/RJ;Norte;Engavetamento;1;;;;1;1;;;;;2;1;;;
27/02/2016;20:05:00;4138;sem vítima;22;BR-040/RJ;Norte;Choque - Objeto Fixo;1;;;;;;;;;;1;;;;
27/02/2016;12:55:00;4079;sem vítima;43;BR-040/RJ;Norte;Choque - Objeto Fixo;1;;;;;;;;;;1;;;;
27/02/2016;15:15:00;4106;sem vítima;775;BR-040/MG;Sul;Choque - Objeto Fixo;1;;;;;;;;;;1;;;;
27/02/2016;08:56:00;4036;sem vítima;89;BR-040/RJ;Norte;Queda de Moto;;;;1;;;;;;;1;;;;
27/02/2016;20:18:00;4139;sem vítima;92;BR-040/RJ;Sul;Choque - Objeto Fixo;1;;;;;;;;;;1;;;;
27/02/2016;21:10:00;4143;sem vítima;96;BR-040/RJ;Sul;Choque - Objeto Fixo;1;;;;;;;;;;1;;;;
27/02/2016;16:33:00;4120;sem vítima;105;BR-040/RJ;Norte;Choque - Objeto Fixo;1;;;;;;;;;;1;;;;
27/02/2016;15:49:00;4113;com vítima;110;BR-040/RJ;Norte;Colisão Traseira;2;;;;;;;;;;0;2;2;;
27/02/2016;16:24:00;4118;com vítima;111;BR-040/RJ;Norte;Engavetamento;2;;;1;;;;;;;1;3;;;
27/02/2016;16:07:00;4117;sem vítima;786;BR-040/MG;Norte;Choque - Objeto Fixo;1;;;;;;;;;;1;;;;
27/02/2016;21:39:00;4145;sem vítima;113;BR-040/RJ;Norte;Colisão Frontal;2;;;;;;;;;;2;;;;
27/02/2016;14:27:00;4091;sem vítima;804;BR-040/MG;Sul;Choque - Objeto Fixo;1;;;;;;;;;;1;;;;
27/02/2016;15:20:00;4108;com vítima;817;BR-040/MG;Norte;Capotamento;1;;;;;;;;;;0;1;;;
27/02/2016;16:28:00;4119;sem vítima;118;BR-040/RJ;Sul;Colisão Traseira;1;;1;;;;;;;;2;;;;
27/02/2016;16:47:00;4124;sem vítima;118;BR-040/RJ;Sul;Queda de Moto;;;;1;;;;;;;1;;;;
28/02/2016;23:46:00;4281;sem vítima;68;BR-040/RJ;Norte;Choque - Objeto Fixo;1;;;;;;;;;;1;;;;
28/02/2016;18:01:00;4247;sem vítima;84;BR-040/RJ;Norte;Queda de Moto;;;;1;;;;;;;1;;;;
28/02/2016;16:51:00;4238;com vítima;90;BR-040/RJ;Norte;Capotamento;1;;;;;;;;;;0;2;;;
28/02/2016;09:31:00;4181;com vítima;98;BR-040/RJ;Norte;Queda de Moto;;;;1;;;;;;;0;1;;;
28/02/2016;00:22:00;4155;com vítima;106;BR-040/RJ;Sul;Atropelamento - Pedestre;;;;;;1;;;;;1;;1;;
28/02/2016;15:00:00;4225;com vítima;111;BR-040/RJ;Norte;Colisão Traseira;1;;1;;;;;;;;0;1;1;;
28/02/2016;17:25:00;4243;com vítima;794;BR-040/MG;Norte;Colisão Traseira;2;;;;;;;;;;1;2;1;;
28/02/2016;05:06:00;4168;sem vítima;816;BR-040/MG;Sul;Choque - Objeto Fixo;1;;;;;;;;;;1;;;;
28/02/2016;01:06:00;4160;com vítima;119;BR-040/RJ;Norte;Atropelamento - Pedestre;;;;;;1;;;;;1;1;;;
29/02/2016;17:32:00;4397;sem vítima;34;BR-040/RJ;Norte;Choque - Objeto Fixo;1;;;;;;;;;;1;;;;
29/02/2016;21:32:00;4421;sem vítima;56;BR-040/RJ;Sul;Colisão Traseira;;;2;;;;;;;;2;;;;
29/02/2016;17:30:00;4399;sem vítima;58;BR-040/RJ;Sul;Choque - Objeto Fixo;1;;;;;;;;;;1;;;;
29/02/2016;20:17:00;4413;sem vítima;75;BR-040/RJ;Norte;Choque - Objeto Fixo;1;;;;;;;;;;1;;;;
29/02/2016;12:50:00;4360;sem vítima;77;BR-040/RJ;Sul;Choque - Objeto Fixo;1;;;;;;;;;;1;;;;
29/02/2016;12:56:00;4361;sem vítima;78;BR-040/RJ;Sul;Choque - Objeto Fixo;1;;;;;;;;;;1;;;;
29/02/2016;00:04:00;4283;com vítima;92;BR-040/RJ;Sul;Atropelamento - Pedestre;;;;;;1;;;;;1;1;;;
29/02/2016;15:36:00;4377;sem vítima;92;BR-040/RJ;Sul;Choque - Objeto Fixo;1;;;;;;;;;;1;;;;
29/02/2016;17:56:00;4400;sem vítima;92;BR-040/RJ;Sul;Choque - Objeto Fixo;1;;;;;;;;;;1;;;;
29/02/2016;13:12:00;4364;sem vítima;93;BR-040/RJ;Sul;Choque - Objeto Fixo;;;1;;;;;;;;1;;;;
29/02/2016;09:51:00;4333;sem vítima;101;BR-040/RJ;Sul;Colisão Traseira;1;;1;;;;;;;;2;;;;
29/02/2016;12:17:00;4354;com vítima;108;BR-040/RJ;Norte;Tombamento;;;1;;;;;;;;0;1;;;
29/02/2016;01:34:00;4288;sem vítima;113;BR-040/RJ;Sul;Choque - Objeto Fixo;1;;;;;;;;;;1;;;;
29/02/2016;21:56:00;4422;com vítima;811;BR-040/MG;Sul;Colisão Traseira;;;2;;;;;;;;0;1;1;;
01/03/2016;15:46:00;79;sem vítima;84;BR-040/RJ;Norte;Choque - Objeto Fixo;1;;;;;;;;;;1;;;;
01/03/2016;13:10:00;65;sem vítima;85;BR-040/RJ;Norte;Choque - Objeto Fixo;1;;;;;;;;;;1;;;;
01/03/2016;15:22:00;76;sem vítima;93;BR-040/RJ;Sul;Choque - Objeto Fixo;1;;;;;;;;;;1;;;;
02/03/2016;10:18:00;185;sem vítima;784;BR-040/MG;Norte;Colisão Transversal;1;;1;;;;;;;;2;;;;
02/03/2016;22:11:00;273;com vítima;102;BR-040/RJ;Norte;Choque - Objeto Fixo;;;;1;;;;;;;0;;;1;
02/03/2016;20:30:00;266;sem vítima;105;BR-040/RJ;Norte;Colisão Lateral;1;;;;;1;;;;;2;;;;
02/03/2016;09:07:00;174;sem vítima;120;BR-040/RJ;Sul;Colisão Lateral;1;;1;;;;;;;;2;;;;
03/03/2016;15:38:00;363;com vítima;50;BR-040/RJ;Sul;Choque - Objeto Fixo;;;1;;;;;;;;0;1;;;
03/03/2016;07:52:00;306;sem vítima;52;BR-040/RJ;Norte;Colisão Traseira;3;;;;;;;;;;3;;;;
03/03/2016;06:09:00;296;com vítima;105;BR-040/RJ;Norte;Capotamento;1;;;;;;;;;;0;;1;;
03/03/2016;23:36:00;424;com vítima;108;BR-040/RJ;Sul;Tombamento;;;1;;;;;;;;0;1;;;
03/03/2016;15:20:00;359;sem vítima;111;BR-040/RJ;Norte;Colisão Lateral;2;;;;;;;;;;2;;;;
03/03/2016;08:55:00;312;sem vítima;122;BR-040/RJ;Sul;Choque - Objeto Fixo;1;;;;;;;;;;1;;;;
03/03/2016;11:42:00;334;com vítima;123;BR-040/RJ;Norte;Colisão Lateral;1;;;;;1;;;;;1;;1;;
04/03/2016;08:28:00;457;com vítima;2;BR-040/RJ;Norte;Choque - Objeto Fixo;1;;;;;;;;;;0;1;;;
04/03/2016;10:58:00;468;sem vítima;58;BR-040/RJ;Norte;Choque - Objeto Fixo;1;;;;;;;;;;1;;;;
04/03/2016;13:11:00;480;sem vítima;776;BR-040/MG;Sul;Choque - Objeto Fixo;1;;;;;;;;;;1;;;;
04/03/2016;10:20:00;466;sem vítima;91;BR-040/RJ;Norte;Choque - Objeto Fixo;1;;;;;;;;;;1;;;;
04/03/2016;15:21:00;501;sem vítima;98;BR-040/RJ;Norte;Choque - Objeto Fixo;1;;;;;;;;;;1;;;;
04/03/2016;07:23:00;453;com vítima;105;BR-040/RJ;Norte;Atropelamento - Pedestre;;;;;1;;;;;;1;1;;;
04/03/2016;10:03:00;465;com vítima;105;BR-040/RJ;Sul;Colisão Traseira;1;;;;1;;;;;;2;1;;;
04/03/2016;20:10:00;543;sem vítima;108;BR-040/RJ;Sul;Colisão Traseira;2;;;;;;;;;;2;;;;
04/03/2016;16:40:00;519;sem vítima;111;BR-040/RJ;Sul;Choque - Objeto Fixo;1;;;;;;;;;;1;;;;
04/03/2016;13:00:00;479;sem vítima;113;BR-040/RJ;Sul;Capotamento;1;;;;;;;;;;1;;;;
04/03/2016;14:37:00;491;sem vítima;793;BR-040/MG;Sul;Choque - Objeto Fixo;1;;;;;;;;;;1;;;;
04/03/2016;07:50:00;456;com vítima;826;BR-040/MG;Sul;Choque - Objeto Fixo;1;;;;;;;;;;0;;1;;
04/03/2016;06:45:00;450;com vítima;828;BR-040/MG;Norte;Choque - Objeto Fixo;1;;;;;;;;;;0;2;;;
05/03/2016;14:40:00;658;sem vítima;55;BR-040/RJ;Sul;Choque - Objeto Fixo;1;;;;;;;;;;1;;;;
05/03/2016;19:40:00;679;com vítima;80;BR-040/RJ;Norte;Colisão Traseira;;;;1;;1;;;;;1;1;;;
05/03/2016;05:20:00;577;com vítima;108;BR-040/RJ;Norte;Capotamento;1;;;;;;;;;;0;1;;;
05/03/2016;04:49:00;575;com vítima;109;BR-040/RJ;Sul;Capotamento;1;;;;;;;;;;0;;1;;
05/03/2016;07:21:00;589;sem vítima;116;BR-040/RJ;Sul;Colisão Traseira;2;;;;;;;;;;2;;;;
05/03/2016;15:48:00;648;sem vítima;124;BR-040/RJ;Sul;Colisão Traseira;1;;;;;1;;;;;2;;;;
06/03/2016;10:52:00;734;sem vítima;77;BR-040/RJ;Sul;Choque - Objeto Fixo;1;;;;;;;;;;1;;;;
06/03/2016;11:08:00;737;com vítima;77;BR-040/RJ;Sul;Queda de Moto;;;;1;;;;;;;0;;;1;
06/03/2016;22:24:00;823;sem vítima;105;BR-040/RJ;Sul;Colisão Traseira;2;;;;;;;;;;2;;;;
06/03/2016;17:10:00;784;sem vítima;108;BR-040/RJ;Sul;Colisão Traseira;1;;1;;;;;;;;2;;;;
06/03/2016;08:52:00;729;com vítima;806;BR-040/MG;Norte;Choque - Objeto Fixo;1;;;;;;;;;;0;1;;;
06/03/2016;18:20:00;798;sem vítima;123;BR-040/RJ;Norte;Colisão Lateral;2;;;;;;;;;;2;;;;
07/03/2016;04:26:00;845;com vítima;43;BR-040/RJ;Norte;Capotamento;1;;;;;;;;;;0;1;;;
07/03/2016;14:02:00;904;sem vítima;78;BR-040/RJ;Sul;Choque - Objeto Fixo;1;;;;;;;;;;1;;;;
07/03/2016;14:38:00;909;sem vítima;111;BR-040/RJ;Sul;Choque - Objeto Fixo;1;;;;;;;;;;1;;;;
07/03/2016;15:14:00;913;sem vítima;111;BR-040/RJ;Sul;Colisão Traseira;1;;;;;1;;;;;2;;;;
07/03/2016;13:40:00;899;sem vítima;123;BR-040/RJ;Sul;Choque - Objeto Fixo;1;;;;;;;;;;1;;;;
07/03/2016;09:48:00;874;sem vítima;124;BR-040/RJ;Sul;Colisão Lateral;1;;1;;;;;;;;2;;;;
08/03/2016;17:03:00;1055;com vítima;95;BR-040/RJ;Norte;Queda de Moto;;;;1;;;;;;;0;1;;;
08/03/2016;09:21:00;1008;com vítima;102;BR-040/RJ;Norte;Atropelamento - Pedestre;1;;;;;;;;;;1;;;1;
08/03/2016;22:16:00;1091;com vítima;803;BR-040/MG;Sul;Capotamento;1;;;;;;;;;;0;1;2;;
08/03/2016;01:10:00;974;sem vítima;824;BR-040/MG;Norte;Choque - Objeto Fixo;1;;;;;;;;;;1;;;;
09/03/2016;14:21:00;1168;com vítima;95;BR-040/RJ;Sul;Queda de Moto;;;;1;;;;;;;0;;2;;
09/03/2016;16:26:00;1183;sem vítima;105;BR-040/RJ;Sul;Engavetamento;3;;;;;;;;;;3;;;;
09/03/2016;20:01:00;1216;com vítima;110;BR-040/RJ;Sul;Colisão Traseira;1;;;;;1;;;;;1;;1;;
09/03/2016;20:50:00;1220;sem vítima;110;BR-040/RJ;Sul;Colisão Traseira;1;;;;;1;;;;;2;;;;
09/03/2016;08:06:00;1131;com vítima;790;BR-040/MG;Sul;Queda de Moto;;;;1;;;;;;;0;1;;;
10/03/2016;00:57:00;1236;sem vítima;81;BR-040/RJ;Norte;Queda de Moto;;;;1;;;;;;;1;;;;
10/03/2016;12:20:00;1300;com vítima;783;BR-040/MG;Norte;Tombamento;;;1;;;;;;;;0;1;;;
10/03/2016;23:18:00;1381;sem vítima;84;BR-040/RJ;Norte;Colisão Lateral;1;;;;;1;;;;;2;;;;
10/03/2016;18:22:00;1349;com vítima;107;BR-040/RJ;Norte;Colisão Traseira;1;;1;;;;;;;;0;2;;;
10/03/2016;18:28:00;1350;com vítima;107;BR-040/RJ;Sul;Colisão Traseira;;;1;;;;;;;;0;1;;;
10/03/2016;20:02:00;1358;com vítima;107;BR-040/RJ;Norte;Colisão Traseira;2;;;;;;;;;;1;1;;;
10/03/2016;21:30:00;1366;sem vítima;113;BR-040/RJ;Norte;Colisão Traseira;2;;;1;;;;;;;3;;;;
10/03/2016;11:36:00;1292;com vítima;124;BR-040/RJ;Sul;Colisão Traseira;1;;;1;;;;;;;1;;;1;
11/03/2016;10:40:00;1434;com vítima;22;BR-040/RJ;Norte;Tombamento;;;1;;;;;;;;0;2;;;
11/03/2016;14:40:00;1471;sem vítima;34;BR-040/RJ;Sul;Choque - Objeto Fixo;1;;;;;;;;;;1;;;;
11/03/2016;18:16:00;1499;sem vítima;34;BR-040/RJ;Norte;Capotamento;1;;;;;;;;;;1;;;;
11/03/2016;13:44:00;1461;com vítima;58;BR-040/RJ;Sul;Choque - Objeto Fixo;1;;;;;;;;;;0;2;;;
11/03/2016;23:53:00;1539;com vítima;72;BR-040/RJ;Norte;Capotamento;1;;;;;;;;;;0;;1;;
11/03/2016;14:47:00;1469;com vítima;73;BR-040/RJ;Norte;Choque - Objeto Fixo;1;;;;;;;;;;0;2;;;
11/03/2016;11:35:00;1441;sem vítima;82;BR-040/RJ;Sul;Choque - Objeto Fixo;1;;;;;;;;;;1;;;;
11/03/2016;13:35:00;1462;sem vítima;82;BR-040/RJ;Sul;Choque - Objeto Fixo;1;;;;;;;;;;1;;;;
11/03/2016;12:35:00;1453;sem vítima;84;BR-040/RJ;Norte;Choque - Objeto Fixo;1;;;;;;;;;;1;;;;
11/03/2016;12:24:00;1451;com vítima;93;BR-040/RJ;Norte;Choque - Objeto Fixo;1;;;;;;;;;;0;2;1;;
11/03/2016;10:43:00;1435;sem vítima;96;BR-040/RJ;Norte;Colisão Lateral;2;;;;;;;;;;2;;;;
11/03/2016;12:45:00;1457;sem vítima;103;BR-040/RJ;Sul;Choque - Objeto Fixo;1;;;;;;;;;;1;;;;
11/03/2016;18:28:00;1502;sem vítima;111;BR-040/RJ;Norte;Engavetamento;3;;;;;;;;;;3;;;;
11/03/2016;19:34:00;1510;sem vítima;113;BR-040/RJ;Norte;Colisão Traseira;1;;;;;;;;;;1;;;;
11/03/2016;13:49:00;1463;com vítima;792;BR-040/MG;Sul;Capotamento;1;;;;;;;;;;0;2;;;
12/03/2016;21:12:00;1668;com vítima;1;BR-040/RJ;Norte;Choque - Objeto Fixo;1;;;;;;;;;;0;1;;;
12/03/2016;21:27:00;1670;com vítima;32;BR-040/RJ;Sul;Capotamento;1;;;;;;;;;;0;2;;;
12/03/2016;04:57:00;1556;sem vítima;68;BR-040/RJ;Sul;Choque - Objeto Fixo;1;;;;;;;;;;1;;;;
12/03/2016;21:11:00;1667;com vítima;68;BR-040/RJ;Norte;Capotamento;1;;;;;;;;;;0;3;;;
12/03/2016;17:32:00;1644;sem vítima;78;BR-040/RJ;Sul;Choque - Objeto Fixo;1;;;;;;;;;;1;;;;
12/03/2016;23:07:00;1682;sem vítima;93;BR-040/RJ;Norte;Choque - Objeto Fixo;1;;;;;;;;;;1;;;;
12/03/2016;09:38:00;1584;sem vítima;95;BR-040/RJ;Sul;Choque - Objeto Fixo;1;;;;;;;;;;1;;;;
12/03/2016;19:35:00;1659;com vítima;101;BR-040/RJ;Norte;Atropelamento - Pedestre;;;;;1;;;;;;1;;1;;
12/03/2016;14:37:00;1619;sem vítima;104;BR-040/RJ;Sul;Choque - Objeto Fixo;1;;;;;;;;;;1;;;;
12/03/2016;16:38:00;1638;sem vítima;107;BR-040/RJ;Norte;Queda de Moto;;;;1;;;;;;;1;;;;
12/03/2016;12:45:00;1606;sem vítima;113;BR-040/RJ;Norte;Choque - Objeto Fixo;1;;;;;;;;;;1;;;;
12/03/2016;15:06:00;1622;sem vítima;787;BR-040/MG;Norte;Choque - Objeto Fixo;1;;;;;;;;;;1;;;;
12/03/2016;11:26:00;1593;sem vítima;792;BR-040/MG;Norte;Choque - Objeto Fixo;1;;;;;;;;;;1;;;;
12/03/2016;21:02:00;1666;com vítima;118;BR-040/RJ;Norte;Choque - Objeto Fixo;;;1;;;;;;;;0;4;;;
12/03/2016;19:11:00;1657;sem vítima;119;BR-040/RJ;Norte;Choque - Objeto Fixo;1;;;;;;;;;;1;;;;
12/03/2016;22:55:00;1681;sem vítima;120;BR-040/RJ;Norte;Choque - Objeto Fixo;1;;;;;;;;;;1;;;;
12/03/2016;03:06:00;1548;sem vítima;121;BR-040/RJ;Norte;Choque - Objeto Fixo;1;;;;;;;;;;1;;;;
12/03/2016;19:08:00;1656;sem vítima;824;BR-040/MG;Norte;Choque - Objeto Fixo;1;;;;;;;;;;1;;;;
12/03/2016;17:11:00;1641;sem vítima;123;BR-040/RJ;Norte;Choque - Objeto Fixo;1;;;;;;;;;;1;;;;
13/03/2016;16:30:00;1763;sem vítima;5;BR-040/RJ;Sul;Choque - Objeto Fixo;1;;;;;;;;;;1;;;;
13/03/2016;17:46:00;1777;sem vítima;52;BR-040/RJ;Sul;Colisão Traseira;2;;;;;;;;;;2;;;;
13/03/2016;16:41:00;1765;sem vítima;72;BR-040/RJ;Norte;Choque - Objeto Fixo;1;;;;;;;;;;1;;;;
13/03/2016;08:16:00;1710;com vítima;73;BR-040/RJ;Norte;Capotamento;1;;;;;;;;;;0;1;;;
13/03/2016;07:10:00;1703;sem vítima;81;BR-040/RJ;Sul;Choque - Objeto Fixo;1;;;;;;;;;;1;;;;
13/03/2016;15:03:00;1749;sem vítima;83;BR-040/RJ;Sul;Choque - Objeto Fixo;1;;;;;;;;;;1;;;;
13/03/2016;14:47:00;1746;com vítima;85;BR-040/RJ;Norte;Choque - Objeto Fixo;;;1;;;;;;;;0;2;;;
13/03/2016;10:56:00;1723;sem vítima;91;BR-040/RJ;Sul;Choque - Objeto Fixo;1;;;;;;;;;;1;;;;
13/03/2016;08:52:00;1714;sem vítima;92;BR-040/RJ;Sul;Choque - Objeto Fixo;1;;;;;;;;;;1;;;;
13/03/2016;12:05:00;1726;com vítima;92;BR-040/RJ;Norte;Capotamento;1;;;;;;;;;;0;1;;;
13/03/2016;10:09:00;1719;sem vítima;93;BR-040/RJ;Sul;Choque - Objeto Fixo;1;;;;;;;;;;1;;;;
13/03/2016;17:39:00;1776;com vítima;93;BR-040/RJ;Sul;Colisão Traseira;2;;;;;;;;;;0;6;;;
13/03/2016;07:14:00;1704;sem vítima;95;BR-040/RJ;Norte;Choque - Objeto Fixo;1;;;;;;;;;;1;;;;
13/03/2016;08:04:00;1708;sem vítima;118;BR-040/RJ;Sul;Colisão Traseira;1;;1;;;;;;;;2;;;;
13/03/2016;23:04:00;1815;sem vítima;118;BR-040/RJ;Norte;Choque - Objeto Fixo;1;;;;;;;;;;1;;;;
13/03/2016;17:16:00;1772;sem vítima;121;BR-040/RJ;Norte;Queda de Moto;;;;1;;;;;;;1;;;;
14/03/2016;17:58:00;1936;sem vítima;110;BR-040/RJ;Norte;Colisão Lateral;2;;;;;;;;;;2;;;;
14/03/2016;09:11:00;1868;sem vítima;803;BR-040/MG;Norte;Choque - Objeto Fixo;1;;;;;;;;;;1;;;;
14/03/2016;21:45:00;1961;sem vítima;114;BR-040/RJ;Norte;Choque - Objeto Fixo;1;;;;;;;;;;1;;;;
15/03/2016;06:06:00;1989;com vítima;55;BR-040/RJ;Sul;Choque - Objeto Fixo;1;;;;;;;;;;0;2;;;
15/03/2016;13:25:00;2031;sem vítima;68;BR-040/RJ;Norte;Choque - Objeto Fixo;1;;;;;;;;;;1;;;;
15/03/2016;14:48:00;2039;sem vítima;82;BR-040/RJ;Sul;Colisão Lateral;2;;;;;;;;;;2;;;;
15/03/2016;22:28:00;2092;com vítima;90;BR-040/RJ;Norte;Choque - Objeto Fixo;1;;;;;;;;;;0;1;;;
15/03/2016;16:34:00;2059;sem vítima;91;BR-040/RJ;Sul;Choque - Objeto Fixo;1;;;;;;;;;;1;;;;
15/03/2016;17:49:00;2066;sem vítima;91;BR-040/RJ;Sul;Choque - Objeto Fixo;1;;;;;;;;;;1;;;;