data;horario;n_da_ocorrencia;tipo_de_ocorrencia;km;trecho;sentido;tipo_de_acidente;automovel;bicicleta;caminhao;moto;onibus;outros;tracao_animal;transporte_de_cargas_especiais;trator_maquinas;utilitarios;ilesos;levemente_feridos;moderadamente_feridos;gravemente_feridos;mortos
15/03/2016;09:12:00;2009;sem vítima;122;BR-040/RJ;Norte;Colisão Traseira;2;;;;;;;;;;2;;;;
16/03/2016;16:03:00;2178;com vítima;39;BR-040/RJ;Sul;Choque - Objeto Fixo;;;1;;;;;;;;0;1;1;;
16/03/2016;15:47:00;2172;com vítima;77;BR-040/RJ;Sul;Capotamento;1;;;;;;;;;;0;1;;;
16/03/2016;17:01:00;2192;sem vítima;82;BR-040/RJ;Sul;Choque - Objeto Fixo;1;;;;;;;;;;1;;;;
16/03/2016;15:40:00;2170;sem vítima;92;BR-040/RJ;Norte;Choque - Objeto Fixo;1;;;;;;;;;;1;;;;
16/03/2016;04:22:00;2108;sem vítima;97;BR-040/RJ;Sul;Tombamento;;;1;;;;;;;;3;;;;
16/03/2016;16:09:00;2180;sem vítima;97;BR-040/RJ;Sul;Choque - Objeto Fixo;;;1;;;;;;;;1;;;;
16/03/2016;10:51:00;2140;sem vítima;121;BR-040/RJ;Norte;Engavetamento;3;;;;;;;;;;3;;;;
17/03/2016;16:31:00;2340;sem vítima;34;BR-040/RJ;Norte;Choque - Objeto Fixo;1;;;;;;;;;;1;;;;
17/03/2016;20:01:00;2364;sem vítima;83;BR-040/RJ;Norte;Colisão Lateral;1;;;;;1;;;;;2;;;;
17/03/2016;03:52:00;2259;com vítima;94;BR-040/RJ;Sul;Tombamento;;;1;;;;;;;;0;;1;;
17/03/2016;17:55:00;2353;com vítima;97;BR-040/RJ;Sul;Capotamento;1;;;;;;;;;;0;1;;;
17/03/2016;12:43:00;2308;com vítima;105;BR-040/RJ;Norte;Colisão Lateral;1;;;;1;;;;;;0;2;;;
17/03/2016;13:50:00;2314;com vítima;111;BR-040/RJ;Norte;Atropelamento - Pedestre;1;;;;;;;;;;1;;;1;
17/03/2016;12:55:00;2310;sem vítima;118;BR-040/RJ;Norte;Colisão Frontal;1;;;;1;;;;;;2;;;;
17/03/2016;13:48:00;2318;sem vítima;824;BR-040/MG;Sul;Choque - Objeto Fixo;;;1;;;;;;;;1;;;;
17/03/2016;08:21:00;2277;sem vítima;123;BR-040/RJ;Sul;Colisão Traseira;1;;1;;;;;;;;2;;;;
18/03/2016;18:49:00;2517;com vítima;44;BR-040/RJ;Norte;Choque - Objeto Fixo;1;;;;;;;;;;0;1;;;
18/03/2016;15:53:00;2484;com vítima;73;BR-040/RJ;Norte;Capotamento;1;;;;;;;;;;0;1;;;
18/03/2016;17:04:00;2498;sem vítima;82;BR-040/RJ;Sul;Choque - Objeto Fixo;1;;;;;;;;;;1;;;;
18/03/2016;16:11:00;2485;sem vítima;84;BR-040/RJ;Norte;Colisão Lateral;1;;1;;;;;;;;2;;;;
18/03/2016;17:20:00;2503;com vítima;89;BR-040/RJ;Sul;Queda de Moto;;;;1;;1;;;;;1;1;;;
18/03/2016;16:41:00;2489;sem vítima;123;BR-040/RJ;Norte;Colisão Lateral;1;;1;;;;;;;;2;;;;
18/03/2016;11:26:00;2437;sem vítima;124;BR-040/RJ;Norte;Colisão Traseira;2;;;;;;;;;;2;;;;
19/03/2016;00:55:00;2543;com vítima;54;BR-040/RJ;Sul;Choque - Objeto Fixo;1;;;;;;;;;;0;2;;;
19/03/2016;17:00:00;2649;com vítima;75;BR-040/RJ;Norte;Atropelamento - Pedestre;1;;;;;;;;;;1;1;;;
19/03/2016;08:37:00;2583;sem vítima;783;BR-040/MG;Norte;Colisão Lateral;1;;1;;;;;;;;2;;;;
19/03/2016;10:27:00;2601;sem vítima;784;BR-040/MG;Norte;Colisão Lateral;2;;;;;;;;;;2;;;;
19/03/2016;03:56:00;2558;com vítima;109;BR-040/RJ;Norte;Queda de Moto;;;;1;;;;;;;0;;1;;1
19/03/2016;04:55:00;2563;sem vítima;790;BR-040/MG;Norte;Choque - Objeto Fixo;1;;;;;;;;;;1;;;;
19/03/2016;17:50:00;2655;com vítima;806;BR-040/MG;Sul;Colisão Lateral;2;;;;;;;;;;1;1;;;
19/03/2016;02:07:00;2550;sem vítima;114;BR-040/RJ;Norte;Atropelamento - Animal;1;;;;;;;;;;1;;;;
19/03/2016;21:57:00;2680;sem vítima;118;BR-040/RJ;Sul;Colisão Traseira;2;;;;;;;;;;2;;;;
19/03/2016;01:10:00;2546;sem vítima;122;BR-040/RJ;Norte;Colisão Traseira;1;;1;;;;;;;;2;;;;
20/03/2016;09:42:00;2727;com vítima;105;BR-040/RJ;Sul;Queda de Moto;;;;1;;;;;;;0;1;;;
20/03/2016;16:34:00;2767;sem vítima;110;BR-040/RJ;Sul;Colisão Traseira;2;;;;;;;;;;2;;;;
20/03/2016;17:53:00;2778;com vítima;110;BR-040/RJ;Norte;Colisão Traseira;1;;;;;1;;;;;1;1;;;
20/03/2016;06:49:00;2714;sem vítima;792;BR-040/MG;Norte;Choque - Objeto Fixo;1;;;;;;;;;;1;;;;
20/03/2016;18:27:00;2782;com vítima;796;BR-040/MG;Sul;Queda de Moto;;;;1;;;;;;;0;;1;;
20/03/2016;04:40:00;2709;com vítima;114;BR-040/RJ;Norte;Capotamento;1;;;;;;;;;;0;1;;;
21/03/2016;12:55:00;2894;sem vítima;45;BR-040/RJ;Sul;Choque - Objeto Fixo;1;;;;;;;;;;1;;;;
21/03/2016;23:19:00;2947;com vítima;45;BR-040/RJ;Norte;Atropelamento - Pedestre;;;;1;;;;;;;0;1;1;;
21/03/2016;10:56:00;2880;sem vítima;83;BR-040/RJ;Norte;Choque - Objeto Fixo;;;1;;;;;;;;1;;;;
21/03/2016;12:00:00;2886;com vítima;96;BR-040/RJ;Norte;Tombamento;;;1;;;;;;;;0;1;;;
21/03/2016;08:19:00;2860;com vítima;105;BR-040/RJ;Norte;Colisão Traseira;1;;;1;;;;;;;1;;1;;
21/03/2016;17:22:00;2918;com vítima;107;BR-040/RJ;Norte;Colisão Traseira;2;;;;;;;;;;1;1;;;
21/03/2016;03:10:00;2844;sem vítima;121;BR-040/RJ;Norte;Queda de Moto;;;;1;;;;;;;2;;;;
22/03/2016;07:22:00;2974;com vítima;110;BR-040/RJ;Sul;Colisão Traseira;1;;;1;;;;;;;1;;2;;
22/03/2016;06:50:00;2970;sem vítima;111;BR-040/RJ;Sul;Engavetamento;2;;1;;;;;;;;3;;;;
22/03/2016;06:54:00;2971;com vítima;111;BR-040/RJ;Sul;Colisão Lateral;1;;;1;;;;;;;1;;1;;
22/03/2016;08:33:00;2982;com vítima;113;BR-040/RJ;Sul;Colisão Lateral;1;;;1;;;;;;;1;1;;;
22/03/2016;12:32:00;3005;com vítima;788;BR-040/MG;Sul;Capotamento;1;;;;;;;;;;0;;1;;
22/03/2016;19:51:00;3066;sem vítima;790;BR-040/MG;Sul;Atropelamento - Pedestre;1;;;;;;;;;;2;;;;
23/03/2016;21:55:00;3236;sem vítima;78;BR-040/RJ;Sul;Choque - Objeto Fixo;1;;;;;1;;;;;2;;;;
23/03/2016;19:29:00;3211;com vítima;85;BR-040/RJ;Norte;Capotamento;1;;;;;;;;;;0;2;;;
23/03/2016;05:42:00;3102;sem vítima;113;BR-040/RJ;Norte;Choque - Objeto Fixo;1;;;;;;;;;;1;;;;
23/03/2016;14:42:00;3165;com vítima;122;BR-040/RJ;Norte;Choque - Objeto Fixo;1;;;;;;;;;;0;;2;;
24/03/2016;22:42:00;3410;sem vítima;5;BR-040/RJ;Norte;Choque - Objeto Fixo;1;;;;;;;;;;1;;;;
24/03/2016;23:21:00;3415;sem vítima;19;BR-040/RJ;Sul;Atropelamento - Animal;1;;;;;1;;;;;2;;;;
24/03/2016;23:26:00;3416;sem vítima;77;BR-040/RJ;Sul;Choque - Objeto Fixo;1;;;;;;;;;;1;;;;
24/03/2016;13:45:00;3337;com vítima;784;BR-040/MG;Sul;Choque - Objeto Fixo;1;;;;;;;;;;0;3;;;
24/03/2016;14:06:00;3341;sem vítima;90;BR-040/RJ;Sul;Choque - Objeto Fixo;2;;;;;;;;;;2;;;;
24/03/2016;10:45:00;3312;com vítima;92;BR-040/RJ;Sul;Queda de Moto;;;;1;;;;;;;0;1;;;
24/03/2016;06:49:00;3276;sem vítima;111;BR-040/RJ;Norte;Colisão Traseira;2;;;;;;;;;;2;;;;
24/03/2016;16:52:00;3366;sem vítima;113;BR-040/RJ;Sul;Choque - Objeto Fixo;1;;;;;;;;;;1;;;;
24/03/2016;10:18:00;3305;sem vítima;123;BR-040/RJ;Sul;Colisão Traseira;1;;;1;;;;;;;2;;;;
24/03/2016;10:44:00;3310;sem vítima;124;BR-040/RJ;Norte;Colisão Traseira;;;2;;;;;;;;2;;;;
25/03/2016;00:06:00;3419;sem vítima;77;BR-040/RJ;Sul;Choque - Objeto Fixo;1;;;;;;;;;;1;;;;
25/03/2016;11:33:00;3485;sem vítima;92;BR-040/RJ;Norte;Choque - Objeto Fixo;1;;;;;;;;;;1;;;;
25/03/2016;01:28:00;3427;com vítima;105;BR-040/RJ;Norte;Colisão Lateral;;;;1;;1;;;;;1;1;;;
25/03/2016;12:59:00;3499;com vítima;116;BR-040/RJ;Sul;Colisão Lateral;2;;;;;;;;;;0;4;;;
25/03/2016;20:10:00;3543;sem vítima;124;BR-040/RJ;Sul;Colisão Traseira;1;;;;1;;;;;;2;;;;
26/03/2016;16:35:00;3643;com vítima;0;BR-040/RJ;Norte;Choque - Objeto Fixo;1;;;;;;;;;;0;4;;;
26/03/2016;18:09:00;3657;com vítima;7;BR-040/RJ;Norte;Queda de Moto;;;;1;;;;;;;0;;1;;
26/03/2016;16:39:00;3645;sem vítima;35;BR-040/RJ;Norte;Choque - Objeto Fixo;1;;;;;;;;;;1;;;;
26/03/2016;14:56:00;3632;com vítima;59;BR-040/RJ;Norte;Choque - Objeto Fixo;1;;;;;;;;;;0;1;;;
26/03/2016;18:43:00;3664;com vítima;78;BR-040/RJ;Sul;Choque - Objeto Fixo;1;;;;;;;;;;0;1;;;
26/03/2016;17:28:00;3652;sem vítima;81;BR-040/RJ;Sul;Choque - Objeto Fixo;1;;;;;;;;;;1;;;;
26/03/2016;17:05:00;3647;sem vítima;85;BR-040/RJ;Sul;Engavetamento;2;;;;;1;;;;;3;;;;
26/03/2016;19:05:00;3667;sem vítima;91;BR-040/RJ;Norte;Choque - Objeto Fixo;1;;;;;;;;;;1;;;;
26/03/2016;18:17:00;3661;sem vítima;96;BR-040/RJ;Sul;Choque - Objeto Fixo;1;;;;;;;;;;1;;;;
26/03/2016;15:32:00;3636;sem vítima;786;BR-040/MG;Norte;Choque - Objeto Fixo;1;;;;;;;;;;1;;;;
26/03/2016;20:39:00;3676;com vítima;792;BR-040/MG;Norte;Choque - Objeto Fixo;1;;;;;;;;;;0;1;;;
26/03/2016;00:20:00;3567;com vítima;114;BR-040/RJ;Norte;Capotamento;1;;;;;;;;;;0;2;;;
27/03/2016;11:59:00;3751;com vítima;25;BR-040/RJ;Sul;Capotamento;1;;;;;;;;;;0;2;;;
27/03/2016;07:44:00;3728;com vítima;46;BR-040/RJ;Norte;Colisão Traseira;1;;;1;;;;;;;1;;;1;
27/03/2016;09:18:00;3736;sem vítima;66;BR-040/RJ;Norte;Choque - Objeto Fixo;1;;;;;;;;;;1;;;;
27/03/2016;15:51:00;3786;sem vítima;782;BR-040/MG;Sul;Colisão Traseira;2;;;;;1;;;;;3;;;;
27/03/2016;03:00:00;3710;com vítima;101;BR-040/RJ;Sul;Colisão Lateral;;;;1;;1;;;;;1;;1;;
27/03/2016;21:04:00;3840;sem vítima;105;BR-040/RJ;Norte;Engavetamento;3;;;;;;;;;;3;;;;
27/03/2016;18:47:00;3821;sem vítima;109;BR-040/RJ;Sul;Colisão Lateral;1;;;1;;;;;;;2;;;;
27/03/2016;04:15:00;3713;sem vítima;805;BR-040/MG;Sul;Capotamento;1;;;;;;;;;;1;;;;
27/03/2016;14:59:00;3774;sem vítima;114;BR-040/RJ;Sul;Colisão Traseira;1;;;;1;;;;;;2;;;;
27/03/2016;14:37:00;3767;sem vítima;815;BR-040/MG;Sul;Colisão Traseira;2;;;;;;;;;;2;;;;
27/03/2016;19:27:00;3823;sem vítima;815;BR-040/MG;Sul;Colisão Traseira;2;;;;;;;;;;2;;;;
27/03/2016;11:40:00;3748;com vítima;122;BR-040/RJ;Sul;Atropelamento - Pedestre;;;;;1;;;;;;1;;1;;
27/03/2016;21:48:00;3845;com vítima;123;BR-040/RJ;Norte;Engavetamento;2;;;;1;1;;;;;1;3;;;
28/03/2016;13:14:00;3937;com vítima;75;BR-040/RJ;Norte;Colisão Lateral;1;;;1;;;;;;;0;2;1;;
28/03/2016;00:02:00;3866;sem vítima;76;BR-040/RJ;Sul;Derrapagem;1;;;;;;;;;;1;;;;
28/03/2016;17:45:00;3983;sem vítima;81;BR-040/RJ;Sul;Choque - Objeto Fixo;1;;;;;;;;;;1;;;;
28/03/2016;17:32:00;3979;sem vítima;108;BR-040/RJ;Sul;Atropelamento - Animal;1;;;;;;;;;;1;;;;
28/03/2016;02:19:00;3880;sem vítima;112;BR-040/RJ;Norte;Choque - Objeto Fixo;1;;;;;;;;;;1;;;;
29/03/2016;14:21:00;4113;com vítima;6;BR-040/RJ;Norte;Capotamento;1;;;;;;;;;;0;4;;;
29/03/2016;09:47:00;4078;sem vítima;27;BR-040/RJ;Sul;Choque - Objeto Fixo;1;;;;;;;;;;1;;;;
29/03/2016;13:46:00;4109;sem vítima;85;BR-040/RJ;Norte;Colisão Lateral;1;;1;;;;;;;;2;;;;
29/03/2016;16:59:00;4135;sem vítima;85;BR-040/RJ;Sul;Choque - Objeto Fixo;1;;;;;;;;;;1;;;;
29/03/2016;18:38:00;4149;sem vítima;89;BR-040/RJ;Sul;Choque - Objeto Fixo;;;1;;;;;;;;1;;;;
29/03/2016;15:08:00;4117;com vítima;92;BR-040/RJ;Norte;Queda de Moto;;;;1;;;;;;;0;;1;;
29/03/2016;18:47:00;4150;sem vítima;116;BR-040/RJ;Norte;Choque - Objeto Fixo;1;;;;;1;;;;;2;;;;
29/03/2016;13:56:00;4110;com vítima;118;BR-040/RJ;Norte;Colisão Lateral;1;;1;;;;;;;;1;1;;;
29/03/2016;09:09:00;4072;com vítima;122;BR-040/RJ;Sul;Choque - Objeto Fixo;1;;1;;;;;;;;1;1;;;
30/03/2016;18:16:00;4283;com vítima;62;BR-040/RJ;Norte;Colisão Traseira;2;;;;;;;;;;0;4;2;;
30/03/2016;14:04:00;4251;sem vítima;69;BR-040/RJ;Sul;Choque - Objeto Fixo;1;;;;;;;;;;1;;;;
30/03/2016;16:14:00;4263;sem vítima;78;BR-040/RJ;Norte;Choque - Objeto Fixo;1;;;;;;;;;;1;;;;
30/03/2016;17:38:00;4276;sem vítima;88;BR-040/RJ;Sul;Choque - Objeto Fixo;1;;;;;;;;;;1;;;;
30/03/2016;13:41:00;4247;sem vítima;113;BR-040/RJ;Sul;Engavetamento;2;;1;;1;;;;;;4;;;;
30/03/2016;12:21:00;4240;sem vítima;114;BR-040/RJ;Sul;Engavetamento;3;;;;;;;;;;3;;;;
30/03/2016;11:59:00;4236;com vítima;117;BR-040/RJ;Sul;Colisão Traseira;1;;1;;;;;;;;1;;1;;
30/03/2016;18:05:00;4281;com vítima;117;BR-040/RJ;Norte;Tombamento;1;;;;;;;;;;0;1;;;
30/03/2016;10:38:00;4231;sem vítima;124;BR-040/RJ;Sul;Colisão Lateral;1;;1;;;;;;;;2;;;;
31/03/2016;08:00:00;4336;sem vítima;54;BR-040/RJ;Norte;Choque - Objeto Fixo;1;;;;;;;;;;1;;;;
31/03/2016;20:30:00;4417;com vítima;72;BR-040/RJ;Norte;Capotamento;1;;;;;;;;;;0;4;;;
31/03/2016;15:02:00;4381;sem vítima;93;BR-040/RJ;Sul;Colisão Traseira;2;;;;;;;;;;2;;;;
31/03/2016;13:11:00;4368;com vítima;94;BR-040/RJ;Sul;Choque - Objeto Fixo;;;1;;;;;;;;0;1;;;
31/03/2016;15:30:00;4384;com vítima;94;BR-040/RJ;Norte;Choque - Objeto Fixo;1;;;;;;;;;;0;1;;;
31/03/2016;19:20:00;4410;com vítima;105;BR-040/RJ;Sul;Colisão Lateral;;;;1;;1;;;;;1;2;;;
31/03/2016;11:11:00;4356;com vítima;107;BR-040/RJ;Norte;Atropelamento - Pedestre;;;1;;;;;;;;1;;1;;
31/03/2016;07:58:00;4335;sem vítima;109;BR-040/RJ;Sul;Colisão Lateral;1;;1;;;;;;;;2;;;;
31/03/2016;00:34:00;4309;com vítima;116;BR-040/RJ;Norte;Choque - Objeto Fixo;1;;;;;;;;;;0;2;;;
01/04/2016;15:39:00;71;sem vítima;53;BR-040/RJ;Sul;Choque - Objeto Fixo;1;;;;;;;;;;1;;;;
01/04/2016;16:22:00;77;sem vítima;72;BR-040/RJ;Norte;Choque - Objeto Fixo;1;;;;;;;;;;1;;;;
01/04/2016;17:40:00;96;sem vítima;78;BR-040/RJ;Sul;Choque - Objeto Fixo;;;1;;;;;;;;1;;;;
01/04/2016;12:07:00;46;sem vítima;780;BR-040/MG;Norte;Colisão Traseira;2;;;;;;;;;;2;;;;
01/04/2016;19:08:00;104;sem vítima;84;BR-040/RJ;Norte;Choque - Objeto Fixo;1;;;;;;;;;;1;;;;
01/04/2016;06:31:00;17;com vítima;91;BR-040/RJ;Sul;Capotamento;1;;;;;;;;;;0;1;;;
01/04/2016;14:57:00;62;com vítima;92;BR-040/RJ;Sul;Tombamento;1;;;;;;;;;;0;1;;;
01/04/2016;21:26:00;119;com vítima;100;BR-040/RJ;Norte;Queda de Moto;;;;1;;;;;;;0;1;;;
01/04/2016;19:17:00;107;sem vítima;101;BR-040/RJ;Sul;Choque - Objeto Fixo;1;;;;;;;;;;1;;;;
01/04/2016;14:54:00;61;sem vítima;111;BR-040/RJ;Sul;Choque - Objeto Fixo;;;1;;;;;;;;1;;;;
01/04/2016;15:06:00;65;sem vítima;111;BR-040/RJ;Sul;Colisão Traseira;;;2;;;;;;;;2;;;;
02/04/2016;03:46:00;160;com vítima;87;BR-040/RJ;Norte;Choque - Objeto Fixo;1;;;;;;;;;;0;;1;;
02/04/2016;21:20:00;264;sem vítima;112;BR-040/RJ;Norte;Colisão Traseira;;;;1;;1;;;;;2;;;;
02/04/2016;05:43:00;167;com vítima;119;BR-040/RJ;Sul;Queda de Moto;;;;1;;;;;;;0;1;;;
03/04/2016;18:40:00;371;com vítima;5;BR-040/RJ;Norte;Capotamento;1;;;;;;;;;;0;1;;;
03/04/2016;15:25:00;341;sem vítima;39;BR-040/RJ;Sul;Choque - Objeto Fixo;1;;;;;;;;;;1;;;;
03/04/2016;13:39:00;325;com vítima;100;BR-040/RJ;Sul;Choque - Objeto Fixo;1;;;;;;;;;;0;1;;;
03/04/2016;19:10:00;379;sem vítima;101;BR-040/RJ;Sul;Colisão Lateral;1;;;;;1;;;;;2;;;;
03/04/2016;09:24:00;305;com vítima;789;BR-040/MG;Sul;Colisão Traseira;2;;;;;;;;;;1;1;;;
04/04/2016;12:33:00;463;sem vítima;91;BR-040/RJ;Sul;Choque - Objeto Fixo;1;;;;;;;;;;1;;;;
04/04/2016;07:10:00;427;com vítima;110;BR-040/RJ;Sul;Queda de Moto;;;;1;;;;;;;0;1;;;
04/04/2016;08:00:00;437;sem vítima;110;BR-040/RJ;Sul;Colisão Traseira;2;;;;;;;;;;2;;;;
04/04/2016;07:03:00;425;sem vítima;111;BR-040/RJ;Sul;Colisão Traseira;2;;;;;;;;;;2;;;;
05/04/2016;14:49:00;603;com vítima;78;BR-040/RJ;Sul;Queda de Moto;;;;1;;;;;;;0;1;;;
05/04/2016;07:25:00;560;sem vítima;85;BR-040/RJ;Sul;Choque - Objeto Fixo;1;;;;;;;;;;1;;;;
05/04/2016;09:54:00;573;sem vítima;89;BR-040/RJ;Norte;Choque - Objeto Fixo;;;1;;;;;;;;1;;;;
05/04/2016;09:56:00;570;com vítima;101;BR-040/RJ;Norte;Colisão Lateral;;;;1;1;;;;;;1;1;;;
05/04/2016;14:30:00;600;sem vítima;113;BR-040/RJ;Sul;Choque - Objeto Fixo;;;1;;;;;;;;1;;;;
05/04/2016;15:23:00;609;com vítima;116;BR-040/RJ;Norte;Queda de Moto;;;;1;;;;;;;0;;1;;
05/04/2016;15:23:00;617;sem vítima;116;BR-040/RJ;Norte;Colisão Traseira;1;;1;;;;;;;;2;;;;
06/04/2016;07:12:00;677;sem vítima;90;BR-040/RJ;Sul;Colisão Traseira;2;;;;;;;;;;2;;;;
06/04/2016;08:09:00;689;com vítima;104;BR-040/RJ;Norte;Colisão Lateral;1;;;1;;;;;;;0;2;;;
06/04/2016;20:57:00;789;com vítima;108;BR-040/RJ;Norte;Tombamento;;;1;;;;;;;;0;;1;;
06/04/2016;07:15:00;682;sem vítima;123;BR-040/RJ;Sul;Colisão Traseira;2;;;;;;;;;;2;;;;
07/04/2016;15:20:00;878;sem vítima;100;BR-040/RJ;Sul;Choque - Objeto Fixo;1;;;;;;;;;;1;;;;
07/04/2016;07:36:00;828;sem vítima;110;BR-040/RJ;Sul;Engavetamento;3;;;;;;;;;;3;;;;
07/04/2016;05:51:00;821;sem vítima;795;BR-040/MG;Sul;Colisão Traseira;;;2;;;;;;;;2;;;;
07/04/2016;08:03:00;833;sem vítima;123;BR-040/RJ;Sul;Colisão Lateral;1;;1;;;;;;;;2;;;;
08/04/2016;07:10:00;959;com vítima;61;BR-040/RJ;Norte;Colisão Traseira;;;1;1;;;;;;;1;;;1;
08/04/2016;05:45:00;953;com vítima;80;BR-040/RJ;Sul;Capotamento;1;;;;;;;;;;0;3;;;
09/04/2016;22:58:00;1242;com vítima;38;BR-040/RJ;Sul;Capotamento;1;;;;;;;;;;0;;;;1
09/04/2016;06:51:00;1128;sem vítima;51;BR-040/RJ;Norte;Choque - Objeto Fixo;1;;;;;;;;;;1;;;;
09/04/2016;08:36:00;1139;sem vítima;109;BR-040/RJ;Norte;Queda de Moto;;;;1;;;;;;;1;;;;
09/04/2016;09:29:00;1146;sem vítima;111;BR-040/RJ;Sul;Engavetamento;5;;1;;;;;;;;6;;;;
09/04/2016;23:46:00;1247;sem vítima;792;BR-040/MG;Norte;Choque - Objeto Fixo;1;;;;;;;;;;1;;;;
09/04/2016;13:14:00;1171;sem vítima;816;BR-040/MG;Sul;Colisão Lateral;3;;;;;;;;;;3;;;;
09/04/2016;05:27:00;1124;com vítima;121;BR-040/RJ;Sul;Atropelamento - Pedestre;;;;;;1;;;;;1;;1;;
10/04/2016;18:56:00;1345;com vítima;51;BR-040/RJ;Sul;Atropelamento - Pedestre;1;;;;;;;;;;0;4;;;
10/04/2016;17:04:00;1330;sem vítima;81;BR-040/RJ;Norte;Colisão Lateral;1;;;;;;;;;;1;;;;
10/04/2016;10:49:00;1287;com vítima;85;BR-040/RJ;Sul;Queda de Moto;;;;1;;;;;;;0;1;;;
10/04/2016;11:58:00;1295;sem vítima;786;BR-040/MG;Norte;Capotamento;1;;;;;;;;;;1;;;;
10/04/2016;17:41:00;1332;com vítima;123;BR-040/RJ;Sul;Queda de Moto;;;;1;;;;;;;0;1;;;
11/04/2016;19:14:00;1480;sem vítima;73;BR-040/RJ;Sul;Derrapagem;1;;;;;;;;;;1;;;;
11/04/2016;13:40:00;1443;sem vítima;89;BR-040/RJ;Norte;Colisão Lateral;2;;;;;;;;;;2;;;;
11/04/2016;12:09:00;1436;com vítima;94;BR-040/RJ;Norte;Queda de Moto;;;;1;;;;;;;0;2;;;
11/04/2016;12:26:00;1437;com vítima;94;BR-040/RJ;Norte;Queda de Moto;;;;1;;;;;;;0;1;;;
11/04/2016;08:35:00;1410;com vítima;109;BR-040/RJ;Sul;Engavetamento;2;;1;;;;;;;;2;3;;;
11/04/2016;08:10:00;1405;com vítima;121;BR-040/RJ;Sul;Engavetamento;2;;;1;;;;;;;2;;1;;
12/04/2016;09:23:00;1541;sem vítima;55;BR-040/RJ;Sul;Choque - Objeto Fixo;1;;;;;;;;;;1;;;;
12/04/2016;16:50:00;1598;com vítima;102;BR-040/RJ;Norte;Colisão Frontal;1;1;;;;;;;;;1;1;;;
13/04/2016;21:00:00;1753;sem vítima;32;BR-040/RJ;Norte;Choque - Objeto Fixo;1;;;;;;;;;;1;;;;
13/04/2016;10:20:00;1687;sem vítima;74;BR-040/RJ;Norte;Choque - Objeto Fixo;;;1;;;;;;;;1;;;;
13/04/2016;13:11:00;1701;sem vítima;100;BR-040/RJ;Sul;Choque - Objeto Fixo;;;1;;;;;;;;1;;;;
13/04/2016;07:31:00;1663;sem vítima;101;BR-040/RJ;Sul;Colisão Traseira;1;;;;1;;;;;;2;;;;
13/04/2016;15:39:00;1713;com vítima;109;BR-040/RJ;Sul;Queda de Moto;;;;1;;;;;;;0;1;;;
14/04/2016;05:30:00;1783;com vítima;28;BR-040/RJ;Sul;Atropelamento - Animal;1;;;;;;;;;;0;3;;;
14/04/2016;12:44:00;1823;com vítima;96;BR-040/RJ;Norte;Queda de Moto;;;;1;;;;;;;0;1;;;
14/04/2016;13:49:00;1830;sem vítima;98;BR-040/RJ;Sul;Colisão Lateral;1;;1;;;;;;;;2;;;;
14/04/2016;04:16:00;1777;com vítima;118;BR-040/RJ;Sul;Capotamento;1;;;;;;;;;;0;1;;;
14/04/2016;04:16:00;1778;com vítima;118;BR-040/RJ;Sul;Choque - Objeto Fixo;1;;;;;;;;;;0;1;;;
15/04/2016;10:26:00;1962;sem vítima;68;BR-040/RJ;Sul;Choque - Objeto Fixo;1;;;;;;;;;;1;;;;
15/04/2016;00:41:00;1911;sem vítima;776;BR-040/MG;Sul;Colisão Traseira;;;2;;;;;;;;2;;;;
15/04/2016;12:56:00;1974;com vítima;84;BR-040/RJ;Sul;Choque - Objeto Fixo;;;1;;;;;;;;0;2;;;
15/04/2016;13:38:00;1982;sem vítima;119;BR-040/RJ;Norte;Colisão Traseira;1;;1;;;;;;;;2;;;;
15/04/2016;05:50:00;1933;sem vítima;123;BR-040/RJ;Sul;Colisão Lateral;1;;;;;1;;;;;2;;;;
16/04/2016;13:54:00;2140;com vítima;27;BR-040/RJ;Norte;Capotamento;1;;;;;;;;;;0;1;;;
16/04/2016;15:50:00;2157;sem vítima;86;BR-040/RJ;Sul;Choque - Objeto Fixo;1;;;;;1;;;;;2;;;;
16/04/2016;03:12:00;2080;sem vítima;90;BR-040/RJ;Sul;Choque - Objeto Fixo;1;;;;;;;;;;1;;;;
16/04/2016;05:07:00;2088;sem vítima;109;BR-040/RJ;Norte;Choque - Objeto Fixo;1;;;;;;;;;;1;;;;
16/04/2016;12:18:00;2132;sem vítima;109;BR-040/RJ;Norte;Colisão Lateral;1;;1;;;;;;;;2;;;;
16/04/2016;07:21:00;2101;com vítima;111;BR-040/RJ;Sul;Colisão Frontal;1;;;1;;;;;;;0;1;2;;
16/04/2016;13:02:00;2135;com vítima;112;BR-040/RJ;Norte;Queda de Moto;;;;1;;1;;;;;1;1;;;
16/04/2016;02:35:00;2078;com vítima;120;BR-040/RJ;Norte;Colisão Traseira;2;;;;;;;;;;1;1;;;
16/04/2016;06:04:00;2090;sem vítima;123;BR-040/RJ;Sul;Choque - Objeto Fixo;2;;;;;1;;;;;3;;;;
16/04/2016;00:45:00;2070;sem vítima;124;BR-040/RJ;Sul;Colisão Traseira;2;;;;;;;;;;2;;;;
16/04/2016;00:45:00;2072;sem vítima;124;BR-040/RJ;Sul;Colisão Traseira;1;;;;;1;;;;;2;;;;