data;horario;n_da_ocorrencia;tipo_de_ocorrencia;km;trecho;sentido;tipo_de_acidente;automovel;bicicleta;caminhao;moto;onibus;outros;tracao_animal;transporte_de_cargas_especiais;trator_maquinas;utilitarios;ilesos;levemente_feridos;moderadamente_feridos;gravemente_feridos;mortos
12/05/2016;03:21:00;1482;sem vítima;124;BR-040/RJ;Sul;Colisão Traseira;2;;;;;;;;;;2;;;;
13/05/2016;16:53:00;1707;com vítima;30;BR-040/RJ;Norte;Capotamento;1;;;;;;;;;;0;2;;;
13/05/2016;21:03:00;1736;sem vítima;74;BR-040/RJ;Sul;Choque - Objeto Fixo;1;;;;;;;;;;1;;;;
13/05/2016;20:12:00;1732;com vítima;86;BR-040/RJ;Norte;Choque - Objeto Fixo;1;;;;;;;;;;0;;1;;
13/05/2016;11:41:00;1657;sem vítima;91;BR-040/RJ;Norte;Choque - Objeto Fixo;1;;;;;;;;;;1;;;;
13/05/2016;14:08:00;1676;sem vítima;91;BR-040/RJ;Norte;Choque - Objeto Fixo;1;;;;;;;;;;1;;;;
13/05/2016;17:18:00;1709;sem vítima;91;BR-040/RJ;Norte;Choque - Objeto Fixo;1;;;;;;;;;;1;;;;
13/05/2016;10:12:00;1646;sem vítima;92;BR-040/RJ;Sul;Choque - Objeto Fixo;1;;;;;;;;;;1;;;;
13/05/2016;18:40:00;1719;sem vítima;92;BR-040/RJ;Norte;Choque - Objeto Fixo;1;;;;;;;;;;1;;;;
13/05/2016;15:19:00;1688;com vítima;93;BR-040/RJ;Norte;Queda de Moto;;;;1;;;;;;;0;2;;;
13/05/2016;16:12:00;1699;com vítima;93;BR-040/RJ;Sul;Capotamento;1;;;;;;;;;;0;4;;;
13/05/2016;16:27:00;1701;sem vítima;93;BR-040/RJ;Norte;Colisão Traseira;2;;;;;;;;;;2;;;;
13/05/2016;02:57:00;1612;sem vítima;97;BR-040/RJ;Sul;Derrapagem;;;1;;;;;;;;1;;;;
13/05/2016;09:37:00;1640;com vítima;792;BR-040/MG;Norte;Choque - Objeto Fixo;1;;;;;;;;;;0;1;;;
13/05/2016;03:33:00;1615;com vítima;821;BR-040/MG;Sul;Derrapagem;1;;;;;;;;;;0;1;;;
13/05/2016;16:51:00;1706;sem vítima;119;BR-040/RJ;Norte;Colisão Traseira;2;;;;;;;;;;2;;;;
13/05/2016;10:56:00;1654;com vítima;121;BR-040/RJ;Norte;Colisão Lateral;1;;1;;;;;;;;1;1;;;
13/05/2016;18:29:00;1718;com vítima;124;BR-040/RJ;Norte;Engavetamento;;;4;;;;;;;;2;1;1;;
14/05/2016;17:53:00;1828;com vítima;45;BR-040/RJ;Sul;Atropelamento - Animal;1;;;;;;;;;;0;2;;;
14/05/2016;11:57:00;1798;sem vítima;55;BR-040/RJ;Norte;Colisão Lateral;2;;;;;;;;;;2;;;;
14/05/2016;06:34:00;1769;sem vítima;80;BR-040/RJ;Sul;Choque - Objeto Fixo;1;;;;;;;;;;1;;;;
14/05/2016;03:35:00;1760;sem vítima;780;BR-040/MG;Norte;Derrapagem;1;;;;;;;;;;1;;;;
14/05/2016;07:43:00;1778;sem vítima;92;BR-040/RJ;Sul;Choque - Objeto Fixo;1;;;;;;;;;;1;;;;
14/05/2016;07:30:00;1775;sem vítima;93;BR-040/RJ;Sul;Choque - Objeto Fixo;1;;;;;;;;;;1;;;;
14/05/2016;01:23:00;1751;sem vítima;94;BR-040/RJ;Norte;Derrapagem;1;;;;;;;;;;1;;;;
14/05/2016;18:22:00;1836;sem vítima;94;BR-040/RJ;Norte;Choque - Objeto Fixo;1;;;;;;;;;;1;;;;
14/05/2016;21:20:00;1855;com vítima;104;BR-040/RJ;Norte;Tombamento;1;;;;;;;;;;0;;1;;
15/05/2016;23:51:00;2002;sem vítima;25;BR-040/RJ;Sul;Colisão Traseira;1;;;;;1;;;;;2;;;;
15/05/2016;10:51:00;1909;com vítima;95;BR-040/RJ;Norte;Queda de Moto;;;;1;;;;;;;0;;1;;
15/05/2016;20:39:00;1977;sem vítima;112;BR-040/RJ;Norte;Capotamento;2;;;;;;;;;;2;;;;
15/05/2016;22:30:00;1992;sem vítima;118;BR-040/RJ;Norte;Choque - Objeto Fixo;1;;;;;;;;;;1;;;;
15/05/2016;11:58:00;1919;com vítima;826;BR-040/MG;Sul;Queda de Moto;;;;1;;;;;;;0;1;;;
16/05/2016;09:28:00;2047;sem vítima;71;BR-040/RJ;Sul;Colisão Transversal;2;;;;;;;;;;2;;;;
16/05/2016;14:19:00;2076;com vítima;79;BR-040/RJ;Norte;Tombamento;;;1;;;;;;;;0;1;;;
16/05/2016;12:08:00;2066;sem vítima;112;BR-040/RJ;Sul;Colisão Traseira;2;;;;;;;;;;2;;;;
16/05/2016;15:54:00;2090;com vítima;121;BR-040/RJ;Norte;Colisão Frontal;1;;1;;;;;;;;0;1;1;;
16/05/2016;09:47:00;2056;sem vítima;122;BR-040/RJ;Norte;Colisão Traseira;1;;;;1;;;;;;2;;;;
17/05/2016;12:24:00;2201;sem vítima;45;BR-040/RJ;Sul;Queda de Moto;;;;1;;;;;;;1;;;;
17/05/2016;11:18:00;2197;sem vítima;74;BR-040/RJ;Norte;Choque - Objeto Fixo;;;1;;;;;;;;1;;;;
17/05/2016;13:20:00;2207;com vítima;91;BR-040/RJ;Sul;Capotamento;1;;;;;;;;;;0;1;;;
17/05/2016;13:05:00;2206;sem vítima;92;BR-040/RJ;Sul;Choque - Objeto Fixo;1;;;;;;;;;;1;;;;
17/05/2016;08:14:00;2171;sem vítima;93;BR-040/RJ;Norte;Choque - Objeto Fixo;1;;;;;;;;;;1;;;;
17/05/2016;06:01:00;2160;sem vítima;94;BR-040/RJ;Sul;Derrapagem;1;;;;;;;;;;1;;;;
17/05/2016;00:56:00;2147;com vítima;103;BR-040/RJ;Norte;Atropelamento - Pedestre;;;1;;;;;;;;1;;;1;
17/05/2016;17:28:00;2222;sem vítima;109;BR-040/RJ;Sul;Colisão Lateral;1;;;;1;;;;;;2;;;;
17/05/2016;23:53:00;2252;com vítima;113;BR-040/RJ;Norte;Colisão Traseira;1;;;;;;;;;;0;1;;;
17/05/2016;08:01:00;2170;com vítima;793;BR-040/MG;Norte;Queda de Moto;;;;1;;;;;;;0;1;;;
17/05/2016;10:52:00;2193;com vítima;796;BR-040/MG;Norte;Choque - Objeto Fixo;;;1;;;;;;;;0;1;;;
17/05/2016;07:22:00;2165;sem vítima;800;BR-040/MG;Norte;Engavetamento;2;;1;;;;;;;;3;;;;
17/05/2016;21:57:00;2245;com vítima;120;BR-040/RJ;Norte;Colisão Traseira;1;;;;1;;;;;;1;;1;;
17/05/2016;08:28:00;2175;sem vítima;122;BR-040/RJ;Norte;Colisão Traseira;1;;;;1;;;;;;2;;;;
18/05/2016;22:30:00;2397;sem vítima;785;BR-040/MG;Sul;Atropelamento - Animal;1;;;;;;;;;;1;;;;
18/05/2016;16:21:00;2344;sem vítima;82;BR-040/RJ;Sul;Choque - Objeto Fixo;1;;;;;;;;;;1;;;;
18/05/2016;06:43:00;2270;sem vítima;84;BR-040/RJ;Norte;Choque - Objeto Fixo;1;;;;;;;;;;1;;;;
18/05/2016;18:24:00;2369;sem vítima;85;BR-040/RJ;Norte;Colisão Lateral;1;;1;;;;;;;;2;;;;
18/05/2016;09:10:00;2298;sem vítima;91;BR-040/RJ;Sul;Derrapagem;1;;;;;;;;;;1;;;;
18/05/2016;08:27:00;2285;sem vítima;92;BR-040/RJ;Norte;Choque - Objeto Fixo;1;;;;;;;;;;1;;;;
18/05/2016;13:15:00;2321;sem vítima;92;BR-040/RJ;Norte;Derrapagem;1;;;;;;;;;;1;;;;
18/05/2016;13:23:00;2322;sem vítima;92;BR-040/RJ;Norte;Derrapagem;1;;;;;;;;;;1;;;;
18/05/2016;15:22:00;2335;sem vítima;93;BR-040/RJ;Norte;Choque - Objeto Fixo;1;;;;;;;;;;1;;;;
18/05/2016;16:08:00;2343;sem vítima;93;BR-040/RJ;Sul;Capotamento;1;;;;;;;;;;1;;;;
18/05/2016;13:37:00;2323;com vítima;109;BR-040/RJ;Norte;Tombamento;1;;;;;;;;;;0;2;;;
18/05/2016;17:41:00;2361;com vítima;111;BR-040/RJ;Norte;Engavetamento;3;;;;;;;;;;2;1;2;;
18/05/2016;20:21:00;2381;com vítima;111;BR-040/RJ;Sul;Choque - Objeto Fixo;;;1;;;;;;;;0;2;;;
18/05/2016;18:17:00;2368;com vítima;113;BR-040/RJ;Sul;Capotamento;1;;;;;;;;;;0;2;;;
18/05/2016;20:48:00;2389;sem vítima;119;BR-040/RJ;Norte;Engavetamento;3;;;;;;;;;;3;;;;
18/05/2016;08:06:00;2283;sem vítima;122;BR-040/RJ;Sul;Colisão Lateral;1;;1;;;;;;;;2;;;;
19/05/2016;10:19:00;2448;com vítima;7;BR-040/RJ;Sul;Queda de Moto;;;;1;;;;;;;0;1;;;
19/05/2016;12:39:00;2471;sem vítima;21;BR-040/RJ;Norte;Choque - Objeto Fixo;1;;;;;;;;;;1;;;;
19/05/2016;13:45:00;2482;sem vítima;75;BR-040/RJ;Sul;Choque - Objeto Fixo;1;;;;;;;;;;1;;;;
19/05/2016;09:40:00;2444;sem vítima;78;BR-040/RJ;Sul;Choque - Objeto Fixo;1;;;;;;;;;;1;;;;
19/05/2016;14:07:00;2485;sem vítima;78;BR-040/RJ;Sul;Choque - Objeto Fixo;1;;;;;;;;;;1;;;;
19/05/2016;14:07:00;2486;sem vítima;78;BR-040/RJ;Sul;Colisão Traseira;1;;;;;1;;;;;2;;;;
19/05/2016;18:45:00;2529;sem vítima;774;BR-040/MG;Norte;Atropelamento - Animal;1;;;;;;;;;;1;;;;
19/05/2016;09:43:00;2445;sem vítima;84;BR-040/RJ;Norte;Choque - Objeto Fixo;1;;;;;;;;;;1;;;;
19/05/2016;07:30:00;2429;sem vítima;91;BR-040/RJ;Norte;Choque - Objeto Fixo;1;;;;;;;;;;1;;;;
19/05/2016;15:18:00;2493;sem vítima;93;BR-040/RJ;Sul;Choque - Objeto Fixo;1;;;;;;;;;;1;;;;
19/05/2016;15:40:00;2501;sem vítima;96;BR-040/RJ;Sul;Choque - Objeto Fixo;1;;;;;;;;;;1;;;;
19/05/2016;10:55:00;2454;com vítima;99;BR-040/RJ;Sul;Capotamento;1;;;;;;;;;;0;2;;;
19/05/2016;06:26:00;2421;sem vítima;108;BR-040/RJ;Sul;Choque - Objeto Fixo;1;;;;;;;;;;1;;;;
19/05/2016;17:48:00;2518;com vítima;110;BR-040/RJ;Norte;Queda de Moto;;;;1;;;;;;;0;1;;;
19/05/2016;09:20:00;2441;sem vítima;120;BR-040/RJ;Sul;Colisão Lateral;2;;;;;;;;;;2;;;;
19/05/2016;10:20:00;2450;sem vítima;123;BR-040/RJ;Sul;Colisão Lateral;1;;;;;;;;;;1;;;;
20/05/2016;16:45:00;2663;com vítima;94;BR-040/RJ;Norte;Queda de Moto;;;;1;;;;;;;0;1;1;;
20/05/2016;06:30:00;2576;sem vítima;99;BR-040/RJ;Norte;Choque - Objeto Fixo;1;;;;;;;;;;1;;;;
20/05/2016;14:07:00;2638;com vítima;107;BR-040/RJ;Sul;Tombamento;1;;;;;;;;;;0;2;;;
20/05/2016;15:36:00;2648;com vítima;112;BR-040/RJ;Sul;Colisão Lateral;1;;;;;1;;;;;1;2;;;
20/05/2016;05:53:00;2571;sem vítima;113;BR-040/RJ;Norte;Choque - Objeto Fixo;1;;;;;;;;;;1;;;;
20/05/2016;09:15:00;2596;com vítima;117;BR-040/RJ;Norte;Queda de Moto;;;;1;;;;;;;0;1;;;
20/05/2016;09:18:00;2597;com vítima;120;BR-040/RJ;Sul;Capotamento;1;;;;;;;;;;0;1;;;
20/05/2016;08:04:00;2587;com vítima;827;BR-040/MG;Sul;Choque - Objeto Fixo;1;;;;;;;;;;0;1;;;
21/05/2016;15:57:00;2780;com vítima;61;BR-040/RJ;Norte;Colisão Lateral;2;;;;;;;;;;0;5;;;
21/05/2016;19:47:00;2804;com vítima;104;BR-040/RJ;Sul;Choque - Objeto Fixo;1;;;;;;;;;;0;1;;;
21/05/2016;05:29:00;2718;sem vítima;108;BR-040/RJ;Norte;Choque - Objeto Fixo;1;;;;;;;;;;1;;;;
21/05/2016;21:36:00;2814;sem vítima;119;BR-040/RJ;Norte;Colisão Traseira;3;;;;;;;;;;3;;;;
21/05/2016;12:36:00;2763;sem vítima;120;BR-040/RJ;Norte;Colisão Traseira;2;;;;;;;;;;2;;;;
21/05/2016;07:24:00;2726;sem vítima;124;BR-040/RJ;Sul;Choque - Objeto Fixo;2;;;;;;;;;;2;;;;
22/05/2016;10:25:00;2869;com vítima;58;BR-040/RJ;Sul;Choque - Objeto Fixo;1;;;;;;;;;;0;1;2;;
22/05/2016;05:53:00;2848;sem vítima;59;BR-040/RJ;Norte;Choque - Objeto Fixo;1;;;;;;;;;;1;;;;
22/05/2016;15:55:00;2914;com vítima;80;BR-040/RJ;Norte;Capotamento;1;;;;;;;;;;0;;1;;
22/05/2016;16:30:00;2921;sem vítima;80;BR-040/RJ;Norte;Queda de Moto;;;;1;;;;;;;1;;;;
22/05/2016;12:16:00;2883;sem vítima;82;BR-040/RJ;Sul;Colisão Transversal;2;;;;;;;;;;2;;;;
22/05/2016;11:30:00;2874;com vítima;101;BR-040/RJ;Sul;Queda de Moto;1;;;1;;;;;;;1;1;;;
22/05/2016;21:05:00;2953;sem vítima;101;BR-040/RJ;Sul;Choque - Objeto Fixo;1;;;;;;;;;;1;;;;
22/05/2016;16:09:00;2916;sem vítima;105;BR-040/RJ;Norte;Engavetamento;3;;;;;;;;;;3;;;;
22/05/2016;11:22:00;2871;sem vítima;110;BR-040/RJ;Sul;Colisão Lateral;2;;;;;;;;;;2;;;;
22/05/2016;16:17:00;2920;com vítima;113;BR-040/RJ;Sul;Choque - Objeto Fixo;1;;;;;;;;;;0;1;;;
22/05/2016;15:18:00;2908;com vítima;792;BR-040/MG;Sul;Choque - Objeto Fixo;1;;;;;;;;;;0;2;;;
22/05/2016;06:44:00;2851;com vítima;115;BR-040/RJ;Sul;Atropelamento - Pedestre;;;;1;;;;;;;0;2;;;
23/05/2016;20:50:00;3091;sem vítima;15;BR-040/RJ;Norte;Choque - Objeto Fixo;1;;;;;1;;;;;2;;;;
23/05/2016;08:34:00;3007;com vítima;59;BR-040/RJ;Norte;Choque - Objeto Fixo;1;;;;;;;;;;0;1;;;
23/05/2016;07:30:00;3000;sem vítima;76;BR-040/RJ;Sul;Derrapagem;;;1;;;;;;;;1;;;;
23/05/2016;01:55:00;2982;com vítima;80;BR-040/RJ;Sul;Tombamento;;;1;;;;;;;;0;;1;;
23/05/2016;16:25:00;3059;sem vítima;82;BR-040/RJ;Sul;Choque - Objeto Fixo;1;;;;;;;;;;1;;;;
23/05/2016;11:25:00;3023;sem vítima;85;BR-040/RJ;Sul;Choque - Objeto Fixo;1;;;;;;;;;;1;;;;
23/05/2016;19:41:00;3082;sem vítima;85;BR-040/RJ;Norte;Choque - Objeto Fixo;1;;;;;;;;;;1;;;;
23/05/2016;10:00:00;3018;sem vítima;91;BR-040/RJ;Norte;Choque - Objeto Fixo;1;;;;;;;;;;1;;;;
23/05/2016;15:13:00;3048;sem vítima;92;BR-040/RJ;Sul;Choque - Objeto Fixo;1;;;;;;;;;;1;;;;
23/05/2016;11:44:00;3024;sem vítima;93;BR-040/RJ;Norte;Choque - Objeto Fixo;1;;;;;;;;;;1;;;;
23/05/2016;14:27:00;3040;sem vítima;94;BR-040/RJ;Sul;Colisão Traseira;1;;1;;;;;;;;2;;;;
23/05/2016;09:07:00;3012;sem vítima;98;BR-040/RJ;Norte;Choque - Objeto Fixo;1;;;;;;;;;;1;;;;
23/05/2016;05:42:00;2993;sem vítima;102;BR-040/RJ;Norte;Choque - Objeto Fixo;1;;;;;;;;;;1;;;;
23/05/2016;02:03:00;2983;sem vítima;108;BR-040/RJ;Norte;Queda de Moto;;;;1;;;;;;;1;;;;
23/05/2016;18:42:00;3077;sem vítima;795;BR-040/MG;Sul;Atropelamento - Animal;1;;;;;;;;;;1;;;;
23/05/2016;15:07:00;3046;sem vítima;118;BR-040/RJ;Sul;Colisão Traseira;1;;;;;1;;;;;2;;;;
24/05/2016;02:06:00;3116;com vítima;72;BR-040/RJ;Norte;Queda de Moto;;;;1;;;;;;;0;1;;;
24/05/2016;17:50:00;3206;sem vítima;72;BR-040/RJ;Norte;Choque - Objeto Fixo;1;;;;;;;;;;1;;;;
24/05/2016;19:58:00;3221;sem vítima;72;BR-040/RJ;Norte;Choque - Objeto Fixo;1;;;;;;;;;;1;;;;
24/05/2016;15:46:00;3187;com vítima;74;BR-040/RJ;Norte;Choque - Objeto Fixo;1;;;;;;;;;;0;2;1;;
24/05/2016;17:25:00;3203;sem vítima;78;BR-040/RJ;Norte;Choque - Objeto Fixo;1;;;;;;;;;;1;;;;
24/05/2016;00:22:00;3109;com vítima;90;BR-040/RJ;Norte;Capotamento;1;;;;;;;;;;0;1;;;
24/05/2016;08:48:00;3141;com vítima;91;BR-040/RJ;Norte;Choque - Objeto Fixo;1;;;;;;;;;;0;1;;;
24/05/2016;14:24:00;3181;com vítima;93;BR-040/RJ;Sul;Choque - Objeto Fixo;1;;;;;;;;;;0;1;;;
24/05/2016;15:30:00;3189;sem vítima;93;BR-040/RJ;Sul;Choque - Objeto Fixo;1;;;;;;;;;;1;;;;
24/05/2016;07:10:00;3126;sem vítima;788;BR-040/MG;Norte;Choque - Objeto Fixo;1;;;;;;;;;;1;;;;
24/05/2016;16:47:00;3195;sem vítima;117;BR-040/RJ;Sul;Choque - Objeto Fixo;1;;;;;;;;;;1;;;;
24/05/2016;13:24:00;3175;com vítima;121;BR-040/RJ;Norte;Colisão Lateral;1;;;;1;;;;;;0;2;;;
24/05/2016;14:00:00;3177;sem vítima;123;BR-040/RJ;Norte;Colisão Lateral;1;;1;;;;;;;;2;;;;
25/05/2016;09:44:00;3279;sem vítima;32;BR-040/RJ;Norte;Choque - Objeto Fixo;1;;;;;;;;;;1;;;;
25/05/2016;13:14:00;3301;sem vítima;45;BR-040/RJ;Norte;Choque - Objeto Fixo;1;;;;;;;;;;1;;;;
25/05/2016;23:39:00;3385;sem vítima;109;BR-040/RJ;Sul;Colisão Lateral;1;;1;;;;;;;;2;;;;
25/05/2016;18:13:00;3347;sem vítima;113;BR-040/RJ;Norte;Engavetamento;4;;1;;;;;;;;5;;;;
25/05/2016;20:44:00;3364;sem vítima;113;BR-040/RJ;Norte;Engavetamento;3;;;;;;;;;;3;;;;
25/05/2016;07:56:00;3268;sem vítima;121;BR-040/RJ;Sul;Colisão Traseira;2;;;;;;;;;;2;;;;
25/05/2016;10:20:00;3284;sem vítima;123;BR-040/RJ;Sul;Colisão Lateral;1;;;1;;;;;;;2;;;;
25/05/2016;14:58:00;3314;com vítima;123;BR-040/RJ;Norte;Queda de Moto;;;;1;;;;;;;0;1;;;
26/05/2016;00:07:00;3388;sem vítima;61;BR-040/RJ;Norte;Choque - Objeto Fixo;1;;;;;;;;;;1;;;;
26/05/2016;10:13:00;3439;sem vítima;78;BR-040/RJ;Sul;Choque - Objeto Fixo;1;;;;;;;;;;1;;;;
26/05/2016;04:36:00;3410;sem vítima;83;BR-040/RJ;Norte;Choque - Objeto Fixo;;;1;;;;;;;;1;;;;
26/05/2016;02:35:00;3404;com vítima;121;BR-040/RJ;Norte;Queda de Moto;;;;1;;;;;;;0;;;1;1
27/05/2016;17:09:00;3609;sem vítima;60;BR-040/RJ;Sul;Colisão Lateral;1;;1;;;;;;;;2;;;;
27/05/2016;00:59:00;3517;sem vítima;70;BR-040/RJ;Sul;Choque - Objeto Fixo;1;;;;;;;;;;1;;;;
27/05/2016;22:44:00;3645;sem vítima;73;BR-040/RJ;Sul;Colisão Lateral;;;2;;;;;;;;2;;;;
27/05/2016;16:42:00;3605;com vítima;773;BR-040/MG;Norte;Capotamento;1;;;;;;;;;;0;2;;;
27/05/2016;13:35:00;3582;com vítima;107;BR-040/RJ;Norte;Colisão Traseira;1;;1;;;;;;;;0;2;1;;
27/05/2016;07:37:00;3552;sem vítima;109;BR-040/RJ;Norte;Colisão Traseira;2;;;;;;;;;;2;;;;
27/05/2016;10:28:00;3562;com vítima;122;BR-040/RJ;Norte;Colisão Lateral;1;;1;;;;;;;;1;1;;;
27/05/2016;04:36:00;3536;sem vítima;123;BR-040/RJ;Norte;Colisão Frontal;2;;;;;;;;;;2;;;;
27/05/2016;22:29:00;3642;com vítima;124;BR-040/RJ;Norte;Colisão Traseira;1;;;1;;;;;;;1;1;;;
28/05/2016;06:45:00;3668;com vítima;47;BR-040/RJ;Sul;Colisão Lateral;1;;1;;;;;;;;1;1;;;
28/05/2016;19:14:00;3740;sem vítima;118;BR-040/RJ;Norte;Colisão Lateral;2;;;;;;;;;;2;;;;
29/05/2016;08:34:00;3781;sem vítima;65;BR-040/RJ;Sul;Colisão Lateral;2;;;;;;;;;;2;;;;
29/05/2016;16:22:00;3828;sem vítima;84;BR-040/RJ;Sul;Colisão Traseira;2;;;;;;;;;;2;;;;
29/05/2016;11:50:00;3794;com vítima;90;BR-040/RJ;Sul;Engavetamento;4;;;;;;;;;;0;;4;;
30/05/2016;01:09:00;3890;sem vítima;18;BR-040/RJ;Sul;Atropelamento - Animal;;;;;1;;;;;;1;;;;
30/05/2016;01:09:00;3891;sem vítima;18;BR-040/RJ;Sul;Atropelamento - Animal;1;;;;;;;;;;1;;;;
30/05/2016;21:40:00;4012;sem vítima;34;BR-040/RJ;Norte;Choque - Objeto Fixo;1;;;;;;;;;;1;;;;
30/05/2016;19:23:00;3999;sem vítima;775;BR-040/MG;Norte;Atropelamento - Animal;1;;;;;;;;;;1;;;;
30/05/2016;00:33:00;3886;sem vítima;784;BR-040/MG;Norte;Choque - Objeto Fixo;1;;;;;;;;;;1;;;;
30/05/2016;21:01:00;4010;sem vítima;93;BR-040/RJ;Norte;Choque - Objeto Fixo;1;;;;;;;;;;1;;;;
30/05/2016;13:13:00;3952;com vítima;113;BR-040/RJ;Norte;Queda de Moto;;;;1;;;;;;;0;1;;;
30/05/2016;18:08:00;3991;com vítima;113;BR-040/RJ;Norte;Colisão Traseira;1;;;1;;;;;;;1;2;;;
30/05/2016;15:26:00;3967;com vítima;118;BR-040/RJ;Norte;Colisão Lateral;2;;;;;;;;;;1;1;;;
31/05/2016;09:10:00;4066;sem vítima;13;BR-040/RJ;Norte;Choque - Objeto Fixo;1;;;;;;;;;;1;;;;
31/05/2016;07:36:00;4057;sem vítima;31;BR-040/RJ;Sul;Capotamento;1;;;;;;;;;;1;;;;
31/05/2016;09:13:00;4067;sem vítima;36;BR-040/RJ;Norte;Choque - Objeto Fixo;1;;;;;;;;;;1;;;;
31/05/2016;07:20:00;4052;com vítima;56;BR-040/RJ;Norte;Choque - Objeto Fixo;1;;;;;;;;;;0;1;1;;
31/05/2016;18:52:00;4132;com vítima;58;BR-040/RJ;Sul;Colisão Traseira;1;;;1;;;;;;;0;1;;1;
31/05/2016;10:09:00;4077;sem vítima;785;BR-040/MG;Norte;Choque - Objeto Fixo;1;;;;;;;;;;1;;;;
31/05/2016;06:36:00;4047;com vítima;94;BR-040/RJ;Sul;Capotamento;1;;;;;;;;;;0;1;;;
31/05/2016;06:55:00;4048;com vítima;94;BR-040/RJ;Sul;Capotamento;1;;;;;;;;;;0;3;;;
31/05/2016;20:39:00;4145;com vítima;105;BR-040/RJ;Norte;Colisão Lateral;1;;;1;;;;;;;2;1;;;
31/05/2016;05:04:00;4039;com vítima;108;BR-040/RJ;Norte;Choque - Objeto Fixo;1;;;;;;;;;;0;1;;;
31/05/2016;12:49:00;4091;com vítima;110;BR-040/RJ;Norte;Queda de Moto;;;;1;;;;;;;0;2;;;
31/05/2016;08:49:00;4064;sem vítima;113;BR-040/RJ;Sul;Colisão Traseira;2;;;;;;;;;;2;;;;
31/05/2016;09:07:00;4065;com vítima;788;BR-040/MG;Sul;Choque - Objeto Fixo;1;;;;;;;;;;0;2;;;
01/06/2016;15:07:00;80;sem vítima;2;BR-040/RJ;Norte;Capotamento;1;;;;;;;;;;1;;;;
01/06/2016;08:36:00;41;sem vítima;12;BR-040/RJ;Sul;Choque - Objeto Fixo;1;;;;;;;;;;1;;;;
01/06/2016;08:28:00;39;com vítima;30;BR-040/RJ;Norte;Capotamento;1;;;;;;;;;;0;1;;;
01/06/2016;05:08:00;12;com vítima;39;BR-040/RJ;Sul;Colisão Traseira;1;;1;;;;;;;;0;4;;;1
01/06/2016;06:52:00;23;sem vítima;104;BR-040/RJ;Sul;Colisão Traseira;2;;;;;;;;;;2;;;;
01/06/2016;14:19:00;76;sem vítima;105;BR-040/RJ;Norte;Colisão Traseira;1;;;;;1;;;;;2;;;;
01/06/2016;20:48:00;117;com vítima;108;BR-040/RJ;Norte;Queda de Moto;;;;1;;;;;;;0;;1;;
01/06/2016;14:04:00;74;com vítima;113;BR-040/RJ;Sul;Colisão Traseira;1;;;;;1;;;;;1;1;;;
01/06/2016;15:07:00;81;com vítima;817;BR-040/MG;Norte;Choque - Objeto Fixo;1;;;;;;;;;;0;;1;;
01/06/2016;14:40:00;78;sem vítima;824;BR-040/MG;Sul;Tombamento;1;;;;;;;;;;1;;;;
02/06/2016;19:16:00;260;com vítima;18;BR-040/RJ;Sul;Colisão Traseira;;;;1;;1;;;;;1;1;;;
02/06/2016;16:31:00;236;com vítima;21;BR-040/RJ;Norte;Colisão Lateral;2;;;;;;;;;;0;2;;;
02/06/2016;05:29:00;145;com vítima;25;BR-040/RJ;Sul;Capotamento;1;;;;;;;;;;0;1;;;
02/06/2016;20:46:00;268;com vítima;65;BR-040/RJ;Sul;Colisão Lateral;1;;;1;;;;;;;1;2;;;
02/06/2016;10:55:00;179;sem vítima;75;BR-040/RJ;Sul;Derrapagem;1;;;;;;;;;;1;;;;
02/06/2016;11:04:00;181;sem vítima;77;BR-040/RJ;Sul;Derrapagem;1;;;;;;;;;;1;;;;
02/06/2016;23:14:00;278;sem vítima;80;BR-040/RJ;Sul;Derrapagem;1;;;;;;;;;;1;;;;
02/06/2016;10:45:00;177;sem vítima;84;BR-040/RJ;Sul;Capotamento;1;;;;;;;;;;1;;;;
02/06/2016;12:00:00;192;sem vítima;96;BR-040/RJ;Sul;Derrapagem;1;;;;;;;;;;1;;;;
02/06/2016;12:56:00;202;sem vítima;100;BR-040/RJ;Norte;Colisão Traseira;2;;;;;;;;;;2;;;;
02/06/2016;09:46:00;173;sem vítima;109;BR-040/RJ;Norte;Colisão Lateral;3;;;;;;;;;;3;;;;
02/06/2016;18:25:00;253;sem vítima;110;BR-040/RJ;Norte;Engavetamento;3;;;;;;;;;;3;;;;
02/06/2016;11:38:00;188;sem vítima;824;BR-040/MG;Norte;Derrapagem;1;;;;;;;;;;1;;;;
03/06/2016;17:06:00;355;sem vítima;3;BR-040/RJ;Sul;Choque - Objeto Fixo;1;;;;;;;;;;1;;;;
03/06/2016;16:25:00;351;sem vítima;4;BR-040/RJ;Sul;Choque - Objeto Fixo;1;;;;;;;;;;1;;;;
03/06/2016;18:24:00;364;sem vítima;9;BR-040/RJ;Norte;Choque - Objeto Fixo;1;;;;;;;;;;1;;;;
03/06/2016;20:08:00;378;sem vítima;22;BR-040/RJ;Sul;Choque - Objeto Fixo;1;;;;;;;;;;1;;;;
03/06/2016;16:20:00;348;sem vítima;31;BR-040/RJ;Norte;Colisão Traseira;1;;1;;;;;;;;2;;;;
03/06/2016;16:30:00;353;sem vítima;31;BR-040/RJ;Norte;Choque - Objeto Fixo;1;;;;;;;;;;1;;;;