data;horario;n_da_ocorrencia;tipo_de_ocorrencia;km;trecho;sentido;tipo_de_acidente;automovel;bicicleta;caminhao;moto;onibus;outros;tracao_animal;transporte_de_cargas_especiais;trator_maquinas;utilitarios;ilesos;levemente_feridos;moderadamente_feridos;gravemente_feridos;mortos
27/07/2016;19:29:00;4033;sem vítima;118;BR-040/RJ;Sul;Colisão Traseira;1;;;;1;;;;;;2;;;;
27/07/2016;07:36:00;3935;sem vítima;824;BR-040/MG;Norte;Choque - Objeto Fixo;1;;;;;;;;;;1;;;;
28/07/2016;07:24:00;4088;sem vítima;75;BR-040/RJ;Sul;Choque - Objeto Fixo;1;;;;;;;;;;1;;;;
28/07/2016;19:50:00;4171;sem vítima;77;BR-040/RJ;Sul;Choque - Objeto Fixo;1;;;;;;;;;;1;;;;
28/07/2016;18:34:00;4160;com vítima;83;BR-040/RJ;Sul;Capotamento;1;;;;;;;;;;0;;1;;
28/07/2016;21:21:00;4179;com vítima;86;BR-040/RJ;Norte;Capotamento;1;;;;;;;;;;0;2;;;
28/07/2016;11:29:00;4116;sem vítima;114;BR-040/RJ;Sul;Colisão Traseira;2;;;;;;;;;;2;;;;
28/07/2016;12:27:00;4125;com vítima;821;BR-040/MG;Norte;Choque - Objeto Fixo;1;;;;;;;;;;0;3;;;
29/07/2016;06:57:00;4220;com vítima;36;BR-040/RJ;Norte;Tombamento;;;1;;;;;;;;0;1;;;
29/07/2016;22:03:00;4334;sem vítima;84;BR-040/RJ;Norte;Choque - Objeto Fixo;1;;;;;;;;;;1;;;;
29/07/2016;03:22:00;4206;com vítima;112;BR-040/RJ;Norte;Choque - Objeto Fixo;1;;;;;;;;;;0;2;;;
29/07/2016;23:56:00;4341;sem vítima;112;BR-040/RJ;Sul;Colisão Lateral;1;;;;;;;;;;1;;;;
29/07/2016;01:19:00;4197;sem vítima;798;BR-040/MG;Sul;Choque - Objeto Fixo;1;;;;;;;;;;1;;;;
29/07/2016;07:48:00;4225;sem vítima;808;BR-040/MG;Sul;Choque - Objeto Fixo;1;;;;;;;;;;1;;;;
29/07/2016;16:31:00;4288;sem vítima;114;BR-040/RJ;Norte;Engavetamento;3;;;;;;;;;;3;;;;
29/07/2016;15:53:00;4286;com vítima;122;BR-040/RJ;Sul;Colisão Traseira;1;;;1;;;;;;;1;1;1;;
29/07/2016;21:20:00;4327;com vítima;123;BR-040/RJ;Norte;Choque - Objeto Fixo;1;;;;;1;;;;;1;2;;;
30/07/2016;06:56:00;4367;sem vítima;22;BR-040/RJ;Sul;Colisão Traseira;1;;;1;;;;;;;2;;;;
30/07/2016;18:18:00;4441;com vítima;25;BR-040/RJ;Norte;Colisão Traseira;1;;1;;;;;;;;0;2;1;;
30/07/2016;04:24:00;4356;com vítima;52;BR-040/RJ;Sul;Choque - Objeto Fixo;;;1;;;;;;;;0;2;;;
30/07/2016;17:40:00;4436;com vítima;84;BR-040/RJ;Norte;Capotamento;1;;;;;;;;;;0;2;;;
30/07/2016;21:57:00;4457;com vítima;84;BR-040/RJ;Norte;Capotamento;1;;;;;;;;;;0;5;;;
30/07/2016;11:06:00;4394;sem vítima;85;BR-040/RJ;Norte;Choque - Objeto Fixo;1;;;;;;;;;;1;;;;
30/07/2016;02:41:00;4350;sem vítima;90;BR-040/RJ;Norte;Choque - Objeto Fixo;1;;;;;;;;;;1;;;;
30/07/2016;19:12:00;4445;com vítima;102;BR-040/RJ;Norte;Queda de Moto;;;;1;;;;;;;0;2;;;
30/07/2016;21:33:00;4455;sem vítima;810;BR-040/MG;Norte;Colisão Lateral;1;;;1;;;;;;;2;;;;
30/07/2016;13:44:00;4408;sem vítima;123;BR-040/RJ;Norte;Colisão Lateral;1;;1;;;;;;;;2;;;;
31/07/2016;05:07:00;4489;sem vítima;25;BR-040/RJ;Sul;Choque - Objeto Fixo;1;;;;;;;;;;1;;;;
31/07/2016;05:37:00;4492;com vítima;38;BR-040/RJ;Sul;Choque - Objeto Fixo;1;;;;;;;;;;0;3;;;
31/07/2016;11:20:00;4521;com vítima;75;BR-040/RJ;Sul;Queda de Moto;;;;1;;;;;;;0;1;;;
31/07/2016;00:41:00;4477;sem vítima;774;BR-040/MG;Norte;Atropelamento - Animal;1;;;;;;;;;;1;;;;
31/07/2016;06:27:00;4494;sem vítima;85;BR-040/RJ;Norte;Choque - Objeto Fixo;1;;;;;;;;;;1;;;;
31/07/2016;07:58:00;4499;sem vítima;85;BR-040/RJ;Norte;Colisão Traseira;2;;;;;;;;;;2;;;;
31/07/2016;02:52:00;4482;sem vítima;86;BR-040/RJ;Norte;Choque - Objeto Fixo;1;;;;;;;;;;1;;;;
31/07/2016;18:08:00;4573;sem vítima;109;BR-040/RJ;Norte;Choque - Objeto Fixo;1;;;;;;;;;;1;;;;
31/07/2016;02:12:00;4480;sem vítima;121;BR-040/RJ;Norte;Colisão Lateral;2;;;;;;;;;;2;;;;
31/07/2016;21:30:00;4596;com vítima;124;BR-040/RJ;Norte;Atropelamento - Pedestre;;;;;;1;;;;;1;;;1;
01/08/2016;15:43:00;94;sem vítima;64;BR-040/RJ;Norte;Colisão Traseira;1;;1;;;;;;;;2;;;;
01/08/2016;14:25:00;81;com vítima;72;BR-040/RJ;Norte;Tombamento;;;1;;;;;;;;0;;;;1
01/08/2016;14:44:00;87;sem vítima;104;BR-040/RJ;Sul;Colisão Traseira;2;;;;;;;;;;2;;;;
01/08/2016;17:37:00;113;com vítima;111;BR-040/RJ;Sul;Colisão Lateral;1;;;1;;;;;;;1;1;;;
01/08/2016;06:55:00;25;com vítima;124;BR-040/RJ;Sul;Atropelamento - Pedestre;;;;1;2;;;;;;2;2;;;
01/08/2016;16:41:00;103;com vítima;828;BR-040/MG;Norte;Tombamento;;;1;;;;;;;;0;1;;;
02/08/2016;17:08:00;260;sem vítima;78;BR-040/RJ;Sul;Choque - Objeto Fixo;1;;;;;;;;;;1;;;;
02/08/2016;08:54:00;181;sem vítima;783;BR-040/MG;Sul;Colisão Traseira;;;2;;;;;;;;2;;;;
02/08/2016;19:06:00;278;sem vítima;93;BR-040/RJ;Sul;Choque - Objeto Fixo;1;;;;;;;;;;1;;;;
02/08/2016;15:51:00;247;sem vítima;110;BR-040/RJ;Sul;Colisão Traseira;1;;1;;;;;;;;2;;;;
02/08/2016;17:36:00;266;sem vítima;119;BR-040/RJ;Norte;Colisão Traseira;1;;;;1;;;;;;2;;;;
03/08/2016;01:25:00;302;sem vítima;82;BR-040/RJ;Sul;Colisão Traseira;1;;;;;1;;;;;2;;;;
03/08/2016;08:41:00;340;sem vítima;84;BR-040/RJ;Norte;Choque - Objeto Fixo;1;;;;;;;;;;1;;;;
03/08/2016;10:40:00;350;sem vítima;84;BR-040/RJ;Norte;Choque - Objeto Fixo;1;;;;;;;;;;1;;;;
03/08/2016;10:06:00;347;sem vítima;90;BR-040/RJ;Norte;Choque - Objeto Fixo;1;;;;;;;;;;1;;;;
03/08/2016;15:05:00;390;sem vítima;91;BR-040/RJ;Sul;Choque - Objeto Fixo;1;;;;;;;;;;1;;;;
03/08/2016;15:32:00;395;sem vítima;92;BR-040/RJ;Norte;Choque - Objeto Fixo;1;;;;;;;;;;1;;;;
03/08/2016;07:04:00;326;sem vítima;93;BR-040/RJ;Sul;Derrapagem;1;;;;;;;;;;1;;;;
03/08/2016;06:18:00;320;sem vítima;94;BR-040/RJ;Sul;Choque - Objeto Fixo;1;;;;;;;;;;1;;;;
03/08/2016;13:12:00;370;sem vítima;98;BR-040/RJ;Sul;Derrapagem;1;;;;;;;;;;1;;;;
03/08/2016;08:10:00;334;com vítima;105;BR-040/RJ;Sul;Colisão Lateral;1;;;;1;;;;;;1;;1;;
03/08/2016;07:21:00;328;sem vítima;119;BR-040/RJ;Norte;Colisão Traseira;2;;;;;;;;;;2;;;;
03/08/2016;07:30:00;329;sem vítima;121;BR-040/RJ;Norte;Colisão Lateral;1;;1;;;;;;;;2;;;;
03/08/2016;21:09:00;437;sem vítima;124;BR-040/RJ;Norte;Choque - Objeto Fixo;1;;;;;;;;;;1;;;;
04/08/2016;07:36:00;473;sem vítima;78;BR-040/RJ;Norte;Choque - Objeto Fixo;1;;;;;;;;;;1;;;;
04/08/2016;05:39:00;461;sem vítima;85;BR-040/RJ;Norte;Choque - Objeto Fixo;1;;;;;;;;;;1;;;;
04/08/2016;00:31:00;449;com vítima;112;BR-040/RJ;Norte;Choque - Objeto Fixo;1;;;;;;;;;;0;;;1;
04/08/2016;05:42:00;463;com vítima;790;BR-040/MG;Norte;Atropelamento - Animal;1;;;;;;;;;;0;;1;;
04/08/2016;05:42:00;467;sem vítima;790;BR-040/MG;Norte;Colisão Traseira;2;;;;;;;;;;2;;;;
04/08/2016;07:19:00;470;sem vítima;120;BR-040/RJ;Norte;Choque - Objeto Fixo;1;;;;;;;;;;1;;;;
05/08/2016;06:46:00;609;com vítima;32;BR-040/RJ;Norte;Choque - Objeto Fixo;1;;;;;;;;;;0;1;;;
05/08/2016;12:09:00;651;sem vítima;38;BR-040/RJ;Norte;Choque - Objeto Fixo;1;;;;;;;;;;1;;;;
05/08/2016;21:23:00;727;sem vítima;40;BR-040/RJ;Norte;Choque - Objeto Fixo;1;;;;;;;;;;1;;;;
05/08/2016;17:45:00;696;com vítima;96;BR-040/RJ;Norte;Capotamento;1;;;;;;;;;;0;1;;;
05/08/2016;10:53:00;636;sem vítima;107;BR-040/RJ;Sul;Colisão Traseira;1;;1;;;;;;;;2;;;;
05/08/2016;20:04:00;717;sem vítima;803;BR-040/MG;Sul;Atropelamento - Animal;1;;;;;;;;;;1;;;;
05/08/2016;19:31:00;711;com vítima;812;BR-040/MG;Norte;Capotamento;1;;;;;;;;;;0;2;;;
06/08/2016;23:53:00;893;com vítima;48;BR-040/RJ;Norte;Choque - Objeto Fixo;1;;;;;;;;;;0;;1;1;
06/08/2016;18:57:00;867;sem vítima;51;BR-040/RJ;Sul;Choque - Objeto Fixo;1;;;;;;;;;;1;;;;
06/08/2016;11:39:00;815;sem vítima;93;BR-040/RJ;Sul;Choque - Objeto Fixo;;;1;;;;;;;;1;;;;
06/08/2016;14:22:00;835;sem vítima;95;BR-040/RJ;Norte;Colisão Traseira;;;3;;;;;;;;3;;;;
06/08/2016;07:30:00;776;com vítima;96;BR-040/RJ;Sul;Capotamento;1;;;;;;;;;;0;1;;;
06/08/2016;05:26:00;764;sem vítima;106;BR-040/RJ;Norte;Choque - Objeto Fixo;1;;;;;;;;;;1;;;;
06/08/2016;12:46:00;823;com vítima;108;BR-040/RJ;Norte;Tombamento;;;1;;;;;;;;0;1;;;
06/08/2016;09:47:00;802;com vítima;122;BR-040/RJ;Sul;Colisão Traseira;1;;1;;;;;;;;1;2;;;
06/08/2016;16:32:00;849;sem vítima;124;BR-040/RJ;Sul;Choque - Objeto Fixo;1;;;;;1;;;;;2;;;;
07/08/2016;06:45:00;922;sem vítima;2;BR-040/RJ;Norte;Choque - Objeto Fixo;1;;;;;;;;;;1;;;;
07/08/2016;18:42:00;988;sem vítima;86;BR-040/RJ;Norte;Choque - Objeto Fixo;1;;;;;;;;;;1;;;;
07/08/2016;00:04:00;894;com vítima;105;BR-040/RJ;Sul;Colisão Frontal;2;;;;;;;;;;1;1;;;
07/08/2016;22:31:00;1006;sem vítima;798;BR-040/MG;Sul;Choque - Objeto Fixo;1;;;;;;;;;;1;;;;
07/08/2016;13:05:00;955;com vítima;118;BR-040/RJ;Sul;Choque - Objeto Fixo;1;;;;;;;;;;0;1;1;;
07/08/2016;15:40:00;969;sem vítima;122;BR-040/RJ;Norte;Colisão Transversal;;;1;;1;;;;;;2;;;;
08/08/2016;00:45:00;1021;com vítima;84;BR-040/RJ;Norte;Choque - Objeto Fixo;1;;;;;;;;;;0;2;1;;
08/08/2016;20:37:00;1164;com vítima;95;BR-040/RJ;Sul;Choque - Objeto Fixo;1;;;;;;;;;;0;1;;;
08/08/2016;15:12:00;1114;com vítima;124;BR-040/RJ;Norte;Queda de Moto;;;;1;;;;;;;0;1;;;
09/08/2016;06:13:00;1203;com vítima;87;BR-040/RJ;Norte;Derrapagem;1;;;;;;;;;;0;6;;;
09/08/2016;19:10:00;1298;sem vítima;109;BR-040/RJ;Norte;Colisão Traseira;1;;;;;1;;;;;2;;;;
10/08/2016;07:54:00;1341;sem vítima;72;BR-040/RJ;Norte;Choque - Objeto Fixo;1;;;;;;;;;;1;;;;
10/08/2016;08:19:00;1343;sem vítima;72;BR-040/RJ;Norte;Choque - Objeto Fixo;1;;;;;;;;;;1;;;;
10/08/2016;15:42:00;1387;sem vítima;72;BR-040/RJ;Norte;Choque - Objeto Fixo;1;;;;;;;;;;1;;;;
10/08/2016;19:36:00;1416;sem vítima;74;BR-040/RJ;Sul;Choque - Objeto Fixo;1;;;;;;;;;;1;;;;
10/08/2016;07:10:00;1339;sem vítima;77;BR-040/RJ;Norte;Colisão Traseira;;;2;;;;;;;;2;;;;
10/08/2016;16:10:00;1390;sem vítima;80;BR-040/RJ;Sul;Choque - Objeto Fixo;1;;;;;;;;;;1;;;;
10/08/2016;01:52:00;1323;sem vítima;82;BR-040/RJ;Norte;Choque - Objeto Fixo;1;;;;;;;;;;1;;;;
10/08/2016;11:08:00;1367;sem vítima;85;BR-040/RJ;Sul;Choque - Objeto Fixo;1;;;;;;;;;;1;;;;
10/08/2016;11:26:00;1369;sem vítima;85;BR-040/RJ;Norte;Choque - Objeto Fixo;1;;;;;;;;;;1;;;;
10/08/2016;11:34:00;1370;sem vítima;91;BR-040/RJ;Sul;Choque - Objeto Fixo;1;;;;;;;;;;1;;;;
10/08/2016;13:33:00;1380;com vítima;91;BR-040/RJ;Norte;Choque - Objeto Fixo;1;;;;;;;;;;0;1;;;
10/08/2016;06:53:00;1335;com vítima;92;BR-040/RJ;Sul;Choque - Objeto Fixo;1;;;;;;;;;;0;1;;;
10/08/2016;12:50:00;1375;sem vítima;92;BR-040/RJ;Norte;Choque - Objeto Fixo;1;;;;;;;;;;1;;;;
10/08/2016;15:15:00;1383;sem vítima;93;BR-040/RJ;Norte;Choque - Objeto Fixo;1;;;;;;;;;;1;;;;
10/08/2016;07:07:00;1338;sem vítima;94;BR-040/RJ;Sul;Choque - Objeto Fixo;1;;;;;;;;;;1;;;;
10/08/2016;14:04:00;1396;sem vítima;94;BR-040/RJ;Sul;Choque - Objeto Fixo;1;;;;;;;;;;1;;;;
10/08/2016;19:58:00;1418;com vítima;94;BR-040/RJ;Sul;Choque - Objeto Fixo;1;;;;;;;;;;0;1;1;;
10/08/2016;10:28:00;1358;com vítima;96;BR-040/RJ;Sul;Choque - Objeto Fixo;1;;;;;;;;;;0;1;;;
10/08/2016;16:50:00;1400;sem vítima;96;BR-040/RJ;Sul;Choque - Objeto Fixo;1;;;;;;;;;;1;;;;
10/08/2016;08:45:00;1347;com vítima;104;BR-040/RJ;Norte;Queda de Moto;;;;1;;;;;;;0;2;;;
10/08/2016;10:45:00;1362;sem vítima;108;BR-040/RJ;Norte;Choque - Objeto Fixo;1;;;;;;;;;;1;;;;
10/08/2016;16:40:00;1399;sem vítima;109;BR-040/RJ;Sul;Choque - Objeto Fixo;1;;;;;;;;;;1;;;;
10/08/2016;17:34:00;1404;com vítima;111;BR-040/RJ;Norte;Engavetamento;3;;;1;;1;;;;;4;;1;;
10/08/2016;07:04:00;1337;sem vítima;799;BR-040/MG;Sul;Queda de Moto;;;;1;;;;;;;1;;;;
10/08/2016;14:31:00;1381;sem vítima;123;BR-040/RJ;Norte;Choque - Objeto Fixo;1;;;;;;;;;;1;;;;
10/08/2016;18:03:00;1406;sem vítima;124;BR-040/RJ;Sul;Engavetamento;3;;;;;;;;;;3;;;;
10/08/2016;13:07:00;1382;sem vítima;125;BR-040/RJ;Norte;Colisão Lateral;1;;1;;;;;;;;2;;;;
11/08/2016;20:42:00;1549;sem vítima;113;BR-040/RJ;Sul;Colisão Lateral;1;;;;;1;;;;;2;;;;
11/08/2016;21:22:00;1552;com vítima;114;BR-040/RJ;Norte;Colisão Lateral;1;;;1;;;;;;;1;1;;1;
11/08/2016;17:34:00;1531;com vítima;115;BR-040/RJ;Sul;Queda de Moto;;;;1;;;;;;;0;1;1;;
12/08/2016;18:59:00;1691;com vítima;109;BR-040/RJ;Norte;Queda de Moto;;;;1;;1;;;;;1;1;;;
12/08/2016;15:07:00;1657;sem vítima;115;BR-040/RJ;Norte;Capotamento;1;;;;;;;;;;3;;;;
12/08/2016;22:31:00;1720;sem vítima;118;BR-040/RJ;Norte;Colisão Lateral;1;;;;;1;;;;;2;;;;
13/08/2016;02:40:00;1736;sem vítima;81;BR-040/RJ;Sul;Choque - Objeto Fixo;1;;;;;;;;;;1;;;;
13/08/2016;07:13:00;1752;sem vítima;773;BR-040/MG;Sul;Choque - Objeto Fixo;1;;;;;;;;;;1;;;;
13/08/2016;10:25:00;1780;sem vítima;780;BR-040/MG;Sul;Queda de Moto;;;;1;;;;;;;1;;;;
13/08/2016;00:41:00;1731;sem vítima;98;BR-040/RJ;Norte;Queda de Moto;;;;1;;;;;;;1;;;;
13/08/2016;09:55:00;1772;sem vítima;112;BR-040/RJ;Norte;Engavetamento;3;;;;;;;;;;3;;;;
13/08/2016;17:53:00;1846;sem vítima;794;BR-040/MG;Sul;Colisão Traseira;1;;1;;;;;;;;2;;;;
14/08/2016;21:52:00;2019;sem vítima;52;BR-040/RJ;Norte;Choque - Objeto Fixo;1;;;;;;;;;;1;;;;
14/08/2016;09:14:00;1924;com vítima;78;BR-040/RJ;Norte;Colisão Traseira;1;;;1;;;;;;;0;3;1;;
14/08/2016;14:05:00;1951;sem vítima;85;BR-040/RJ;Sul;Choque - Objeto Fixo;1;;;;;;;;;;1;;;;
14/08/2016;01:59:00;1898;sem vítima;96;BR-040/RJ;Norte;Choque - Objeto Fixo;1;;;;;;;;;;1;;;;
14/08/2016;10:43:00;1932;sem vítima;105;BR-040/RJ;Norte;Colisão Frontal;2;;;;;;;;;;2;;;;
14/08/2016;18:19:00;1990;com vítima;821;BR-040/MG;Norte;Capotamento;1;;;;;;;;;;0;2;;;
14/08/2016;19:07:00;1996;com vítima;118;BR-040/RJ;Sul;Colisão Traseira;2;;;;;;;;;;1;3;;;
14/08/2016;11:50:00;1939;com vítima;123;BR-040/RJ;Norte;Colisão Traseira;1;;;;;1;;;;;1;1;;;
15/08/2016;22:57:00;2211;sem vítima;30;BR-040/RJ;Sul;Choque - Objeto Fixo;1;;;;;;;;;;1;;;;
15/08/2016;15:56:00;2151;com vítima;57;BR-040/RJ;Norte;Colisão Traseira;2;;;;;;;;;;0;3;;;
15/08/2016;22:04:00;2206;sem vítima;85;BR-040/RJ;Sul;Choque - Objeto Fixo;1;;;;;;;;;;1;;;;
15/08/2016;20:10:00;2190;com vítima;96;BR-040/RJ;Sul;Tombamento;1;;;;;;;;;;0;8;;;
15/08/2016;09:12:00;2086;sem vítima;108;BR-040/RJ;Sul;Colisão Transversal;2;;;;;;;;;;2;;;;
15/08/2016;13:51:00;2126;sem vítima;108;BR-040/RJ;Norte;Colisão Lateral;2;;;;;;;;;;2;;;;
15/08/2016;16:54:00;2162;sem vítima;119;BR-040/RJ;Norte;Engavetamento;1;;;;2;;;;;;3;;;;
15/08/2016;13:42:00;2123;com vítima;121;BR-040/RJ;Sul;Capotamento;1;;;;;;;;;;1;1;1;;
15/08/2016;18:16:00;2178;sem vítima;122;BR-040/RJ;Norte;Engavetamento;3;;;;;;;;;;3;;;;
15/08/2016;19:08:00;2185;com vítima;123;BR-040/RJ;Norte;Atropelamento - Pedestre;;;;1;;;;;;;0;3;;;
15/08/2016;12:21:00;2115;sem vítima;124;BR-040/RJ;Sul;Colisão Traseira;;;2;;;;;;;;2;;;;
15/08/2016;22:08:00;2207;sem vítima;124;BR-040/RJ;Norte;Choque - Objeto Fixo;1;;;;;;;;;;1;;;;
15/08/2016;22:27:00;2209;sem vítima;124;BR-040/RJ;Sul;Colisão Traseira;2;;;;;;;;;;2;;;;
16/08/2016;18:37:00;2311;sem vítima;21;BR-040/RJ;Norte;Choque - Objeto Fixo;1;;;;;;;;;;1;;;;
16/08/2016;08:12:00;2244;sem vítima;41;BR-040/RJ;Norte;Colisão Traseira;1;;1;;;;;;;;2;;;;
16/08/2016;18:40:00;2312;com vítima;52;BR-040/RJ;Norte;Capotamento;1;;;;;1;;;;;1;4;;;
16/08/2016;19:20:00;2317;sem vítima;55;BR-040/RJ;Norte;Colisão Transversal;2;;;;;;;;;;2;;;;
16/08/2016;04:35:00;2230;sem vítima;78;BR-040/RJ;Sul;Capotamento;1;;;;;;;;;;1;;;;
16/08/2016;20:14:00;2324;com vítima;78;BR-040/RJ;Sul;Capotamento;1;;;;;;;;;;0;1;;;
16/08/2016;19:19:00;2315;sem vítima;92,002;BR-040/RJ;Norte;Choque - Objeto Fixo;1;;;;;;;;;;1;;;;
16/08/2016;19:25:00;2318;sem vítima;94;BR-040/RJ;Sul;Choque - Objeto Fixo;1;;;;;;;;;;1;;;;
16/08/2016;10:39:00;2260;sem vítima;110;BR-040/RJ;Sul;Engavetamento;3;;;;;;;;;;3;;;;
16/08/2016;02:11:00;2224;sem vítima;791;BR-040/MG;Norte;Colisão Transversal;1;;1;;;;;;;;2;;;;
16/08/2016;06:37:00;2234;sem vítima;813;BR-040/MG;Norte;Colisão Lateral;;;2;;;;;;;;2;;;;
16/08/2016;12:50:00;2280;sem vítima;120;BR-040/RJ;Norte;Choque - Objeto Fixo;1;;;;;;;;;;1;;;;
17/08/2016;10:24:00;2394;com vítima;91;BR-040/RJ;Sul;Capotamento;1;;;;;;;;;;0;2;;;
17/08/2016;15:00:00;2434;sem vítima;93;BR-040/RJ;Norte;Colisão Traseira;2;;;;;;;;;;2;;;;
17/08/2016;12:27:00;2411;sem vítima;102;BR-040/RJ;Sul;Colisão Traseira;1;;1;;;;;;;;2;;;;
17/08/2016;16:36:00;2447;com vítima;804;BR-040/MG;Norte;Colisão Traseira;1;;1;;;;;;;;0;2;;;
17/08/2016;19:21:00;2473;com vítima;116;BR-040/RJ;Norte;Queda de Moto;;;;1;;;;;;;0;1;1;;
17/08/2016;07:03:00;2365;sem vítima;117;BR-040/RJ;Norte;Choque - Objeto Fixo;1;;;;;1;;;;;2;;;;
17/08/2016;06:45:00;2364;sem vítima;120;BR-040/RJ;Sul;Colisão Lateral;1;;1;;;;;;;;2;;;;
17/08/2016;10:43:00;2395;com vítima;123;BR-040/RJ;Sul;Queda de Moto;;;;1;;;;;;;0;;1;;
18/08/2016;17:35:00;2602;sem vítima;77;BR-040/RJ;Sul;Choque - Objeto Fixo;1;;;;;;;;;;1;;;;
18/08/2016;21:44:00;2624;sem vítima;78;BR-040/RJ;Sul;Derrapagem;1;;;;;;;;;;1;;;;
18/08/2016;08:23:00;2527;sem vítima;84;BR-040/RJ;Norte;Choque - Objeto Fixo;1;;1;;;;;;;;2;;;;
18/08/2016;20:20:00;2620;sem vítima;86;BR-040/RJ;Norte;Choque - Objeto Fixo;1;;;;;;;;;;1;;;;
18/08/2016;21:20:00;2623;sem vítima;86;BR-040/RJ;Norte;Colisão Traseira;2;;;;;;;;;;2;;;;
18/08/2016;15:12:00;2581;sem vítima;117;BR-040/RJ;Sul;Choque - Objeto Fixo;1;;;;;;;;;;1;;;;
18/08/2016;12:46:00;2564;com vítima;123;BR-040/RJ;Norte;Atropelamento - Pedestre;;;;1;;;;;;;1;1;;;
19/08/2016;20:31:00;2772;com vítima;58;BR-040/RJ;Norte;Atropelamento - Pedestre;;;;;;1;;;;;1;;;;1
19/08/2016;10:14:00;2685;sem vítima;105;BR-040/RJ;Norte;Colisão Traseira;1;;;;1;;;;;;2;;;;
19/08/2016;21:21:00;2776;sem vítima;105;BR-040/RJ;Sul;Colisão Lateral;2;;;;;;;;;;2;;;;
19/08/2016;07:41:00;2661;com vítima;106;BR-040/RJ;Norte;Capotamento;1;;;;;;;;;;0;2;;;
19/08/2016;09:30:00;2677;com vítima;113;BR-040/RJ;Sul;Atropelamento - Pedestre;;1;1;;;;;;;;1;1;;;
20/08/2016;15:28:00;2900;com vítima;34;BR-040/RJ;Norte;Tombamento;;;1;;;1;;;;;1;1;;;1
20/08/2016;16:08:00;2906;sem vítima;85;BR-040/RJ;Sul;Choque - Objeto Fixo;1;;;;;;;;;;1;;;;
20/08/2016;16:12:00;2909;com vítima;85;BR-040/RJ;Sul;Choque - Objeto Fixo;1;;;;;;;;;;0;2;;;
20/08/2016;16:36:00;2912;sem vítima;85;BR-040/RJ;Sul;Choque - Objeto Fixo;1;;;;;;;;;;1;;;;
20/08/2016;11:20:00;2863;com vítima;99;BR-040/RJ;Sul;Derrapagem;1;;;;;;;;;;0;1;;;
20/08/2016;14:54:00;2897;com vítima;105;BR-040/RJ;Norte;Atropelamento - Pedestre;1;;;;;;;;;;1;;1;;
20/08/2016;02:49:00;2801;com vítima;787;BR-040/MG;Norte;Capotamento;1;;;;;;;;;;0;;;;1
20/08/2016;15:54:00;2903;sem vítima;823;BR-040/MG;Sul;Choque - Objeto Fixo;1;;;;;;;;;;1;;;;
21/08/2016;07:35:00;2972;com vítima;23;BR-040/RJ;Sul;Capotamento;1;;;;;;;;;;0;3;;;
21/08/2016;04:31:00;2959;com vítima;56;BR-040/RJ;Sul;Capotamento;1;;;;;;;;;;0;1;;;
21/08/2016;08:16:00;2975;com vítima;60;BR-040/RJ;Norte;Choque - Objeto Fixo;1;;;;;;;;;;0;1;;;
21/08/2016;22:19:00;3069;sem vítima;68;BR-040/RJ;Norte;Colisão Traseira;2;;;;;1;;;;;3;;;;
21/08/2016;10:54:00;2990;sem vítima;75;BR-040/RJ;Sul;Choque - Objeto Fixo;1;;;;;;;;;;1;;;;
21/08/2016;11:48:00;2996;sem vítima;78;BR-040/RJ;Sul;Choque - Objeto Fixo;1;;;;;;;;;;1;;;;
21/08/2016;12:06:00;2998;sem vítima;78;BR-040/RJ;Sul;Choque - Objeto Fixo;1;;;;;;;;;;1;;;;
21/08/2016;09:28:00;2982;com vítima;81;BR-040/RJ;Sul;Capotamento;1;;;;;;;;;;0;;1;;
21/08/2016;09:47:00;2984;sem vítima;84;BR-040/RJ;Norte;Choque - Objeto Fixo;1;;;;;;;;;;1;;;;
21/08/2016;10:41:00;2987;sem vítima;85;BR-040/RJ;Sul;Choque - Objeto Fixo;1;;;;;;;;;;1;;;;
21/08/2016;16:52:00;3030;sem vítima;91;BR-040/RJ;Sul;Choque - Objeto Fixo;1;;;;;;;;;;1;;;;
21/08/2016;17:16:00;3035;sem vítima;91;BR-040/RJ;Norte;Choque - Objeto Fixo;1;;;;;;;;;;1;;;;
21/08/2016;17:26:00;3039;sem vítima;91;BR-040/RJ;Sul;Choque - Objeto Fixo;1;;;;;;;;;;1;;;;
21/08/2016;17:43:00;3040;sem vítima;92;BR-040/RJ;Norte;Choque - Objeto Fixo;1;;;;;;;;;;1;;;;
21/08/2016;17:15:00;3034;sem vítima;93;BR-040/RJ;Sul;Choque - Objeto Fixo;1;;;;;;;;;;1;;;;
21/08/2016;18:00:00;3047;sem vítima;93;BR-040/RJ;Norte;Choque - Objeto Fixo;1;;;;;;;;;;1;;;;
21/08/2016;19:44:00;3053;sem vítima;93;BR-040/RJ;Sul;Choque - Objeto Fixo;1;;;;;;;;;;1;;;;
21/08/2016;20:36:00;3058;sem vítima;93;BR-040/RJ;Norte;Choque - Objeto Fixo;1;;;;;;;;;;1;;;;
21/08/2016;20:47:00;3061;sem vítima;93;BR-040/RJ;Norte;Choque - Objeto Fixo;1;;;;;;;;;;1;;;;