data;horario;n_da_ocorrencia;tipo_de_ocorrencia;km;trecho;sentido;tipo_de_acidente;automovel;bicicleta;caminhao;moto;onibus;outros;tracao_animal;transporte_de_cargas_especiais;trator_maquinas;utilitarios;ilesos;levemente_feridos;moderadamente_feridos;gravemente_feridos;mortos
03/10/2016;19:23:00;338;com vítima;43;BR-040/RJ;Norte;Choque - Objeto Fixo;1;;;;;;;;;;0;1;;;
03/10/2016;19:45:00;340;sem vítima;4;BR-040/RJ;Sul;Choque - Objeto Fixo;1;;;;;;;;;;1;;;;
04/10/2016;02:59:00;350;com vítima;113;BR-040/RJ;Sul;Derrapagem;1;;;;;;;;;;0;1;;;
04/10/2016;04:11:00;352;sem vítima;124;BR-040/RJ;Norte;Colisão Traseira;1;;;;;;;;;;1;;;;
04/10/2016;06:57:00;361;sem vítima;111;BR-040/RJ;Sul;Colisão Traseira;2;;;;;;;;;;2;;;;
04/10/2016;07:26:00;365;sem vítima;92;BR-040/RJ;Sul;Choque - Objeto Fixo;1;;;;;;;;;;1;;;;
04/10/2016;07:49:00;368;sem vítima;80;BR-040/RJ;Sul;Choque - Objeto Fixo;1;;;;;;;;;;1;;;;
04/10/2016;07:52:00;370;sem vítima;94;BR-040/RJ;Sul;Choque - Objeto Fixo;1;;;;;;;;;;1;;;;
04/10/2016;08:38:00;379;sem vítima;93;BR-040/RJ;Sul;Choque - Objeto Fixo;1;;;;;;;;;;1;;;;
04/10/2016;12:03:00;397;sem vítima;4;BR-040/RJ;Sul;Choque - Objeto Fixo;1;;;;;;;;;;1;;;;
04/10/2016;15:22:00;415;sem vítima;793;BR-040/MG;Sul;Choque - Objeto Fixo;1;;;;;;;;;;1;;;;
04/10/2016;17:08:00;429;sem vítima;91;BR-040/RJ;Norte;Choque - Objeto Fixo;1;;;;;;;;;;1;;;;
04/10/2016;17:42:00;433;sem vítima;85;BR-040/RJ;Sul;Choque - Objeto Fixo;1;;;;;1;;;;;2;;;;
04/10/2016;18:26:00;437;sem vítima;109;BR-040/RJ;Norte;Colisão Lateral;1;;1;;;;;;;;2;;;;
04/10/2016;20:06:00;443;com vítima;788;BR-040/MG;Norte;Choque - Objeto Fixo;1;;;;;;;;;;0;;1;;
05/10/2016;09:48:00;505;sem vítima;78;BR-040/RJ;Sul;Choque - Objeto Fixo;1;;;;;;;;;;1;;;;
05/10/2016;10:09:00;507;com vítima;88;BR-040/RJ;Sul;Capotamento;2;;;;;;;;;;0;1;2;1;
05/10/2016;15:26:00;550;com vítima;116;BR-040/RJ;Norte;Colisão Lateral;;;;1;;;;;;;0;1;;;
05/10/2016;16:53:00;565;com vítima;86;BR-040/RJ;Norte;Colisão Lateral;;;;1;1;;;;;;1;;1;;
05/10/2016;22:39:00;587;sem vítima;790;BR-040/MG;Sul;Colisão Frontal;;;1;;;1;;;;;2;;;;
05/10/2016;23:03:00;588;sem vítima;774;BR-040/MG;Norte;Choque - Objeto Fixo;1;;;;;;;;;;1;;;;
05/10/2016;23:37:00;592;com vítima;54;BR-040/RJ;Sul;Choque - Objeto Fixo;1;;;;;;;;;;0;1;;;
06/10/2016;07:22:00;625;com vítima;47;BR-040/RJ;Norte;Capotamento;1;;;;;;;;;;0;3;;;
06/10/2016;08:19:00;629;sem vítima;116;BR-040/RJ;Sul;Colisão Lateral;1;;;;1;;;;;;2;;;;
06/10/2016;09:39:00;643;com vítima;31;BR-040/RJ;Norte;Capotamento;1;;;;;;;;;;0;1;;;
06/10/2016;09:40:00;644;sem vítima;92;BR-040/RJ;Norte;Choque - Objeto Fixo;1;;;;;;;;;;1;;;;
06/10/2016;09:57:00;647;sem vítima;78;BR-040/RJ;Sul;Choque - Objeto Fixo;1;;;;;;;;;;1;;;;
06/10/2016;09:58:00;648;sem vítima;93;BR-040/RJ;Sul;Choque - Objeto Fixo;1;;;;;;;;;;1;;;;
06/10/2016;10:00:00;649;com vítima;808;BR-040/MG;Norte;Choque - Objeto Fixo;1;;;;;;;;;;0;1;;;
06/10/2016;11:02:00;655;com vítima;786;BR-040/MG;Norte;Capotamento;1;;;;;;;;;;0;1;;;
06/10/2016;16:33:00;689;sem vítima;91;BR-040/RJ;Norte;Choque - Objeto Fixo;1;;;;;;;;;;1;;;;
06/10/2016;16:36:00;690;com vítima;105;BR-040/RJ;Sul;Atropelamento - Pedestre;;;;1;;;;;;;0;3;;;
06/10/2016;17:12:00;692;com vítima;53;BR-040/RJ;Norte;Capotamento;1;;;;;;;;;;0;3;;;
06/10/2016;17:53:00;700;com vítima;92;BR-040/RJ;Norte;Choque - Objeto Fixo;1;;;;;;;;;;0;1;;;
06/10/2016;17:55:00;704;sem vítima;124;BR-040/RJ;Norte;Colisão Lateral;1;;;1;;;;;;;2;;;;
06/10/2016;19:00:00;707;sem vítima;67;BR-040/RJ;Sul;Choque - Objeto Fixo;1;;;;;;;;;;1;;;;
06/10/2016;19:09:00;711;com vítima;90;BR-040/RJ;Norte;Choque - Objeto Fixo;1;;;;;;;;;;0;1;;;
06/10/2016;20:20:00;718;com vítima;804;BR-040/MG;Norte;Colisão Traseira;1;;1;;;;;;;;1;;1;;
07/10/2016;02:39:00;739;com vítima;88;BR-040/RJ;Norte;Choque - Objeto Fixo;1;;;;;;;;;;0;2;;;
07/10/2016;04:42:00;744;sem vítima;29;BR-040/RJ;Norte;Choque - Objeto Fixo;1;;;;;;;;;;1;;;;
07/10/2016;11:19:00;796;sem vítima;92;BR-040/RJ;Norte;Derrapagem;1;;;;;;;;;;1;;;;
07/10/2016;12:20:00;802;com vítima;105;BR-040/RJ;Sul;Atropelamento - Pedestre;1;;;;;;;;;;1;;1;;
07/10/2016;12:56:00;809;sem vítima;105;BR-040/RJ;Sul;Colisão Traseira;1;;;;1;;;;;;2;;;;
07/10/2016;13:19:00;811;sem vítima;93;BR-040/RJ;Sul;Choque - Objeto Fixo;1;;;;;;;;;;1;;;;
07/10/2016;15:48:00;831;sem vítima;92;BR-040/RJ;Sul;Choque - Objeto Fixo;;;1;;;;;;;;1;;;;
07/10/2016;16:35:00;836;com vítima;117;BR-040/RJ;Norte;Choque - Objeto Fixo;1;;;;;;;;;;0;1;;;
07/10/2016;22:30:00;873;sem vítima;53;BR-040/RJ;Sul;Colisão Traseira;1;;1;;;;;;;;2;;;;
08/10/2016;03:41:00;892;com vítima;116;BR-040/RJ;Norte;Capotamento;1;;;;;;;;;;0;5;;;
08/10/2016;09:24:00;910;sem vítima;122;BR-040/RJ;Norte;Colisão Traseira;2;;;;;;;;;;2;;;;
08/10/2016;11:38:00;926;com vítima;100;BR-040/RJ;Norte;Queda de Moto;;;;1;;;;;;;0;2;;;
08/10/2016;15:47:00;956;sem vítima;78;BR-040/RJ;Sul;Queda de Moto;;;;1;;;;;;;1;;;;
08/10/2016;17:19:00;971;sem vítima;62;BR-040/RJ;Norte;Colisão Lateral;2;;;;;;;;;;2;;;;
08/10/2016;18:00:00;975;sem vítima;115;BR-040/RJ;Norte;Colisão Traseira;2;;;;;;;;;;2;;;;
08/10/2016;22:02:00;1000;sem vítima;90;BR-040/RJ;Norte;Derrapagem;1;;;;;;;;;;1;;;;
08/10/2016;23:47:00;1008;com vítima;801;BR-040/MG;Norte;Choque - Objeto Fixo;1;;;;;;;;;;0;2;;;
09/10/2016;04:20:00;1030;com vítima;31;BR-040/RJ;Norte;Queda de Moto;;;;1;;;;;;;0;;1;;
09/10/2016;04:42:00;1031;sem vítima;780;BR-040/MG;Norte;Derrapagem;1;;;;;;;;;;1;;;;
09/10/2016;06:23:00;1038;sem vítima;109;BR-040/RJ;Norte;Colisão Traseira;2;;;;;;;;;;2;;;;
09/10/2016;07:51:00;1045;sem vítima;123;BR-040/RJ;Norte;Queda de Moto;;;;1;;;;;;;1;;;;
09/10/2016;08:00:00;1047;sem vítima;806;BR-040/MG;Sul;Choque - Objeto Fixo;1;;;;;;;;;;1;;;;
09/10/2016;08:27:00;1049;com vítima;113;BR-040/RJ;Norte;Queda de Moto;;;;1;;;;;;;0;2;;;
09/10/2016;08:45:00;1052;sem vítima;114;BR-040/RJ;Norte;Colisão Traseira;2;;;;;;;;;;2;;;;
09/10/2016;15:10:00;1083;sem vítima;85;BR-040/RJ;Sul;Choque - Objeto Fixo;1;;;;;;;;;;1;;;;
09/10/2016;15:31:00;1086;com vítima;94;BR-040/RJ;Sul;Capotamento;1;;;;;;;;;;0;2;;;
09/10/2016;15:10:00;1087;sem vítima;85;BR-040/RJ;Sul;Choque - Objeto Fixo;1;;;;;;;;;;1;;;;
09/10/2016;16:29:00;1093;sem vítima;86;BR-040/RJ;Norte;Choque - Objeto Fixo;1;;;;;;;;;;1;;;;
09/10/2016;18:06:00;1103;sem vítima;121;BR-040/RJ;Sul;Colisão Lateral;2;;;;;;;;;;2;;;;
09/10/2016;19:28:00;1115;sem vítima;94;BR-040/RJ;Sul;Choque - Objeto Fixo;1;;;;;;;;;;1;;;;
09/10/2016;20:07:00;1122;sem vítima;96;BR-040/RJ;Sul;Choque - Objeto Fixo;1;;;;;;;;;;1;;;;
09/10/2016;22:56:00;1133;sem vítima;111;BR-040/RJ;Sul;Choque - Objeto Fixo;1;;;;;;;;;;1;;;;
10/10/2016;00:24:00;1136;sem vítima;81;BR-040/RJ;Norte;Choque - Objeto Fixo;1;;;;;;;;;;1;;;;
10/10/2016;05:18:00;1147;sem vítima;122;BR-040/RJ;Sul;Choque - Objeto Fixo;1;;;;;;;;;;1;;;;
10/10/2016;07:21:00;1152;sem vítima;93;BR-040/RJ;Sul;Choque - Objeto Fixo;1;;;;;;;;;;1;;;;
10/10/2016;08:17:00;1159;sem vítima;93;BR-040/RJ;Norte;Choque - Objeto Fixo;1;;;;;;;;;;1;;;;
10/10/2016;08:31:00;1161;sem vítima;92;BR-040/RJ;Sul;Choque - Objeto Fixo;1;;;;;;;;;;1;;;;
10/10/2016;09:23:00;1165;com vítima;85;BR-040/RJ;Sul;Choque - Objeto Fixo;1;;;;;;;;;;0;1;;;
10/10/2016;12:15:00;1190;sem vítima;93;BR-040/RJ;Sul;Choque - Objeto Fixo;1;;;;;;;;;;1;;;;
10/10/2016;14:36:00;1198;sem vítima;85;BR-040/RJ;Norte;Choque - Objeto Fixo;1;;;;;;;;;;1;;;;
10/10/2016;15:23:00;1204;com vítima;84;BR-040/RJ;Norte;Atropelamento - Pedestre;1;;;;;;;;;;0;2;;;
10/10/2016;15:25:00;1207;sem vítima;72;BR-040/RJ;Norte;Choque - Objeto Fixo;1;;;;;;;;;;1;;;;
10/10/2016;21:17:00;1239;sem vítima;5;BR-040/RJ;Sul;Choque - Objeto Fixo;1;;;;;;;;;;1;;;;
11/10/2016;04:54:00;1261;com vítima;114;BR-040/RJ;Norte;Queda de Moto;;;;1;;;;;;;0;2;;;
11/10/2016;07:25:00;1276;sem vítima;85;BR-040/RJ;Norte;Choque - Objeto Fixo;1;;;;;;;;;;1;;;;
11/10/2016;08:21:00;1280;sem vítima;83;BR-040/RJ;Norte;Choque - Objeto Fixo;1;;;;;;;;;;1;;;;
11/10/2016;12:03:00;1312;com vítima;119;BR-040/RJ;Norte;Choque - Objeto Fixo;1;;;;;;;;;;0;2;;;
11/10/2016;13:14:00;1320;com vítima;111;BR-040/RJ;Norte;Colisão Traseira;1;;;1;;;;;;;1;1;;;
11/10/2016;18:40:00;1367;sem vítima;65;BR-040/RJ;Norte;Choque - Objeto Fixo;1;;;;;;;;;;1;;;;
11/10/2016;18:52:00;1370;sem vítima;122;BR-040/RJ;Norte;Colisão Traseira;1;;;;;1;;;;;2;;;;
11/10/2016;19:02:00;1372;com vítima;123;BR-040/RJ;Norte;Engavetamento;2;;1;;;;;;;;2;1;;;
11/10/2016;19:27:00;1375;com vítima;124;BR-040/RJ;Sul;Capotamento;1;;;;;1;;;;;1;1;;;
11/10/2016;20:18:00;1380;sem vítima;123;BR-040/RJ;Sul;Colisão Lateral;1;;1;;;;;;;;2;;;;
11/10/2016;21:01:00;1386;com vítima;112;BR-040/RJ;Sul;Choque - Objeto Fixo;1;;;;;;;;;;3;1;;;
12/10/2016;04:59:00;1411;com vítima;104;BR-040/RJ;Sul;Atropelamento - Pedestre;;;;;1;;;;;;1;1;1;;
12/10/2016;08:26:00;1429;com vítima;119;BR-040/RJ;Norte;Atropelamento - Pedestre;1;;;;;;;;;;0;1;;1;
12/10/2016;10:48:00;1446;sem vítima;35;BR-040/RJ;Norte;Choque - Objeto Fixo;;;2;;;;;;;;2;;;;
12/10/2016;14:45:00;1474;sem vítima;121;BR-040/RJ;Sul;Colisão Lateral;1;;;;1;;;;;;2;;;;
13/10/2016;07:57:00;1559;sem vítima;89;BR-040/RJ;Norte;Choque - Objeto Fixo;1;;;;;;;;;;1;;;;
13/10/2016;10:57:00;1587;sem vítima;60;BR-040/RJ;Norte;Choque - Objeto Fixo;1;;;;;;;;;;1;;;;
13/10/2016;13:11:00;1607;sem vítima;73;BR-040/RJ;Sul;Choque - Objeto Fixo;1;;;;;;;;;;1;;;;
14/10/2016;07:00:00;1685;sem vítima;825;BR-040/MG;Sul;Choque - Objeto Fixo;1;;;;;;;;;;1;;;;
14/10/2016;07:12:00;1687;com vítima;32;BR-040/RJ;Norte;Capotamento;1;;;;;;;;;;0;4;;;
14/10/2016;07:30:00;1691;sem vítima;799;BR-040/MG;Sul;Choque - Objeto Fixo;1;;;;;;;;;;1;;;;
14/10/2016;07:40:00;1692;com vítima;31;BR-040/RJ;Sul;Capotamento;1;;;;;;;;;;0;1;;;
14/10/2016;07:47:00;1693;sem vítima;124;BR-040/RJ;Sul;Colisão Traseira;1;;;;;1;;;;;2;;;;
14/10/2016;08:47:00;1696;sem vítima;35;BR-040/RJ;Sul;Choque - Objeto Fixo;1;;;;;;;;;;1;;;;
14/10/2016;11:12:00;1712;sem vítima;120;BR-040/RJ;Sul;Colisão Traseira;2;;;;;;;;;;2;;;;
14/10/2016;12:03:00;1722;com vítima;73;BR-040/RJ;Norte;Capotamento;1;;;;;;;;;;0;1;1;;
14/10/2016;15:05:00;1744;sem vítima;108;BR-040/RJ;Norte;Choque - Objeto Fixo;1;;;;;;;;;;1;;;;
14/10/2016;16:44:00;1765;com vítima;803;BR-040/MG;Norte;Colisão Traseira;2;;;;;;;;;;1;1;1;1;
14/10/2016;17:27:00;1776;sem vítima;124;BR-040/RJ;Sul;Colisão Lateral;1;;1;;;;;;;;2;;;;
15/10/2016;03:48:00;1823;com vítima;31;BR-040/RJ;Norte;Tombamento;1;;1;;;;;;;;0;1;1;;
15/10/2016;10:59:00;1873;sem vítima;101;BR-040/RJ;Norte;Colisão Traseira;;;2;;;;;;;;2;;;;
15/10/2016;11:06:00;1874;sem vítima;65;BR-040/RJ;Norte;Queda de Moto;;;;1;;;;;;;1;;;;
15/10/2016;15:58:00;1916;sem vítima;85;BR-040/RJ;Sul;Choque - Objeto Fixo;1;;;;;;;;;;1;;;;
15/10/2016;16:22:00;1920;com vítima;62;BR-040/RJ;Sul;Choque - Objeto Fixo;1;;;;;;;;;;0;2;;;
15/10/2016;17:46:00;1933;sem vítima;115;BR-040/RJ;Sul;Colisão Lateral;2;;;;;;;;;;2;;;;
15/10/2016;18:34:00;1937;sem vítima;84;BR-040/RJ;Norte;Choque - Objeto Fixo;1;;;;;;;;;;1;;;;
15/10/2016;18:29:00;1939;sem vítima;58;BR-040/RJ;Sul;Colisão Traseira;1;;;;;1;;;;;2;;;;
15/10/2016;20:43:00;1951;com vítima;53;BR-040/RJ;Norte;Choque - Objeto Fixo;1;;;;;;;;;;0;1;;;
15/10/2016;21:32:00;1954;com vítima;77;BR-040/RJ;Sul;Capotamento;1;;;;;;;;;;0;1;;;
15/10/2016;22:06:00;1957;sem vítima;790;BR-040/MG;Sul;Derrapagem;1;;;;;;;;;;1;;;;
15/10/2016;22:08:00;1958;com vítima;18;BR-040/RJ;Sul;Capotamento;1;;;;;;;;;;0;4;;;
16/10/2016;09:13:00;1992;com vítima;43;BR-040/RJ;Norte;Queda de Moto;;;;1;;;;;;;0;;;1;
16/10/2016;10:13:00;1998;com vítima;99;BR-040/RJ;Sul;Atropelamento - Pedestre;1;1;;;;;;;;;1;2;;;
16/10/2016;12:08:00;2017;com vítima;102;BR-040/RJ;Norte;Colisão Lateral;1;;;1;;;;;;;1;2;;;
16/10/2016;13:20:00;2024;com vítima;105;BR-040/RJ;Norte;Colisão Lateral;2;;;;;;;;;;1;2;;;
16/10/2016;15:22:00;2037;com vítima;82;BR-040/RJ;Norte;Queda de Moto;;;;1;;;;;;;0;2;;;
16/10/2016;17:07:00;2047;sem vítima;786;BR-040/MG;Norte;Choque - Objeto Fixo;1;;;;;;;;;;1;;;;
16/10/2016;18:43:00;2063;sem vítima;783;BR-040/MG;Norte;Choque - Objeto Fixo;1;;;;;;;;;;1;;;;
16/10/2016;18:51:00;2064;sem vítima;108;BR-040/RJ;Norte;Choque - Objeto Fixo;1;;;;;1;;;;;2;;;;
16/10/2016;23:37:00;2096;com vítima;120;BR-040/RJ;Sul;Capotamento;1;;;;;;;;;;0;1;;;
17/10/2016;07:01:00;2115;com vítima;79;BR-040/RJ;Sul;Capotamento;1;;;;;;;;;;0;4;;;
17/10/2016;17:35:00;2198;com vítima;112;BR-040/RJ;Norte;Colisão Transversal;1;;;1;;;;;;;1;1;;;
17/10/2016;17:41:00;2199;com vítima;780;BR-040/MG;Sul;Colisão Lateral;1;;;1;;;;;;;0;3;;;
17/10/2016;17:51:00;2201;com vítima;117;BR-040/RJ;Norte;Queda de Moto;;;;1;;;;;;;0;1;;;
18/10/2016;11:46:00;2302;sem vítima;93;BR-040/RJ;Norte;Colisão Lateral;;;;1;1;;;;;;2;;;;
18/10/2016;16:15:00;2340;sem vítima;111;BR-040/RJ;Norte;Queda de Moto;;;;1;;;;;;;1;;;;
19/10/2016;00:16:00;2392;com vítima;64;BR-040/RJ;Norte;Atropelamento - Pedestre;;1;;;;1;;;;;1;;1;;
19/10/2016;10:17:00;2435;com vítima;31;BR-040/RJ;Sul;Tombamento;;;1;;;;;;;;0;;1;;
19/10/2016;14:33:00;2467;sem vítima;823;BR-040/MG;Norte;Choque - Objeto Fixo;1;;;;;;;;;;1;;;;
19/10/2016;15:09:00;2472;sem vítima;122;BR-040/RJ;Norte;Engavetamento;2;;1;;;;;;;;3;;;;
19/10/2016;17:40:00;2495;sem vítima;113;BR-040/RJ;Norte;Colisão Traseira;1;;;;;1;;;;;2;;;;
19/10/2016;18:12:00;2498;sem vítima;109;BR-040/RJ;Norte;Engavetamento;2;;1;;;;;;;;3;;;;
19/10/2016;18:14:00;2500;sem vítima;119;BR-040/RJ;Norte;Colisão Traseira;2;;;;;;;;;;2;;;;
19/10/2016;18:20:00;2502;sem vítima;92;BR-040/RJ;Sul;Choque - Objeto Fixo;1;;;;;;;;;;1;;;;
20/10/2016;06:50:00;2559;com vítima;92;BR-040/RJ;Sul;Choque - Objeto Fixo;1;;;;;;;;;;0;;1;;
20/10/2016;08:12:00;2567;com vítima;90;BR-040/RJ;Sul;Capotamento;1;;;;;;;;;;0;1;;;
20/10/2016;12:24:00;2600;sem vítima;124;BR-040/RJ;Norte;Colisão Traseira;2;;;;;;;;;;2;;;;
20/10/2016;12:41:00;2601;sem vítima;104;BR-040/RJ;Norte;Colisão Lateral;2;;;;;;;;;;2;;;;
20/10/2016;18:00:00;2647;com vítima;814;BR-040/MG;Sul;Colisão Traseira;1;;1;;;;;;;;1;1;;;
20/10/2016;20:30:00;2663;sem vítima;119;BR-040/RJ;Norte;Choque - Objeto Fixo;1;;;;;;;;;;1;;;;
20/10/2016;23:28:00;2677;sem vítima;84;BR-040/RJ;Norte;Derrapagem;;;1;;;;;;;;1;;;;
21/10/2016;05:13:00;2686;sem vítima;83;BR-040/RJ;Sul;Derrapagem;;;1;;;;;;;;1;;;;
21/10/2016;06:45:00;2691;sem vítima;82;BR-040/RJ;Norte;Choque - Objeto Fixo;1;;;;;;;;;;1;;;;
21/10/2016;07:35:00;2697;com vítima;57;BR-040/RJ;Sul;Colisão Lateral;;;2;;;;;;;;0;3;;;
21/10/2016;13:36:00;2742;com vítima;93;BR-040/RJ;Sul;Tombamento;1;;;;;;;;;;0;2;;;
21/10/2016;13:46:00;2743;sem vítima;91;BR-040/RJ;Sul;Choque - Objeto Fixo;1;;;;;;;;;;1;;;;
21/10/2016;14:09:00;2746;sem vítima;89;BR-040/RJ;Norte;Choque - Objeto Fixo;1;;;;;;;;;;1;;;;
21/10/2016;14:13:00;2748;sem vítima;85;BR-040/RJ;Sul;Choque - Objeto Fixo;1;;;;;;;;;;1;;;;
21/10/2016;14:21:00;2751;com vítima;114;BR-040/RJ;Sul;Colisão Lateral;;;2;;;1;;;;;2;1;;;
21/10/2016;14:32:00;2752;sem vítima;92;BR-040/RJ;Norte;Colisão Lateral;2;;;;;;;;;;2;;;;
21/10/2016;15:04:00;2755;com vítima;112;BR-040/RJ;Sul;Colisão Traseira;1;;;;;1;;;;;1;1;;;
21/10/2016;15:27:00;2759;sem vítima;92;BR-040/RJ;Norte;Choque - Objeto Fixo;1;;;;;;;;;;1;;;;
21/10/2016;15:45:00;2764;sem vítima;95;BR-040/RJ;Norte;Choque - Objeto Fixo;1;;;;;;;;;;1;;;;
21/10/2016;16:10:00;2770;sem vítima;80;BR-040/RJ;Sul;Choque - Objeto Fixo;1;;;;;;;;;;1;;;;
21/10/2016;16:13:00;2771;sem vítima;777;BR-040/MG;Sul;Choque - Objeto Fixo;1;;;;;;;;;;1;;;;
21/10/2016;16:15:00;2774;com vítima;90;BR-040/RJ;Sul;Capotamento;1;;;;;;;;;;0;4;;;
21/10/2016;16:19:00;2776;com vítima;92;BR-040/RJ;Sul;Choque - Objeto Fixo;1;;;;;;;;;;0;2;;;
21/10/2016;16:45:00;2785;sem vítima;75;BR-040/RJ;Sul;Choque - Objeto Fixo;1;;;;;;;;;;1;;;;
21/10/2016;17:35:00;2792;com vítima;123;BR-040/RJ;Norte;Colisão Lateral;2;;;;;;;;;;1;4;;;
21/10/2016;17:59:00;2794;com vítima;99;BR-040/RJ;Norte;Choque - Objeto Fixo;1;;;;;;;;;;0;1;;;
21/10/2016;18:22:00;2798;com vítima;92;BR-040/RJ;Sul;Choque - Objeto Fixo;1;;;;;;;;;;0;1;;;
21/10/2016;18:29:00;2799;sem vítima;85;BR-040/RJ;Sul;Choque - Objeto Fixo;1;;;;;;;;;;1;;;;
21/10/2016;18:36:00;2800;com vítima;86;BR-040/RJ;Norte;Colisão Lateral;1;;;;;1;;;;;1;1;1;;
21/10/2016;18:36:00;2801;sem vítima;87;BR-040/RJ;Norte;Choque - Objeto Fixo;1;;;;;;;;;;1;;;;
21/10/2016;18:52:00;2804;com vítima;113;BR-040/RJ;Norte;Queda de Moto;;;;1;;;;;;;0;;;1;
21/10/2016;19:27:00;2805;sem vítima;90;BR-040/RJ;Sul;Choque - Objeto Fixo;1;;;;;;;;;;1;;;;
21/10/2016;20:07:00;2808;com vítima;804;BR-040/MG;Norte;Choque - Objeto Fixo;1;;;;;;;;;;0;4;2;;
21/10/2016;20:49:00;2812;sem vítima;92;BR-040/RJ;Sul;Colisão Traseira;2;;;;;;;;;;2;;;;
21/10/2016;21:57:00;2822;com vítima;105;BR-040/RJ;Norte;Atropelamento - Pedestre;;;;;;1;;;;;2;1;;;
22/10/2016;00:47:00;2836;sem vítima;798;BR-040/MG;Sul;Colisão Traseira;2;;;;;;;;;;2;;;;
22/10/2016;05:16:00;2843;com vítima;116;BR-040/RJ;Norte;Atropelamento - Pedestre;1;;;;;;;;;;1;;;;1
22/10/2016;08:18:00;2863;sem vítima;93;BR-040/RJ;Norte;Choque - Objeto Fixo;1;;;;;;;;;;1;;;;
22/10/2016;08:31:00;2864;sem vítima;75;BR-040/RJ;Sul;Choque - Objeto Fixo;1;;;;;;;;;;1;;;;
22/10/2016;09:42:00;2879;com vítima;72;BR-040/RJ;Norte;Choque - Objeto Fixo;1;;;;;;;;;;0;2;;;
22/10/2016;10:01:00;2883;sem vítima;92;BR-040/RJ;Sul;Choque - Objeto Fixo;1;;;;;;;;;;1;;;;
22/10/2016;10:30:00;2892;sem vítima;82;BR-040/RJ;Sul;Choque - Objeto Fixo;1;;;;;;;;;;1;;;;
22/10/2016;10:57:00;2893;sem vítima;84;BR-040/RJ;Norte;Choque - Objeto Fixo;1;;;;;;;;;;1;;;;
22/10/2016;11:32:00;2897;com vítima;82;BR-040/RJ;Sul;Colisão Traseira;1;;1;;;;;;;;1;1;;;
22/10/2016;11:41:00;2900;sem vítima;87;BR-040/RJ;Norte;Choque - Objeto Fixo;1;;;;;;;;;;1;;;;
22/10/2016;11:56:00;2903;sem vítima;89;BR-040/RJ;Sul;Choque - Objeto Fixo;1;;;;;;;;;;1;;;;
22/10/2016;12:03:00;2905;sem vítima;110;BR-040/RJ;Norte;Colisão Lateral;;;2;;;;;;;;2;;;;
22/10/2016;12:51:00;2911;sem vítima;93;BR-040/RJ;Norte;Choque - Objeto Fixo;1;;;;;;;;;;1;;;;
22/10/2016;13:01:00;2913;sem vítima;84;BR-040/RJ;Norte;Choque - Objeto Fixo;1;;;;;;;;;;1;;;;
22/10/2016;13:36:00;2915;com vítima;32;BR-040/RJ;Norte;Queda de Moto;;;;1;;;;;;;0;1;;;
22/10/2016;14:01:00;2918;sem vítima;91;BR-040/RJ;Sul;Choque - Objeto Fixo;1;;;;;;;;;;1;;;;
22/10/2016;14:07:00;2919;sem vítima;78;BR-040/RJ;Sul;Choque - Objeto Fixo;1;;;;;;;;;;1;;;;
22/10/2016;14:20:00;2922;sem vítima;92;BR-040/RJ;Sul;Choque - Objeto Fixo;1;;;;;;;;;;1;;;;
22/10/2016;14:33:00;2924;sem vítima;92;BR-040/RJ;Norte;Choque - Objeto Fixo;1;;;;;;;;;;1;;;;
22/10/2016;15:45:00;2932;com vítima;11;BR-040/RJ;Sul;Colisão Traseira;1;;;;;;;;;;0;2;;;
22/10/2016;21:00:00;2963;sem vítima;94;BR-040/RJ;Norte;Choque - Objeto Fixo;1;;;;;;;;;;1;;;;
22/10/2016;22:07:00;2968;sem vítima;118;BR-040/RJ;Sul;Choque - Objeto Fixo;1;;;;;;;;;;1;;;;
23/10/2016;08:25:00;3002;com vítima;74;BR-040/RJ;Norte;Choque - Objeto Fixo;1;;;;;;;;;;0;2;;;
23/10/2016;09:23:00;3005;sem vítima;82;BR-040/RJ;Sul;Choque - Objeto Fixo;1;;;;;;;;;;1;;;;
23/10/2016;09:25:00;3006;sem vítima;92;BR-040/RJ;Norte;Choque - Objeto Fixo;1;;;;;;;;;;1;;;;
23/10/2016;12:01:00;3024;sem vítima;74;BR-040/RJ;Sul;Queda de Moto;;;;1;;;;;;;1;;;;
23/10/2016;18:09:00;3054;sem vítima;85;BR-040/RJ;Norte;Choque - Objeto Fixo;1;;;;;;;;;;1;;;;
23/10/2016;20:25:00;3074;com vítima;84;BR-040/RJ;Sul;Queda de Moto;;;;1;;;;;;;0;1;;;
23/10/2016;20:47:00;3076;sem vítima;123;BR-040/RJ;Norte;Choque - Objeto Fixo;1;;;;;;;;;;1;;;;
23/10/2016;23:07:00;3087;sem vítima;92;BR-040/RJ;Norte;Choque - Objeto Fixo;1;;;;;;;;;;1;;;;
24/10/2016;07:25:00;3124;com vítima;43;BR-040/RJ;Norte;Choque - Objeto Fixo;1;;;;;;;;;;0;;1;;
24/10/2016;09:44:00;3146;com vítima;30;BR-040/RJ;Sul;Queda de Moto;;;;1;;;;;;;0;1;;;
24/10/2016;10:15:00;3149;sem vítima;791;BR-040/MG;Norte;Colisão Lateral;1;;1;;;;;;;;2;;;;