data;horario;n_da_ocorrencia;tipo_de_ocorrencia;km;trecho;sentido;tipo_de_acidente;automovel;bicicleta;caminhao;moto;onibus;outros;tracao_animal;transporte_de_cargas_especiais;trator_maquinas;utilitarios;ilesos;levemente_feridos;moderadamente_feridos;gravemente_feridos;mortos
24/10/2016;11:56:00;3166;sem vítima;121;BR-040/RJ;Norte;Colisão Traseira;1;;;1;;;;;;;2;;;;
24/10/2016;14:54:00;3186;com vítima;110;BR-040/RJ;Norte;Colisão Traseira;2;;;;;1;;;;;2;1;;;
24/10/2016;16:23:00;3204;sem vítima;88;BR-040/RJ;Norte;Colisão Traseira;2;;;;;;;;;;2;;;;
24/10/2016;18:46:00;3217;com vítima;47;BR-040/RJ;Norte;Capotamento;1;;;;;;;;;;0;;;1;
24/10/2016;20:58:00;3234;com vítima;81;BR-040/RJ;Sul;Atropelamento - Pedestre;1;;;;;;;;;;0;1;;1;
25/10/2016;06:38:00;3264;sem vítima;124;BR-040/RJ;Sul;Queda de Moto;1;;;1;;;;;;;2;;;;
25/10/2016;09:58:00;3281;sem vítima;120;BR-040/RJ;Norte;Colisão Traseira;1;;;;1;;;;;;2;;;;
25/10/2016;13:45:00;3307;com vítima;78;BR-040/RJ;Sul;Choque - Objeto Fixo;1;;;;;;;;;;0;1;;;
25/10/2016;15:53:00;3330;sem vítima;90;BR-040/RJ;Sul;Choque - Objeto Fixo;1;;;;;;;;;;1;;;;
26/10/2016;02:16:00;3381;sem vítima;790;BR-040/MG;Norte;Choque - Objeto Fixo;1;;;;;;;;;;1;;;;
26/10/2016;07:48:00;3403;sem vítima;91;BR-040/RJ;Norte;Colisão Lateral;1;;1;;;;;;;;2;;;;
26/10/2016;13:50:00;3438;com vítima;99;BR-040/RJ;Norte;Queda de Moto;;;;1;;;;;;;0;;1;;
27/10/2016;07:01:00;3518;sem vítima;52;BR-040/RJ;Norte;Choque - Objeto Fixo;1;;;;;;;;;;1;;;;
27/10/2016;07:28:00;3521;sem vítima;122;BR-040/RJ;Sul;Colisão Traseira;1;;1;;;;;;;;2;;;;
27/10/2016;08:17:00;3528;com vítima;60;BR-040/RJ;Norte;Choque - Objeto Fixo;1;;;;;;;;;;0;1;;;
27/10/2016;11:43:00;3548;com vítima;98;BR-040/RJ;Norte;Colisão Traseira;2;;;;;;;;;;0;4;;;
27/10/2016;12:43:00;3556;com vítima;94;BR-040/RJ;Norte;Queda de Moto;;;;1;;;;;;;0;1;;;
27/10/2016;15:37:00;3582;sem vítima;118;BR-040/RJ;Norte;Colisão Traseira;1;;;;;1;;;;;2;;;;
27/10/2016;16:54:00;3602;com vítima;89;BR-040/RJ;Norte;Colisão Traseira;2;;;;;;;;;;1;1;;;
27/10/2016;17:30:00;3608;sem vítima;125;BR-040/RJ;Norte;Engavetamento;2;;1;;;;;;;;3;;;;
27/10/2016;20:06:00;3638;sem vítima;124;BR-040/RJ;Norte;Choque - Objeto Fixo;1;;;;;;;;;;1;;;;
27/10/2016;20:40:00;3644;com vítima;811;BR-040/MG;Norte;Choque - Objeto Fixo;1;;;;;;;;;;0;1;;;
27/10/2016;21:42:00;3651;sem vítima;49;BR-040/RJ;Norte;Choque - Objeto Fixo;1;;;;;;;;;;1;;;;
28/10/2016;08:07:00;3702;com vítima;84;BR-040/RJ;Sul;Tombamento;;;1;;;;;;;;0;1;;;
28/10/2016;10:55:00;3721;sem vítima;85;BR-040/RJ;Norte;Capotamento;1;;;;;;;;;;1;;;;
28/10/2016;12:10:00;3730;sem vítima;91;BR-040/RJ;Sul;Choque - Objeto Fixo;1;;;;;;;;;;1;;;;
28/10/2016;12:24:00;3732;sem vítima;91;BR-040/RJ;Sul;Choque - Objeto Fixo;1;;;;;;;;;;1;;;;
28/10/2016;14:11:00;3746;sem vítima;90;BR-040/RJ;Norte;Choque - Objeto Fixo;1;;;;;;;;;;1;;;;
28/10/2016;14:55:00;3752;sem vítima;96;BR-040/RJ;Sul;Choque - Objeto Fixo;1;;;;;;;;;;1;;;;
28/10/2016;16:28:00;3763;sem vítima;101;BR-040/RJ;Sul;Colisão Lateral;1;;1;;;;;;;;2;;;;
28/10/2016;16:42:00;3764;sem vítima;93;BR-040/RJ;Sul;Choque - Objeto Fixo;1;;;;;;;;;;1;;;;
28/10/2016;18:36:00;3781;sem vítima;45;BR-040/RJ;Sul;Colisão Lateral;1;;1;;;;;;;;2;;;;
28/10/2016;18:53:00;3784;sem vítima;92;BR-040/RJ;Sul;Choque - Objeto Fixo;1;;;;;;;;;;1;;;;
28/10/2016;19:06:00;3785;sem vítima;93;BR-040/RJ;Sul;Choque - Objeto Fixo;1;;;;;;;;;;1;;;;
28/10/2016;19:38:00;3791;sem vítima;91;BR-040/RJ;Norte;Choque - Objeto Fixo;1;;;;;;;;;;1;;;;
28/10/2016;20:07:00;3796;com vítima;82;BR-040/RJ;Sul;Capotamento;1;;;;;;;;;;0;3;;;
28/10/2016;20:51:00;3801;com vítima;122;BR-040/RJ;Sul;Colisão Lateral;1;;;1;;;;;;;1;1;;;
28/10/2016;21:45:00;3804;sem vítima;81;BR-040/RJ;Norte;Choque - Objeto Fixo;1;;;;;;;;;;1;;;;
28/10/2016;22:32:00;3809;com vítima;59;BR-040/RJ;Sul;Capotamento;1;;;;;;;;;;0;2;;;
29/10/2016;05:57:00;3835;sem vítima;92;BR-040/RJ;Sul;Choque - Objeto Fixo;1;;;;;;;;;;1;;;;
29/10/2016;08:21:00;3847;sem vítima;805;BR-040/MG;Norte;Colisão Lateral;;;2;;;;;;;;2;;;;
29/10/2016;09:17:00;3859;com vítima;91;BR-040/RJ;Norte;Queda de Moto;;;;1;;;;;;;0;1;;;
29/10/2016;11:32:00;3889;sem vítima;106;BR-040/RJ;Sul;Colisão Frontal;2;;;;;;;;;;2;;;;
29/10/2016;14:26:00;3900;com vítima;47;BR-040/RJ;Norte;Choque - Objeto Fixo;1;;;;;;;;;;0;2;;;
29/10/2016;14:33:00;3901;sem vítima;110;BR-040/RJ;Sul;Choque - Objeto Fixo;1;;;;;;;;;;1;;;;
29/10/2016;17:14:00;3922;sem vítima;107;BR-040/RJ;Sul;Choque - Objeto Fixo;1;;;;;;;;;;1;;;;
29/10/2016;17:53:00;3924;sem vítima;112;BR-040/RJ;Norte;Choque - Objeto Fixo;1;;;;;;;;;;1;;;;
29/10/2016;18:33:00;3926;com vítima;118;BR-040/RJ;Sul;Colisão Traseira;;;;1;1;;;;;;1;;1;;
29/10/2016;22:16:00;3941;sem vítima;74;BR-040/RJ;Norte;Choque - Objeto Fixo;;;1;;;;;;;;1;;;;
29/10/2016;22:16:00;3943;com vítima;74;BR-040/RJ;Norte;Capotamento;1;;;;;;;;;;0;4;;;
29/10/2016;22:59:00;3945;com vítima;794;BR-040/MG;Norte;Colisão Traseira;2;;;;;;;;;;0;3;;;
29/10/2016;23:45:00;3951;sem vítima;78;BR-040/RJ;Sul;Choque - Objeto Fixo;1;;;;;;;;;;1;;;;
30/10/2016;00:50:00;3957;com vítima;63;BR-040/RJ;Norte;Choque - Objeto Fixo;1;;;;;;;;;;0;;1;;
30/10/2016;05:32:00;3969;com vítima;100;BR-040/RJ;Sul;Capotamento;1;;;;;;;;;;0;;1;1;
30/10/2016;05:56:00;3971;sem vítima;785;BR-040/MG;Sul;Choque - Objeto Fixo;1;;;;;;;;;;1;;;;
30/10/2016;09:21:00;3982;com vítima;787;BR-040/MG;Norte;Capotamento;1;;;;;;;;;;0;2;;;
30/10/2016;10:25:00;3991;sem vítima;17;BR-040/RJ;Sul;Choque - Objeto Fixo;1;;;;;;;;;;1;;;;
30/10/2016;12:01:00;4001;com vítima;100;BR-040/RJ;Sul;Queda de Moto;;;;1;;;;;;;0;1;;;
30/10/2016;12:10:00;4007;com vítima;100;BR-040/RJ;Sul;Queda de Moto;;;;1;;;;;;;0;1;;;
30/10/2016;15:50:00;4029;com vítima;105;BR-040/RJ;Norte;Colisão Transversal;1;;;1;1;;;;;;2;2;;;
30/10/2016;16:53:00;4034;sem vítima;83;BR-040/RJ;Norte;Choque - Objeto Fixo;1;;;;;;;;;;1;;;;
30/10/2016;22:17:00;4056;com vítima;39;BR-040/RJ;Sul;Capotamento;1;;;;;;;;;;0;1;1;;
31/10/2016;12:17:00;4124;com vítima;84;BR-040/RJ;Sul;Choque - Objeto Fixo;1;;;;;;;;;;0;;1;;
31/10/2016;18:31:00;4176;com vítima;114;BR-040/RJ;Norte;Queda de Moto;;;;1;;;;;;;0;2;;;
31/10/2016;18:33:00;4177;sem vítima;108;BR-040/RJ;Norte;Choque - Objeto Fixo;1;;;;;;;;;;1;;;;
31/10/2016;19:45:00;4184;sem vítima;124;BR-040/RJ;Norte;Colisão Lateral;1;;;;;1;;;;;2;;;;
31/10/2016;20:28:00;4188;sem vítima;113;BR-040/RJ;Sul;Colisão Traseira;2;;;;;;;;;;2;;;;
01/11/2016;16:39:00;98;sem vítima;99;BR-040/RJ;Norte;Colisão Traseira;2;;;;;;;;;;2;;;;
01/11/2016;16:51:00;102;sem vítima;123;BR-040/RJ;Norte;Colisão Lateral;1;;1;;;1;;;;;3;;;;
01/11/2016;17:52:00;109;sem vítima;124;BR-040/RJ;Norte;Colisão Lateral;1;;1;;;;;;;;2;;;;
02/11/2016;04:49:00;164;com vítima;104;BR-040/RJ;Norte;Capotamento;1;;;;;;;;;;0;2;2;;
02/11/2016;06:00:00;166;sem vítima;120;BR-040/RJ;Sul;Choque - Objeto Fixo;1;;;;;;;;;;1;;;;
02/11/2016;07:05:00;173;com vítima;111;BR-040/RJ;Norte;Colisão Lateral;2;;;;;;;;;;1;1;;;
02/11/2016;09:29:00;187;sem vítima;120;BR-040/RJ;Norte;Colisão Traseira;2;;;;;;;;;;2;;;;
02/11/2016;19:20:00;262;com vítima;89;BR-040/RJ;Sul;Tombamento;;;1;;;;;;;;0;;1;;
02/11/2016;20:33:00;272;com vítima;45;BR-040/RJ;Sul;Colisão Traseira;2;;;;;;;;;;0;6;;;
03/11/2016;02:59:00;302;sem vítima;820;BR-040/MG;Norte;Choque - Objeto Fixo;;;1;;;;;;;;1;;;;
03/11/2016;07:52:00;319;sem vítima;123;BR-040/RJ;Sul;Colisão Traseira;1;;;1;;;;;;;2;;;;
03/11/2016;08:43:00;323;com vítima;123;BR-040/RJ;Sul;Atropelamento - Pedestre;;;;1;;;;;;;1;1;;;
03/11/2016;11:14:00;348;com vítima;29;BR-040/RJ;Norte;Capotamento;1;;;;;;;;;;0;1;;;
03/11/2016;11:23:00;352;sem vítima;123;BR-040/RJ;Norte;Colisão Lateral;1;;1;;;;;;;;2;;;;
03/11/2016;14:40:00;375;sem vítima;109;BR-040/RJ;Norte;Colisão Lateral;1;;1;;;;;;;;2;;;;
03/11/2016;16:20:00;389;sem vítima;91;BR-040/RJ;Norte;Choque - Objeto Fixo;1;;;;;;;;;;1;;;;
03/11/2016;16:34:00;391;com vítima;123;BR-040/RJ;Norte;Colisão Lateral;1;;1;;;;;;;;1;1;;;
03/11/2016;16:53:00;396;com vítima;113;BR-040/RJ;Norte;Capotamento;1;;;;;;;;;;0;1;;;
03/11/2016;17:31:00;399;sem vítima;90;BR-040/RJ;Sul;Capotamento;1;;;;;;;;;;1;;;;
03/11/2016;17:35:00;400;sem vítima;93;BR-040/RJ;Sul;Choque - Objeto Fixo;1;;;;;;;;;;1;;;;
03/11/2016;17:40:00;401;com vítima;91;BR-040/RJ;Norte;Capotamento;1;;;;;;;;;;0;2;;;
03/11/2016;18:01:00;402;sem vítima;109;BR-040/RJ;Norte;Colisão Traseira;1;;;;;1;;;;;2;;;;
03/11/2016;18:19:00;405;sem vítima;85;BR-040/RJ;Sul;Choque - Objeto Fixo;1;;;;;;;;;;1;;;;
03/11/2016;18:55:00;410;sem vítima;119;BR-040/RJ;Sul;Colisão Lateral;2;;;;;;;;;;2;;;;
03/11/2016;19:10:00;413;sem vítima;53;BR-040/RJ;Norte;Choque - Objeto Fixo;1;;;;;;;;;;1;;;;
03/11/2016;20:07:00;418;sem vítima;99;BR-040/RJ;Sul;Derrapagem;1;;;;;;;;;;1;;;;
04/11/2016;00:06:00;434;sem vítima;106;BR-040/RJ;Norte;Derrapagem;1;;;;;;;;;;1;;;;
04/11/2016;04:01:00;441;sem vítima;114;BR-040/RJ;Norte;Derrapagem;1;;;;;;;;;;1;;;;
04/11/2016;04:44:00;444;sem vítima;13;BR-040/RJ;Sul;Choque - Objeto Fixo;1;;;;;;;;;;1;;;;
04/11/2016;06:41:00;448;com vítima;56;BR-040/RJ;Sul;Capotamento;1;;;;;;;;;;0;2;;;
04/11/2016;07:09:00;451;sem vítima;827;BR-040/MG;Sul;Choque - Objeto Fixo;1;;;;;;;;;;1;;;;
04/11/2016;07:46:00;456;com vítima;94;BR-040/RJ;Sul;Capotamento;1;;;;;;;;;;0;;1;;
04/11/2016;07:46:00;457;sem vítima;786;BR-040/MG;Norte;Choque - Objeto Fixo;1;;;;;;;;;;1;;;;
04/11/2016;08:04:00;460;sem vítima;91;BR-040/RJ;Norte;Choque - Objeto Fixo;1;;;;;;;;;;1;;;;
04/11/2016;07:50:00;464;com vítima;94;BR-040/RJ;Sul;Colisão Transversal;1;;;;;;;;;;0;1;;;
04/11/2016;08:49:00;466;sem vítima;77;BR-040/RJ;Sul;Choque - Objeto Fixo;1;;;;;;;;;;1;;;;
04/11/2016;08:45:00;468;sem vítima;87;BR-040/RJ;Sul;Choque - Objeto Fixo;1;;;;;;;;;;1;;;;
04/11/2016;08:58:00;471;sem vítima;92;BR-040/RJ;Sul;Choque - Objeto Fixo;1;;;;;;;;;;1;;;;
04/11/2016;09:40:00;472;sem vítima;81;BR-040/RJ;Sul;Choque - Objeto Fixo;1;;;;;;;;;;1;;;;
04/11/2016;10:33:00;478;sem vítima;67;BR-040/RJ;Norte;Choque - Objeto Fixo;1;;;;;;;;;;1;;;;
04/11/2016;10:52:00;481;com vítima;34;BR-040/RJ;Sul;Choque - Objeto Fixo;1;;;;;;;;;;0;2;;;
04/11/2016;11:00:00;484;sem vítima;92;BR-040/RJ;Sul;Capotamento;1;;;;;;;;;;1;;;;
04/11/2016;12:06:00;491;com vítima;104;BR-040/RJ;Norte;Colisão Frontal;1;;;1;;;;;;;1;2;;;
04/11/2016;12:16:00;495;sem vítima;90;BR-040/RJ;Sul;Choque - Objeto Fixo;1;;;;;;;;;;1;;;;
04/11/2016;13:10:00;501;sem vítima;93;BR-040/RJ;Sul;Choque - Objeto Fixo;1;;;;;;;;;;1;;;;
04/11/2016;13:19:00;503;sem vítima;93;BR-040/RJ;Sul;Choque - Objeto Fixo;1;;;;;;;;;;1;;;;
04/11/2016;13:53:00;504;sem vítima;83;BR-040/RJ;Sul;Colisão Lateral;2;;;;;;;;;;2;;;;
04/11/2016;14:04:00;505;sem vítima;94;BR-040/RJ;Sul;Choque - Objeto Fixo;1;;;;;;;;;;1;;;;
04/11/2016;14:25:00;509;com vítima;13;BR-040/RJ;Sul;Choque - Objeto Fixo;1;;;;;;;;;;0;1;1;;
04/11/2016;14:48:00;510;sem vítima;106;BR-040/RJ;Norte;Colisão Lateral;1;;1;;;;;;;;2;;;;
04/11/2016;14:51:00;511;com vítima;825;BR-040/MG;Sul;Capotamento;1;;;;;;;;;;0;3;;;
04/11/2016;14:53:00;512;com vítima;13;BR-040/RJ;Norte;Choque - Objeto Fixo;1;;;;;;;;;;0;2;;;
04/11/2016;15:05:00;513;com vítima;82;BR-040/RJ;Sul;Choque - Objeto Fixo;1;;;;;;;;;;0;2;;;
04/11/2016;15:06:00;514;com vítima;90;BR-040/RJ;Sul;Capotamento;1;;;;;;;;;;0;2;;;
04/11/2016;15:15:00;516;sem vítima;92;BR-040/RJ;Sul;Choque - Objeto Fixo;1;;;;;;;;;;1;;;;
04/11/2016;15:01:00;517;com vítima;825;BR-040/MG;Sul;Choque - Objeto Fixo;1;;;;;;;;;;0;1;;;
04/11/2016;16:55:00;535;com vítima;31;BR-040/RJ;Norte;Capotamento;1;;;;;;;;;;0;1;;;
04/11/2016;17:06:00;537;sem vítima;86;BR-040/RJ;Norte;Choque - Objeto Fixo;1;;;;;;;;;;1;;;;
04/11/2016;17:08:00;538;sem vítima;55;BR-040/RJ;Norte;Colisão Lateral;1;;1;;;;;;;;2;;;;
04/11/2016;17:50:00;541;com vítima;85;BR-040/RJ;Sul;Queda de Moto;;;;1;;;;;;;0;1;;;
04/11/2016;19:31:00;552;sem vítima;106;BR-040/RJ;Norte;Colisão Traseira;2;;;;;;;;;;2;;;;
04/11/2016;20:30:00;559;com vítima;82;BR-040/RJ;Sul;Capotamento;1;;;;;;;;;;0;2;;;
04/11/2016;21:19:00;564;sem vítima;2;BR-040/RJ;Norte;Choque - Objeto Fixo;1;;;;;;;;;;1;;;;
04/11/2016;21:31:00;567;sem vítima;94;BR-040/RJ;Sul;Derrapagem;1;;;;;;;;;;1;;;;
05/11/2016;00:34:00;579;sem vítima;78;BR-040/RJ;Norte;Choque - Objeto Fixo;1;;;;;;;;;;1;;;;
05/11/2016;04:20:00;592;com vítima;43;BR-040/RJ;Norte;Choque - Objeto Fixo;1;;;;;;;;;;0;;3;;
05/11/2016;04:28:00;593;com vítima;105;BR-040/RJ;Norte;Capotamento;1;;;;;;;;;;0;;2;;
05/11/2016;05:37:00;597;com vítima;115;BR-040/RJ;Sul;Choque - Objeto Fixo;1;;;;;;;;;;0;;1;;
05/11/2016;07:02:00;605;sem vítima;823;BR-040/MG;Sul;Choque - Objeto Fixo;1;;;;;;;;;;1;;;;
05/11/2016;07:55:00;611;sem vítima;92;BR-040/RJ;Sul;Choque - Objeto Fixo;1;;;;;;;;;;1;;;;
05/11/2016;07:58:00;612;sem vítima;92;BR-040/RJ;Sul;Choque - Objeto Fixo;1;;;;;;;;;;1;;;;
05/11/2016;08:13:00;613;sem vítima;92;BR-040/RJ;Sul;Choque - Objeto Fixo;1;;;;;;;;;;1;;;;
05/11/2016;08:37:00;616;com vítima;96;BR-040/RJ;Sul;Capotamento;1;;;;;;;;;;0;3;2;;
05/11/2016;08:55:00;621;sem vítima;72;BR-040/RJ;Norte;Colisão Lateral;2;;;;;;;;;;2;;;;
05/11/2016;10:45:00;632;sem vítima;104;BR-040/RJ;Sul;Choque - Objeto Fixo;1;;;;;;;;;;1;;;;
05/11/2016;11:16:00;635;com vítima;84;BR-040/RJ;Norte;Choque - Objeto Fixo;1;;;;;;;;;;0;3;;;
05/11/2016;12:29:00;644;sem vítima;94;BR-040/RJ;Sul;Choque - Objeto Fixo;1;;;;;;;;;;1;;;;
05/11/2016;12:34:00;645;sem vítima;90;BR-040/RJ;Norte;Choque - Objeto Fixo;1;;;;;;;;;;1;;;;
05/11/2016;13:10:00;652;sem vítima;94;BR-040/RJ;Sul;Choque - Objeto Fixo;1;;;;;;;;;;1;;;;
05/11/2016;13:22:00;655;sem vítima;94;BR-040/RJ;Sul;Choque - Objeto Fixo;1;;;;;;;;;;1;;;;
05/11/2016;13:51:00;658;sem vítima;44;BR-040/RJ;Sul;Choque - Objeto Fixo;1;;;;;;;;;;1;;;;
05/11/2016;15:15:00;670;sem vítima;93;BR-040/RJ;Sul;Choque - Objeto Fixo;1;;;;;;;;;;1;;;;
05/11/2016;16:20:00;677;sem vítima;90;BR-040/RJ;Norte;Choque - Objeto Fixo;1;;;;;;;;;;1;;;;
05/11/2016;16:31:00;679;com vítima;43;BR-040/RJ;Sul;Capotamento;1;;;;;1;;;;;1;1;;;
05/11/2016;16:39:00;683;sem vítima;34;BR-040/RJ;Norte;Choque - Objeto Fixo;1;;;;;;;;;;1;;;;
05/11/2016;17:33:00;688;sem vítima;25;BR-040/RJ;Norte;Capotamento;1;;;;;;;;;;3;;;;
05/11/2016;17:42:00;690;sem vítima;92;BR-040/RJ;Sul;Choque - Objeto Fixo;1;;;;;;;;;;1;;;;
05/11/2016;17:50:00;692;sem vítima;92;BR-040/RJ;Sul;Colisão Traseira;1;;;;;1;;;;;2;;;;
05/11/2016;17:53:00;693;sem vítima;34;BR-040/RJ;Sul;Choque - Objeto Fixo;1;;;;;;;;;;1;;;;
05/11/2016;18:41:00;696;sem vítima;78;BR-040/RJ;Sul;Choque - Objeto Fixo;1;;;;;;;;;;1;;;;
05/11/2016;19:58:00;709;sem vítima;13;BR-040/RJ;Sul;Choque - Objeto Fixo;;;1;;;;;;;;1;;;;
05/11/2016;21:03:00;711;com vítima;13;BR-040/RJ;Sul;Capotamento;1;;;;;;;;;;0;2;;;
05/11/2016;23:14:00;722;sem vítima;84;BR-040/RJ;Sul;Derrapagem;1;;;;;;;;;;1;;;;
06/11/2016;01:39:00;729;sem vítima;73;BR-040/RJ;Norte;Choque - Objeto Fixo;1;;;;;;;;;;1;;;;
06/11/2016;00:33:00;739;com vítima;16;BR-040/RJ;Norte;Colisão Traseira;2;;;;;;;;;;0;6;;;
06/11/2016;04:12:00;742;com vítima;43;BR-040/RJ;Sul;Capotamento;1;;;;;;;;;;0;3;;;
06/11/2016;09:05:00;757;sem vítima;817;BR-040/MG;Norte;Choque - Objeto Fixo;1;;;;;;;;;;1;;;;
06/11/2016;11:24:00;768;sem vítima;85;BR-040/RJ;Norte;Choque - Objeto Fixo;1;;;;;;;;;;1;;;;
06/11/2016;19:11:00;815;sem vítima;105;BR-040/RJ;Norte;Colisão Lateral;2;;;;;;;;;;2;;;;
06/11/2016;21:40:00;825;com vítima;3;BR-040/RJ;Sul;Capotamento;1;;;;;;;;;;0;;;1;
06/11/2016;23:06:00;829;com vítima;53;BR-040/RJ;Sul;Queda de Moto;;;;1;;;;;;;1;;1;;
07/11/2016;06:45:00;847;com vítima;122;BR-040/RJ;Sul;Colisão Traseira;1;;;1;;;;;;;1;2;;;
07/11/2016;07:44:00;852;com vítima;111;BR-040/RJ;Sul;Engavetamento;5;;;;;;;;;;4;2;;;
07/11/2016;10:42:00;877;com vítima;115;BR-040/RJ;Sul;Engavetamento;3;;;;;;;;;;2;1;;;
07/11/2016;15:00:00;898;com vítima;2;BR-040/RJ;Sul;Choque - Objeto Fixo;1;;;;;;;;;;0;3;;;
07/11/2016;15:27:00;902;com vítima;92;BR-040/RJ;Sul;Choque - Objeto Fixo;1;;;;;;;;;;0;2;;;
07/11/2016;15:00:00;908;com vítima;2;BR-040/RJ;Sul;Capotamento;1;;;;;;;;;;0;2;;;
07/11/2016;16:21:00;911;com vítima;114;BR-040/RJ;Sul;Capotamento;1;;;;;;;;;;0;1;;;
07/11/2016;17:23:00;920;com vítima;93;BR-040/RJ;Norte;Choque - Objeto Fixo;1;;;;;;;;;;0;1;;;
07/11/2016;21:50:00;951;com vítima;109;BR-040/RJ;Norte;Capotamento;1;;;;;;;;;;0;3;;;
08/11/2016;06:30:00;989;com vítima;111;BR-040/RJ;Sul;Engavetamento;4;;;;;;;;;;2;3;;;
08/11/2016;13:36:00;1045;sem vítima;1;BR-040/RJ;Norte;Choque - Objeto Fixo;1;;;;;;;;;;1;;;;
08/11/2016;13:37:00;1046;sem vítima;94;BR-040/RJ;Sul;Derrapagem;1;;;;;;;;;;1;;;;
08/11/2016;13:47:00;1047;com vítima;91;BR-040/RJ;Norte;Colisão Traseira;1;;1;;;;;;;;1;2;;;
08/11/2016;14:33:00;1051;com vítima;123;BR-040/RJ;Norte;Colisão Lateral;1;;1;;;;;;;;1;2;;;
08/11/2016;15:27:00;1057;sem vítima;806;BR-040/MG;Norte;Choque - Objeto Fixo;1;;;;;;;;;;1;;;;
08/11/2016;15:57:00;1062;sem vítima;124;BR-040/RJ;Norte;Colisão Lateral;1;;1;;;;;;;;2;;;;
08/11/2016;16:16:00;1067;com vítima;120;BR-040/RJ;Norte;Colisão Lateral;1;;;1;;;;;;;1;1;;;
08/11/2016;16:32:00;1070;com vítima;85;BR-040/RJ;Sul;Queda de Moto;;;;1;;;;;;;0;;;1;
08/11/2016;17:16:00;1075;sem vítima;827;BR-040/MG;Sul;Tombamento;1;;;;;;;;;;1;;;;
08/11/2016;17:44:00;1079;sem vítima;82;BR-040/RJ;Sul;Choque - Objeto Fixo;1;;;;;;;;;;1;;;;
08/11/2016;18:10:00;1083;com vítima;103;BR-040/RJ;Sul;Choque - Objeto Fixo;1;;;;;;;;;;0;1;;;
08/11/2016;18:18:00;1084;sem vítima;86;BR-040/RJ;Sul;Choque - Objeto Fixo;1;;;;;;;;;;1;;;;
08/11/2016;18:56:00;1089;sem vítima;94;BR-040/RJ;Sul;Choque - Objeto Fixo;1;;;;;;;;;;1;;;;
08/11/2016;19:03:00;1093;com vítima;69;BR-040/RJ;Sul;Capotamento;1;;;;;;;;;;0;;2;;
08/11/2016;23:36:00;1117;sem vítima;123;BR-040/RJ;Sul;Colisão Traseira;2;;;;;;;;;;2;;;;
09/11/2016;04:26:00;1131;com vítima;31;BR-040/RJ;Norte;Choque - Objeto Fixo;1;;;;;;;;;;0;;1;;
09/11/2016;12:17:00;1168;sem vítima;119;BR-040/RJ;Norte;Colisão Traseira;2;;;;;;;;;;2;;;;
09/11/2016;12:46:00;1171;com vítima;113;BR-040/RJ;Norte;Colisão Lateral;;;1;;1;;;;;;1;3;;;
09/11/2016;21:21:00;1229;sem vítima;119;BR-040/RJ;Norte;Choque - Objeto Fixo;1;;;;;;;;;;1;;;;
10/11/2016;00:20:00;1240;com vítima;116;BR-040/RJ;Sul;Choque - Objeto Fixo;1;;;;;;;;;;0;;1;;
10/11/2016;12:43:00;1304;sem vítima;109;BR-040/RJ;Norte;Colisão Lateral;1;;1;;;;;;;;2;;;;
10/11/2016;18:19:00;1363;sem vítima;85;BR-040/RJ;Sul;Choque - Objeto Fixo;1;;;;;;;;;;1;;;;
10/11/2016;18:27:00;1365;com vítima;92;BR-040/RJ;Sul;Capotamento;1;;;;;;;;;;0;1;;;
10/11/2016;19:15:00;1375;com vítima;778;BR-040/MG;Norte;Choque - Objeto Fixo;1;;;;;;;;;;0;1;;;
11/11/2016;01:57:00;1408;com vítima;122;BR-040/RJ;Norte;Choque - Objeto Fixo;1;;;;;;;;;;0;;;1;
11/11/2016;01:53:00;1409;sem vítima;113;BR-040/RJ;Sul;Derrapagem;1;;;;;;;;;;1;;;;
11/11/2016;04:08:00;1415;com vítima;112;BR-040/RJ;Norte;Choque - Objeto Fixo;1;;;;;;;;;;0;2;;;
11/11/2016;05:15:00;1420;com vítima;110;BR-040/RJ;Sul;Capotamento;1;;1;;;;;;;;1;;1;;
11/11/2016;07:58:00;1435;com vítima;83;BR-040/RJ;Norte;Colisão Traseira;2;;;;;;;;;;0;2;1;;
11/11/2016;11:20:00;1459;com vítima;123;BR-040/RJ;Norte;Atropelamento - Pedestre;1;;;;;;;;;;1;1;;;
11/11/2016;11:20:00;1475;sem vítima;123;BR-040/RJ;Norte;Colisão Traseira;1;;;;1;;;;;;2;;;;
11/11/2016;15:39:00;1511;sem vítima;802;BR-040/MG;Sul;Choque - Objeto Fixo;1;;;;;;;;;;1;;;;
11/11/2016;16:01:00;1517;sem vítima;120;BR-040/RJ;Norte;Colisão Traseira;1;;;;1;;;;;;2;;;;
11/11/2016;17:18:00;1534;sem vítima;110;BR-040/RJ;Norte;Engavetamento;1;;;;;2;;;;;3;;;;
11/11/2016;17:49:00;1541;sem vítima;123;BR-040/RJ;Sul;Colisão Lateral;2;;;;;;;;;;2;;;;
11/11/2016;18:02:00;1545;sem vítima;99;BR-040/RJ;Norte;Choque - Objeto Fixo;1;;;;;;;;;;1;;;;
11/11/2016;23:38:00;1588;sem vítima;114;BR-040/RJ;Sul;Choque - Objeto Fixo;1;;;;;;;;;;1;;;;
12/11/2016;05:15:00;1617;sem vítima;117;BR-040/RJ;Sul;Choque - Objeto Fixo;1;;;;;;;;;;1;;;;