data;horario;n_da_ocorrencia;tipo_de_ocorrencia;km;trecho;sentido;tipo_de_acidente;automovel;bicicleta;caminhao;moto;onibus;outros;tracao_animal;transporte_de_cargas_especiais;trator_maquinas;utilitarios;ilesos;levemente_feridos;moderadamente_feridos;gravemente_feridos;mortos
04/12/2016;05:55:00;480;com vítima;101;BR-040/RJ;Norte;Capotamento;1;;;;;;;;;;0;1;;;
04/12/2016;06:29:00;481;sem vítima;108;BR-040/RJ;Sul;Choque - Objeto Fixo;1;;;;;;;;;;1;;;;
04/12/2016;07:14:00;484;sem vítima;83;BR-040/RJ;Norte;Choque - Objeto Fixo;1;;;;;;;;;;1;;;;
04/12/2016;07:05:00;485;com vítima;17;BR-040/RJ;Norte;Choque - Objeto Fixo;1;;;;;;;;;;0;2;;;
04/12/2016;07:45:00;486;sem vítima;34;BR-040/RJ;Sul;Choque - Objeto Fixo;1;;;;;;;;;;1;;;;
04/12/2016;07:47:00;487;sem vítima;34;BR-040/RJ;Sul;Colisão Traseira;2;;;;;;;;;;2;;;;
04/12/2016;07:47:00;488;sem vítima;53;BR-040/RJ;Sul;Choque - Objeto Fixo;1;;;;;;;;;;1;;;;
04/12/2016;08:05:00;490;sem vítima;108;BR-040/RJ;Norte;Choque - Objeto Fixo;1;;;;;;;;;;1;;;;
04/12/2016;08:24:00;494;sem vítima;32;BR-040/RJ;Norte;Choque - Objeto Fixo;1;;;;;;;;;;1;;;;
04/12/2016;09:17:00;497;sem vítima;8;BR-040/RJ;Norte;Choque - Objeto Fixo;1;;;;;;;;;;1;;;;
04/12/2016;09:50:00;499;sem vítima;91;BR-040/RJ;Norte;Choque - Objeto Fixo;1;;;;;;;;;;1;;;;
04/12/2016;11:01:00;505;sem vítima;78;BR-040/RJ;Sul;Choque - Objeto Fixo;1;;;;;;;;;;1;;;;
04/12/2016;11:41:00;511;com vítima;825;BR-040/MG;Sul;Choque - Objeto Fixo;1;;;;;;;;;;0;1;1;;
04/12/2016;11:56:00;512;sem vítima;84;BR-040/RJ;Norte;Atropelamento - Pedestre;1;;;;;;;;;;1;;;;
04/12/2016;13:00:00;516;sem vítima;84;BR-040/RJ;Norte;Choque - Objeto Fixo;1;;;;;;;;;;1;;;;
04/12/2016;16:13:00;536;sem vítima;93;BR-040/RJ;Sul;Choque - Objeto Fixo;1;;;;;;;;;;1;;;;
04/12/2016;16:25:00;538;sem vítima;62;BR-040/RJ;Sul;Choque - Objeto Fixo;1;;;;;;;;;;1;;;;
04/12/2016;16:43:00;542;com vítima;43;BR-040/RJ;Norte;Choque - Objeto Fixo;1;;;;;;;;;;0;1;;;
04/12/2016;18:12:00;552;com vítima;92;BR-040/RJ;Sul;Capotamento;1;;;;;;;;;;0;1;;;
04/12/2016;18:22:00;553;com vítima;824;BR-040/MG;Sul;Capotamento;1;;;;;;;;;;0;4;;;
04/12/2016;18:27:00;554;com vítima;824;BR-040/MG;Sul;Choque - Objeto Fixo;1;;;;;;;;;;0;2;;;
04/12/2016;18:44:00;557;sem vítima;32;BR-040/RJ;Norte;Choque - Objeto Fixo;1;;;;;;;;;;1;;;;
04/12/2016;18:45:00;558;com vítima;13;BR-040/RJ;Sul;Capotamento;1;;;;;;;;;;0;6;5;;
04/12/2016;18:48:00;559;sem vítima;91;BR-040/RJ;Norte;Choque - Objeto Fixo;1;;;;;;;;;;1;;;;
04/12/2016;19:11:00;561;sem vítima;43;BR-040/RJ;Norte;Choque - Objeto Fixo;1;;;;;;;;;;1;;;;
04/12/2016;19:29:00;563;sem vítima;62;BR-040/RJ;Sul;Colisão Transversal;1;;;;;1;;;;;2;;;;
04/12/2016;21:28:00;577;com vítima;105;BR-040/RJ;Norte;Colisão Frontal;2;;;;;;;;;;1;1;;;
05/12/2016;00:43:00;593;sem vítima;93;BR-040/RJ;Norte;Choque - Objeto Fixo;1;;;;;;;;;;1;;;;
05/12/2016;06:49:00;617;sem vítima;85;BR-040/RJ;Sul;Choque - Objeto Fixo;1;;;;;;;;;;1;;;;
05/12/2016;07:27:00;620;sem vítima;85;BR-040/RJ;Norte;Choque - Objeto Fixo;1;;;;;;;;;;1;;;;
05/12/2016;07:55:00;628;com vítima;799;BR-040/MG;Norte;Capotamento;1;;;;;;;;;;0;2;;;
05/12/2016;09:53:00;651;sem vítima;825;BR-040/MG;Sul;Choque - Objeto Fixo;1;;;;;;;;;;1;;;;
05/12/2016;10:30:00;656;sem vítima;784;BR-040/MG;Norte;Derrapagem;1;;;;;;;;;;1;;;;
05/12/2016;14:26:00;680;sem vítima;789;BR-040/MG;Sul;Colisão Traseira;;;2;;;;;;;;2;;;;
05/12/2016;16:05:00;693;com vítima;93;BR-040/RJ;Sul;Capotamento;1;;;;;;;;;;0;1;;;
05/12/2016;16:13:00;696;sem vítima;93;BR-040/RJ;Sul;Choque - Objeto Fixo;1;;;;;;;;;;1;;;;
05/12/2016;18:50:00;715;sem vítima;5;BR-040/RJ;Sul;Choque - Objeto Fixo;1;;;;;;;;;;1;;;;
05/12/2016;19:55:00;725;sem vítima;13;BR-040/RJ;Sul;Choque - Objeto Fixo;1;;;;;;;;;;1;;;;
06/12/2016;04:43:00;766;com vítima;123;BR-040/RJ;Sul;Atropelamento - Pedestre;;;;;;1;;;;;2;;1;;
06/12/2016;06:07:00;771;com vítima;808;BR-040/MG;Sul;Colisão Traseira;1;;1;;;;;;;;1;3;;;
06/12/2016;09:19:00;787;com vítima;113;BR-040/RJ;Norte;Tombamento;;;1;;;;;;;;0;1;;;
06/12/2016;11:45:00;799;com vítima;31;BR-040/RJ;Norte;Tombamento;;;1;;;;;;;;0;;1;;
06/12/2016;14:29:00;822;com vítima;94;BR-040/RJ;Norte;Queda de Moto;;;;1;;;;;;;0;1;;;
06/12/2016;20:23:00;862;com vítima;85;BR-040/RJ;Sul;Choque - Objeto Fixo;1;;;;;;;;;;0;1;;;
08/12/2016;06:05:00;1014;com vítima;85;BR-040/RJ;Sul;Tombamento;;;1;;;;;;;;0;;2;;
08/12/2016;09:53:00;1042;com vítima;82;BR-040/RJ;Norte;Colisão Traseira;2;;;;;;;;;;0;5;;;
08/12/2016;09:49:00;1044;sem vítima;782;BR-040/MG;Norte;Colisão Traseira;1;;1;;;;;;;;2;;;;
08/12/2016;14:37:00;1084;com vítima;113;BR-040/RJ;Sul;Engavetamento;3;;;;;;;;;;2;1;;;
08/12/2016;14:42:00;1086;sem vítima;799;BR-040/MG;Norte;Derrapagem;1;;;;;;;;;;1;;;;
08/12/2016;16:00:00;1102;com vítima;800;BR-040/MG;Norte;Colisão Traseira;1;;1;;;;;;;;0;3;;;
08/12/2016;18:41:00;1131;sem vítima;107;BR-040/RJ;Norte;Colisão Traseira;2;;;;;;;;;;2;;;;
08/12/2016;19:16:00;1140;com vítima;94;BR-040/RJ;Sul;Choque - Objeto Fixo;1;;;;;;;;;;0;2;;;
08/12/2016;20:02:00;1147;com vítima;64;BR-040/RJ;Sul;Choque - Objeto Fixo;1;;;;;;;;;;0;1;;;
08/12/2016;21:23:00;1157;com vítima;93;BR-040/RJ;Sul;Capotamento;1;;;;;;;;;;0;2;;;
08/12/2016;21:33:00;1160;com vítima;93;BR-040/RJ;Sul;Derrapagem;1;;;;;;;;;;0;1;;;
09/12/2016;08:23:00;1206;sem vítima;123;BR-040/RJ;Norte;Colisão Frontal;1;;;;1;;;;;;2;;;;
09/12/2016;15:13:00;1254;sem vítima;793;BR-040/MG;Norte;Derrapagem;;;1;;;;;;;;1;;;;
09/12/2016;16:19:00;1264;sem vítima;783;BR-040/MG;Norte;Colisão Lateral;1;;1;;;;;;;;2;;;;
09/12/2016;16:43:00;1270;com vítima;108;BR-040/RJ;Norte;Colisão Lateral;1;;;1;;;;;;;1;1;;;
09/12/2016;17:28:00;1279;sem vítima;82;BR-040/RJ;Sul;Derrapagem;1;;;;;;;;;;1;;;;
09/12/2016;17:52:00;1285;sem vítima;2;BR-040/RJ;Norte;Choque - Objeto Fixo;1;;;;;;;;;;1;;;;
09/12/2016;18:15:00;1290;sem vítima;20;BR-040/RJ;Norte;Choque - Objeto Fixo;1;;;;;;;;;;1;;;;
09/12/2016;18:33:00;1296;sem vítima;123;BR-040/RJ;Norte;Tombamento;1;;;;;;;;;;1;;;;
09/12/2016;19:55:00;1307;sem vítima;93;BR-040/RJ;Sul;Choque - Objeto Fixo;;;1;;;;;;;;1;;;;
09/12/2016;20:13:00;1309;sem vítima;13;BR-040/RJ;Sul;Choque - Objeto Fixo;1;;;;;;;;;;1;;;;
09/12/2016;22:33:00;1322;com vítima;86;BR-040/RJ;Norte;Capotamento;1;;;;;;;;;;0;2;;;
10/12/2016;00:27:00;1330;com vítima;122;BR-040/RJ;Norte;Colisão Traseira;1;;;;;1;;;;;1;2;;;
10/12/2016;04:02:00;1345;sem vítima;113;BR-040/RJ;Norte;Derrapagem;1;;;;;;;;;;1;;;;
10/12/2016;08:41:00;1372;com vítima;72;BR-040/RJ;Norte;Capotamento;1;;;;;;;;;;0;1;;;
10/12/2016;09:48:00;1388;sem vítima;811;BR-040/MG;Norte;Choque - Objeto Fixo;1;;;;;;;;;;1;;;;
10/12/2016;10:11:00;1390;sem vítima;85;BR-040/RJ;Norte;Choque - Objeto Fixo;1;;;;;;;;;;1;;;;
10/12/2016;10:24:00;1393;com vítima;77;BR-040/RJ;Sul;Choque - Objeto Fixo;;;;1;;;;;;;0;1;;;
10/12/2016;12:06:00;1405;sem vítima;123;BR-040/RJ;Sul;Colisão Lateral;2;;;;;;;;;;2;;;;
10/12/2016;13:42:00;1421;sem vítima;121;BR-040/RJ;Norte;Engavetamento;2;;1;;;;;;;;3;;;;
10/12/2016;16:17:00;1440;sem vítima;120;BR-040/RJ;Norte;Colisão Traseira;2;;;;;;;;;;2;;;;
10/12/2016;18:49:00;1457;sem vítima;34;BR-040/RJ;Norte;Choque - Objeto Fixo;1;;;;;;;;;;1;;;;
10/12/2016;19:28:00;1462;com vítima;31;BR-040/RJ;Norte;Capotamento;1;;;;;;;;;;0;2;;;
11/12/2016;08:14:00;1524;sem vítima;116;BR-040/RJ;Sul;Colisão Traseira;2;;;;;;;;;;2;;;;
11/12/2016;12:17:00;1557;sem vítima;39;BR-040/RJ;Sul;Choque - Objeto Fixo;1;;;;;;;;;;1;;;;
11/12/2016;13:20:00;1567;com vítima;804;BR-040/MG;Sul;Choque - Objeto Fixo;1;;;;;;;;;;0;3;;;
11/12/2016;14:35:00;1579;sem vítima;11;BR-040/RJ;Sul;Choque - Objeto Fixo;1;;;;;;;;;;1;;;;
11/12/2016;14:43:00;1580;com vítima;17;BR-040/RJ;Sul;Choque - Objeto Fixo;1;;;;;;;;;;0;7;;;
11/12/2016;15:58:00;1593;com vítima;83;BR-040/RJ;Norte;Queda de Moto;;;;1;;;;;;;0;;1;;
11/12/2016;16:00:00;1594;sem vítima;79;BR-040/RJ;Sul;Choque - Objeto Fixo;1;;;;;;;;;;1;;;;
11/12/2016;16:09:00;1596;sem vítima;85;BR-040/RJ;Sul;Choque - Objeto Fixo;1;;;;;;;;;;1;;;;
11/12/2016;16:32:00;1601;sem vítima;113;BR-040/RJ;Norte;Engavetamento;2;;;1;;;;;;;3;;;;
11/12/2016;16:54:00;1602;com vítima;99;BR-040/RJ;Norte;Choque - Objeto Fixo;1;;;;;;;;;;1;;1;;
11/12/2016;17:33:00;1609;sem vítima;44;BR-040/RJ;Norte;Choque - Objeto Fixo;1;;;;;;;;;;1;;;;
11/12/2016;18:07:00;1615;sem vítima;84;BR-040/RJ;Norte;Choque - Objeto Fixo;1;;;;;;;;;;1;;;;
11/12/2016;19:05:00;1624;com vítima;91;BR-040/RJ;Norte;Choque - Objeto Fixo;1;;;;;;;;;;0;5;;;
11/12/2016;20:15:00;1632;sem vítima;778;BR-040/MG;Norte;Atropelamento - Animal;;;1;;;;;;;;1;;;;
11/12/2016;20:58:00;1638;com vítima;101;BR-040/RJ;Sul;Colisão Lateral;;1;;;;1;;;;;1;;1;;
11/12/2016;22:21:00;1645;sem vítima;825;BR-040/MG;Sul;Choque - Objeto Fixo;1;;;;;;;;;;1;;;;
11/12/2016;23:12:00;1652;com vítima;112;BR-040/RJ;Sul;Choque - Objeto Fixo;1;;;;;;;;;;0;2;;;
12/12/2016;01:09:00;1664;com vítima;62;BR-040/RJ;Sul;Choque - Objeto Fixo;1;;;;;;;;;;0;2;1;2;
12/12/2016;17:44:00;1771;com vítima;108;BR-040/RJ;Norte;Choque - Objeto Fixo;1;;;;;;;;;;0;3;;;
12/12/2016;18:53:00;1785;com vítima;112;BR-040/RJ;Sul;Colisão Traseira;;;1;;1;;;;;;1;1;;;
12/12/2016;19:44:00;1792;sem vítima;120;BR-040/RJ;Sul;Colisão Traseira;2;;;;;;;;;;2;;;;
12/12/2016;21:59:00;1811;com vítima;117;BR-040/RJ;Sul;Colisão Traseira;1;;1;;;;;;;;1;2;1;1;
12/12/2016;22:53:00;1822;sem vítima;118;BR-040/RJ;Sul;Colisão Lateral;1;;;;;1;;;;;2;;;;
12/12/2016;23:31:00;1826;sem vítima;115;BR-040/RJ;Norte;Choque - Objeto Fixo;1;;;;;;;;;;1;;;;
13/12/2016;10:15:00;1875;sem vítima;94;BR-040/RJ;Norte;Choque - Objeto Fixo;1;;;;;;;;;;1;;;;
13/12/2016;16:39:00;1920;sem vítima;86;BR-040/RJ;Norte;Derrapagem;1;;;;;;;;;;1;;;;
13/12/2016;18:59:00;1942;sem vítima;792;BR-040/MG;Norte;Choque - Objeto Fixo;1;;;;;;;;;;1;;;;
14/12/2016;05:15:00;1980;sem vítima;122;BR-040/RJ;Sul;Colisão Traseira;1;;;;;;;;;;1;;;;
14/12/2016;06:41:00;1991;com vítima;78;BR-040/RJ;Norte;Tombamento;;;1;;;;;;;;0;1;;;
14/12/2016;06:52:00;1996;com vítima;5;BR-040/RJ;Norte;Tombamento;;;1;;;;;;;;0;1;;;
14/12/2016;09:47:00;2015;sem vítima;91;BR-040/RJ;Norte;Choque - Objeto Fixo;1;;;;;;;;;;1;;;;
14/12/2016;10:08:00;2019;sem vítima;90;BR-040/RJ;Sul;Choque - Objeto Fixo;1;;;;;;;;;;1;;;;
14/12/2016;11:32:00;2035;com vítima;812;BR-040/MG;Norte;Capotamento;1;;;;;;;;;;0;;1;;
14/12/2016;11:55:00;2038;sem vítima;783;BR-040/MG;Sul;Colisão Traseira;;;2;;;;;;;;2;;;;
14/12/2016;16:35:00;2074;sem vítima;85;BR-040/RJ;Sul;Colisão Traseira;1;;1;;;;;;;;2;;;;
14/12/2016;18:20:00;2089;sem vítima;82;BR-040/RJ;Sul;Choque - Objeto Fixo;1;;;;;;;;;;1;;;;
14/12/2016;19:06:00;2100;com vítima;122;BR-040/RJ;Sul;Choque - Objeto Fixo;1;;;;;;;;;;0;;1;;
14/12/2016;20:50:00;2112;sem vítima;776;BR-040/MG;Sul;Choque - Objeto Fixo;1;;;;;;;;;;1;;;;
14/12/2016;23:31:00;2134;sem vítima;13;BR-040/RJ;Sul;Derrapagem;;;1;;;;;;;;1;;;;
15/12/2016;08:12:00;2166;sem vítima;110;BR-040/RJ;Sul;Colisão Traseira;2;;;;;;;;;;2;;;;
15/12/2016;08:28:00;2167;sem vítima;82;BR-040/RJ;Sul;Choque - Objeto Fixo;1;;;;;;;;;;1;;;;
15/12/2016;10:32:00;2185;sem vítima;88;BR-040/RJ;Norte;Colisão Traseira;2;;;;;;;;;;2;;;;
15/12/2016;11:04:00;2189;com vítima;109;BR-040/RJ;Norte;Choque - Objeto Fixo;1;;;;;;;;;;0;1;;;
15/12/2016;11:08:00;2191;com vítima;93;BR-040/RJ;Sul;Choque - Objeto Fixo;2;;;;;;;;;;0;2;;;
15/12/2016;13:29:00;2208;com vítima;2;BR-040/RJ;Norte;Choque - Objeto Fixo;1;;;;;;;;;;0;2;;;
15/12/2016;14:42:00;2217;sem vítima;93;BR-040/RJ;Sul;Derrapagem;1;;;;;;;;;;1;;;;
15/12/2016;15:23:00;2223;sem vítima;17;BR-040/RJ;Sul;Queda de Moto;;;;1;;;;;;;1;;;;
15/12/2016;16:21:00;2231;com vítima;75;BR-040/RJ;Sul;Capotamento;1;;;;;;;;;;0;1;;;
15/12/2016;16:35:00;2234;sem vítima;817;BR-040/MG;Norte;Choque - Objeto Fixo;1;;;;;;;;;;1;;;;
15/12/2016;16:42:00;2236;sem vítima;94;BR-040/RJ;Sul;Choque - Objeto Fixo;1;;;;;;;;;;1;;;;
15/12/2016;19:15:00;2256;sem vítima;111;BR-040/RJ;Norte;Colisão Traseira;2;;;;;;;;;;2;;;;
15/12/2016;20:01:00;2262;com vítima;77;BR-040/RJ;Sul;Capotamento;1;;;;;;;;;;0;1;;;
16/12/2016;01:45:00;2286;sem vítima;13;BR-040/RJ;Norte;Choque - Objeto Fixo;1;;;;;;;;;;1;;;;
16/12/2016;02:53:00;2288;sem vítima;92;BR-040/RJ;Norte;Choque - Objeto Fixo;1;;;;;;;;;;1;;;;
16/12/2016;05:49:00;2296;com vítima;66;BR-040/RJ;Sul;Atropelamento - Pedestre;;1;;;;1;;;;;1;;1;;
16/12/2016;10:37:00;2344;com vítima;91;BR-040/RJ;Norte;Capotamento;1;;;;;;;;;;0;2;;;
16/12/2016;14:53:00;2368;com vítima;812;BR-040/MG;Norte;Capotamento;1;;;;;;;;;;0;1;;;
16/12/2016;15:38:00;2377;sem vítima;114;BR-040/RJ;Sul;Colisão Traseira;2;;;;;;;;;;2;;;;
16/12/2016;16:14:00;2384;sem vítima;72;BR-040/RJ;Sul;Choque - Objeto Fixo;1;;;;;;;;;;1;;;;
16/12/2016;18:00:00;2401;sem vítima;119;BR-040/RJ;Norte;Queda de Moto;;;;1;;;;;;;1;;;;
16/12/2016;18:07:00;2404;sem vítima;84;BR-040/RJ;Sul;Choque - Objeto Fixo;1;;;;;;;;;;1;;;;
16/12/2016;18:17:00;2407;sem vítima;819;BR-040/MG;Norte;Choque - Objeto Fixo;1;;;;;;;;;;1;;;;
16/12/2016;18:45:00;2413;sem vítima;118;BR-040/RJ;Norte;Colisão Traseira;1;;;;1;;;;;;2;;;;
16/12/2016;20:00:00;2428;com vítima;1;BR-040/RJ;Norte;Colisão Traseira;2;;;;;;;;;;0;5;;;
16/12/2016;23:26:00;2450;sem vítima;108;BR-040/RJ;Norte;Choque - Objeto Fixo;1;;;;;;;;;;1;;;;
16/12/2016;23:45:00;2453;com vítima;113;BR-040/RJ;Norte;Choque - Objeto Fixo;1;;;;;;;;;;0;4;;;
17/12/2016;03:25:00;2472;com vítima;96;BR-040/RJ;Norte;Queda de Moto;;;;1;;;;;;;0;2;;;
17/12/2016;10:54:00;2528;sem vítima;85;BR-040/RJ;Sul;Choque - Objeto Fixo;1;;;;;;;;;;1;;;;
17/12/2016;11:55:00;2542;sem vítima;96;BR-040/RJ;Norte;Choque - Objeto Fixo;1;;;;;;;;;;1;;;;
17/12/2016;12:12:00;2546;com vítima;121;BR-040/RJ;Norte;Colisão Traseira;1;;1;;;;;;;;1;1;;;
17/12/2016;13:00:00;2548;com vítima;93;BR-040/RJ;Sul;Capotamento;1;;;;;;;;;;0;3;;;
17/12/2016;13:08:00;2550;sem vítima;92;BR-040/RJ;Sul;Choque - Objeto Fixo;1;;;;;;;;;;1;;;;
17/12/2016;14:36:00;2563;sem vítima;23;BR-040/RJ;Sul;Choque - Objeto Fixo;1;;;;;;;;;;1;;;;
17/12/2016;15:28:00;2571;sem vítima;90;BR-040/RJ;Norte;Colisão Lateral;2;;;;;;;;;;2;;;;
17/12/2016;16:48:00;2587;sem vítima;96;BR-040/RJ;Sul;Choque - Objeto Fixo;1;;;;;;;;;;1;;;;
17/12/2016;16:56:00;2590;com vítima;90;BR-040/RJ;Sul;Choque - Objeto Fixo;1;;;;;;;;;;0;1;2;;
17/12/2016;17:10:00;2592;com vítima;69;BR-040/RJ;Norte;Capotamento;1;;;;;;;;;;0;1;1;;
17/12/2016;18:20:00;2600;sem vítima;786;BR-040/MG;Norte;Choque - Objeto Fixo;1;;;;;;;;;;1;;;;
17/12/2016;18:26:00;2601;sem vítima;85;BR-040/RJ;Sul;Choque - Objeto Fixo;1;;;;;;;;;;1;;;;
17/12/2016;18:30:00;2605;sem vítima;55;BR-040/RJ;Sul;Choque - Objeto Fixo;1;;;;;;;;;;1;;;;
17/12/2016;18:55:00;2607;sem vítima;78;BR-040/RJ;Norte;Choque - Objeto Fixo;1;;;;;;;;;;1;;;;
17/12/2016;19:16:00;2608;com vítima;113;BR-040/RJ;Sul;Colisão Traseira;2;;;;;;;;;;1;1;;;
17/12/2016;19:45:00;2610;sem vítima;804;BR-040/MG;Sul;Choque - Objeto Fixo;1;;;;;;;;;;1;;;;
17/12/2016;20:27:00;2614;sem vítima;62;BR-040/RJ;Sul;Colisão Traseira;;;2;;;1;;;;;3;;;;
17/12/2016;23:00:00;2622;sem vítima;88;BR-040/RJ;Sul;Choque - Objeto Fixo;1;;;;;;;;;;1;;;;
18/12/2016;01:33:00;2632;sem vítima;776;BR-040/MG;Sul;Choque - Objeto Fixo;1;;;;;;;;;;1;;;;
18/12/2016;04:56:00;2645;com vítima;123;BR-040/RJ;Sul;Choque - Objeto Fixo;1;;;;;;;;;;0;;1;1;
18/12/2016;05:31:00;2646;com vítima;87;BR-040/RJ;Sul;Choque - Objeto Fixo;1;;;;;;;;;;0;;1;;
18/12/2016;06:53:00;2655;com vítima;78;BR-040/RJ;Sul;Choque - Objeto Fixo;1;;;;;;;;;;0;2;;;
18/12/2016;10:33:00;2684;com vítima;77;BR-040/RJ;Sul;Queda de Moto;;;;1;;;;;;;0;;;1;
18/12/2016;11:50:00;2697;sem vítima;77;BR-040/RJ;Sul;Colisão Traseira;2;;;;;;;;;;2;;;;
18/12/2016;12:19:00;2698;sem vítima;109;BR-040/RJ;Norte;Colisão Traseira;2;;;;;;;;;;2;;;;
18/12/2016;12:32:00;2699;com vítima;802;BR-040/MG;Norte;Queda de Moto;;;;1;;;;;;;0;1;;;
18/12/2016;14:12:00;2713;com vítima;800;BR-040/MG;Sul;Capotamento;1;;;;;;;;;;0;2;;;
18/12/2016;15:16:00;2719;sem vítima;94;BR-040/RJ;Norte;Choque - Objeto Fixo;1;;;;;;;;;;1;;;;
18/12/2016;16:05:00;2724;sem vítima;92;BR-040/RJ;Sul;Choque - Objeto Fixo;1;;;;;;;;;;1;;;;
18/12/2016;16:26:00;2729;com vítima;124;BR-040/RJ;Norte;Atropelamento - Pedestre;;;;;1;;;;;;1;;;1;
18/12/2016;20:19:00;2755;sem vítima;59;BR-040/RJ;Norte;Atropelamento - Animal;1;;;;;;;;;;1;;;;
19/12/2016;01:21:00;2772;com vítima;68;BR-040/RJ;Norte;Colisão Traseira;1;;;;;1;;;;;1;2;;;
19/12/2016;01:41:00;2773;sem vítima;38;BR-040/RJ;Norte;Choque - Objeto Fixo;;;1;;;;;;;;1;;;;
19/12/2016;10:37:00;2828;sem vítima;118;BR-040/RJ;Sul;Engavetamento;3;;;;;;;;;;3;;;;
19/12/2016;14:39:00;2867;sem vítima;824;BR-040/MG;Norte;Derrapagem;1;;;;;;;;;;1;;;;
19/12/2016;14:47:00;2870;com vítima;113;BR-040/RJ;Sul;Colisão Traseira;2;;;;;;;;;;1;3;;;
19/12/2016;14:50:00;2874;sem vítima;113;BR-040/RJ;Sul;Colisão Lateral;;;2;;;;;;;;2;;;;
19/12/2016;15:50:00;2880;sem vítima;108;BR-040/RJ;Norte;Colisão Lateral;1;;1;;;;;;;;2;;;;
19/12/2016;15:30:00;2881;sem vítima;116;BR-040/RJ;Sul;Colisão Lateral;1;;1;;;;;;;;2;;;;
19/12/2016;18:27:00;2911;sem vítima;124;BR-040/RJ;Sul;Colisão Frontal;1;;;1;;;;;;;2;;;;
19/12/2016;21:40:00;2933;com vítima;113;BR-040/RJ;Sul;Queda de Moto;;;;1;;;;;;;0;1;;;
19/12/2016;22:12:00;2935;sem vítima;84;BR-040/RJ;Norte;Choque - Objeto Fixo;1;;;;;;;;;;1;;;;
20/12/2016;00:29:00;2945;com vítima;120;BR-040/RJ;Norte;Capotamento;1;;;;;;;;;;0;1;;;
20/12/2016;01:16:00;2947;com vítima;806;BR-040/MG;Sul;Tombamento;;;1;;;;;;;;0;1;;;
20/12/2016;09:11:00;2977;com vítima;114;BR-040/RJ;Norte;Colisão Traseira;1;;1;;;;;;;;1;1;;;
20/12/2016;09:30:00;2985;sem vítima;85;BR-040/RJ;Norte;Choque - Objeto Fixo;1;;;;;;;;;;1;;;;
20/12/2016;11:00:00;3000;com vítima;122;BR-040/RJ;Norte;Colisão Lateral;1;;1;;;;;;;;1;4;;;
20/12/2016;14:29:00;3032;sem vítima;124;BR-040/RJ;Sul;Colisão Lateral;;;1;1;;;;;;;2;;;;
20/12/2016;17:01:00;3055;com vítima;111;BR-040/RJ;Sul;Atropelamento - Pedestre;1;;;;;;;;;;1;1;;;
20/12/2016;17:15:00;3060;sem vítima;50;BR-040/RJ;Sul;Colisão Lateral;1;;;;;;;;;;1;;;;
20/12/2016;18:33:00;3073;com vítima;111;BR-040/RJ;Norte;Colisão Lateral;2;;;;;;;;;;1;1;;;
20/12/2016;19:05:00;3076;sem vítima;111;BR-040/RJ;Norte;Colisão Traseira;2;;;;;;;;;;2;;;;
20/12/2016;21:53:00;3096;com vítima;122;BR-040/RJ;Norte;Atropelamento - Pedestre;;;;;;1;;;;;1;;1;;
21/12/2016;07:32:00;3146;com vítima;73;BR-040/RJ;Norte;Choque - Objeto Fixo;1;;;;;;;;;;0;1;;;
21/12/2016;10:05:00;3168;sem vítima;87;BR-040/RJ;Norte;Colisão Lateral;2;;;;;;;;;;2;;;;
21/12/2016;16:13:00;3225;com vítima;110;BR-040/RJ;Norte;Engavetamento;5;;;;;;;;;;0;5;;;
21/12/2016;18:25:00;3241;sem vítima;124;BR-040/RJ;Norte;Colisão Traseira;2;;;;;;;;;;2;;;;
21/12/2016;20:06:00;3260;sem vítima;110;BR-040/RJ;Norte;Queda de Moto;2;;;1;;;;;;;3;;;;
21/12/2016;20:51:00;3269;com vítima;1;BR-040/RJ;Norte;Tombamento;;;1;;;;;;;;0;;;;1
21/12/2016;22:57:00;3280;sem vítima;120;BR-040/RJ;Sul;Choque - Objeto Fixo;1;;;;;;;;;;1;;;;
22/12/2016;06:40:00;3314;com vítima;64;BR-040/RJ;Norte;Choque - Objeto Fixo;1;;;;;;;;;;0;1;;;
22/12/2016;09:49:00;3338;sem vítima;123;BR-040/RJ;Sul;Engavetamento;3;;;;;;;;;;3;;;;
22/12/2016;10:52:00;3347;com vítima;85;BR-040/RJ;Norte;Choque - Objeto Fixo;1;;;;;;;;;;0;2;;;
22/12/2016;13:37:00;3368;sem vítima;20;BR-040/RJ;Sul;Choque - Objeto Fixo;1;;;;;;;;;;1;;;;
22/12/2016;16:59:00;3403;com vítima;104;BR-040/RJ;Norte;Colisão Transversal;1;;;1;;;;;;;1;1;;;
22/12/2016;21:55:00;3444;sem vítima;93;BR-040/RJ;Sul;Choque - Objeto Fixo;1;;;;;;;;;;1;;;;
23/12/2016;07:20:00;3493;sem vítima;5;BR-040/RJ;Norte;Colisão Traseira;;;2;;;;;;;;2;;;;
23/12/2016;07:42:00;3498;com vítima;59;BR-040/RJ;Norte;Tombamento;;;1;;;;;;;;0;;1;;
23/12/2016;11:02:00;3529;sem vítima;120;BR-040/RJ;Norte;Capotamento;1;;;;;;;;;;1;;;;
23/12/2016;16:41:00;3591;sem vítima;806;BR-040/MG;Norte;Choque - Objeto Fixo;1;;;;;;;;;;1;;;;