data;horario;n_da_ocorrencia;tipo_de_ocorrencia;km;trecho;sentido;tipo_de_acidente;automovel;bicicleta;caminhao;moto;onibus;outros;tracao_animal;transporte_de_cargas_especiais;trator_maquinas;utilitarios;ilesos;levemente_feridos;moderadamente_feridos;gravemente_feridos;mortos
04/02/2017;17:52:00;560;com vítima;82;BR-040/RJ;Sul;Choque - Objeto Fixo;1;;;;;;;;;;0;1;;;
04/02/2017;17:54:00;562;com vítima;93;BR-040/RJ;Sul;Choque - Objeto Fixo;1;;;;;;;;;;0;3;;;
04/02/2017;18:17:00;566;com vítima;85;BR-040/RJ;Sul;Capotamento;1;;;;;;;;;;0;3;;;
04/02/2017;18:20:00;568;sem vítima;82;BR-040/RJ;Sul;Choque - Objeto Fixo;1;;;;;;;;;;1;;;;
04/02/2017;19:03:00;570;sem vítima;33;BR-040/RJ;Norte;Choque - Objeto Fixo;1;;;;;;;;;;1;;;;
04/02/2017;20:47:00;574;sem vítima;108;BR-040/RJ;Sul;Colisão Traseira;2;;;;;1;;;;;3;;;;
04/02/2017;21:29:00;578;sem vítima;113;BR-040/RJ;Sul;Colisão Traseira;2;;;;;;;;;;2;;;;
04/02/2017;21:43:00;579;com vítima;793;BR-040/MG;Sul;Capotamento;1;;;;;;;;;;0;1;1;;
04/02/2017;23:35:00;586;com vítima;123;BR-040/RJ;Norte;Choque - Objeto Fixo;1;;;;;;;;;;0;1;;;
05/02/2017;02:32:00;596;sem vítima;787;BR-040/MG;Norte;Choque - Objeto Fixo;1;;;;;;;;;;1;;;;
05/02/2017;05:12:00;603;com vítima;122;BR-040/RJ;Sul;Colisão Traseira;2;;;;;;;;;;0;1;2;;
05/02/2017;09:19:00;616;com vítima;85;BR-040/RJ;Norte;Capotamento;1;;;;;;;;;;0;4;;;
05/02/2017;11:49:00;630;com vítima;30;BR-040/RJ;Norte;Choque - Objeto Fixo;1;;;;;;;;;;0;2;;;
05/02/2017;11:51:00;631;sem vítima;110;BR-040/RJ;Sul;Colisão Lateral;2;;;;;;;;;;2;;;;
05/02/2017;12:10:00;635;sem vítima;802;BR-040/MG;Sul;Colisão Traseira;2;;;;;;;;;;2;;;;
05/02/2017;13:42:00;643;com vítima;113;BR-040/RJ;Norte;Colisão Traseira;1;;1;;;;;;;;0;2;;;
05/02/2017;15:29:00;649;sem vítima;87;BR-040/RJ;Sul;Choque - Objeto Fixo;1;;;;;;;;;;1;;;;
05/02/2017;15:41:00;650;sem vítima;87;BR-040/RJ;Sul;Choque - Objeto Fixo;1;;;;;;;;;;1;;;;
05/02/2017;15:59:00;654;sem vítima;84;BR-040/RJ;Norte;Choque - Objeto Fixo;1;;;;;;;;;;1;;;;
05/02/2017;16:56:00;663;sem vítima;100;BR-040/RJ;Sul;Choque - Objeto Fixo;1;;;;;;;;;;1;;;;
05/02/2017;16:35:00;665;sem vítima;82;BR-040/RJ;Sul;Choque - Objeto Fixo;1;;;;;;;;;;1;;;;
05/02/2017;17:11:00;667;sem vítima;93;BR-040/RJ;Sul;Choque - Objeto Fixo;1;;;;;;;;;;1;;;;
05/02/2017;17:30:00;671;sem vítima;93;BR-040/RJ;Norte;Choque - Objeto Fixo;1;;;;;;;;;;1;;;;
05/02/2017;18:00:00;674;com vítima;84;BR-040/RJ;Sul;Capotamento;1;;;;;;;;;;0;2;;;
05/02/2017;18:45:00;678;com vítima;90;BR-040/RJ;Sul;Capotamento;1;;;;;;;;;;0;1;;;
05/02/2017;18:55:00;682;sem vítima;111;BR-040/RJ;Sul;Colisão Traseira;2;;;;;;;;;;2;;;;
05/02/2017;19:16:00;685;sem vítima;85;BR-040/RJ;Sul;Choque - Objeto Fixo;1;;;;;;;;;;1;;;;
05/02/2017;19:17:00;686;sem vítima;1;BR-040/RJ;Sul;Colisão Lateral;2;;;;;;;;;;2;;;;
05/02/2017;19:29:00;689;sem vítima;85;BR-040/RJ;Norte;Choque - Objeto Fixo;1;;;;;;;;;;1;;;;
05/02/2017;19:33:00;691;sem vítima;92;BR-040/RJ;Sul;Choque - Objeto Fixo;1;;;;;;;;;;1;;;;
05/02/2017;19:37:00;693;sem vítima;81;BR-040/RJ;Norte;Choque - Objeto Fixo;1;;;;;;;;;;1;;;;
05/02/2017;20:18:00;697;sem vítima;93;BR-040/RJ;Sul;Choque - Objeto Fixo;1;;;;;;;;;;1;;;;
05/02/2017;22:06:00;705;sem vítima;94;BR-040/RJ;Sul;Choque - Objeto Fixo;1;;;;;;;;;;1;;;;
06/02/2017;02:50:00;727;com vítima;803;BR-040/MG;Sul;Tombamento;;;1;;;;;;;;0;1;;;
06/02/2017;08:39:00;759;sem vítima;122;BR-040/RJ;Sul;Engavetamento;4;;;;;;;;;;4;;;;
06/02/2017;11:05:00;783;com vítima;112;BR-040/RJ;Sul;Colisão Traseira;2;;;;;;;;;;1;4;;;
06/02/2017;12:03:00;790;sem vítima;796;BR-040/MG;Norte;Choque - Objeto Fixo;;;1;;;;;;;;1;;;;
06/02/2017;17:55:00;827;sem vítima;91;BR-040/RJ;Norte;Colisão Traseira;1;;;;;1;;;;;2;;;;
06/02/2017;21:23:00;847;sem vítima;18;BR-040/RJ;Norte;Choque - Objeto Fixo;1;;;;;;;;;;1;;;;
06/02/2017;21:45:00;850;com vítima;781;BR-040/MG;Norte;Atropelamento - Animal;;;;1;;;;;;;0;1;;;
07/02/2017;06:53:00;882;sem vítima;99;BR-040/RJ;Sul;Colisão Lateral;2;;;;;;;;;;2;;;;
07/02/2017;07:19:00;886;com vítima;119;BR-040/RJ;Sul;Engavetamento;1;;1;1;;;;;;;2;1;;;
07/02/2017;08:33:00;900;sem vítima;120;BR-040/RJ;Norte;Queda de Moto;;;;1;;;;;;;1;;;;
07/02/2017;10:41:00;916;sem vítima;121;BR-040/RJ;Norte;Colisão Traseira;2;;;;;;;;;;2;;;;
07/02/2017;12:34:00;934;com vítima;105;BR-040/RJ;Sul;Capotamento;1;;;;;;;;;;0;2;;;
07/02/2017;13:31:00;945;com vítima;110;BR-040/RJ;Norte;Queda de Moto;;;;1;;;;;;;0;2;;;
07/02/2017;16:48:00;964;sem vítima;114;BR-040/RJ;Norte;Choque - Objeto Fixo;1;;;;;;;;;;1;;;;
07/02/2017;18:02:00;978;sem vítima;90;BR-040/RJ;Sul;Choque - Objeto Fixo;1;;;;;;;;;;1;;;;
07/02/2017;18:02:00;979;sem vítima;95;BR-040/RJ;Sul;Colisão Traseira;1;;;;;1;;;;;2;;;;
07/02/2017;18:23:00;983;com vítima;123;BR-040/RJ;Sul;Colisão Transversal;1;;1;;;;;;;;1;3;1;;
07/02/2017;19:03:00;988;sem vítima;85;BR-040/RJ;Norte;Choque - Objeto Fixo;1;;;;;;;;;;1;;;;
07/02/2017;19:25:00;990;sem vítima;82;BR-040/RJ;Sul;Choque - Objeto Fixo;1;;1;;;;;;;;2;;;;
07/02/2017;21:28:00;1003;com vítima;62;BR-040/RJ;Sul;Queda de Moto;;;;1;;;;;;;0;1;;;
07/02/2017;21:37:00;1005;sem vítima;117;BR-040/RJ;Norte;Colisão Traseira;2;;;;;;;;;;2;;;;
07/02/2017;23:30:00;1016;sem vítima;111;BR-040/RJ;Sul;Derrapagem;1;;;;;;;;;;1;;;;
07/02/2017;23:54:00;1019;sem vítima;16;BR-040/RJ;Sul;Atropelamento - Animal;;;1;;;;;;;;1;;;;
08/02/2017;00:39:00;1021;com vítima;117;BR-040/RJ;Sul;Derrapagem;1;;;;;;;;;;0;;;;1
08/02/2017;05:18:00;1035;sem vítima;93;BR-040/RJ;Sul;Choque - Objeto Fixo;1;;;;;;;;;;1;;;;
08/02/2017;06:57:00;1049;com vítima;92;BR-040/RJ;Sul;Capotamento;1;;;;;;;;;;0;2;1;;
08/02/2017;07:44:00;1056;sem vítima;96;BR-040/RJ;Sul;Choque - Objeto Fixo;1;;;;;;;;;;1;;;;
08/02/2017;07:51:00;1057;sem vítima;87;BR-040/RJ;Sul;Choque - Objeto Fixo;1;;;;;;;;;;1;;;;
08/02/2017;08:41:00;1061;com vítima;119;BR-040/RJ;Norte;Colisão Traseira;2;;;;;;;;;;0;3;;;
08/02/2017;08:46:00;1062;sem vítima;123;BR-040/RJ;Sul;Colisão Traseira;1;;;;;1;;;;;2;;;;
08/02/2017;08:35:00;1066;sem vítima;92;BR-040/RJ;Sul;Colisão Lateral;1;;1;;;;;;;;2;;;;
08/02/2017;09:43:00;1068;sem vítima;97;BR-040/RJ;Norte;Choque - Objeto Fixo;1;;;;;;;;;;1;;;;
08/02/2017;10:30:00;1077;sem vítima;102;BR-040/RJ;Norte;Choque - Objeto Fixo;;;1;;;;;;;;1;;;;
08/02/2017;10:47:00;1080;sem vítima;92;BR-040/RJ;Norte;Choque - Objeto Fixo;1;;;;;;;;;;1;;;;
08/02/2017;12:28:00;1096;com vítima;123;BR-040/RJ;Norte;Queda de Moto;;;;1;;;;;;;0;1;;;
08/02/2017;15:44:00;1123;com vítima;17;BR-040/RJ;Norte;Capotamento;1;;;;;;;;;;0;;1;1;
08/02/2017;20:27:00;1150;com vítima;102;BR-040/RJ;Norte;Atropelamento - Pedestre;;;;1;;;;;;;1;2;;;
09/02/2017;01:48:00;1173;sem vítima;785;BR-040/MG;Norte;Atropelamento - Animal;;;;;1;;;;;;1;;;;
09/02/2017;03:02:00;1177;sem vítima;824;BR-040/MG;Norte;Derrapagem;;;1;;;;;;;;1;;;;
09/02/2017;07:07:00;1192;com vítima;118;BR-040/RJ;Sul;Queda de Moto;1;;;1;;;;;;;1;1;;;
09/02/2017;11:00:00;1220;sem vítima;93;BR-040/RJ;Norte;Colisão Traseira;2;;;;;;;;;;2;;;;
09/02/2017;18:45:00;1263;sem vítima;116;BR-040/RJ;Norte;Colisão Lateral;;;;;1;1;;;;;2;;;;
09/02/2017;21:46:00;1284;com vítima;80;BR-040/RJ;Sul;Choque - Objeto Fixo;1;;;;;;;;;;1;1;;;
10/02/2017;06:09:00;1311;com vítima;93;BR-040/RJ;Norte;Choque - Objeto Fixo;1;;;;;;;;;;0;4;;;
10/02/2017;06:54:00;1313;com vítima;96;BR-040/RJ;Sul;Queda de Moto;;;;1;;;;;;;0;1;;;
10/02/2017;09:48:00;1335;sem vítima;99;BR-040/RJ;Sul;Choque - Objeto Fixo;1;;;;;;;;;;1;;;;
10/02/2017;11:40:00;1347;com vítima;122;BR-040/RJ;Norte;Engavetamento;1;;;;2;;;;;;1;6;;;
10/02/2017;15:22:00;1378;com vítima;796;BR-040/MG;Norte;Colisão Frontal;1;;;1;;;;;;;1;;1;1;
10/02/2017;15:54:00;1383;sem vítima;78;BR-040/RJ;Norte;Choque - Objeto Fixo;;;1;;;;;;;;1;;;;
10/02/2017;16:56:00;1391;sem vítima;114;BR-040/RJ;Norte;Colisão Lateral;2;;;1;;;;;;;3;;;;
10/02/2017;18:50:00;1407;sem vítima;116;BR-040/RJ;Norte;Colisão Lateral;1;;;1;;;;;;;2;;;;
11/02/2017;04:00:00;1459;sem vítima;31;BR-040/RJ;Sul;Queda de Moto;;;;1;;;;;;;1;;;;
11/02/2017;06:35:00;1468;sem vítima;119;BR-040/RJ;Sul;Colisão Lateral;1;;;;;1;;;;;2;;;;
11/02/2017;08:02:00;1475;com vítima;107;BR-040/RJ;Sul;Queda de Moto;;;;1;;;;;;;0;2;;;
11/02/2017;09:55:00;1481;sem vítima;109;BR-040/RJ;Norte;Colisão Traseira;1;;;;1;;;;;;2;;;;
11/02/2017;13:11:00;1495;com vítima;77;BR-040/RJ;Sul;Queda de Moto;;;;1;;;;;;;0;;;1;
11/02/2017;13:52:00;1499;com vítima;70;BR-040/RJ;Sul;Atropelamento - Pedestre;1;;;;;;;;;;0;2;;;1
11/02/2017;19:49:00;1537;sem vítima;84;BR-040/RJ;Norte;Choque - Objeto Fixo;1;;;;;;;;;;1;;;;
11/02/2017;19:55:00;1538;sem vítima;123;BR-040/RJ;Norte;Colisão Lateral;2;;;;;;;;;;2;;;;
11/02/2017;23:34:00;1554;sem vítima;19;BR-040/RJ;Norte;Atropelamento - Animal;;;1;;;;;;;;1;;;;
12/02/2017;05:42:00;1572;sem vítima;123;BR-040/RJ;Sul;Colisão Lateral;1;;;;;1;;;;;2;;;;
12/02/2017;16:06:00;1614;com vítima;799;BR-040/MG;Sul;Choque - Objeto Fixo;1;;;;;;;;;;0;2;;;
12/02/2017;18:22:00;1633;sem vítima;816;BR-040/MG;Sul;Colisão Lateral;1;;1;;;;;;;;2;;;;
13/02/2017;01:56:00;1677;com vítima;73;BR-040/RJ;Norte;Queda de Moto;;;;1;;;;;;;0;;1;;
13/02/2017;06:03:00;1682;com vítima;93;BR-040/RJ;Sul;Tombamento;;;1;;;;;;;;0;1;;;
13/02/2017;08:00:00;1693;sem vítima;84;BR-040/RJ;Norte;Choque - Objeto Fixo;1;;;;;;;;;;1;;;;
13/02/2017;08:49:00;1704;sem vítima;84;BR-040/RJ;Norte;Choque - Objeto Fixo;1;;;;;;;;;;1;;;;
13/02/2017;09:19:00;1710;com vítima;812;BR-040/MG;Norte;Capotamento;1;;;;;;;;;;0;1;;;
13/02/2017;09:25:00;1711;com vítima;53;BR-040/RJ;Norte;Queda de Moto;;;;1;;;;;;;0;;;;1
13/02/2017;13:19:00;1732;com vítima;91;BR-040/RJ;Norte;Queda de Moto;;;;1;;;;;;;0;1;;;
13/02/2017;16:23:00;1747;com vítima;100;BR-040/RJ;Sul;Choque - Objeto Fixo;1;;;;;;;;;;0;1;;;
13/02/2017;19:09:00;1770;com vítima;77;BR-040/RJ;Sul;Colisão Lateral;1;;;;1;;;;;;1;3;;;
13/02/2017;19:24:00;1771;com vítima;121;BR-040/RJ;Norte;Colisão Lateral;2;;;;;;;;;;1;2;;;
14/02/2017;04:31:00;1808;com vítima;805;BR-040/MG;Norte;Colisão Traseira;1;;;;;1;;;;;1;1;;;
14/02/2017;05:40:00;1810;com vítima;123;BR-040/RJ;Norte;Colisão Traseira;1;;;;;1;;;;;1;;1;;
14/02/2017;08:39:00;1824;sem vítima;65;BR-040/RJ;Sul;Colisão Lateral;1;;;1;;;;;;;2;;;;
14/02/2017;12:20:00;1843;com vítima;123;BR-040/RJ;Norte;Colisão Traseira;1;;;1;;;;;;;1;;1;;
14/02/2017;12:40:00;1845;com vítima;98;BR-040/RJ;Sul;Capotamento;1;;;;;;;;;;0;2;;;
14/02/2017;18:24:00;1880;sem vítima;124;BR-040/RJ;Sul;Colisão Lateral;1;;;1;;;;;;;2;;;;
14/02/2017;18:28:00;1882;sem vítima;85;BR-040/RJ;Norte;Choque - Objeto Fixo;1;;;;;;;;;;1;;;;
15/02/2017;16:53:00;2015;sem vítima;85;BR-040/RJ;Sul;Choque - Objeto Fixo;1;;;;;;;;;;1;;;;
15/02/2017;18:38:00;2028;sem vítima;119;BR-040/RJ;Norte;Colisão Traseira;1;;1;;;;;;;;2;;;;
16/02/2017;10:49:00;2105;com vítima;93;BR-040/RJ;Norte;Choque - Objeto Fixo;1;;;;;;;;;;0;2;;;
16/02/2017;17:19:00;2151;sem vítima;805;BR-040/MG;Norte;Colisão Traseira;2;;;;;;;;;;2;;;;
16/02/2017;23:48:00;2184;com vítima;120;BR-040/RJ;Sul;Atropelamento - Animal;1;;;;;;;;;;0;1;;;
16/02/2017;23:53:00;2185;sem vítima;58;BR-040/RJ;Norte;Atropelamento - Animal;1;;;;;;;;;;1;;;;
17/02/2017;01:17:00;2193;com vítima;62;BR-040/RJ;Sul;Tombamento;;;1;;;;;;;;0;1;;;
17/02/2017;01:53:00;2196;com vítima;776;BR-040/MG;Norte;Colisão Traseira;2;;;;;;;;;;0;2;;;
17/02/2017;09:52:00;2242;com vítima;40;BR-040/RJ;Sul;Colisão Lateral;;1;1;;;;;;;;0;2;;;1
17/02/2017;10:38:00;2247;com vítima;112;BR-040/RJ;Norte;Queda de Moto;;;;1;;;;;;;0;;1;;
17/02/2017;15:59:00;2283;com vítima;99;BR-040/RJ;Norte;Queda de Moto;;;;1;;;;;;;0;;2;;
17/02/2017;17:04:00;2293;sem vítima;86;BR-040/RJ;Norte;Colisão Traseira;2;;;;;;;;;;2;;;;
17/02/2017;17:20:00;2297;com vítima;118;BR-040/RJ;Norte;Atropelamento - Pedestre;;;;;1;;;;;;1;1;;;
17/02/2017;17:28:00;2301;sem vítima;64;BR-040/RJ;Norte;Choque - Objeto Fixo;1;;;;;;;;;;1;;;;
17/02/2017;18:06:00;2305;com vítima;96;BR-040/RJ;Norte;Queda de Moto;;;;1;;;;;;;0;1;;;
18/02/2017;04:33:00;2361;sem vítima;122;BR-040/RJ;Sul;Colisão Traseira;1;;;;;;;;;;1;;;;
18/02/2017;06:01:00;2370;com vítima;57;BR-040/RJ;Norte;Colisão Lateral;2;;;;;;;;;;1;1;;;
18/02/2017;15:14:00;2424;sem vítima;124;BR-040/RJ;Sul;Colisão Lateral;1;;;1;;;;;;;2;;;;
18/02/2017;19:48:00;2455;com vítima;119;BR-040/RJ;Sul;Choque - Objeto Fixo;2;;;;;;;;;;1;2;;;
19/02/2017;07:43:00;2504;com vítima;791;BR-040/MG;Norte;Choque - Objeto Fixo;1;;;;;;;;;;0;4;;;
19/02/2017;10:54:00;2524;com vítima;30;BR-040/RJ;Sul;Queda de Moto;;;;1;;;;;;;0;1;;;
19/02/2017;11:52:00;2531;com vítima;106;BR-040/RJ;Norte;Colisão Lateral;1;1;;;;;;;;;1;1;;;
20/02/2017;08:19:00;2654;sem vítima;119;BR-040/RJ;Sul;Colisão Lateral;1;;;1;;;;;;;2;;;;
20/02/2017;14:13:00;2699;sem vítima;123;BR-040/RJ;Sul;Engavetamento;3;;;;;;;;;;3;;;;
20/02/2017;21:28:00;2746;com vítima;118;BR-040/RJ;Norte;Colisão Transversal;1;;1;;;;;;;;0;3;;;
20/02/2017;21:49:00;2747;com vítima;789;BR-040/MG;Norte;Capotamento;1;;;;;;;;;;0;2;;;
21/02/2017;07:39:00;2784;sem vítima;77;BR-040/RJ;Norte;Colisão Lateral;2;;;;;;;;;;2;;;;
21/02/2017;08:47:00;2795;com vítima;101;BR-040/RJ;Sul;Queda de Moto;;;;1;;;;;;;0;;2;;
21/02/2017;08:48:00;2797;sem vítima;122;BR-040/RJ;Sul;Colisão Traseira;1;;;1;;;;;;;2;;;;
21/02/2017;14:50:00;2834;sem vítima;84;BR-040/RJ;Norte;Choque - Objeto Fixo;1;;;;;;;;;;1;;;;
21/02/2017;15:08:00;2836;sem vítima;99;BR-040/RJ;Norte;Choque - Objeto Fixo;1;;;;;;;;;;1;;;;
21/02/2017;15:49:00;2842;sem vítima;93;BR-040/RJ;Sul;Choque - Objeto Fixo;1;;;;;;;;;;1;;;;
21/02/2017;14:35:00;2843;sem vítima;84;BR-040/RJ;Sul;Choque - Objeto Fixo;1;;;;;;;;;;1;;;;
21/02/2017;16:06:00;2845;sem vítima;97;BR-040/RJ;Sul;Choque - Objeto Fixo;1;;;;;;;;;;1;;;;
21/02/2017;16:06:00;2846;com vítima;97;BR-040/RJ;Sul;Choque - Objeto Fixo;1;;;;;;;;;;0;3;;;
21/02/2017;16:25:00;2851;sem vítima;85;BR-040/RJ;Sul;Choque - Objeto Fixo;1;;;;;;;;;;1;;;;
21/02/2017;16:48:00;2853;sem vítima;84;BR-040/RJ;Norte;Choque - Objeto Fixo;1;;;;;;;;;;1;;;;
21/02/2017;19:40:00;2872;sem vítima;109;BR-040/RJ;Sul;Engavetamento;2;;;;;1;;;;;3;;;;
21/02/2017;20:49:00;2883;com vítima;93;BR-040/RJ;Sul;Choque - Objeto Fixo;;;1;;;;;;;;0;1;1;;
21/02/2017;21:53:00;2886;com vítima;777;BR-040/MG;Norte;Atropelamento - Pedestre;1;;;;;;;;;;0;2;;;1
22/02/2017;01:33:00;2904;sem vítima;92;BR-040/RJ;Sul;Colisão Traseira;;;2;;;;;;;;2;;;;
22/02/2017;14:56:00;2986;sem vítima;83;BR-040/RJ;Norte;Choque - Objeto Fixo;1;;;;;;;;;;1;;;;
22/02/2017;15:57:00;2991;com vítima;108;BR-040/RJ;Sul;Colisão Frontal;1;;;1;;;;;;;1;;;1;
22/02/2017;17:18:00;3001;sem vítima;117;BR-040/RJ;Norte;Colisão Traseira;2;;;;;;;;;;2;;;;
22/02/2017;17:27:00;3003;sem vítima;117;BR-040/RJ;Norte;Colisão Traseira;2;;;;;;;;;;2;;;;
22/02/2017;17:44:00;3006;sem vítima;117;BR-040/RJ;Norte;Engavetamento;4;;;;;;;;;;4;;;;
22/02/2017;23:02:00;3038;sem vítima;72;BR-040/RJ;Sul;Colisão Lateral;;;2;;;;;;;;2;;;;
23/02/2017;08:41:00;3083;sem vítima;122;BR-040/RJ;Sul;Colisão Traseira;;;1;1;;;;;;;2;;;;
23/02/2017;13:40:00;3133;com vítima;51;BR-040/RJ;Sul;Colisão Lateral;1;;1;;;;;;;;0;3;;;
23/02/2017;16:36:00;3151;sem vítima;121;BR-040/RJ;Norte;Engavetamento;4;;;;;;;;;;4;;;;
23/02/2017;17:18:00;3159;sem vítima;119;BR-040/RJ;Norte;Choque - Objeto Fixo;1;;;;;;;;;;1;;;;
23/02/2017;17:41:00;3164;sem vítima;800;BR-040/MG;Norte;Colisão Traseira;1;;2;;;;;;;;3;;;;
23/02/2017;18:41:00;3174;sem vítima;85;BR-040/RJ;Sul;Engavetamento;1;;2;;;;;;;;3;;;;
23/02/2017;21:23:00;3189;sem vítima;6;BR-040/RJ;Sul;Colisão Traseira;1;;;;;1;;;;;2;;;;
24/02/2017;07:07:00;3223;sem vítima;26;BR-040/RJ;Sul;Choque - Objeto Fixo;1;;;;;;;;;;1;;;;
24/02/2017;09:16:00;3244;sem vítima;105;BR-040/RJ;Norte;Colisão Frontal;2;;;;;;;;;;2;;;;
24/02/2017;12:11:00;3281;com vítima;84;BR-040/RJ;Sul;Choque - Objeto Fixo;1;;;;;;;;;;0;2;2;;
24/02/2017;15:51:00;3312;com vítima;93;BR-040/RJ;Sul;Choque - Objeto Fixo;1;;;;;;;;;;0;2;;;
24/02/2017;16:17:00;3318;sem vítima;78;BR-040/RJ;Sul;Choque - Objeto Fixo;1;;;;;;;;;;1;;;;
24/02/2017;16:43:00;3323;com vítima;123;BR-040/RJ;Norte;Capotamento;1;;;;;;;;;;0;2;;;
24/02/2017;17:51:00;3334;com vítima;108;BR-040/RJ;Sul;Engavetamento;1;;;;;2;;;;;2;1;;;
24/02/2017;19:00:00;3350;sem vítima;113;BR-040/RJ;Norte;Colisão Lateral;;;2;;;;;;;;2;;;;
24/02/2017;19:31:00;3354;sem vítima;43;BR-040/RJ;Norte;Choque - Objeto Fixo;1;;;;;;;;;;1;;;;
24/02/2017;20:13:00;3363;com vítima;815;BR-040/MG;Sul;Colisão Traseira;2;;;;;;;;;;0;6;;;
24/02/2017;20:20:00;3366;sem vítima;96;BR-040/RJ;Sul;Choque - Objeto Fixo;1;;;;;;;;;;1;;;;
24/02/2017;21:20:00;3371;sem vítima;82;BR-040/RJ;Sul;Choque - Objeto Fixo;1;;;;;;;;;;1;;;;
24/02/2017;21:52:00;3378;com vítima;44;BR-040/RJ;Norte;Choque - Objeto Fixo;1;;;;;;;;;;0;2;3;;
24/02/2017;22:15:00;3380;sem vítima;85;BR-040/RJ;Sul;Choque - Objeto Fixo;1;;;;;;;;;;1;;;;
24/02/2017;23:06:00;3390;sem vítima;92;BR-040/RJ;Sul;Choque - Objeto Fixo;1;;;;;;;;;;1;;;;
24/02/2017;23:40:00;3398;sem vítima;94;BR-040/RJ;Sul;Choque - Objeto Fixo;1;;;;;;;;;;1;;;;
25/02/2017;00:47:00;3407;com vítima;113;BR-040/RJ;Norte;Colisão Traseira;2;;;;;;;;;;0;2;;;
25/02/2017;02:01:00;3414;com vítima;23;BR-040/RJ;Sul;Queda de Moto;;;;1;;;;;;;0;;;1;
25/02/2017;04:45:00;3421;com vítima;38;BR-040/RJ;Norte;Capotamento;1;;;;;;;;;;0;1;2;;
25/02/2017;05:36:00;3428;com vítima;124;BR-040/RJ;Norte;Atropelamento - Pedestre;;;;;;1;;;;;1;;;1;
25/02/2017;06:04:00;3432;sem vítima;93;BR-040/RJ;Sul;Choque - Objeto Fixo;1;;;;;;;;;;1;;;;
25/02/2017;07:36:00;3442;sem vítima;91;BR-040/RJ;Sul;Choque - Objeto Fixo;1;;;;;;;;;;1;;;;
25/02/2017;08:22:00;3448;com vítima;110;BR-040/RJ;Norte;Colisão Traseira;;;;;2;;;;;;1;2;;;
25/02/2017;10:54:00;3471;sem vítima;58;BR-040/RJ;Sul;Choque - Objeto Fixo;1;;;;;;;;;;1;;;;
25/02/2017;13:31:00;3489;com vítima;805;BR-040/MG;Sul;Capotamento;1;;;;;;;;;;0;;2;;
25/02/2017;14:15:00;3497;sem vítima;810;BR-040/MG;Sul;Choque - Objeto Fixo;1;;;;;;;;;;1;;;;
25/02/2017;14:29:00;3499;sem vítima;7;BR-040/RJ;Sul;Choque - Objeto Fixo;1;;;;;;;;;;1;;;;
25/02/2017;14:34:00;3500;sem vítima;21;BR-040/RJ;Norte;Choque - Objeto Fixo;1;;;;;;;;;;1;;;;
25/02/2017;14:37:00;3501;sem vítima;826;BR-040/MG;Sul;Choque - Objeto Fixo;1;;;;;;;;;;1;;;;
25/02/2017;14:53:00;3502;sem vítima;30;BR-040/RJ;Norte;Choque - Objeto Fixo;1;;;;;;;;;;1;;;;
25/02/2017;14:59:00;3503;com vítima;793;BR-040/MG;Norte;Capotamento;1;;;;;;;;;;0;1;;;
25/02/2017;15:04:00;3505;sem vítima;34;BR-040/RJ;Norte;Choque - Objeto Fixo;1;;;;;;;;;;1;;;;
25/02/2017;23:30:00;3546;com vítima;791;BR-040/MG;Sul;Derrapagem;1;;;;;;;;;;0;3;;;
26/02/2017;01:30:00;3555;sem vítima;85;BR-040/RJ;Sul;Colisão Lateral;1;;;;;1;;;;;2;;;;
26/02/2017;04:22:00;3561;sem vítima;18;BR-040/RJ;Sul;Choque - Objeto Fixo;1;;;;;;;;;;1;;;;
26/02/2017;07:31:00;3573;sem vítima;94;BR-040/RJ;Sul;Choque - Objeto Fixo;1;;;;;;;;;;1;;;;
26/02/2017;08:07:00;3576;sem vítima;78;BR-040/RJ;Sul;Choque - Objeto Fixo;1;;;;;;;;;;1;;;;
26/02/2017;08:34:00;3580;sem vítima;78;BR-040/RJ;Sul;Choque - Objeto Fixo;1;;;;;;;;;;1;;;;
26/02/2017;08:45:00;3581;com vítima;93;BR-040/RJ;Sul;Choque - Objeto Fixo;1;;;;;;;;;;0;1;;;
26/02/2017;09:02:00;3585;sem vítima;93;BR-040/RJ;Norte;Choque - Objeto Fixo;1;;;;;;;;;;1;;;;
26/02/2017;09:08:00;3586;com vítima;76;BR-040/RJ;Sul;Capotamento;1;;;;;;;;;;0;4;;;
26/02/2017;09:30:00;3591;sem vítima;93;BR-040/RJ;Sul;Choque - Objeto Fixo;1;;;;;;;;;;1;;;;
26/02/2017;09:59:00;3592;com vítima;81;BR-040/RJ;Norte;Queda de Moto;;;;1;;;;;;;0;1;;;
26/02/2017;09:53:00;3594;sem vítima;93;BR-040/RJ;Sul;Choque - Objeto Fixo;1;;;;;;;;;;1;;;;
26/02/2017;10:40:00;3597;sem vítima;92;BR-040/RJ;Norte;Choque - Objeto Fixo;1;;;;;;;;;;1;;;;
26/02/2017;10:43:00;3600;sem vítima;84;BR-040/RJ;Sul;Choque - Objeto Fixo;1;;;;;;;;;;1;;;;
26/02/2017;11:02:00;3602;com vítima;99;BR-040/RJ;Norte;Colisão Lateral;2;;;;;;;;;;1;2;;;
26/02/2017;11:10:00;3603;com vítima;778;BR-040/MG;Sul;Queda de Moto;;;;1;;;;;;;0;1;;;