data;horario;n_da_ocorrencia;tipo_de_ocorrencia;km;trecho;sentido;tipo_de_acidente;automovel;bicicleta;caminhao;moto;onibus;outros;tracao_animal;transporte_de_cargas_especiais;trator_maquinas;utilitarios;ilesos;levemente_feridos;moderadamente_feridos;gravemente_feridos;mortos
18/03/2017;12:58:00;2468;com vítima;104;BR-040/RJ;Norte;Atropelamento - Pedestre;1;1;;;;;;;;;1;1;;;
18/03/2017;15:56:00;2488;sem vítima;85;BR-040/RJ;Norte;Choque - Objeto Fixo;1;;;;;;;;;;1;;;;
18/03/2017;17:40:00;2506;sem vítima;57;BR-040/RJ;Norte;Colisão Lateral;1;;1;;;;;;;;2;;;;
18/03/2017;20:47:00;2517;sem vítima;101;BR-040/RJ;Sul;Choque - Objeto Fixo;1;;;;;;;;;;1;;;;
18/03/2017;20:51:00;2518;sem vítima;91;BR-040/RJ;Sul;Choque - Objeto Fixo;1;;;;;;;;;;1;;;;
19/03/2017;00:10:00;2528;com vítima;13;BR-040/RJ;Sul;Capotamento;1;;;;;;;;;;0;4;;;
19/03/2017;00:43:00;2532;com vítima;119;BR-040/RJ;Norte;Colisão Traseira;1;;;;1;;;;;;1;1;1;;
19/03/2017;01:36:00;2534;com vítima;818;BR-040/MG;Norte;Choque - Objeto Fixo;1;;;;;;;;;;0;1;;;
19/03/2017;04:13:00;2545;sem vítima;123;BR-040/RJ;Norte;Choque - Objeto Fixo;1;;;;;;;;;;1;;;;
19/03/2017;05:33:00;2549;sem vítima;804;BR-040/MG;Sul;Choque - Objeto Fixo;1;;;;;;;;;;1;;;;
19/03/2017;06:50:00;2554;sem vítima;100;BR-040/RJ;Sul;Choque - Objeto Fixo;1;;;;;;;;;;1;;;;
19/03/2017;07:09:00;2557;com vítima;43;BR-040/RJ;Norte;Capotamento;1;;;;;;;;;;0;1;;;
19/03/2017;07:30:00;2560;com vítima;85;BR-040/RJ;Sul;Choque - Objeto Fixo;1;;;;;;;;;;0;3;1;;
19/03/2017;08:19:00;2564;sem vítima;824;BR-040/MG;Sul;Capotamento;1;;;;;;;;;;1;;;;
19/03/2017;09:14:00;2567;com vítima;34;BR-040/RJ;Norte;Choque - Objeto Fixo;1;;;;;;;;;;0;1;;;
19/03/2017;09:29:00;2569;sem vítima;93;BR-040/RJ;Norte;Choque - Objeto Fixo;1;;;;;;;;;;1;;;;
19/03/2017;10:38:00;2575;sem vítima;92;BR-040/RJ;Norte;Choque - Objeto Fixo;1;;;;;;;;;;1;;;;
19/03/2017;10:38:00;2576;sem vítima;91;BR-040/RJ;Norte;Choque - Objeto Fixo;1;;;;;;;;;;1;;;;
19/03/2017;11:07:00;2580;sem vítima;85;BR-040/RJ;Norte;Choque - Objeto Fixo;1;;;;;;;;;;1;;;;
19/03/2017;11:08:00;2581;com vítima;95;BR-040/RJ;Norte;Choque - Objeto Fixo;1;;;;;;;;;;0;1;;;
19/03/2017;12:41:00;2589;sem vítima;91;BR-040/RJ;Sul;Choque - Objeto Fixo;1;;;;;;;;;;1;;;;
19/03/2017;12:57:00;2592;sem vítima;93;BR-040/RJ;Norte;Choque - Objeto Fixo;1;;;;;;;;;;1;;;;
19/03/2017;12:59:00;2593;sem vítima;85;BR-040/RJ;Sul;Choque - Objeto Fixo;1;;;;;;;;;;1;;;;
19/03/2017;13:07:00;2595;sem vítima;74;BR-040/RJ;Norte;Choque - Objeto Fixo;1;;;;;;;;;;1;;;;
19/03/2017;13:37:00;2599;sem vítima;93;BR-040/RJ;Sul;Choque - Objeto Fixo;1;;;;;;;;;;1;;;;
19/03/2017;13:40:00;2600;sem vítima;91;BR-040/RJ;Norte;Choque - Objeto Fixo;1;;;;;;;;;;1;;;;
19/03/2017;14:02:00;2604;sem vítima;78;BR-040/RJ;Sul;Choque - Objeto Fixo;1;;;;;;;;;;1;;;;
19/03/2017;14:13:00;2605;sem vítima;93;BR-040/RJ;Sul;Choque - Objeto Fixo;1;;;;;;;;;;1;;;;
19/03/2017;15:05:00;2609;com vítima;72;BR-040/RJ;Norte;Capotamento;1;;;;;;;;;;0;2;;;
19/03/2017;15:20:00;2610;sem vítima;92;BR-040/RJ;Sul;Choque - Objeto Fixo;1;;;;;;;;;;1;;;;
19/03/2017;15:55:00;2615;sem vítima;93;BR-040/RJ;Sul;Derrapagem;1;;;;;;;;;;1;;;;
19/03/2017;16:12:00;2618;sem vítima;90;BR-040/RJ;Sul;Choque - Objeto Fixo;1;;;;;;;;;;1;;;;
19/03/2017;15:55:00;2620;sem vítima;93;BR-040/RJ;Sul;Choque - Objeto Fixo;1;;;;;;;;;;1;;;;
19/03/2017;16:29:00;2623;com vítima;90;BR-040/RJ;Norte;Capotamento;1;;;;;;;;;;0;2;;;
19/03/2017;16:41:00;2625;sem vítima;78;BR-040/RJ;Sul;Choque - Objeto Fixo;1;;;;;;;;;;1;;;;
19/03/2017;16:53:00;2626;sem vítima;82;BR-040/RJ;Sul;Choque - Objeto Fixo;1;;;;;;;;;;1;;;;
19/03/2017;17:05:00;2627;com vítima;10;BR-040/RJ;Sul;Capotamento;1;;;;;;;;;;0;4;;;
19/03/2017;17:09:00;2628;sem vítima;82;BR-040/RJ;Sul;Choque - Objeto Fixo;1;;;;;;;;;;1;;;;
19/03/2017;17:37:00;2633;sem vítima;84;BR-040/RJ;Sul;Choque - Objeto Fixo;1;;;;;;;;;;1;;;;
19/03/2017;17:40:00;2635;sem vítima;77;BR-040/RJ;Sul;Choque - Objeto Fixo;1;;;;;;;;;;1;;;;
19/03/2017;18:09:00;2638;sem vítima;92;BR-040/RJ;Sul;Choque - Objeto Fixo;1;;;;;;;;;;1;;;;
19/03/2017;19:41:00;2646;com vítima;102;BR-040/RJ;Norte;Choque - Objeto Fixo;1;;;;;;;;;;0;2;;;
19/03/2017;19:57:00;2649;sem vítima;84;BR-040/RJ;Sul;Choque - Objeto Fixo;1;;;;;;;;;;1;;;;
19/03/2017;20:37:00;2651;sem vítima;91;BR-040/RJ;Sul;Choque - Objeto Fixo;1;;;;;;;;;;1;;;;
19/03/2017;20:40:00;2653;com vítima;104;BR-040/RJ;Norte;Colisão Frontal;;1;;;1;;;;;;1;;;;1
19/03/2017;21:28:00;2655;sem vítima;78;BR-040/RJ;Norte;Colisão Lateral;2;;;;;;;;;;2;;;;
19/03/2017;21:37:00;2657;sem vítima;84;BR-040/RJ;Norte;Choque - Objeto Fixo;1;;;;;;;;;;1;;;;
20/03/2017;00:10:00;2674;sem vítima;109;BR-040/RJ;Sul;Choque - Objeto Fixo;1;;;;;;;;;;1;;;;
20/03/2017;00:44:00;2675;sem vítima;113;BR-040/RJ;Sul;Derrapagem;1;;;;;;;;;;1;;;;
20/03/2017;04:58:00;2685;sem vítima;94;BR-040/RJ;Sul;Choque - Objeto Fixo;1;;;;;;;;;;1;;;;
20/03/2017;05:00:00;2686;sem vítima;75;BR-040/RJ;Sul;Choque - Objeto Fixo;1;;;;;;;;;;1;;;;
20/03/2017;05:11:00;2687;sem vítima;92;BR-040/RJ;Sul;Choque - Objeto Fixo;1;;;;;;;;;;1;;;;
20/03/2017;06:20:00;2697;sem vítima;93;BR-040/RJ;Sul;Choque - Objeto Fixo;1;;;;;;;;;;1;;;;
20/03/2017;06:32:00;2698;sem vítima;31;BR-040/RJ;Norte;Choque - Objeto Fixo;1;;;;;;;;;;1;;;;
20/03/2017;06:51:00;2700;sem vítima;92;BR-040/RJ;Sul;Choque - Objeto Fixo;1;;;;;;;;;;1;;;;
20/03/2017;06:59:00;2703;sem vítima;78;BR-040/RJ;Sul;Choque - Objeto Fixo;1;;;;;;;;;;1;;;;
20/03/2017;07:09:00;2706;sem vítima;82;BR-040/RJ;Sul;Colisão Lateral;2;;;;;;;;;;2;;;;
20/03/2017;07:54:00;2712;sem vítima;22;BR-040/RJ;Sul;Choque - Objeto Fixo;1;;;;;;;;;;1;;;;
20/03/2017;08:17:00;2716;com vítima;31;BR-040/RJ;Sul;Queda de Moto;;;;1;;;;;;;0;1;;;
20/03/2017;08:18:00;2717;sem vítima;34;BR-040/RJ;Norte;Choque - Objeto Fixo;1;;;;;;;;;;1;;;;
21/03/2017;06:29:00;2831;com vítima;122;BR-040/RJ;Sul;Atropelamento - Pedestre;;;;1;;;;;;;2;1;;;
21/03/2017;08:17:00;2847;sem vítima;40;BR-040/RJ;Sul;Choque - Objeto Fixo;2;;;;;;;;;;2;;;;
21/03/2017;09:30:00;2853;sem vítima;45;BR-040/RJ;Norte;Choque - Objeto Fixo;1;;;;;;;;;;1;;;;
21/03/2017;10:03:00;2858;sem vítima;78;BR-040/RJ;Sul;Choque - Objeto Fixo;1;;;;;;;;;;1;;;;
22/03/2017;07:26:00;2969;sem vítima;122;BR-040/RJ;Sul;Colisão Traseira;2;;;;;;;;;;2;;;;
22/03/2017;10:20:00;2986;sem vítima;106;BR-040/RJ;Norte;Colisão Lateral;1;;;;1;;;;;;2;;;;
22/03/2017;15:19:00;3014;com vítima;123;BR-040/RJ;Norte;Colisão Lateral;1;;1;;;;;;;;1;4;;;
22/03/2017;16:16:00;3017;com vítima;31;BR-040/RJ;Sul;Capotamento;1;;;;;;;;;;0;1;;;
22/03/2017;19:41:00;3038;com vítima;123;BR-040/RJ;Norte;Colisão Lateral;1;;1;;;;;;;;1;;1;;
23/03/2017;11:14:00;3109;com vítima;102;BR-040/RJ;Norte;Choque - Objeto Fixo;1;;;;;;;;;;0;1;;;
23/03/2017;17:17:00;3146;sem vítima;94;BR-040/RJ;Sul;Choque - Objeto Fixo;1;;;;;;;;;;1;;;;
23/03/2017;18:25:00;3149;com vítima;109;BR-040/RJ;Norte;Colisão Lateral;1;;;1;;;;;;;1;1;1;;
23/03/2017;20:59:00;3161;sem vítima;817;BR-040/MG;Sul;Choque - Objeto Fixo;1;;;;;;;;;;1;;;;
24/03/2017;03:00:00;3184;com vítima;108;BR-040/RJ;Norte;Choque - Objeto Fixo;1;;;;;;;;;;0;1;;;
24/03/2017;05:41:00;3192;com vítima;123;BR-040/RJ;Norte;Choque - Objeto Fixo;1;;;;;;;;;;0;1;;;
24/03/2017;07:21:00;3204;com vítima;119;BR-040/RJ;Norte;Colisão Traseira;1;;;1;;;;;;;1;;1;;
24/03/2017;07:26:00;3205;com vítima;113;BR-040/RJ;Sul;Queda de Moto;;;;1;;;;;;;0;1;;;
24/03/2017;17:06:00;3279;sem vítima;111;BR-040/RJ;Sul;Colisão Lateral;1;;;;1;;;;;;2;;;;
24/03/2017;19:28:00;3299;sem vítima;65;BR-040/RJ;Norte;Colisão Lateral;2;;;;;;;;;;2;;;;
25/03/2017;05:28:00;3334;com vítima;108;BR-040/RJ;Sul;Choque - Objeto Fixo;1;;;;;;;;;;0;1;;;
25/03/2017;08:51:00;3347;com vítima;81;BR-040/RJ;Norte;Queda de Moto;;;;1;;;;;;;0;2;;;
25/03/2017;10:08:00;3361;com vítima;101;BR-040/RJ;Norte;Colisão Traseira;1;;;1;;;;;;;0;3;;;
25/03/2017;11:30:00;3375;com vítima;105;BR-040/RJ;Norte;Colisão Lateral;;;;1;;1;;;;;1;;2;;
25/03/2017;13:48:00;3381;sem vítima;123;BR-040/RJ;Sul;Colisão Traseira;1;;;;1;;;;;;2;;;;
25/03/2017;14:22:00;3385;sem vítima;85;BR-040/RJ;Norte;Choque - Objeto Fixo;1;;;;;;;;;;1;;;;
25/03/2017;14:49:00;3389;com vítima;78;BR-040/RJ;Sul;Capotamento;1;;;;;;;;;;0;1;1;;
25/03/2017;18:16:00;3411;sem vítima;90;BR-040/RJ;Norte;Choque - Objeto Fixo;1;;;;;;;;;;1;;;;
25/03/2017;18:20:00;3413;com vítima;93;BR-040/RJ;Sul;Choque - Objeto Fixo;1;;;;;;;;;;0;3;2;;
25/03/2017;20:21:00;3421;sem vítima;802;BR-040/MG;Norte;Choque - Objeto Fixo;1;;;;;;;;;;1;;;;
25/03/2017;20:39:00;3423;sem vítima;79;BR-040/RJ;Norte;Choque - Objeto Fixo;1;;;;;;;;;;1;;;;
26/03/2017;01:44:00;3441;com vítima;110;BR-040/RJ;Norte;Queda de Moto;;;;1;;;;;;;0;1;;;
26/03/2017;08:22:00;3460;sem vítima;121;BR-040/RJ;Sul;Queda de Moto;;;;1;;;;;;;1;;;;
26/03/2017;10:54:00;3475;com vítima;62;BR-040/RJ;Norte;Colisão Lateral;2;;;;;;;;;;0;5;;;
26/03/2017;10:55:00;3476;com vítima;102;BR-040/RJ;Sul;Capotamento;2;1;;;;;;;;;1;1;1;;
26/03/2017;12:12:00;3480;sem vítima;85;BR-040/RJ;Sul;Choque - Objeto Fixo;1;;;;;;;;;;1;;;;
26/03/2017;18:06:00;3514;com vítima;54;BR-040/RJ;Sul;Choque - Objeto Fixo;1;;;;;;;;;;0;1;;;
26/03/2017;19:09:00;3520;com vítima;106;BR-040/RJ;Norte;Atropelamento - Pedestre;2;;;;;;;;;;2;;1;;
26/03/2017;20:43:00;3528;sem vítima;112;BR-040/RJ;Norte;Colisão Traseira;2;;;;;;;;;;2;;;;
27/03/2017;03:32:00;3556;sem vítima;113;BR-040/RJ;Norte;Derrapagem;1;;;;;;;;;;1;;;;
27/03/2017;13:10:00;3622;sem vítima;825;BR-040/MG;Sul;Choque - Objeto Fixo;1;;;;;;;;;;1;;;;
27/03/2017;16:56:00;3645;com vítima;102;BR-040/RJ;Norte;Colisão Frontal;1;1;;;;;;;;;1;1;;;
27/03/2017;17:07:00;3647;com vítima;101;BR-040/RJ;Norte;Colisão Lateral;;;;1;;1;;;;;1;1;;;
27/03/2017;17:46:00;3656;sem vítima;104;BR-040/RJ;Norte;Engavetamento;3;;;;;;;;;;3;;;;
27/03/2017;20:51:00;3670;sem vítima;93;BR-040/RJ;Sul;Choque - Objeto Fixo;1;;;;;;;;;;1;;;;
28/03/2017;10:18:00;3726;sem vítima;117;BR-040/RJ;Sul;Choque - Objeto Fixo;1;;;;;;;;;;1;;;;
28/03/2017;12:01:00;3739;sem vítima;91;BR-040/RJ;Norte;Choque - Objeto Fixo;1;;;;;;;;;;1;;;;
28/03/2017;12:17:00;3742;sem vítima;93;BR-040/RJ;Sul;Choque - Objeto Fixo;1;;;;;;;;;;1;;;;
28/03/2017;12:43:00;3746;sem vítima;92;BR-040/RJ;Sul;Choque - Objeto Fixo;1;;;;;;;;;;1;;;;
28/03/2017;13:51:00;3749;sem vítima;82;BR-040/RJ;Sul;Choque - Objeto Fixo;;;1;;;;;;;;1;;;;
28/03/2017;14:30:00;3756;sem vítima;24;BR-040/RJ;Sul;Choque - Objeto Fixo;1;;;;;;;;;;1;;;;
28/03/2017;15:26:00;3761;sem vítima;75;BR-040/RJ;Sul;Choque - Objeto Fixo;1;;;;;;;;;;1;;;;
28/03/2017;15:28:00;3762;com vítima;39;BR-040/RJ;Norte;Tombamento;;;1;;;;;;;;0;3;;;
28/03/2017;15:37:00;3763;com vítima;91;BR-040/RJ;Norte;Choque - Objeto Fixo;1;;;;;;;;;;0;1;;;
28/03/2017;15:39:00;3764;com vítima;112;BR-040/RJ;Norte;Colisão Traseira;1;;1;;;;;;;;1;2;;;
28/03/2017;15:48:00;3766;com vítima;40;BR-040/RJ;Sul;Choque - Objeto Fixo;1;;;;;;;;;;0;1;;;
28/03/2017;15:53:00;3767;sem vítima;121;BR-040/RJ;Sul;Tombamento;1;;;;;;;;;;1;;;;
28/03/2017;16:36:00;3776;sem vítima;75;BR-040/RJ;Sul;Capotamento;1;;;;;;;;;;1;;;;
28/03/2017;17:00:00;3779;sem vítima;84;BR-040/RJ;Norte;Choque - Objeto Fixo;1;;;;;;;;;;1;;;;
28/03/2017;17:39:00;3785;sem vítima;1;BR-040/RJ;Sul;Choque - Objeto Fixo;1;;;;;;;;;;1;;;;
28/03/2017;17:54:00;3787;sem vítima;92;BR-040/RJ;Sul;Choque - Objeto Fixo;1;;;;;;;;;;1;;;;
28/03/2017;19:26:00;3798;com vítima;66;BR-040/RJ;Norte;Capotamento;1;;;;;;;;;;0;2;;;
29/03/2017;04:24:00;3824;sem vítima;85;BR-040/RJ;Sul;Choque - Objeto Fixo;1;;;;;;;;;;1;;;;
29/03/2017;05:00:00;3827;sem vítima;96;BR-040/RJ;Norte;Choque - Objeto Fixo;1;;;;;;;;;;1;;;;
29/03/2017;06:59:00;3837;com vítima;94;BR-040/RJ;Sul;Tombamento;;;1;;;;;;;;0;;;;1
29/03/2017;07:12:00;3840;sem vítima;81;BR-040/RJ;Sul;Choque - Objeto Fixo;1;;;;;;;;;;1;;;;
29/03/2017;07:15:00;3841;com vítima;73;BR-040/RJ;Norte;Capotamento;1;;;;;;;;;;0;1;;;
29/03/2017;07:44:00;3847;sem vítima;120;BR-040/RJ;Sul;Colisão Traseira;2;;;;;;;;;;2;;;;
29/03/2017;08:24:00;3852;com vítima;114;BR-040/RJ;Sul;Queda de Moto;1;;;1;;;;;;;1;1;;;
29/03/2017;08:36:00;3854;sem vítima;117;BR-040/RJ;Sul;Colisão Traseira;1;;;;;;;;;;1;;;;
29/03/2017;12:36:00;3877;com vítima;84;BR-040/RJ;Norte;Choque - Objeto Fixo;1;;;;;;;;;;0;1;;;
29/03/2017;15:22:00;3896;sem vítima;104;BR-040/RJ;Sul;Choque - Objeto Fixo;1;;;;;;;;;;1;;;;
29/03/2017;15:54:00;3899;sem vítima;89;BR-040/RJ;Sul;Colisão Lateral;2;;;;;;;;;;2;;;;
29/03/2017;16:07:00;3902;com vítima;88;BR-040/RJ;Norte;Capotamento;1;;;;;;;;;;0;1;;;
29/03/2017;19:44:00;3930;com vítima;106;BR-040/RJ;Norte;Queda de Moto;;;;1;;;;;;;0;1;;;
29/03/2017;19:54:00;3931;sem vítima;109;BR-040/RJ;Norte;Choque - Objeto Fixo;1;;;;;;;;;;1;;;;
29/03/2017;22:27:00;3938;sem vítima;105;BR-040/RJ;Sul;Colisão Frontal;1;;1;;;;;;;;2;;;;
30/03/2017;00:28:00;3946;sem vítima;94;BR-040/RJ;Sul;Derrapagem;;;1;;;;;;;;1;;;;
30/03/2017;01:48:00;3950;sem vítima;114;BR-040/RJ;Norte;Choque - Objeto Fixo;1;;;;;;;;;;1;;;;
30/03/2017;05:18:00;3965;sem vítima;113;BR-040/RJ;Sul;Derrapagem;1;;;;;;;;;;1;;;;
30/03/2017;10:05:00;3997;sem vítima;45;BR-040/RJ;Norte;Colisão Lateral;2;;;;;;;;;;2;;;;
30/03/2017;12:28:00;4009;com vítima;119;BR-040/RJ;Norte;Choque - Objeto Fixo;1;;;;;;;;;;0;1;;;
30/03/2017;20:13:00;4075;sem vítima;101;BR-040/RJ;Sul;Colisão Traseira;2;;;;;;;;;;2;;;;
31/03/2017;07:08:00;4101;sem vítima;123;BR-040/RJ;Sul;Colisão Lateral;2;;;;;;;;;;2;;;;
31/03/2017;07:55:00;4104;sem vítima;82;BR-040/RJ;Sul;Choque - Objeto Fixo;1;;;;;;;;;;1;;;;
31/03/2017;07:55:00;4105;sem vítima;82;BR-040/RJ;Sul;Choque - Objeto Fixo;1;;;;;;;;;;1;;;;
31/03/2017;08:04:00;4106;com vítima;84;BR-040/RJ;Sul;Choque - Objeto Fixo;1;;;;;;;;;;0;3;1;;
31/03/2017;08:51:00;4116;sem vítima;84;BR-040/RJ;Norte;Choque - Objeto Fixo;1;;;;;;;;;;1;;;;
31/03/2017;10:27:00;4128;sem vítima;124;BR-040/RJ;Sul;Colisão Traseira;1;;1;;;;;;;;2;;;;
31/03/2017;15:11:00;4154;sem vítima;122;BR-040/RJ;Norte;Colisão Lateral;1;;1;;;;;;;;2;;;;
31/03/2017;17:13:00;4163;sem vítima;123;BR-040/RJ;Norte;Colisão Lateral;1;;1;;;;;;;;2;;;;
31/03/2017;18:26:00;4168;sem vítima;114;BR-040/RJ;Norte;Engavetamento;3;;;;;;;;;;3;;;;
31/03/2017;19:14:00;4170;sem vítima;114;BR-040/RJ;Norte;Colisão Traseira;2;;;;;;;;;;2;;;;
31/03/2017;21:00:00;4178;sem vítima;116;BR-040/RJ;Norte;Colisão Lateral;1;;;;;2;;;;;3;;;;
01/04/2017;05:41:00;18;sem vítima;67;BR-040/RJ;Norte;Choque - Objeto Fixo;1;;;;;;;;;;1;;;;
01/04/2017;06:03:00;20;sem vítima;78;BR-040/RJ;Sul;Choque - Objeto Fixo;1;;;;;;;;;;1;;;;
01/04/2017;06:48:00;25;sem vítima;92;BR-040/RJ;Sul;Choque - Objeto Fixo;1;;;;;;;;;;1;;;;
01/04/2017;07:36:00;36;sem vítima;93;BR-040/RJ;Sul;Choque - Objeto Fixo;1;;;;;;;;;;1;;;;
01/04/2017;07:47:00;37;sem vítima;92;BR-040/RJ;Sul;Choque - Objeto Fixo;1;;;;;;;;;;1;;;;
01/04/2017;08:40:00;43;com vítima;796;BR-040/MG;Sul;Colisão Frontal;2;;;;;;;;;;0;7;;;
01/04/2017;09:15:00;48;com vítima;78;BR-040/RJ;Sul;Choque - Objeto Fixo;1;;;;;;;;;;0;2;;;
01/04/2017;10:05:00;56;sem vítima;78;BR-040/RJ;Sul;Choque - Objeto Fixo;1;;;;;;;;;;1;;;;
01/04/2017;09:18:00;66;sem vítima;79;BR-040/RJ;Sul;Choque - Objeto Fixo;1;;;;;;;;;;1;;;;
01/04/2017;14:20:00;90;com vítima;111;BR-040/RJ;Norte;Queda de Moto;;;;1;;;;;;;0;2;;;
01/04/2017;15:44:00;103;com vítima;58;BR-040/RJ;Sul;Choque - Objeto Fixo;1;;;;;;;;;;0;;1;;
01/04/2017;17:23:00;119;sem vítima;78;BR-040/RJ;Sul;;1;;;;;;;;;;1;;;;
01/04/2017;18:52:00;128;com vítima;108;BR-040/RJ;Sul;Atropelamento - Pedestre;1;;;;;;;;;;1;;1;;
01/04/2017;22:43:00;145;sem vítima;93;BR-040/RJ;Sul;Derrapagem;1;;;;;;;;;;1;;;;
02/04/2017;02:10:00;158;sem vítima;120;BR-040/RJ;Norte;Choque - Objeto Fixo;1;;;;;;;;;;1;;;;
02/04/2017;05:35:00;168;sem vítima;77;BR-040/RJ;Sul;Derrapagem;1;;;;;;;;;;1;;;;
02/04/2017;10:39:00;188;com vítima;84;BR-040/RJ;Sul;Queda de Moto;;;;1;;;;;;;0;2;;;
02/04/2017;16:15:00;227;sem vítima;80;BR-040/RJ;Norte;Choque - Objeto Fixo;1;;;;;;;;;;1;;;;
02/04/2017;19:07:00;246;com vítima;104;BR-040/RJ;Norte;Atropelamento - Pedestre;;;;;;1;;;;;1;;;1;
02/04/2017;19:36:00;247;sem vítima;84;BR-040/RJ;Norte;Choque - Objeto Fixo;1;;;;;;;;;;1;;;;
03/04/2017;03:38:00;273;sem vítima;93;BR-040/RJ;Sul;Choque - Objeto Fixo;1;;;;;;;;;;1;;;;
03/04/2017;06:43:00;286;com vítima;122;BR-040/RJ;Sul;Queda de Moto;;;;1;;;;;;;0;1;;;
03/04/2017;12:32:00;331;sem vítima;123;BR-040/RJ;Sul;Colisão Traseira;2;;;;;;;;;;2;;;;
03/04/2017;17:23:00;366;sem vítima;119;BR-040/RJ;Norte;Colisão Lateral;;;;1;1;;;;;;2;;;;
03/04/2017;21:44:00;386;sem vítima;780;BR-040/MG;Sul;Colisão Lateral;1;;1;;;;;;;;2;;;;
04/04/2017;06:54:00;423;sem vítima;93;BR-040/RJ;Sul;Choque - Objeto Fixo;1;;;;;;;;;;1;;;;
04/04/2017;16:48:00;500;sem vítima;109;BR-040/RJ;Norte;Colisão Lateral;;;2;;;;;;;;2;;;;
05/04/2017;04:00:00;557;com vítima;792;BR-040/MG;Sul;Derrapagem;;;1;;;;;;;;0;2;;;
05/04/2017;07:38:00;575;com vítima;87;BR-040/RJ;Sul;Tombamento;1;;1;;;;;;;;0;;1;;1
05/04/2017;08:35:00;580;com vítima;102;BR-040/RJ;Sul;Engavetamento;3;;;;;;;;;;1;3;;;
05/04/2017;08:56:00;582;com vítima;113;BR-040/RJ;Norte;Queda de Moto;;;;1;;;;;;;0;1;;;
05/04/2017;12:12:00;608;com vítima;101;BR-040/RJ;Norte;Choque - Objeto Fixo;1;;;;;;;;;;0;1;;;
05/04/2017;14:40:00;626;sem vítima;93;BR-040/RJ;Norte;Choque - Objeto Fixo;1;;;;;;;;;;1;;;;
05/04/2017;17:36:00;649;sem vítima;60;BR-040/RJ;Norte;Colisão Lateral;1;;1;;;;;;;;2;;;;
05/04/2017;20:17:00;665;com vítima;821;BR-040/MG;Norte;Colisão Traseira;;;2;;;;;;;;1;;1;;
06/04/2017;07:23:00;706;com vítima;120;BR-040/RJ;Sul;Engavetamento;3;;;;;;;;;;4;2;;;
06/04/2017;10:53:00;734;com vítima;3;BR-040/RJ;Norte;Derrapagem;1;;;;;;;;;;0;2;;;
06/04/2017;12:17:00;743;sem vítima;109;BR-040/RJ;Norte;Colisão Lateral;1;;1;;;;;;;;2;;;;
06/04/2017;14:48:00;765;com vítima;85;BR-040/RJ;Sul;Choque - Objeto Fixo;;;1;;;;;;;;0;3;;;
07/04/2017;05:20:00;835;sem vítima;91;BR-040/RJ;Norte;Choque - Objeto Fixo;1;;;;;;;;;;1;;;;
07/04/2017;11:16:00;869;com vítima;90;BR-040/RJ;Norte;Tombamento;1;;;;;;;;;;0;1;;;
07/04/2017;11:27:00;874;sem vítima;792;BR-040/MG;Norte;Choque - Objeto Fixo;1;;;;;;;;;;1;;;;
07/04/2017;11:41:00;875;com vítima;110;BR-040/RJ;Norte;;3;;;;;;;;;;0;2;1;;
07/04/2017;11:47:00;877;sem vítima;795;BR-040/MG;Sul;Choque - Objeto Fixo;1;;;;;;;;;;1;;;;
07/04/2017;12:19:00;882;sem vítima;92;BR-040/RJ;Sul;Choque - Objeto Fixo;;;1;;;;;;;;1;;;;
07/04/2017;12:33:00;884;com vítima;94;BR-040/RJ;Sul;Capotamento;1;;;;;;;;;;0;1;;;
07/04/2017;12:41:00;885;sem vítima;94;BR-040/RJ;Norte;Choque - Objeto Fixo;1;;;;;;;;;;1;;;;
07/04/2017;12:41:00;886;sem vítima;94;BR-040/RJ;Norte;Choque - Objeto Fixo;1;;;;;;;;;;1;;;;
07/04/2017;13:21:00;890;sem vítima;799;BR-040/MG;Norte;Tombamento;1;;;;;;;;;;1;;;;
07/04/2017;16:01:00;910;sem vítima;115;BR-040/RJ;Sul;Capotamento;1;;;;;;;;;;4;;;;
07/04/2017;17:38:00;923;com vítima;115;BR-040/RJ;Norte;Colisão Lateral;1;;;1;;;;;;;1;2;;;
07/04/2017;21:39:00;952;com vítima;119;BR-040/RJ;Sul;Choque - Objeto Fixo;;;1;;;;;;;;0;3;;;
07/04/2017;22:39:00;959;sem vítima;119;BR-040/RJ;Sul;Derrapagem;1;;;;;;;;;;1;;;;
08/04/2017;00:25:00;980;sem vítima;77;BR-040/RJ;Sul;Derrapagem;1;;;;;;;;;;1;;;;
08/04/2017;04:50:00;999;sem vítima;118;BR-040/RJ;Sul;Choque - Objeto Fixo;1;;;;;;;;;;1;;;;
08/04/2017;06:31:00;1003;sem vítima;113;BR-040/RJ;Norte;Choque - Objeto Fixo;1;;;;;;;;;;1;;;;
08/04/2017;06:41:00;1006;sem vítima;22;BR-040/RJ;Sul;Choque - Objeto Fixo;1;;;;;;;;;;1;;;;
08/04/2017;06:45:00;1008;com vítima;124;BR-040/RJ;Sul;Engavetamento;;;1;;2;;;;;;1;7;;;
08/04/2017;07:53:00;1014;sem vítima;86;BR-040/RJ;Sul;Choque - Objeto Fixo;1;;;;;;;;;;1;;;;
08/04/2017;10:08:00;1027;sem vítima;85;BR-040/RJ;Sul;Choque - Objeto Fixo;1;;;;;;;;;;1;;;;
08/04/2017;10:23:00;1028;com vítima;92;BR-040/RJ;Sul;Choque - Objeto Fixo;1;;;;;;;;;;0;1;1;;
08/04/2017;10:58:00;1035;com vítima;64;BR-040/RJ;Sul;Choque - Objeto Fixo;1;;;;;;;;;;0;4;;;