data;horario;n_da_ocorrencia;tipo_de_ocorrencia;km;trecho;sentido;tipo_de_acidente;automovel;bicicleta;caminhao;moto;onibus;outros;tracao_animal;transporte_de_cargas_especiais;trator_maquinas;utilitarios;ilesos;levemente_feridos;moderadamente_feridos;gravemente_feridos;mortos
08/04/2017;11:14:00;1039;sem vítima;92;BR-040/RJ;Sul;Choque - Objeto Fixo;1;;;;;;;;;;1;;;;
08/04/2017;11:39:00;1046;com vítima;93;BR-040/RJ;Sul;Derrapagem;1;;;;;;;;;;0;1;;;
08/04/2017;11:44:00;1047;com vítima;93;BR-040/RJ;Sul;Choque - Objeto Fixo;1;;;;;;;;;;0;3;;;
08/04/2017;11:49:00;1048;com vítima;824;BR-040/MG;Sul;Choque - Objeto Fixo;1;;;;;;;;;;0;4;;;
08/04/2017;11:54:00;1049;sem vítima;93;BR-040/RJ;Norte;Colisão Traseira;2;;;;;;;;;;2;;;;
08/04/2017;13:33:00;1063;sem vítima;91;BR-040/RJ;Norte;Choque - Objeto Fixo;1;;;;;;;;;;1;;;;
08/04/2017;14:00:00;1066;sem vítima;801;BR-040/MG;Norte;Derrapagem;1;;;;;;;;;;1;;;;
08/04/2017;14:23:00;1068;sem vítima;41;BR-040/RJ;Norte;Choque - Objeto Fixo;1;;;;;;;;;;1;;;;
08/04/2017;15:57:00;1087;sem vítima;84;BR-040/RJ;Norte;Choque - Objeto Fixo;1;;;;;;;;;;1;;;;
08/04/2017;16:58:00;1095;com vítima;91;BR-040/RJ;Norte;Choque - Objeto Fixo;1;;;;;;;;;;0;4;;;
08/04/2017;17:07:00;1096;sem vítima;36;BR-040/RJ;Norte;Choque - Objeto Fixo;1;;;;;;;;;;1;;;;
08/04/2017;18:25:00;1106;sem vítima;93;BR-040/RJ;Sul;Choque - Objeto Fixo;1;;;;;;;;;;1;;;;
08/04/2017;18:55:00;1111;sem vítima;100;BR-040/RJ;Norte;Choque - Objeto Fixo;1;;;;;;;;;;1;;;;
08/04/2017;20:21:00;1117;sem vítima;85;BR-040/RJ;Norte;Choque - Objeto Fixo;1;;;;;;;;;;1;;;;
08/04/2017;20:37:00;1120;sem vítima;112;BR-040/RJ;Norte;Colisão Lateral;2;;;;;;;;;;2;;;;
08/04/2017;22:07:00;1125;sem vítima;804;BR-040/MG;Norte;Choque - Objeto Fixo;1;;;;;;;;;;1;;;;
09/04/2017;03:25:00;1150;sem vítima;62;BR-040/RJ;Norte;Derrapagem;2;;;;;;;;;;2;;;;
09/04/2017;04:14:00;1154;sem vítima;123;BR-040/RJ;Sul;Colisão Lateral;1;;;;;1;;;;;2;;;;
09/04/2017;04:29:00;1156;sem vítima;123;BR-040/RJ;Sul;Choque - Objeto Fixo;1;;;;;;;;;;1;;;;
09/04/2017;05:15:00;1158;com vítima;812;BR-040/MG;Sul;Queda de Moto;;;;1;;;;;;;0;;1;;
09/04/2017;11:46:00;1183;com vítima;62;BR-040/RJ;Norte;Atropelamento - Pedestre;1;1;;;;;;;;;0;1;;1;
09/04/2017;12:21:00;1187;sem vítima;778;BR-040/MG;Sul;Choque - Objeto Fixo;1;;;;;;;;;;1;;;;
09/04/2017;16:24:00;1210;com vítima;65;BR-040/RJ;Sul;Queda de Moto;;;;1;;;;;;;0;2;;;
09/04/2017;16:34:00;1212;sem vítima;81;BR-040/RJ;Sul;Choque - Objeto Fixo;1;;;;;;;;;;1;;;;
09/04/2017;17:53:00;1221;com vítima;77;BR-040/RJ;Sul;Capotamento;1;;;;;;;;;;0;2;3;;
09/04/2017;19:46:00;1230;com vítima;793;BR-040/MG;Sul;Atropelamento - Pedestre;;;;;;1;;;;;1;;;;1
09/04/2017;19:49:00;1238;sem vítima;793;BR-040/MG;Sul;Choque - Objeto Fixo;1;;;;;;;;;;1;;;;
09/04/2017;21:10:00;1240;sem vítima;119;BR-040/RJ;Norte;Choque - Objeto Fixo;1;;;;;;;;;;1;;;;
09/04/2017;22:25:00;1249;com vítima;4;BR-040/RJ;Sul;Capotamento;1;;;;;;;;;;0;4;;;
09/04/2017;22:28:00;1251;com vítima;66;BR-040/RJ;Sul;Capotamento;3;;;;;1;;;;;1;6;2;2;1
09/04/2017;23:50:00;1259;sem vítima;6;BR-040/RJ;Sul;Choque - Objeto Fixo;1;;;;;;;;;;1;;;;
10/04/2017;02:12:00;1264;sem vítima;815;BR-040/MG;Sul;Choque - Objeto Fixo;1;;;;;;;;;;1;;;;
10/04/2017;07:02:00;1281;com vítima;85;BR-040/RJ;Sul;Tombamento;;;1;;;;;;;;0;;1;;
10/04/2017;10:22:00;1303;com vítima;117;BR-040/RJ;Sul;Colisão Traseira;2;;;;;;;;;;0;1;1;;
10/04/2017;14:26:00;1330;sem vítima;87;BR-040/RJ;Norte;Choque - Objeto Fixo;1;;;;;;;;;;1;;;;
10/04/2017;15:04:00;1337;sem vítima;116;BR-040/RJ;Norte;Colisão Lateral;;;2;;;;;;;;2;;;;
10/04/2017;17:11:00;1350;sem vítima;84;BR-040/RJ;Sul;Choque - Objeto Fixo;1;;;;;;;;;;1;;;;
10/04/2017;17:20:00;1356;com vítima;84;BR-040/RJ;Sul;Choque - Objeto Fixo;1;;;;;;;;;;0;1;;;
10/04/2017;19:13:00;1370;sem vítima;85;BR-040/RJ;Norte;Choque - Objeto Fixo;1;;;;;;;;;;1;;;;
10/04/2017;20:03:00;1376;com vítima;787;BR-040/MG;Norte;Capotamento;1;;;;;;;;;;0;3;;;
10/04/2017;20:28:00;1377;sem vítima;81;BR-040/RJ;Sul;Choque - Objeto Fixo;1;;;;;;;;;;1;;;;
10/04/2017;20:50:00;1379;sem vítima;85;BR-040/RJ;Sul;Choque - Objeto Fixo;1;;;;;;;;;;1;;;;
10/04/2017;22:51:00;1390;sem vítima;118;BR-040/RJ;Norte;Colisão Traseira;1;;;;;1;;;;;2;;;;
11/04/2017;10:10:00;1446;sem vítima;773;BR-040/MG;Sul;Choque - Objeto Fixo;1;;;;;;;;;;1;;;;
11/04/2017;12:20:00;1457;com vítima;51;BR-040/RJ;Sul;Capotamento;1;;;;;;;;;;0;3;;;
11/04/2017;13:13:00;1467;com vítima;120;BR-040/RJ;Sul;Colisão Traseira;2;;;;;;;;;;0;2;1;;
11/04/2017;14:55:00;1482;sem vítima;85;BR-040/RJ;Sul;Choque - Objeto Fixo;;;1;;;;;;;;1;;;;
11/04/2017;17:34:00;1511;sem vítima;119;BR-040/RJ;Sul;Choque - Objeto Fixo;1;;1;;;;;;;;2;;;;
11/04/2017;18:02:00;1515;sem vítima;84;BR-040/RJ;Norte;Choque - Objeto Fixo;1;;;;;;;;;;1;;;;
11/04/2017;18:50:00;1526;com vítima;41;BR-040/RJ;Norte;Choque - Objeto Fixo;1;;;;;;;;;;0;2;;;
11/04/2017;18:54:00;1528;com vítima;111;BR-040/RJ;Norte;Engavetamento;4;;;;;;;;;;1;2;1;;
12/04/2017;06:05:00;1571;sem vítima;88;BR-040/RJ;Norte;Colisão Traseira;2;;;;;;;;;;2;;;;
12/04/2017;07:34:00;1586;com vítima;90;BR-040/RJ;Sul;Capotamento;1;;;;;;;;;;0;1;;;
12/04/2017;10:12:00;1617;sem vítima;114;BR-040/RJ;Sul;Engavetamento;3;;;;;;;;;;3;;;;
12/04/2017;10:45:00;1619;sem vítima;102;BR-040/RJ;Sul;Colisão Traseira;2;;;;;;;;;;2;;;;
12/04/2017;11:04:00;1621;sem vítima;84;BR-040/RJ;Norte;Choque - Objeto Fixo;1;;;;;;;;;;1;;;;
12/04/2017;12:39:00;1639;sem vítima;78;BR-040/RJ;Sul;Choque - Objeto Fixo;1;;;;;;;;;;1;;;;
12/04/2017;12:45:00;1641;sem vítima;91;BR-040/RJ;Norte;Choque - Objeto Fixo;1;;;;;;;;;;1;;;;
12/04/2017;13:30:00;1647;sem vítima;92;BR-040/RJ;Sul;Choque - Objeto Fixo;1;;;;;;;;;;1;;;;
12/04/2017;14:30:00;1652;sem vítima;92;BR-040/RJ;Norte;Choque - Objeto Fixo;1;;;;;;;;;;1;;;;
12/04/2017;15:17:00;1660;sem vítima;92;BR-040/RJ;Sul;Choque - Objeto Fixo;1;;;;;;;;;;1;;;;
12/04/2017;15:37:00;1662;sem vítima;60;BR-040/RJ;Norte;Choque - Objeto Fixo;1;;;;;;;;;;1;;;;
12/04/2017;16:11:00;1667;sem vítima;34;BR-040/RJ;Norte;Choque - Objeto Fixo;1;;;;;;;;;;1;;;;
12/04/2017;16:27:00;1670;sem vítima;93;BR-040/RJ;Sul;Choque - Objeto Fixo;1;;;;;;;;;;1;;;;
12/04/2017;17:46:00;1683;sem vítima;24;BR-040/RJ;Sul;Choque - Objeto Fixo;1;;;;;;;;;;1;;;;
12/04/2017;19:24:00;1699;sem vítima;93;BR-040/RJ;Sul;Choque - Objeto Fixo;1;;;;;;;;;;1;;;;
12/04/2017;20:11:00;1706;com vítima;123;BR-040/RJ;Norte;Atropelamento - Animal;1;;;;;;;;;;1;1;;;
12/04/2017;20:32:00;1709;sem vítima;98;BR-040/RJ;Sul;Choque - Objeto Fixo;1;;;;;;;;;;1;;;;
12/04/2017;21:00:00;1711;sem vítima;108;BR-040/RJ;Norte;Choque - Objeto Fixo;1;;;;;;;;;;1;;;;
12/04/2017;21:47:00;1717;sem vítima;787;BR-040/MG;Norte;Capotamento;1;;;;;;;;;;1;;;;
12/04/2017;23:03:00;1725;sem vítima;83;BR-040/RJ;Sul;Derrapagem;1;;;;;;;;;;1;;;;
13/04/2017;04:00:00;1746;com vítima;115;BR-040/RJ;Norte;Capotamento;1;;;;;;;;;;0;1;;;
13/04/2017;05:40:00;1754;com vítima;109;BR-040/RJ;Sul;Choque - Objeto Fixo;1;;;;;;;;;;0;1;;;
13/04/2017;06:27:00;1756;sem vítima;92;BR-040/RJ;Sul;Choque - Objeto Fixo;1;;;;;;;;;;1;;;;
13/04/2017;06:33:00;1757;sem vítima;96;BR-040/RJ;Sul;Choque - Objeto Fixo;1;;;;;;;;;;1;;;;
13/04/2017;07:01:00;1762;com vítima;93;BR-040/RJ;Sul;Choque - Objeto Fixo;1;;;;;;;;;;0;5;;;
13/04/2017;07:04:00;1763;sem vítima;101;BR-040/RJ;Norte;Choque - Objeto Fixo;1;;;;;;;;;;1;;;;
13/04/2017;07:24:00;1768;sem vítima;80;BR-040/RJ;Sul;Capotamento;1;;;;;;;;;;1;;;;
13/04/2017;08:54:00;1784;sem vítima;79;BR-040/RJ;Sul;Choque - Objeto Fixo;1;;;;;;;;;;1;;;;
13/04/2017;08:59:00;1786;sem vítima;91;BR-040/RJ;Sul;Choque - Objeto Fixo;1;;;;;;;;;;1;;;;
13/04/2017;09:44:00;1790;com vítima;94;BR-040/RJ;Norte;Capotamento;1;;;;;;;;;;0;1;;;
13/04/2017;10:08:00;1794;sem vítima;78;BR-040/RJ;Sul;Choque - Objeto Fixo;1;;;;;;;;;;1;;;;
13/04/2017;10:47:00;1801;sem vítima;79;BR-040/RJ;Sul;Choque - Objeto Fixo;1;;;;;;;;;;1;;;;
13/04/2017;11:21:00;1807;sem vítima;84;BR-040/RJ;Sul;Choque - Objeto Fixo;1;;;;;;;;;;1;;;;
13/04/2017;13:34:00;1825;sem vítima;82;BR-040/RJ;Sul;Choque - Objeto Fixo;1;;;;;;;;;;1;;;;
13/04/2017;14:06:00;1827;sem vítima;78;BR-040/RJ;Sul;Choque - Objeto Fixo;1;;;;;;;;;;1;;;;
13/04/2017;14:34:00;1831;sem vítima;86;BR-040/RJ;Sul;Choque - Objeto Fixo;1;;;;;;;;;;1;;;;
13/04/2017;14:38:00;1832;com vítima;92;BR-040/RJ;Sul;Choque - Objeto Fixo;1;;;;;;;;;;0;4;;;
13/04/2017;15:24:00;1836;sem vítima;93;BR-040/RJ;Sul;Choque - Objeto Fixo;1;;;;;;;;;;1;;;;
13/04/2017;15:36:00;1837;sem vítima;73;BR-040/RJ;Norte;Choque - Objeto Fixo;1;;;;;;;;;;1;;;;
13/04/2017;16:21:00;1843;sem vítima;78;BR-040/RJ;Sul;Capotamento;1;;;;;;;;;;1;;;;
13/04/2017;17:04:00;1848;sem vítima;85;BR-040/RJ;Sul;Choque - Objeto Fixo;1;;;;;;;;;;1;;;;
13/04/2017;17:33:00;1850;sem vítima;84;BR-040/RJ;Sul;Choque - Objeto Fixo;1;;;;;;;;;;1;;;;
14/04/2017;00:17:00;1885;sem vítima;90;BR-040/RJ;Sul;Choque - Objeto Fixo;1;;;;;;;;;;1;;;;
14/04/2017;00:24:00;1889;sem vítima;824;BR-040/MG;Norte;Choque - Objeto Fixo;1;;;;;;;;;;1;;;;
14/04/2017;02:19:00;1895;sem vítima;96;BR-040/RJ;Sul;Derrapagem;;;;;1;;;;;;1;;;;
14/04/2017;11:15:00;1949;sem vítima;780;BR-040/MG;Norte;Choque - Objeto Fixo;1;;;;;;;;;;1;;;;
14/04/2017;11:57:00;1955;com vítima;802;BR-040/MG;Sul;Colisão Lateral;1;;;1;;;;;;;0;4;;;
14/04/2017;13:15:00;1965;com vítima;802;BR-040/MG;Norte;Colisão Traseira;2;;;;;;;;;;1;5;;;
14/04/2017;15:43:00;1976;sem vítima;53;BR-040/RJ;Sul;Colisão Lateral;1;;1;;;;;;;;2;;;;
14/04/2017;17:50:00;1985;com vítima;56;BR-040/RJ;Sul;Queda de Moto;;;;1;;;;;;;0;;1;;
14/04/2017;19:05:00;1988;sem vítima;91;BR-040/RJ;Norte;Choque - Objeto Fixo;1;;;;;;;;;;1;;;;
14/04/2017;20:40:00;1995;com vítima;786;BR-040/MG;Norte;Capotamento;1;;;;;;;;;;0;1;;;
15/04/2017;07:19:00;2018;com vítima;39;BR-040/RJ;Sul;Choque - Objeto Fixo;;;1;;;;;;;;0;;1;;
15/04/2017;20:01:00;2064;com vítima;85;BR-040/RJ;Sul;Tombamento;;;1;;;;;;;;0;1;1;;
16/04/2017;00:40:00;2088;com vítima;73;BR-040/RJ;Sul;Capotamento;1;;;;;;;;;;0;;1;1;
16/04/2017;07:09:00;2107;sem vítima;8;BR-040/RJ;Norte;Choque - Objeto Fixo;1;;;;;;;;;;1;;;;
16/04/2017;12:19:00;2131;com vítima;111;BR-040/RJ;Sul;Engavetamento;3;;;;;;;;;;1;3;;;
16/04/2017;15:09:00;2149;com vítima;40;BR-040/RJ;Sul;Colisão Traseira;2;;;;;;;;;;0;3;;;
16/04/2017;16:47:00;2170;sem vítima;101;BR-040/RJ;Sul;Colisão Lateral;2;;;;;;;;;;2;;;;
16/04/2017;18:21:00;2185;com vítima;101;BR-040/RJ;Norte;Atropelamento - Pedestre;1;;;;;;;;;;1;;;1;
16/04/2017;21:48:00;2214;sem vítima;57;BR-040/RJ;Sul;Capotamento;1;;;;;;;;;;1;;;;
17/04/2017;00:07:00;2228;sem vítima;105;BR-040/RJ;Norte;Choque - Objeto Fixo;1;;;;;;;;;;1;;;;
17/04/2017;06:36:00;2245;com vítima;825;BR-040/MG;Norte;Choque - Objeto Fixo;1;;;;;;;;;;0;2;;;
17/04/2017;08:33:00;2261;sem vítima;121;BR-040/RJ;Sul;Engavetamento;1;;2;;;;;;;;3;;;;
17/04/2017;13:29:00;2296;com vítima;94;BR-040/RJ;Sul;Queda de Moto;;;;1;;;;;;;0;1;1;;
17/04/2017;15:03:00;2313;sem vítima;91;BR-040/RJ;Sul;Choque - Objeto Fixo;1;;;;;;;;;;1;;;;
17/04/2017;15:11:00;2314;com vítima;93;BR-040/RJ;Sul;Choque - Objeto Fixo;1;;;;;;;;;;0;2;;;
17/04/2017;16:13:00;2319;sem vítima;96;BR-040/RJ;Sul;Choque - Objeto Fixo;1;;;;;;;;;;1;;;;
17/04/2017;16:22:00;2321;com vítima;92;BR-040/RJ;Sul;Choque - Objeto Fixo;1;;;;;;;;;;0;2;;;
17/04/2017;18:24:00;2335;sem vítima;111;BR-040/RJ;Norte;Engavetamento;3;;;;;;;;;;3;;;;
17/04/2017;19:07:00;2342;sem vítima;108;BR-040/RJ;Norte;Colisão Lateral;;;;;1;1;;;;;2;;;;
18/04/2017;00:03:00;2376;sem vítima;85;BR-040/RJ;Sul;Choque - Objeto Fixo;1;;;;;;;;;;1;;;;
18/04/2017;06:34:00;2396;sem vítima;87;BR-040/RJ;Sul;Choque - Objeto Fixo;1;;;;;;;;;;1;;;;
18/04/2017;07:01:00;2403;sem vítima;91;BR-040/RJ;Sul;Choque - Objeto Fixo;1;;;;;;;;;;1;;;;
18/04/2017;07:40:00;2409;sem vítima;92;BR-040/RJ;Norte;Choque - Objeto Fixo;1;;;;;;;;;;1;;;;
18/04/2017;12:00:00;2444;sem vítima;85;BR-040/RJ;Norte;Choque - Objeto Fixo;1;;;;;;;;;;1;;;;
18/04/2017;17:32:00;2488;sem vítima;793;BR-040/MG;Norte;Atropelamento - Animal;;;;1;;;;;;;1;;;;
18/04/2017;18:15:00;2492;com vítima;111;BR-040/RJ;Sul;Engavetamento;5;;;;;1;;;;;4;3;;;
18/04/2017;18:43:00;2497;sem vítima;91;BR-040/RJ;Norte;Choque - Objeto Fixo;1;;;;;;;;;;1;;;;
18/04/2017;19:00:00;2498;sem vítima;93;BR-040/RJ;Norte;Colisão Traseira;1;;;;;1;;;;;2;;;;
18/04/2017;21:29:00;2520;com vítima;102;BR-040/RJ;Norte;Colisão Transversal;1;1;;;;;;;;;0;1;1;;
19/04/2017;11:10:00;2597;sem vítima;809;BR-040/MG;Sul;Choque - Objeto Fixo;1;;;;;;;;;;1;;;;
19/04/2017;15:08:00;2621;com vítima;121;BR-040/RJ;Sul;Colisão Traseira;1;;;1;;;;;;;0;2;1;;
19/04/2017;17:54:00;2636;com vítima;105;BR-040/RJ;Norte;Colisão Traseira;;;;1;;1;;;;;1;1;;;
20/04/2017;04:56:00;2684;com vítima;116;BR-040/RJ;Sul;Colisão Traseira;2;;;;;;;;;;0;9;2;;
20/04/2017;06:10:00;2687;sem vítima;13;BR-040/RJ;Sul;Derrapagem;1;;;;;;;;;;1;;;;
20/04/2017;07:09:00;2694;sem vítima;108;BR-040/RJ;Sul;Engavetamento;2;;1;;;;;;;;3;;;;
20/04/2017;10:45:00;2725;com vítima;109;BR-040/RJ;Norte;Choque - Objeto Fixo;1;;;;;;;;;;0;1;;;
20/04/2017;17:38:00;2765;sem vítima;111;BR-040/RJ;Sul;Engavetamento;3;;;;;;;;;;3;;;;
20/04/2017;18:07:00;2766;sem vítima;124;BR-040/RJ;Norte;Engavetamento;3;;;;;;;;;;3;;;;
20/04/2017;18:37:00;2768;com vítima;101;BR-040/RJ;Norte;Queda de Moto;;;;1;;;;;;;0;1;;;
20/04/2017;22:40:00;2800;sem vítima;113;BR-040/RJ;Norte;Colisão Traseira;;;;;1;1;;;;;2;;;;
21/04/2017;05:16:00;2830;com vítima;103;BR-040/RJ;Norte;Colisão Traseira;1;;1;;;;;;;;1;;2;;
21/04/2017;06:51:00;2839;sem vítima;53;BR-040/RJ;Norte;Choque - Objeto Fixo;1;;;;;;;;;;1;;;;
21/04/2017;07:29:00;2841;sem vítima;38;BR-040/RJ;Norte;Choque - Objeto Fixo;1;;;;;;;;;;1;;;;
21/04/2017;08:09:00;2846;sem vítima;68;BR-040/RJ;Norte;Choque - Objeto Fixo;1;;;;;;;;;;1;;;;
21/04/2017;10:38:00;2858;com vítima;779;BR-040/MG;Sul;Capotamento;1;;;;;;;;;;0;4;;;
21/04/2017;10:46:00;2860;com vítima;75;BR-040/RJ;Sul;Choque - Objeto Fixo;;;;1;;;;;;;0;;1;;
21/04/2017;11:14:00;2862;sem vítima;109;BR-040/RJ;Norte;Colisão Lateral;2;;;;;;;;;;2;;;;
21/04/2017;12:09:00;2868;sem vítima;91;BR-040/RJ;Norte;Engavetamento;3;;;;;;;;;;3;;;;
21/04/2017;13:09:00;2874;com vítima;102;BR-040/RJ;Norte;Colisão Traseira;1;1;;;;;;;;;1;1;;;
21/04/2017;14:00:00;2880;sem vítima;16;BR-040/RJ;Norte;Tombamento;;;1;;;;;;;;1;;;;
22/04/2017;02:13:00;2955;com vítima;112;BR-040/RJ;Norte;Colisão Lateral;2;;;;;;;;;;1;1;;;
22/04/2017;04:57:00;2963;sem vítima;105;BR-040/RJ;Norte;Atropelamento - Animal;1;;;;;1;;;;;2;;;;
22/04/2017;10:36:00;2993;sem vítima;95;BR-040/RJ;Sul;Choque - Objeto Fixo;1;;;;;;;;;;1;;;;
22/04/2017;11:28:00;2997;sem vítima;85;BR-040/RJ;Norte;Choque - Objeto Fixo;1;;;;;;;;;;1;;;;
22/04/2017;11:52:00;3003;sem vítima;109;BR-040/RJ;Sul;Colisão Traseira;1;;1;;;;;;;;2;;;;
22/04/2017;11:58:00;3004;sem vítima;108;BR-040/RJ;Norte;Choque - Objeto Fixo;1;;;;;;;;;;1;;;;
22/04/2017;12:06:00;3005;sem vítima;92;BR-040/RJ;Norte;Choque - Objeto Fixo;1;;;;;;;;;;1;;;;
22/04/2017;12:31:00;3007;sem vítima;72;BR-040/RJ;Norte;Choque - Objeto Fixo;1;;;;;;;;;;1;;;;
22/04/2017;12:42:00;3008;sem vítima;17;BR-040/RJ;Norte;Choque - Objeto Fixo;1;;;;;;;;;;1;;;;
22/04/2017;12:50:00;3010;sem vítima;62;BR-040/RJ;Sul;Choque - Objeto Fixo;1;;;;;;;;;;1;;;;
22/04/2017;12:54:00;3012;sem vítima;93;BR-040/RJ;Sul;Choque - Objeto Fixo;1;;;;;;;;;;1;;;;
22/04/2017;12:54:00;3013;sem vítima;72;BR-040/RJ;Norte;Choque - Objeto Fixo;1;;;;;;;;;;1;;;;
22/04/2017;13:52:00;3019;sem vítima;78;BR-040/RJ;Sul;Choque - Objeto Fixo;1;;;;;;;;;;1;;;;
22/04/2017;15:12:00;3033;com vítima;34;BR-040/RJ;Norte;Choque - Objeto Fixo;1;;;;;;;;;;0;1;;;
22/04/2017;15:23:00;3034;sem vítima;60;BR-040/RJ;Sul;Choque - Objeto Fixo;1;;;;;;;;;;1;;;;
22/04/2017;15:34:00;3035;com vítima;784;BR-040/MG;Norte;Capotamento;1;;;;;;;;;;0;1;;;
22/04/2017;16:02:00;3038;sem vítima;92;BR-040/RJ;Sul;Choque - Objeto Fixo;1;;;;;;;;;;1;;;;
22/04/2017;16:05:00;3039;sem vítima;93;BR-040/RJ;Sul;Choque - Objeto Fixo;1;;;;;;;;;;1;;;;
22/04/2017;16:11:00;3040;com vítima;122;BR-040/RJ;Norte;Tombamento;;;1;;;;;;;;0;;1;1;
22/04/2017;16:54:00;3044;com vítima;78;BR-040/RJ;Sul;Choque - Objeto Fixo;1;;;;;;;;;;0;2;2;;
22/04/2017;16:55:00;3045;com vítima;72;BR-040/RJ;Norte;Choque - Objeto Fixo;1;;;;;;;;;;0;1;;;
22/04/2017;18:57:00;3055;sem vítima;114;BR-040/RJ;Sul;Choque - Objeto Fixo;1;;;;;;;;;;1;;;;
23/04/2017;05:23:00;3091;sem vítima;98;BR-040/RJ;Sul;Choque - Objeto Fixo;1;;;;;;;;;;1;;;;
23/04/2017;07:08:00;3096;sem vítima;94;BR-040/RJ;Norte;Choque - Objeto Fixo;1;;;;;;;;;;1;;;;
23/04/2017;08:12:00;3102;sem vítima;93;BR-040/RJ;Norte;Choque - Objeto Fixo;1;;;;;;;;;;1;;;;
23/04/2017;08:19:00;3104;sem vítima;93;BR-040/RJ;Norte;Choque - Objeto Fixo;1;;;;;;;;;;1;;;;
23/04/2017;09:17:00;3112;sem vítima;92;BR-040/RJ;Norte;Choque - Objeto Fixo;1;;;;;;;;;;1;;;;
23/04/2017;10:00:00;3118;sem vítima;93;BR-040/RJ;Sul;Colisão Lateral;2;;;;;;;;;;2;;;;
23/04/2017;10:05:00;3120;sem vítima;93;BR-040/RJ;Sul;Choque - Objeto Fixo;1;;;;;;;;;;1;;;;
23/04/2017;10:17:00;3121;com vítima;78;BR-040/RJ;Sul;Choque - Objeto Fixo;1;;;;;;;;;;0;1;;;
23/04/2017;10:26:00;3123;sem vítima;96;BR-040/RJ;Sul;Choque - Objeto Fixo;1;;;;;;;;;;1;;;;
23/04/2017;10:44:00;3126;sem vítima;86;BR-040/RJ;Sul;Choque - Objeto Fixo;1;;;;;;;;;;1;;;;
23/04/2017;11:54:00;3135;sem vítima;92;BR-040/RJ;Norte;Choque - Objeto Fixo;1;;;;;;;;;;1;;;;
23/04/2017;11:54:00;3137;sem vítima;92;BR-040/RJ;Norte;Colisão Traseira;2;;;;;;;;;;2;;;;
23/04/2017;12:12:00;3138;com vítima;78;BR-040/RJ;Sul;Capotamento;1;;;;;;;;;;0;2;;;
23/04/2017;12:58:00;3144;sem vítima;91;BR-040/RJ;Sul;Choque - Objeto Fixo;1;;;;;;;;;;1;;;;
23/04/2017;13:12:00;3145;sem vítima;32;BR-040/RJ;Norte;Choque - Objeto Fixo;1;;;;;;;;;;1;;;;
23/04/2017;13:28:00;3148;sem vítima;93;BR-040/RJ;Norte;Choque - Objeto Fixo;1;;;;;;;;;;1;;;;
23/04/2017;14:28:00;3157;sem vítima;94;BR-040/RJ;Sul;Choque - Objeto Fixo;1;;;;;;;;;;1;;;;
23/04/2017;14:51:00;3160;sem vítima;109;BR-040/RJ;Sul;Engavetamento;3;;;;;;;;;;3;;;;
23/04/2017;15:50:00;3165;sem vítima;92;BR-040/RJ;Norte;Choque - Objeto Fixo;1;;;;;;;;;;1;;;;
23/04/2017;16:08:00;3171;sem vítima;94;BR-040/RJ;Sul;Choque - Objeto Fixo;1;;;;;;;;;;1;;;;
23/04/2017;16:10:00;3172;com vítima;82;BR-040/RJ;Sul;Choque - Objeto Fixo;1;;;;;;;;;;0;1;;;
23/04/2017;16:51:00;3178;sem vítima;83;BR-040/RJ;Sul;Choque - Objeto Fixo;1;;;;;;;;;;1;;;;
23/04/2017;16:50:00;3179;sem vítima;92;BR-040/RJ;Norte;Choque - Objeto Fixo;1;;;;;;;;;;1;;;;
23/04/2017;17:18:00;3183;sem vítima;34;BR-040/RJ;Norte;Choque - Objeto Fixo;1;;;;;;;;;;1;;;;
23/04/2017;17:29:00;3185;sem vítima;92;BR-040/RJ;Sul;Choque - Objeto Fixo;1;;;;;;;;;;1;;;;
23/04/2017;17:15:00;3186;sem vítima;84;BR-040/RJ;Norte;Choque - Objeto Fixo;1;;;;;;;;;;1;;;;
23/04/2017;18:51:00;3191;sem vítima;74;BR-040/RJ;Norte;Choque - Objeto Fixo;1;;;;;;;;;;1;;;;
23/04/2017;20:38:00;3203;sem vítima;93;BR-040/RJ;Norte;Choque - Objeto Fixo;1;;;;;;;;;;1;;;;
23/04/2017;21:48:00;3213;com vítima;92;BR-040/RJ;Norte;Choque - Objeto Fixo;1;;;;;;;;;;0;1;;;
23/04/2017;22:38:00;3222;sem vítima;85;BR-040/RJ;Sul;Choque - Objeto Fixo;1;;;;;;;;;;1;;;;
23/04/2017;22:45:00;3226;sem vítima;113;BR-040/RJ;Sul;Derrapagem;1;;;;;;;;;;1;;;;
24/04/2017;06:52:00;3248;sem vítima;85;BR-040/RJ;Norte;Choque - Objeto Fixo;1;;;;;;;;;;1;;;;
24/04/2017;06:55:00;3249;com vítima;122;BR-040/RJ;Sul;Colisão Lateral;1;;;1;;;;;;;1;1;;;
24/04/2017;07:28:00;3256;com vítima;63;BR-040/RJ;Norte;Choque - Objeto Fixo;1;;;;;;;;;;0;2;;;
24/04/2017;07:41:00;3257;com vítima;120;BR-040/RJ;Sul;Queda de Moto;;;;1;;;;;;;0;1;;;
24/04/2017;09:10:00;3264;sem vítima;85;BR-040/RJ;Norte;Choque - Objeto Fixo;1;;;;;;;;;;1;;;;
24/04/2017;14:28:00;3302;sem vítima;109;BR-040/RJ;Norte;Engavetamento;;;4;;;;;;;;4;;;;
25/04/2017;10:18:00;3404;sem vítima;85;BR-040/RJ;Norte;Choque - Objeto Fixo;1;;;;;;;;;;1;;;;