data;horario;n_da_ocorrencia;tipo_de_ocorrencia;km;trecho;sentido;tipo_de_acidente;automovel;bicicleta;caminhao;moto;onibus;outros;tracao_animal;transporte_de_cargas_especiais;trator_maquinas;utilitarios;ilesos;levemente_feridos;moderadamente_feridos;gravemente_feridos;mortos
12/07/2017;23:19:00;1579;sem vítima;123;BR-040/RJ;Sul;Colisão Traseira;2;;;;;;;;;;2;;;;
13/07/2017;00:06:00;1581;sem vítima;123;BR-040/RJ;Norte;Choque - Objeto Fixo;1;;;;;;;;;;1;;;;
13/07/2017;05:53:00;1590;sem vítima;61;BR-040/RJ;Sul;Choque - Objeto Fixo;;;1;;;;;;;;1;;;;
13/07/2017;08:45:00;1609;sem vítima;124;BR-040/RJ;Sul;Colisão Lateral;2;;;;;;;;;;2;;;;
13/07/2017;10:27:00;1620;sem vítima;54;BR-040/RJ;Norte;Choque - Objeto Fixo;1;;;;;;;;;;1;;;;
13/07/2017;10:42:00;1623;com vítima;121;BR-040/RJ;Sul;Capotamento;1;;;;;;;;;;0;2;;;
13/07/2017;14:02:00;1640;com vítima;124;BR-040/RJ;Sul;Colisão Traseira;2;;;;;;;;;;1;2;;;
13/07/2017;23:17:00;1701;com vítima;825;BR-040/MG;Sul;Choque - Objeto Fixo;1;;;;;;;;;;0;1;;;
14/07/2017;06:55:00;1724;com vítima;123;BR-040/RJ;Sul;Colisão Lateral;1;;;1;;;;;;;1;1;;;
14/07/2017;07:27:00;1730;sem vítima;97;BR-040/RJ;Norte;Choque - Objeto Fixo;1;;;;;;;;;;1;;;;
14/07/2017;12:10:00;1778;sem vítima;120;BR-040/RJ;Norte;Colisão Traseira;2;;;;;;;;;;2;;;;
14/07/2017;15:09:00;1796;sem vítima;111;BR-040/RJ;Norte;Colisão Traseira;2;;;;;;;;;;2;;;;
14/07/2017;15:18:00;1797;com vítima;31;BR-040/RJ;Norte;Choque - Objeto Fixo;;;1;;;;;;;;0;;1;;
14/07/2017;15:20:00;1801;sem vítima;111;BR-040/RJ;Norte;Colisão Lateral;1;;1;;;;;;;;2;;;;
14/07/2017;15:59:00;1803;sem vítima;91;BR-040/RJ;Norte;Colisão Lateral;1;;1;;;;;;;;2;;;;
14/07/2017;16:49:00;1809;sem vítima;111;BR-040/RJ;Sul;Colisão Traseira;2;;;;;;;;;;2;;;;
14/07/2017;20:16:00;1829;sem vítima;31;BR-040/RJ;Norte;Choque - Objeto Fixo;1;;;;;;;;;;1;;;;
14/07/2017;23:39:00;1843;com vítima;23;BR-040/RJ;Norte;Capotamento;1;;;;;;;;;;0;5;;;
15/07/2017;08:31:00;1883;com vítima;115;BR-040/RJ;Norte;Choque - Objeto Fixo;1;;;;;;;;;;0;1;;;
15/07/2017;12:15:00;1925;com vítima;119;BR-040/RJ;Norte;Colisão Traseira;2;;;;;;;;;;0;5;;;
15/07/2017;15:22:00;1942;sem vítima;110;BR-040/RJ;Sul;Choque - Objeto Fixo;1;;;;;;;;;;1;;;;
15/07/2017;18:38:00;1962;com vítima;83;BR-040/RJ;Sul;Choque - Objeto Fixo;1;;;;;;;;;;0;1;;;
15/07/2017;21:42:00;1980;com vítima;115;BR-040/RJ;Norte;Engavetamento;4;;;;;;;;;;2;2;;;
16/07/2017;14:17:00;2036;com vítima;790;BR-040/MG;Norte;Colisão Traseira;1;;;1;;;;;;;1;2;;;
16/07/2017;15:36:00;2044;com vítima;75;BR-040/RJ;Sul;Queda de Moto;;;;1;;;;;;;0;2;;;
16/07/2017;18:41:00;2065;com vítima;104;BR-040/RJ;Norte;Colisão Transversal;1;1;;;;;;;;;1;;1;;
16/07/2017;19:12:00;2070;sem vítima;121;BR-040/RJ;Norte;Colisão Lateral;1;;;;;1;;;;;2;;;;
17/07/2017;09:19:00;2141;com vítima;101;BR-040/RJ;Sul;Colisão Frontal;1;;1;;1;;;;;;1;3;;;
17/07/2017;14:14:00;2174;com vítima;110;BR-040/RJ;Norte;Colisão Traseira;;;1;1;;;;;;;1;1;;;
17/07/2017;16:16:00;2186;com vítima;115;BR-040/RJ;Norte;Choque - Objeto Fixo;;;1;;;;;;;;0;;1;;
17/07/2017;19:06:00;2205;sem vítima;93;BR-040/RJ;Norte;Choque - Objeto Fixo;1;;;;;;;;;;1;;;;
18/07/2017;06:12:00;2237;com vítima;112;BR-040/RJ;Sul;Colisão Traseira;;;2;;;;;;;;0;2;;;
18/07/2017;11:43:00;2283;com vítima;84;BR-040/RJ;Norte;Choque - Objeto Fixo;1;;;;;;;;;;0;1;;;
18/07/2017;12:06:00;2285;com vítima;97;BR-040/RJ;Norte;Queda de Moto;;;;1;;;;;;;0;1;;;
18/07/2017;12:37:00;2286;sem vítima;77;BR-040/RJ;Sul;Capotamento;1;;;;;;;;;;1;;;;
18/07/2017;12:40:00;2288;sem vítima;78;BR-040/RJ;Sul;Choque - Objeto Fixo;1;;;;;;;;;;1;;;;
18/07/2017;13:04:00;2290;sem vítima;92;BR-040/RJ;Sul;Choque - Objeto Fixo;1;;;;;;;;;;1;;;;
18/07/2017;13:09:00;2291;sem vítima;91;BR-040/RJ;Sul;;1;;;;;;;;;;1;;;;
18/07/2017;13:11:00;2292;sem vítima;91;BR-040/RJ;Norte;Choque - Objeto Fixo;1;;;;;;;;;;1;;;;
18/07/2017;14:44:00;2297;sem vítima;115;BR-040/RJ;Sul;Choque - Objeto Fixo;1;;;;;1;;;;;2;;;;
18/07/2017;15:17:00;2301;sem vítima;87;BR-040/RJ;Sul;Choque - Objeto Fixo;1;;;;;;;;;;1;;;;
18/07/2017;15:31:00;2303;sem vítima;82;BR-040/RJ;Sul;Choque - Objeto Fixo;1;;;;;;;;;;1;;;;
18/07/2017;15:34:00;2306;com vítima;124;BR-040/RJ;Sul;Colisão Lateral;1;;;1;;;;;;;1;1;;;
18/07/2017;15:39:00;2309;sem vítima;82;BR-040/RJ;Sul;Choque - Objeto Fixo;1;;;;;;;;;;1;;;;
18/07/2017;15:40:00;2310;sem vítima;77;BR-040/RJ;Sul;Choque - Objeto Fixo;1;;;;;;;;;;1;;;;
18/07/2017;16:52:00;2312;sem vítima;93;BR-040/RJ;Sul;Choque - Objeto Fixo;1;;;;;;;;;;1;;;;
18/07/2017;17:13:00;2315;com vítima;106;BR-040/RJ;Sul;Colisão Lateral;2;;;;;;;;;;0;2;1;;
18/07/2017;18:34:00;2324;sem vítima;111;BR-040/RJ;Sul;Colisão Lateral;1;;;;;1;;;;;2;;;;
18/07/2017;19:19:00;2327;sem vítima;95;BR-040/RJ;Norte;Choque - Objeto Fixo;1;;;;;;;;;;1;;;;
18/07/2017;20:08:00;2334;sem vítima;93;BR-040/RJ;Sul;Choque - Objeto Fixo;1;;;;;;;;;;1;;;;
19/07/2017;00:31:00;2348;sem vítima;121;BR-040/RJ;Norte;Atropelamento - Animal;1;;;;;;;;;;1;;;;
19/07/2017;00:44:00;2350;sem vítima;84;BR-040/RJ;Norte;Derrapagem;1;;;;;;;;;;1;;;;
19/07/2017;07:40:00;2370;sem vítima;92;BR-040/RJ;Sul;Choque - Objeto Fixo;1;;;;;;;;;;1;;;;
19/07/2017;09:07:00;2380;com vítima;78;BR-040/RJ;Sul;Choque - Objeto Fixo;1;;;;;;;;;;0;1;;;
19/07/2017;10:59:00;2405;sem vítima;74;BR-040/RJ;Sul;Choque - Objeto Fixo;1;;;;;;;;;;1;;;;
19/07/2017;11:16:00;2408;sem vítima;93;BR-040/RJ;Sul;Choque - Objeto Fixo;1;;;;;;;;;;1;;;;
19/07/2017;11:47:00;2411;sem vítima;92;BR-040/RJ;Norte;Choque - Objeto Fixo;1;;;;;;;;;;1;;;;
19/07/2017;11:50:00;2412;sem vítima;118;BR-040/RJ;Norte;Engavetamento;3;;;;;;;;;;3;;;;
19/07/2017;11:53:00;2413;sem vítima;77;BR-040/RJ;Sul;Choque - Objeto Fixo;1;;;;;;;;;;1;;;;
19/07/2017;13:12:00;2424;sem vítima;82;BR-040/RJ;Sul;Choque - Objeto Fixo;1;;;;;;;;;;1;;;;
19/07/2017;12:53:00;2425;sem vítima;89;BR-040/RJ;Sul;Colisão Traseira;2;;;;;;;;;;2;;;;
19/07/2017;13:40:00;2429;com vítima;86;BR-040/RJ;Norte;Capotamento;1;;;;;;;;;;0;1;;;
19/07/2017;14:19:00;2434;com vítima;92;BR-040/RJ;Sul;Capotamento;1;;;;;;;;;;0;1;;;
19/07/2017;14:00:00;2435;sem vítima;85;BR-040/RJ;Sul;Choque - Objeto Fixo;1;;;;;;;;;;1;;;;
19/07/2017;14:30:00;2436;sem vítima;791;BR-040/MG;Sul;Choque - Objeto Fixo;1;;;;;;;;;;1;;;;
19/07/2017;15:16:00;2440;sem vítima;90;BR-040/RJ;Sul;Choque - Objeto Fixo;1;;;;;;;;;;1;;;;
19/07/2017;15:16:00;2441;sem vítima;90;BR-040/RJ;Sul;Choque - Objeto Fixo;1;;;;;;;;;;1;;;;
19/07/2017;18:34:00;2462;sem vítima;91;BR-040/RJ;Norte;Choque - Objeto Fixo;1;;;;;;;;;;1;;;;
19/07/2017;19:00:00;2464;sem vítima;84;BR-040/RJ;Sul;Choque - Objeto Fixo;1;;;;;;;;;;1;;;;
19/07/2017;20:18:00;2471;sem vítima;85;BR-040/RJ;Sul;Choque - Objeto Fixo;1;;;;;;;;;;1;;;;
20/07/2017;17:57:00;2569;sem vítima;98;BR-040/RJ;Norte;Choque - Objeto Fixo;1;;;;;;;;;;1;;;;
20/07/2017;18:11:00;2574;sem vítima;109;BR-040/RJ;Norte;Queda de Moto;;;;1;;;;;;;1;;;;
21/07/2017;13:57:00;2677;sem vítima;88;BR-040/RJ;Norte;Colisão Traseira;1;;;;;1;;;;;2;;;;
21/07/2017;15:26:00;2686;com vítima;119;BR-040/RJ;Sul;Choque - Objeto Fixo;1;;;;;;;;;;0;1;;;
21/07/2017;17:09:00;2701;com vítima;60;BR-040/RJ;Norte;Queda de Moto;;;;1;;;;;;;0;1;1;;
21/07/2017;17:35:00;2705;com vítima;85;BR-040/RJ;Sul;Choque - Objeto Fixo;1;;;;;;;;;;0;1;;;
21/07/2017;19:06:00;2715;sem vítima;6;BR-040/RJ;Norte;Colisão Traseira;2;;;;;;;;;;2;;;;
21/07/2017;20:21:00;2723;com vítima;51;BR-040/RJ;Norte;Atropelamento - Pedestre;;;;;;1;;;;;1;;;1;
21/07/2017;22:32:00;2731;sem vítima;48;BR-040/RJ;Norte;Choque - Objeto Fixo;1;;;;;;;;;;1;;;;
22/07/2017;10:42:00;2780;com vítima;52;BR-040/RJ;Norte;Queda de Moto;;;;1;;;;;;;0;;1;;
22/07/2017;14:28:00;2804;com vítima;105;BR-040/RJ;Norte;Capotamento;1;;;;;;;;;;0;;3;;
22/07/2017;15:30:00;2815;sem vítima;117;BR-040/RJ;Sul;Colisão Frontal;2;;;;;;;;;;2;;;;
22/07/2017;17:10:00;2830;sem vítima;113;BR-040/RJ;Norte;Choque - Objeto Fixo;1;;;;;;;;;;1;;;;
23/07/2017;04:17:00;2873;sem vítima;815;BR-040/MG;Sul;Choque - Objeto Fixo;1;;;;;;;;;;1;;;;
23/07/2017;09:00:00;2888;com vítima;90;BR-040/RJ;Norte;Colisão Traseira;;;;2;;;;;;;1;2;;;
23/07/2017;09:31:00;2890;sem vítima;98;BR-040/RJ;Norte;Choque - Objeto Fixo;1;;;;;;;;;;1;;;;
23/07/2017;14:24:00;2919;sem vítima;122;BR-040/RJ;Sul;Engavetamento;5;;;;;;;;;;5;;;;
23/07/2017;18:36:00;2944;com vítima;100;BR-040/RJ;Sul;Colisão Frontal;;1;;1;;;;;;;0;;1;;1
23/07/2017;18:47:00;2945;sem vítima;115;BR-040/RJ;Sul;Capotamento;1;;;;;;;;;;1;;;;
24/07/2017;00:24:00;2965;sem vítima;111;BR-040/RJ;Norte;Choque - Objeto Fixo;1;;;;;;;;;;1;;;;
24/07/2017;01:50:00;2969;sem vítima;118;BR-040/RJ;Norte;Choque - Objeto Fixo;1;;;;;;;;;;1;;;;
24/07/2017;11:14:00;3012;sem vítima;121;BR-040/RJ;Sul;Colisão Traseira;2;;;;;;;;;;2;;;;
24/07/2017;13:20:00;3026;com vítima;825;BR-040/MG;Norte;Choque - Objeto Fixo;1;;;;;;;;;;0;5;;;
24/07/2017;17:16:00;3054;com vítima;84;BR-040/RJ;Norte;Choque - Objeto Fixo;1;;;;;;;;;;0;1;;;
24/07/2017;18:50:00;3065;com vítima;118;BR-040/RJ;Norte;Engavetamento;3;;1;1;;;;;;;2;3;;;
24/07/2017;19:24:00;3067;com vítima;83;BR-040/RJ;Norte;Queda de Moto;;;;1;;;;;;;0;;1;;
24/07/2017;23:10:00;3081;sem vítima;119;BR-040/RJ;Norte;Colisão Frontal;1;;;;;1;;;;;2;;;;
25/07/2017;06:10:00;3099;sem vítima;807;BR-040/MG;Sul;Choque - Objeto Fixo;1;;;;;;;;;;1;;;;
25/07/2017;07:11:00;3106;com vítima;801;BR-040/MG;Sul;Capotamento;1;;;;;;;;;;0;1;;;
25/07/2017;08:00:00;3111;sem vítima;76;BR-040/RJ;Sul;Queda de Moto;;;;1;;;;;;;1;;;;
25/07/2017;11:55:00;3128;sem vítima;109;BR-040/RJ;Sul;Colisão Traseira;;;1;;1;;;;;;2;;;;
25/07/2017;17:24:00;3157;sem vítima;807;BR-040/MG;Sul;Colisão Lateral;1;;1;;;;;;;;2;;;;
25/07/2017;21:53:00;3179;sem vítima;123;BR-040/RJ;Norte;Colisão Lateral;;;;;1;1;;;;;2;;;;
26/07/2017;12:22:00;3233;com vítima;779;BR-040/MG;Norte;Choque - Objeto Fixo;1;;;;;;;;;;0;3;;;
26/07/2017;12:56:00;3236;sem vítima;74;BR-040/RJ;Norte;Choque - Objeto Fixo;1;;;;;;;;;;1;;;;
26/07/2017;17:35:00;3272;sem vítima;78;BR-040/RJ;Sul;Colisão Traseira;2;;;;;;;;;;2;;;;
26/07/2017;18:44:00;3278;com vítima;111;BR-040/RJ;Sul;Colisão Traseira;1;;1;;;;;;;;1;2;;;
27/07/2017;10:39:00;3334;com vítima;111;BR-040/RJ;Sul;Engavetamento;3;;;;;;;;;;0;4;;;
27/07/2017;11:00:00;3338;com vítima;110;BR-040/RJ;Sul;Colisão Traseira;2;;;;;;;;;;0;4;;;
27/07/2017;12:12:00;3342;com vítima;111;BR-040/RJ;Sul;Choque - Objeto Fixo;1;;;;;;;;;;0;1;;;
27/07/2017;15:58:00;3368;com vítima;109;BR-040/RJ;Norte;Colisão Traseira;1;;1;;;;;;;;1;;1;;
27/07/2017;18:40:00;3385;sem vítima;798;BR-040/MG;Sul;Choque - Objeto Fixo;1;;;;;;;;;;1;;;;
27/07/2017;20:57:00;3395;sem vítima;94;BR-040/RJ;Sul;Tombamento;;;1;;;;;;;;1;;;;
28/07/2017;02:07:00;3416;sem vítima;2;BR-040/RJ;Norte;Atropelamento - Animal;;;1;;;;;;;;1;;;;
28/07/2017;09:21:00;3444;com vítima;109;BR-040/RJ;Sul;Colisão Traseira;;;;;2;;;;;;1;1;;;
28/07/2017;14:40:00;3478;sem vítima;115;BR-040/RJ;Norte;Queda de Moto;;;;1;;;;;;;1;;;;
28/07/2017;18:34:00;3501;sem vítima;120;BR-040/RJ;Norte;Engavetamento;2;;;;;1;;;;;3;;;;
28/07/2017;20:08:00;3512;sem vítima;116;BR-040/RJ;Sul;Choque - Objeto Fixo;1;;;;;;;;;;1;;;;
28/07/2017;23:20:00;3531;sem vítima;82;BR-040/RJ;Norte;Colisão Traseira;1;;1;;;;;;;;2;;;;
29/07/2017;05:15:00;3544;sem vítima;77;BR-040/RJ;Sul;Choque - Objeto Fixo;1;;;;;;;;;;1;;;;
29/07/2017;06:35:00;3547;com vítima;77;BR-040/RJ;Sul;Capotamento;1;;;;;;;;;;0;2;;;
29/07/2017;09:49:00;3571;com vítima;824;BR-040/MG;Sul;Choque - Objeto Fixo;1;;;;;;;;;;0;1;;;
29/07/2017;11:00:00;3579;sem vítima;5;BR-040/RJ;Norte;Choque - Objeto Fixo;1;;;;;;;;;;1;;;;
29/07/2017;12:32:00;3586;sem vítima;82;BR-040/RJ;Sul;Choque - Objeto Fixo;1;;;;;;;;;;1;;;;
29/07/2017;12:33:00;3587;sem vítima;47;BR-040/RJ;Norte;Choque - Objeto Fixo;1;;;;;;;;;;1;;;;
29/07/2017;13:41:00;3596;com vítima;785;BR-040/MG;Sul;Choque - Objeto Fixo;1;;;;;;;;;;0;1;;;
29/07/2017;18:54:00;3631;sem vítima;89;BR-040/RJ;Sul;Choque - Objeto Fixo;1;;;;;;;;;;1;;;;
30/07/2017;05:49:00;3669;com vítima;85;BR-040/RJ;Sul;Capotamento;1;;;;;;;;;;0;1;1;;
30/07/2017;08:00:00;3678;com vítima;53;BR-040/RJ;Sul;Capotamento;1;;;;;;;;;;0;1;;;
30/07/2017;08:51:00;3683;sem vítima;31;BR-040/RJ;Sul;Derrapagem;1;;;;;;;;;;1;;;;
30/07/2017;10:01:00;3687;com vítima;79;BR-040/RJ;Norte;Colisão Lateral;;;;2;;;;;;;0;2;;;
30/07/2017;14:46:00;3719;sem vítima;109;BR-040/RJ;Sul;Colisão Traseira;2;;;;;;;;;;2;;;;
30/07/2017;15:09:00;3723;sem vítima;108;BR-040/RJ;Norte;Colisão Traseira;1;;;1;;;;;;;2;;;;
30/07/2017;15:33:00;3727;sem vítima;74;BR-040/RJ;Sul;Choque - Objeto Fixo;1;;;;;;;;;;1;;;;
30/07/2017;15:49:00;3733;com vítima;104;BR-040/RJ;Norte;Capotamento;1;;;;;;;;;;0;2;1;;
31/07/2017;02:04:00;3780;sem vítima;789;BR-040/MG;Sul;Choque - Objeto Fixo;1;;;;;;;;;;1;;;;
31/07/2017;12:35:00;3844;sem vítima;105;BR-040/RJ;Sul;Colisão Lateral;2;;;;;;;;;;2;;;;
31/07/2017;13:50:00;3851;com vítima;80;BR-040/RJ;Norte;Capotamento;1;;;;;;;;;;0;;1;;
31/07/2017;14:35:00;3858;sem vítima;61;BR-040/RJ;Sul;Colisão Lateral;2;;;;;;;;;;2;;;;
31/07/2017;15:18:00;3859;com vítima;105;BR-040/RJ;Norte;Atropelamento - Pedestre;;;;1;;;;;;;1;;1;;
31/07/2017;16:30:00;3872;com vítima;78;BR-040/RJ;Norte;Colisão Traseira;;;2;;;;;;;;0;2;;;
01/08/2017;00:12:00;2;com vítima;783;BR-040/MG;Sul;Choque - Objeto Fixo;1;;;;;;;;;;0;1;;;
01/08/2017;03:32:00;15;sem vítima;113;BR-040/RJ;Norte;Derrapagem;1;;;;;;;;;;1;;;;
01/08/2017;06:53:00;20;sem vítima;67;BR-040/RJ;Sul;Choque - Objeto Fixo;1;;;;;;;;;;1;;;;
01/08/2017;07:06:00;21;sem vítima;85;BR-040/RJ;Sul;Choque - Objeto Fixo;1;;;;;;;;;;1;;;;
01/08/2017;10:59:00;36;sem vítima;24;BR-040/RJ;Norte;Choque - Objeto Fixo;1;;;;;;;;;;1;;;;
01/08/2017;16:10:00;63;sem vítima;108;BR-040/RJ;Norte;Colisão Lateral;1;;1;;;;;;;;2;;;;
01/08/2017;19:47:00;83;com vítima;105;BR-040/RJ;Norte;Colisão Lateral;;1;;;;1;;;;;1;2;;;
02/08/2017;03:01:00;104;com vítima;72;BR-040/RJ;Norte;Tombamento;;;1;;;;;;;;0;;1;;
02/08/2017;08:20:00;117;sem vítima;94;BR-040/RJ;Norte;Queda de Moto;;;;1;;;;;;;1;;;;
02/08/2017;11:22:00;135;sem vítima;119;BR-040/RJ;Sul;Colisão Traseira;2;;;;;;;;;;2;;;;
02/08/2017;15:11:00;162;com vítima;123;BR-040/RJ;Norte;Capotamento;1;;;;;;;;;;0;1;1;;
02/08/2017;20:17:00;193;com vítima;116;BR-040/RJ;Norte;Choque - Objeto Fixo;1;;;;;;;;;;0;1;;;
03/08/2017;07:50:00;236;sem vítima;77;BR-040/RJ;Norte;Engavetamento;4;;;;;;;;;;4;;;;
03/08/2017;12:44:00;261;sem vítima;85;BR-040/RJ;Norte;Choque - Objeto Fixo;1;;;;;;;;;;1;;;;
03/08/2017;18:49:00;306;sem vítima;89;BR-040/RJ;Norte;Colisão Traseira;1;;;;;1;;;;;2;;;;
03/08/2017;23:38:00;327;sem vítima;93;BR-040/RJ;Sul;Choque - Objeto Fixo;1;;;;;;;;;;1;;;;
03/08/2017;23:54:00;329;sem vítima;77;BR-040/RJ;Sul;Choque - Objeto Fixo;1;;;;;;;;;;1;;;;
04/08/2017;04:42:00;340;sem vítima;803;BR-040/MG;Norte;Choque - Objeto Fixo;1;;;;;;;;;;1;;;;
04/08/2017;08:40:00;354;com vítima;91;BR-040/RJ;Norte;Capotamento;1;;;;;;;;;;0;1;1;;
04/08/2017;08:51:00;356;sem vítima;91;BR-040/RJ;Sul;Choque - Objeto Fixo;1;;;;;;;;;;1;;;;
04/08/2017;10:12:00;365;sem vítima;111;BR-040/RJ;Sul;Colisão Traseira;2;;;;;;;;;;2;;;;
04/08/2017;10:54:00;370;sem vítima;108;BR-040/RJ;Norte;Choque - Objeto Fixo;1;;;;;;;;;;1;;;;
04/08/2017;14:07:00;386;sem vítima;83;BR-040/RJ;Norte;Choque - Objeto Fixo;1;;;;;;;;;;1;;;;
04/08/2017;14:20:00;387;com vítima;32;BR-040/RJ;Norte;Capotamento;1;;;;;;;;;;0;1;;;
04/08/2017;14:37:00;389;com vítima;78;BR-040/RJ;Sul;Choque - Objeto Fixo;1;;;;;;;;;;0;;1;;
04/08/2017;17:07:00;406;sem vítima;784;BR-040/MG;Sul;Choque - Objeto Fixo;1;;;;;;;;;;1;;;;
04/08/2017;17:09:00;407;sem vítima;64;BR-040/RJ;Sul;Choque - Objeto Fixo;1;;;;;;;;;;1;;;;
04/08/2017;18:35:00;419;sem vítima;80;BR-040/RJ;Norte;Colisão Traseira;2;;;;;;;;;;2;;;;
05/08/2017;07:12:00;471;sem vítima;85;BR-040/RJ;Sul;Choque - Objeto Fixo;1;;;;;;;;;;1;;;;
05/08/2017;07:54:00;479;com vítima;92;BR-040/RJ;Sul;Choque - Objeto Fixo;1;;;;;;;;;;0;1;3;;
05/08/2017;08:05:00;481;sem vítima;92;BR-040/RJ;Sul;Choque - Objeto Fixo;1;;;;;;;;;;1;;;;
05/08/2017;08:19:00;485;sem vítima;91;BR-040/RJ;Sul;Capotamento;1;;;;;;;;;;1;;;;
05/08/2017;08:41:00;488;sem vítima;90;BR-040/RJ;Norte;Choque - Objeto Fixo;1;;;;;;;;;;1;;;;
05/08/2017;09:11:00;491;sem vítima;99;BR-040/RJ;Norte;Derrapagem;1;;;;;;;;;;1;;;;
05/08/2017;09:35:00;497;sem vítima;84;BR-040/RJ;Sul;Choque - Objeto Fixo;1;;;;;;;;;;1;;;;
05/08/2017;09:58:00;502;sem vítima;96;BR-040/RJ;Sul;Choque - Objeto Fixo;1;;;;;;;;;;1;;;;
05/08/2017;10:02:00;503;sem vítima;87;BR-040/RJ;Sul;Derrapagem;1;;;;;;;;;;1;;;;
05/08/2017;10:40:00;507;sem vítima;91;BR-040/RJ;Norte;Choque - Objeto Fixo;1;;;;;;;;;;1;;;;
05/08/2017;11:14:00;512;com vítima;72;BR-040/RJ;Norte;Choque - Objeto Fixo;1;;;;;;;;;;0;1;;;
05/08/2017;12:05:00;517;sem vítima;115;BR-040/RJ;Norte;Colisão Traseira;2;;;;;;;;;;2;;;;
05/08/2017;12:22:00;519;sem vítima;82;BR-040/RJ;Sul;Choque - Objeto Fixo;1;;;;;;;;;;1;;;;
05/08/2017;12:32:00;520;sem vítima;85;BR-040/RJ;Norte;Choque - Objeto Fixo;1;;;;;;;;;;1;;;;
05/08/2017;13:39:00;526;sem vítima;85;BR-040/RJ;Sul;Choque - Objeto Fixo;1;;;;;;;;;;1;;;;
05/08/2017;13:42:00;527;sem vítima;78;BR-040/RJ;Sul;Choque - Objeto Fixo;1;;;;;;;;;;1;;;;
05/08/2017;13:59:00;532;sem vítima;92;BR-040/RJ;Sul;Choque - Objeto Fixo;1;;;;;;;;;;1;;;;
05/08/2017;14:12:00;533;sem vítima;92;BR-040/RJ;Sul;Choque - Objeto Fixo;1;;;;;;;;;;1;;;;
05/08/2017;14:18:00;534;sem vítima;84;BR-040/RJ;Norte;Choque - Objeto Fixo;1;;;;;;;;;;1;;;;
05/08/2017;14:19:00;535;sem vítima;84;BR-040/RJ;Sul;Choque - Objeto Fixo;1;;;;;;;;;;1;;;;
05/08/2017;14:25:00;536;sem vítima;78;BR-040/RJ;Sul;Choque - Objeto Fixo;1;;;;;;;;;;1;;;;
05/08/2017;15:03:00;538;com vítima;93;BR-040/RJ;Sul;Capotamento;1;;;;;;;;;;0;1;;;
05/08/2017;15:03:00;539;com vítima;93;BR-040/RJ;Sul;Capotamento;1;;;;;;;;;;0;1;;;
05/08/2017;15:03:00;541;com vítima;93;BR-040/RJ;Sul;Choque - Objeto Fixo;1;;;;;;;;;;0;1;;;
05/08/2017;15:36:00;545;sem vítima;94;BR-040/RJ;Sul;Choque - Objeto Fixo;1;;;;;;;;;;1;;;;
05/08/2017;15:45:00;547;sem vítima;75;BR-040/RJ;Sul;Choque - Objeto Fixo;1;;;;;;;;;;1;;;;
05/08/2017;16:01:00;551;sem vítima;115;BR-040/RJ;Norte;Colisão Lateral;1;;1;;;;;;;;2;;;;
05/08/2017;17:45:00;562;sem vítima;79;BR-040/RJ;Norte;Choque - Objeto Fixo;1;;;;;;;;;;1;;;;
06/08/2017;00:44:00;597;sem vítima;43;BR-040/RJ;Norte;Atropelamento - Animal;1;;;;;;;;;;1;;;;
06/08/2017;07:46:00;619;com vítima;83;BR-040/RJ;Sul;Queda de Moto;;;;1;;;;;;;0;2;;;
06/08/2017;09:57:00;625;com vítima;103;BR-040/RJ;Norte;Colisão Traseira;1;1;;;;;;;;;0;1;1;;
06/08/2017;14:25:00;647;sem vítima;108;BR-040/RJ;Norte;Colisão Transversal;2;;;;;;;;;;2;;;;
07/08/2017;10:58:00;752;sem vítima;78;BR-040/RJ;Sul;Choque - Objeto Fixo;1;;;;;;;;;;1;;;;
07/08/2017;13:36:00;768;sem vítima;121;BR-040/RJ;Norte;Colisão Traseira;2;;;;;;;;;;2;;;;
07/08/2017;20:14:00;814;sem vítima;121;BR-040/RJ;Norte;Colisão Traseira;1;;;;;1;;;;;2;;;;
08/08/2017;04:38:00;844;sem vítima;85;BR-040/RJ;Norte;Choque - Objeto Fixo;1;;;;;;;;;;1;;;;
08/08/2017;06:48:00;851;com vítima;109;BR-040/RJ;Norte;Queda de Moto;;;;1;;;;;;;0;1;;;
08/08/2017;09:35:00;867;com vítima;121;BR-040/RJ;Norte;Colisão Lateral;;;2;;;;;;;;1;1;;;
08/08/2017;16:49:00;932;com vítima;105;BR-040/RJ;Sul;Colisão Traseira;2;;;;;;;;;;1;1;;;
08/08/2017;19:19:00;959;com vítima;18;BR-040/RJ;Norte;Atropelamento - Animal;1;;;;;;;;;;0;;1;1;
08/08/2017;21:15:00;976;sem vítima;108;BR-040/RJ;Norte;Choque - Objeto Fixo;1;;;;;;;;;;1;;;;
08/08/2017;23:19:00;985;com vítima;111;BR-040/RJ;Norte;Engavetamento;3;;;;;;;;;;0;6;;;
09/08/2017;00:44:00;997;com vítima;96;BR-040/RJ;Sul;Tombamento;;;1;;;;;;;;0;1;;;
09/08/2017;05:49:00;1007;com vítima;17;BR-040/RJ;Sul;Tombamento;;;1;;;;;;;;0;1;;;
10/08/2017;06:54:00;1150;com vítima;63;BR-040/RJ;Sul;Colisão Traseira;1;;;;;;;;;;0;1;;;
10/08/2017;09:30:00;1172;sem vítima;122;BR-040/RJ;Sul;Colisão Traseira;1;;;1;;;;;;;2;;;;