data;horario;n_da_ocorrencia;tipo_de_ocorrencia;km;trecho;sentido;tipo_de_acidente;automovel;bicicleta;caminhao;moto;onibus;outros;tracao_animal;transporte_de_cargas_especiais;trator_maquinas;utilitarios;ilesos;levemente_feridos;moderadamente_feridos;gravemente_feridos;mortos
03/10/2017;09:40:00;315;sem vítima;76;BR-040/RJ;Sul;Choque - Objeto Fixo;1;;;;;;;;;;1;;;;
03/10/2017;09:49:00;317;sem vítima;82;BR-040/RJ;Norte;Choque - Objeto Fixo;1;;;;;;;;;;1;;;;
03/10/2017;10:05:00;320;sem vítima;93;BR-040/RJ;Sul;Choque - Objeto Fixo;1;;;;;;;;;;1;;;;
03/10/2017;10:15:00;321;com vítima;31;BR-040/RJ;Norte;Choque - Objeto Fixo;1;;;;;;;;;;0;1;;;
03/10/2017;10:46:00;326;com vítima;44;BR-040/RJ;Sul;Choque - Objeto Fixo;;;1;;;;;;;;0;1;;;
03/10/2017;11:14:00;329;sem vítima;825;BR-040/MG;Sul;Choque - Objeto Fixo;1;;;;;;;;;;1;;;;
03/10/2017;12:28:00;335;sem vítima;91;BR-040/RJ;Norte;Choque - Objeto Fixo;1;;;;;;;;;;1;;;;
03/10/2017;12:50:00;336;com vítima;75;BR-040/RJ;Sul;Tombamento;1;;;;;;;;;;0;1;;;
03/10/2017;15:19:00;344;sem vítima;93;BR-040/RJ;Norte;Choque - Objeto Fixo;1;;;;;;;;;;1;;;;
03/10/2017;17:25:00;356;com vítima;77;BR-040/RJ;Sul;Choque - Objeto Fixo;1;;;;;;;;;;0;1;;;
03/10/2017;20:25:00;375;sem vítima;6;BR-040/RJ;Sul;Choque - Objeto Fixo;1;;;;;;;;;;1;;;;
04/10/2017;02:01:00;389;com vítima;98;BR-040/RJ;Sul;Atropelamento - Animal;1;;;;;;;;;;0;4;;;
04/10/2017;07:55:00;402;sem vítima;117;BR-040/RJ;Sul;Colisão Traseira;1;;1;;;;;;;;2;;;;
04/10/2017;08:39:00;409;sem vítima;109;BR-040/RJ;Norte;Choque - Objeto Fixo;1;;;;;;;;;;1;;;;
04/10/2017;11:45:00;428;sem vítima;78;BR-040/RJ;Sul;Choque - Objeto Fixo;1;;;;;;;;;;1;;;;
05/10/2017;08:15:00;533;com vítima;122;BR-040/RJ;Sul;Colisão Traseira;1;;1;;;;;;;;1;2;;;
05/10/2017;13:00:00;570;sem vítima;783;BR-040/MG;Sul;Colisão Traseira;1;;1;;;;;;;;2;;;;
05/10/2017;16:59:00;601;com vítima;80;BR-040/RJ;Norte;Colisão Traseira;1;;;1;;;;;;;1;;1;;
05/10/2017;18:35:00;613;sem vítima;75;BR-040/RJ;Sul;Colisão Traseira;1;;;;;1;;;;;2;;;;
05/10/2017;20:28:00;622;com vítima;51;BR-040/RJ;Norte;Atropelamento - Pedestre;;;;1;;;;;;;0;1;1;1;
06/10/2017;06:32:00;655;sem vítima;123;BR-040/RJ;Sul;Queda de Moto;;;;1;;;;;;;1;;;;
06/10/2017;10:26:00;681;com vítima;93;BR-040/RJ;Norte;Queda de Moto;;;;1;;;;;;;0;2;;;
06/10/2017;10:44:00;685;com vítima;34;BR-040/RJ;Sul;Choque - Objeto Fixo;1;;;;;;;;;;0;1;;;
06/10/2017;12:20:00;696;sem vítima;120;BR-040/RJ;Sul;Colisão Lateral;1;;;;;;;;;;1;;;;
06/10/2017;15:30:00;729;sem vítima;123;BR-040/RJ;Norte;Colisão Traseira;1;;;;;1;;;;;2;;;;
07/10/2017;16:07:00;888;com vítima;107;BR-040/RJ;Sul;Colisão Traseira;2;;;;;;;;;;0;2;;;
07/10/2017;21:18:00;930;com vítima;120;BR-040/RJ;Sul;Queda de Moto;;;;1;;;;;;;0;1;;;
07/10/2017;23:24:00;937;sem vítima;780;BR-040/MG;Sul;Choque - Objeto Fixo;1;;;;;;;;;;1;;;;
08/10/2017;05:28:00;953;sem vítima;113;BR-040/RJ;Sul;Derrapagem;1;;;;;;;;;;1;;;;
08/10/2017;08:54:00;968;sem vítima;96;BR-040/RJ;Norte;Queda de Moto;;;;1;;;;;;;1;;;;
08/10/2017;09:59:00;973;com vítima;102;BR-040/RJ;Sul;Engavetamento;3;;;;1;;;;;;3;;1;;
08/10/2017;10:01:00;974;com vítima;91;BR-040/RJ;Sul;Capotamento;1;;;;;;;;;;0;2;;;
08/10/2017;17:47:00;1018;sem vítima;94;BR-040/RJ;Norte;Choque - Objeto Fixo;1;;;;;;;;;;1;;;;
08/10/2017;20:39:00;1041;sem vítima;121;BR-040/RJ;Sul;Engavetamento;3;;;;;;;;;;3;;;;
09/10/2017;11:53:00;1122;com vítima;70;BR-040/RJ;Sul;Queda de Moto;;;;1;;1;;;;;1;2;;;
09/10/2017;18:45:00;1180;com vítima;113;BR-040/RJ;Norte;Queda de Moto;;;;1;;;;;;;0;1;;;
10/10/2017;04:44:00;1217;sem vítima;103;BR-040/RJ;Sul;Choque - Objeto Fixo;;;1;;;;;;;;1;;;;
10/10/2017;07:09:00;1229;com vítima;54;BR-040/RJ;Sul;Queda de Moto;;;;1;;;;;;;0;1;;;
10/10/2017;07:43:00;1232;com vítima;121;BR-040/RJ;Sul;Colisão Traseira;;;1;1;;;;;;;1;1;;;
10/10/2017;09:26:00;1240;com vítima;30;BR-040/RJ;Norte;Choque - Objeto Fixo;;;1;;;;;;;;0;1;;;
10/10/2017;12:58:00;1267;sem vítima;21;BR-040/RJ;Sul;Colisão Traseira;1;;1;;;;;;;;2;;;;
10/10/2017;15:06:00;1287;com vítima;110;BR-040/RJ;Sul;Queda de Moto;;;;1;;;;;;;0;1;;;
10/10/2017;19:08:00;1329;sem vítima;120;BR-040/RJ;Norte;Colisão Traseira;;;1;;1;;;;;;2;;;;
10/10/2017;21:40:00;1341;com vítima;107;BR-040/RJ;Sul;Colisão Traseira;;;;1;;1;;;;;1;;;1;
10/10/2017;22:18:00;1344;com vítima;107;BR-040/RJ;Norte;Colisão Frontal;;;1;1;;;;;;;1;1;;;
11/10/2017;00:25:00;1354;sem vítima;31;BR-040/RJ;Sul;Derrapagem;;;1;;;;;;;;1;;;;
11/10/2017;08:02:00;1388;com vítima;805;BR-040/MG;Norte;Colisão Traseira;;;1;1;;;;;;;1;;1;;
11/10/2017;22:46:00;1517;sem vítima;103;BR-040/RJ;Norte;Colisão Traseira;1;;;;;1;;;;;2;;;;
12/10/2017;04:42:00;1544;com vítima;116;BR-040/RJ;Norte;Colisão Lateral;2;;;;;;;;;;0;4;;;
12/10/2017;10:23:00;1604;sem vítima;113;BR-040/RJ;Norte;Engavetamento;5;;;;;;;;;;5;;;;
12/10/2017;10:29:00;1611;sem vítima;113;BR-040/RJ;Norte;Colisão Traseira;2;;;;;;;;;;2;;;;
12/10/2017;10:56:00;1614;com vítima;119;BR-040/RJ;Norte;Colisão Lateral;1;;;1;;;;;;;1;2;;;
12/10/2017;11:24:00;1618;com vítima;121;BR-040/RJ;Sul;Engavetamento;3;;;;;;;;;;2;1;;;
12/10/2017;13:29:00;1640;sem vítima;117;BR-040/RJ;Norte;Choque - Objeto Fixo;1;;;;;;;;;;1;;;;
12/10/2017;13:47:00;1642;sem vítima;784;BR-040/MG;Norte;Choque - Objeto Fixo;1;;;;;;;;;;1;;;;
12/10/2017;15:16:00;1659;com vítima;85;BR-040/RJ;Sul;Tombamento;;;1;;;1;;;;;1;;;1;
12/10/2017;15:31:00;1662;com vítima;74;BR-040/RJ;Sul;Queda de Moto;;;;1;;;;;;;0;1;;;
12/10/2017;17:08:00;1677;com vítima;107;BR-040/RJ;Sul;Colisão Frontal;1;1;;;;;;;;;1;;;1;
12/10/2017;18:27:00;1688;com vítima;112;BR-040/RJ;Norte;Choque - Objeto Fixo;2;;;;;;;;;;1;5;;;
12/10/2017;19:58:00;1699;sem vítima;120;BR-040/RJ;Norte;Choque - Objeto Fixo;1;;;;;1;;;;;2;;;;
12/10/2017;23:38:00;1722;sem vítima;78;BR-040/RJ;Sul;Choque - Objeto Fixo;;;1;;;;;;;;1;;;;
12/10/2017;23:54:00;1723;sem vítima;74;BR-040/RJ;Norte;Choque - Objeto Fixo;1;;;;;;;;;;1;;;;
13/10/2017;00:33:00;1730;com vítima;110;BR-040/RJ;Sul;Capotamento;1;;;;;;;;;;0;2;2;;
13/10/2017;02:47:00;1734;sem vítima;105;BR-040/RJ;Norte;Colisão Frontal;2;;;;;;;;;;2;;;;
13/10/2017;07:16:00;1751;sem vítima;92;BR-040/RJ;Norte;Colisão Lateral;2;;;;;;;;;;2;;;;
13/10/2017;09:48:00;1777;com vítima;101;BR-040/RJ;Sul;Colisão Lateral;1;;;1;;;;;;;1;1;;;
13/10/2017;10:07:00;1781;sem vítima;89;BR-040/RJ;Norte;Engavetamento;5;;;;;;;;;;5;;;;
13/10/2017;10:31:00;1786;sem vítima;101;BR-040/RJ;Sul;Colisão Traseira;2;;;;;;;;;;2;;;;
13/10/2017;11:36:00;1792;sem vítima;68;BR-040/RJ;Norte;Choque - Objeto Fixo;1;;;;;;;;;;1;;;;
13/10/2017;14:18:00;1811;sem vítima;113;BR-040/RJ;Norte;Colisão Traseira;2;;;;;;;;;;2;;;;
13/10/2017;15:37:00;1825;sem vítima;110;BR-040/RJ;Norte;Colisão Traseira;1;;;;;1;;;;;2;;;;
13/10/2017;19:28:00;1859;sem vítima;784;BR-040/MG;Sul;Choque - Objeto Fixo;1;;;;;;;;;;1;;;;
13/10/2017;23:55:00;1877;com vítima;120;BR-040/RJ;Norte;Colisão Traseira;2;;;;;;;;;;0;3;;;
14/10/2017;00:23:00;1878;sem vítima;122;BR-040/RJ;Norte;Capotamento;2;;;;;;;;;;2;;;;
14/10/2017;04:18:00;1887;com vítima;25;BR-040/RJ;Sul;Choque - Objeto Fixo;;;1;;;;;;;;0;1;;;
14/10/2017;04:48:00;1889;com vítima;116;BR-040/RJ;Norte;Colisão Traseira;1;;;1;;1;;;;;2;1;;;
14/10/2017;08:41:00;1906;com vítima;63;BR-040/RJ;Sul;Choque - Objeto Fixo;1;;;;;;;;;;0;3;;;
14/10/2017;09:09:00;1908;sem vítima;109;BR-040/RJ;Norte;Colisão Traseira;1;;;;1;;;;;;2;;;;
14/10/2017;17:59:00;1972;sem vítima;82;BR-040/RJ;Norte;Colisão Lateral;1;;1;;;;;;;;2;;;;
14/10/2017;19:07:00;1988;sem vítima;109;BR-040/RJ;Sul;Colisão Traseira;1;;1;;;;;;;;2;;;;
14/10/2017;21:56:00;2002;sem vítima;85;BR-040/RJ;Sul;Choque - Objeto Fixo;1;;;;;;;;;;1;;;;
14/10/2017;22:05:00;2003;sem vítima;95;BR-040/RJ;Norte;Choque - Objeto Fixo;1;;;;;;;;;;1;;;;
14/10/2017;22:26:00;2005;sem vítima;93;BR-040/RJ;Norte;Choque - Objeto Fixo;1;;;;;;;;;;1;;;;
14/10/2017;23:27:00;2010;sem vítima;84;BR-040/RJ;Norte;Choque - Objeto Fixo;1;;;;;;;;;;1;;;;
14/10/2017;23:49:00;2013;com vítima;110;BR-040/RJ;Sul;Atropelamento - Animal;1;;;;;1;;;;;1;1;;;
14/10/2017;23:55:00;2015;com vítima;110;BR-040/RJ;Sul;Atropelamento - Animal;1;;;;;1;;;;;1;2;;;
14/10/2017;23:55:00;2016;sem vítima;92;BR-040/RJ;Norte;Choque - Objeto Fixo;1;;;;;;;;;;1;;;;
15/10/2017;03:02:00;2022;sem vítima;85;BR-040/RJ;Sul;Choque - Objeto Fixo;1;;;;;;;;;;1;;;;
15/10/2017;04:44:00;2029;sem vítima;86;BR-040/RJ;Sul;Choque - Objeto Fixo;1;;;;;;;;;;1;;;;
15/10/2017;05:11:00;2031;sem vítima;105;BR-040/RJ;Norte;Choque - Objeto Fixo;1;;;;;;;;;;1;;;;
15/10/2017;06:45:00;2034;sem vítima;92;BR-040/RJ;Sul;Capotamento;1;;;;;;;;;;1;;;;
15/10/2017;07:17:00;2038;sem vítima;93;BR-040/RJ;Sul;Capotamento;1;;;;;;;;;;1;;;;
15/10/2017;07:40:00;2041;sem vítima;94;BR-040/RJ;Norte;Choque - Objeto Fixo;1;;;;;;;;;;1;;;;
15/10/2017;09:12:00;2047;sem vítima;84;BR-040/RJ;Norte;Choque - Objeto Fixo;1;;;;;;;;;;1;;;;
15/10/2017;09:46:00;2050;com vítima;90;BR-040/RJ;Sul;Capotamento;1;;;;;;;;;;0;5;;;
15/10/2017;10:17:00;2053;com vítima;116;BR-040/RJ;Norte;Capotamento;1;;;;;;;;;;0;1;;;
15/10/2017;11:08:00;2057;sem vítima;75;BR-040/RJ;Sul;Choque - Objeto Fixo;1;;;;;;;;;;1;;;;
15/10/2017;11:25:00;2059;com vítima;84;BR-040/RJ;Norte;Choque - Objeto Fixo;1;;;;;;;;;;0;2;;;
15/10/2017;11:47:00;2061;sem vítima;93;BR-040/RJ;Sul;Choque - Objeto Fixo;1;;;;;;;;;;1;;;;
15/10/2017;11:51:00;2064;sem vítima;74;BR-040/RJ;Norte;Choque - Objeto Fixo;1;;;;;;;;;;1;;;;
15/10/2017;12:25:00;2069;sem vítima;90;BR-040/RJ;Sul;Choque - Objeto Fixo;1;;;;;;;;;;1;;;;
15/10/2017;12:40:00;2072;sem vítima;92;BR-040/RJ;Norte;Colisão Traseira;1;;;;;1;;;;;2;;;;
15/10/2017;12:55:00;2073;sem vítima;88;BR-040/RJ;Norte;Choque - Objeto Fixo;1;;;;;;;;;;1;;;;
15/10/2017;12:59:00;2074;sem vítima;75;BR-040/RJ;Sul;Choque - Objeto Fixo;1;;;;;;;;;;1;;;;
15/10/2017;13:00:00;2075;sem vítima;95;BR-040/RJ;Norte;Choque - Objeto Fixo;1;;;;;;;;;;1;;;;
15/10/2017;13:19:00;2077;sem vítima;85;BR-040/RJ;Sul;Tombamento;1;;;;;;;;;;1;;;;
15/10/2017;13:23:00;2079;sem vítima;82;BR-040/RJ;Sul;Choque - Objeto Fixo;1;;;;;;;;;;1;;;;
15/10/2017;13:07:00;2081;sem vítima;96;BR-040/RJ;Sul;Choque - Objeto Fixo;1;;;;;;;;;;1;;;;
15/10/2017;14:13:00;2082;sem vítima;92;BR-040/RJ;Norte;Capotamento;1;;;;;;;;;;1;;;;
15/10/2017;14:17:00;2083;sem vítima;81;BR-040/RJ;Sul;Capotamento;1;;;;;;;;;;1;;;;
15/10/2017;14:26:00;2084;sem vítima;100;BR-040/RJ;Norte;Choque - Objeto Fixo;1;;;;;;;;;;1;;;;
15/10/2017;14:27:00;2086;com vítima;828;BR-040/MG;Norte;Choque - Objeto Fixo;1;;;;;;;;;;0;4;;;
15/10/2017;14:41:00;2087;sem vítima;91;BR-040/RJ;Norte;Choque - Objeto Fixo;1;;;;;;;;;;1;;;;
15/10/2017;15:05:00;2092;sem vítima;112;BR-040/RJ;Norte;Choque - Objeto Fixo;1;;;;;;;;;;1;;;;
15/10/2017;15:08:00;2093;sem vítima;91;BR-040/RJ;Sul;Choque - Objeto Fixo;1;;;;;;;;;;1;;;;
15/10/2017;15:25:00;2095;sem vítima;84;BR-040/RJ;Norte;Choque - Objeto Fixo;1;;;;;;;;;;1;;;;
15/10/2017;15:28:00;2096;sem vítima;124;BR-040/RJ;Norte;Choque - Objeto Fixo;1;;;;;;;;;;1;;;;
15/10/2017;15:50:00;2099;com vítima;92;BR-040/RJ;Sul;Capotamento;1;;;;;;;;;;0;2;;;
15/10/2017;15:54:00;2101;sem vítima;82;BR-040/RJ;Sul;Choque - Objeto Fixo;1;;;;;;;;;;1;;;;
15/10/2017;16:23:00;2105;sem vítima;85;BR-040/RJ;Sul;Choque - Objeto Fixo;1;;;;;;;;;;1;;;;
15/10/2017;16:33:00;2106;sem vítima;94;BR-040/RJ;Norte;Choque - Objeto Fixo;1;;;;;;;;;;1;;;;
15/10/2017;17:08:00;2111;sem vítima;80;BR-040/RJ;Sul;Choque - Objeto Fixo;1;;;;;;;;;;1;;;;
15/10/2017;18:18:00;2124;sem vítima;75;BR-040/RJ;Sul;Choque - Objeto Fixo;1;;;;;;;;;;1;;;;
15/10/2017;18:23:00;2125;com vítima;74;BR-040/RJ;Norte;Choque - Objeto Fixo;1;;;;;;;;;;0;4;;;
15/10/2017;18:58:00;2130;sem vítima;82;BR-040/RJ;Sul;Choque - Objeto Fixo;1;;;;;;;;;;1;;;;
15/10/2017;19:46:00;2137;com vítima;93;BR-040/RJ;Norte;Capotamento;1;;;;;;;;;;0;2;;;
15/10/2017;20:33:00;2143;sem vítima;94;BR-040/RJ;Sul;Choque - Objeto Fixo;1;;;;;;;;;;1;;;;
15/10/2017;21:26:00;2149;sem vítima;75;BR-040/RJ;Sul;Choque - Objeto Fixo;1;;;;;;;;;;1;;;;
15/10/2017;21:45:00;2151;sem vítima;85;BR-040/RJ;Sul;Choque - Objeto Fixo;1;;;;;;;;;;1;;;;
15/10/2017;22:55:00;2158;sem vítima;43;BR-040/RJ;Norte;Choque - Objeto Fixo;1;;;;;;;;;;1;;;;
15/10/2017;23:13:00;2161;com vítima;42;BR-040/RJ;Norte;Atropelamento - Animal;1;;;;1;;;;;;1;2;;;1
16/10/2017;01:40:00;2173;com vítima;27;BR-040/RJ;Norte;Capotamento;1;;;;;;;;;;0;2;;;
16/10/2017;04:07:00;2181;sem vítima;91;BR-040/RJ;Norte;Derrapagem;1;;;;;;;;;;1;;;;
16/10/2017;05:40:00;2185;sem vítima;93;BR-040/RJ;Sul;Choque - Objeto Fixo;1;;;;;;;;;;1;;;;
16/10/2017;07:48:00;2199;sem vítima;85;BR-040/RJ;Norte;Choque - Objeto Fixo;1;;;;;;;;;;1;;;;
16/10/2017;09:07:00;2210;sem vítima;92;BR-040/RJ;Norte;Choque - Objeto Fixo;1;;;;;;;;;;1;;;;
16/10/2017;09:30:00;2212;sem vítima;89;BR-040/RJ;Norte;Colisão Lateral;2;;;;;;;;;;2;;;;
16/10/2017;09:37:00;2213;sem vítima;94;BR-040/RJ;Norte;Choque - Objeto Fixo;1;;;;;;;;;;1;;;;
16/10/2017;10:15:00;2215;sem vítima;90;BR-040/RJ;Norte;Colisão Lateral;1;;1;;;;;;;;2;;;;
16/10/2017;10:16:00;2216;com vítima;113;BR-040/RJ;Sul;Colisão Traseira;1;;1;;;;;;;;1;1;;;
16/10/2017;10:51:00;2223;sem vítima;90;BR-040/RJ;Sul;Choque - Objeto Fixo;1;;;;;;;;;;1;;;;
16/10/2017;11:14:00;2224;sem vítima;90;BR-040/RJ;Sul;Choque - Objeto Fixo;1;;;;;;;;;;1;;;;
16/10/2017;11:30:00;2225;sem vítima;92;BR-040/RJ;Norte;Choque - Objeto Fixo;1;;;;;;;;;;1;;;;
16/10/2017;11:58:00;2226;sem vítima;101;BR-040/RJ;Sul;Choque - Objeto Fixo;1;;;;;;;;;;1;;;;
16/10/2017;12:14:00;2228;sem vítima;92;BR-040/RJ;Sul;Choque - Objeto Fixo;1;;;;;;;;;;1;;;;
16/10/2017;12:20:00;2231;sem vítima;82;BR-040/RJ;Sul;Choque - Objeto Fixo;1;;;;;;;;;;1;;;;
16/10/2017;12:38:00;2232;com vítima;93;BR-040/RJ;Sul;Capotamento;1;;;;;;;;;;0;1;;;
16/10/2017;13:13:00;2234;sem vítima;108;BR-040/RJ;Norte;Colisão Lateral;2;;;;;;;;;;2;;;;
16/10/2017;13:59:00;2239;sem vítima;85;BR-040/RJ;Sul;Choque - Objeto Fixo;1;;;;;;;;;;1;;;;
16/10/2017;15:13:00;2242;sem vítima;82;BR-040/RJ;Sul;Choque - Objeto Fixo;1;;;;;;;;;;1;;;;
16/10/2017;16:39:00;2252;sem vítima;82;BR-040/RJ;Sul;Choque - Objeto Fixo;1;;;;;;;;;;1;;;;
16/10/2017;17:30:00;2259;sem vítima;84;BR-040/RJ;Sul;Choque - Objeto Fixo;1;;;;;;;;;;1;;;;
16/10/2017;17:50:00;2260;sem vítima;94;BR-040/RJ;Sul;Choque - Objeto Fixo;1;;;;;;;;;;1;;;;
16/10/2017;17:55:00;2261;sem vítima;89;BR-040/RJ;Sul;Choque - Objeto Fixo;1;;;;;;;;;;1;;;;
17/10/2017;00:01:00;2292;sem vítima;82;BR-040/RJ;Sul;Choque - Objeto Fixo;1;;;;;;;;;;1;;;;
18/10/2017;00:14:00;2432;sem vítima;92;BR-040/RJ;Sul;Choque - Objeto Fixo;;;1;;;;;;;;1;;;;
18/10/2017;06:33:00;2453;com vítima;89;BR-040/RJ;Norte;Derrapagem;1;;;;;;;;;;0;1;;;
18/10/2017;07:56:00;2462;com vítima;108;BR-040/RJ;Norte;Queda de Moto;;;;1;;;;;;;0;;1;;
18/10/2017;11:58:00;2484;com vítima;68;BR-040/RJ;Norte;Choque - Objeto Fixo;1;;;;;;;;;;0;1;;;
18/10/2017;13:12:00;2488;com vítima;15;BR-040/RJ;Sul;Colisão Traseira;1;;;;1;;;;;;0;2;;;
18/10/2017;15:10:00;2501;sem vítima;97;BR-040/RJ;Sul;Colisão Traseira;2;;;;;;;;;;2;;;;
18/10/2017;17:36:00;2514;sem vítima;83;BR-040/RJ;Norte;Choque - Objeto Fixo;1;;;;;;;;;;1;;;;
18/10/2017;18:15:00;2523;sem vítima;110;BR-040/RJ;Norte;Colisão Lateral;2;;;;;;;;;;2;;;;
19/10/2017;08:33:00;2595;com vítima;123;BR-040/RJ;Sul;Colisão Lateral;;;;1;;1;;;;;1;1;;;
19/10/2017;08:44:00;2597;sem vítima;85;BR-040/RJ;Sul;Choque - Objeto Fixo;;;1;;;;;;;;1;;;;
19/10/2017;13:26:00;2621;com vítima;108;BR-040/RJ;Sul;Choque - Objeto Fixo;1;;;;;;;;;;0;1;1;;
19/10/2017;13:43:00;2623;com vítima;91;BR-040/RJ;Sul;Choque - Objeto Fixo;1;;;;;;;;;;0;1;;;
19/10/2017;14:24:00;2629;sem vítima;60;BR-040/RJ;Norte;Choque - Objeto Fixo;;;1;;;;;;;;1;;;;
19/10/2017;17:12:00;2659;sem vítima;21;BR-040/RJ;Norte;Colisão Lateral;1;;1;;;;;;;;2;;;;
19/10/2017;20:01:00;2693;com vítima;95;BR-040/RJ;Sul;Choque - Objeto Fixo;;;1;;;;;;;;0;3;;;
19/10/2017;20:50:00;2695;sem vítima;119;BR-040/RJ;Norte;Colisão Traseira;1;;;;;1;;;;;2;;;;
20/10/2017;08:27:00;2759;com vítima;113;BR-040/RJ;Sul;Engavetamento;2;;2;;;1;;;;;4;2;1;;
20/10/2017;09:05:00;2765;com vítima;124;BR-040/RJ;Norte;Colisão Traseira;1;;1;;;;;;;;1;1;;;
20/10/2017;12:52:00;2786;com vítima;88;BR-040/RJ;Norte;Capotamento;1;;;;;;;;;;0;1;;;
20/10/2017;19:07:00;2847;com vítima;794;BR-040/MG;Sul;Colisão Lateral;1;;1;;;;;;;;1;2;;;
20/10/2017;20:52:00;2861;sem vítima;105;BR-040/RJ;Norte;Colisão Traseira;1;;;;1;;;;;;2;;;;
20/10/2017;22:11:00;2872;sem vítima;85;BR-040/RJ;Sul;Choque - Objeto Fixo;1;;;;;;;;;;1;;;;
20/10/2017;22:43:00;2877;com vítima;82;BR-040/RJ;Sul;Choque - Objeto Fixo;1;;;;;;;;;;0;5;;;
20/10/2017;22:54:00;2878;sem vítima;85;BR-040/RJ;Sul;Choque - Objeto Fixo;1;;;;;;;;;;1;;;;
21/10/2017;14:02:00;2952;sem vítima;113;BR-040/RJ;Norte;Engavetamento;3;;;;;;;;;;3;;;;
21/10/2017;17:52:00;2980;com vítima;780;BR-040/MG;Norte;Colisão Frontal;2;;;;;;;;;;1;3;;;
21/10/2017;19:01:00;2989;sem vítima;102;BR-040/RJ;Norte;Colisão Traseira;2;;;;;;;;;;2;;;;
22/10/2017;01:40:00;3023;sem vítima;122;BR-040/RJ;Norte;Choque - Objeto Fixo;1;;;;;;;;;;1;;;;
22/10/2017;06:50:00;3045;sem vítima;109;BR-040/RJ;Norte;Choque - Objeto Fixo;1;;;;;;;;;;1;;;;
22/10/2017;11:37:00;3068;sem vítima;105;BR-040/RJ;Sul;Colisão Traseira;1;;;;;1;;;;;2;;;;
22/10/2017;15:14:00;3085;sem vítima;96;BR-040/RJ;Sul;Choque - Objeto Fixo;1;;;;;;;;;;1;;;;
22/10/2017;15:42:00;3090;sem vítima;17;BR-040/RJ;Norte;Choque - Objeto Fixo;1;;;;;;;;;;1;;;;
22/10/2017;16:02:00;3093;com vítima;810;BR-040/MG;Norte;Colisão Lateral;2;;;;;;;;;;0;3;;;
22/10/2017;16:07:00;3094;sem vítima;85;BR-040/RJ;Sul;Choque - Objeto Fixo;1;;;;;;;;;;1;;;;
22/10/2017;16:19:00;3099;com vítima;92;BR-040/RJ;Sul;Tombamento;1;;;;;;;;;;0;3;;;
22/10/2017;16:27:00;3103;sem vítima;84;BR-040/RJ;Norte;Choque - Objeto Fixo;1;;;;;;;;;;1;;;;
22/10/2017;16:30:00;3104;com vítima;109;BR-040/RJ;Sul;Colisão Lateral;2;;;;;1;;;;;2;2;;;
22/10/2017;16:35:00;3105;sem vítima;82;BR-040/RJ;Sul;Choque - Objeto Fixo;1;;;;;;;;;;1;;;;
22/10/2017;16:52:00;3107;sem vítima;15;BR-040/RJ;Sul;Choque - Objeto Fixo;1;;;;;;;;;;1;;;;
22/10/2017;17:09:00;3108;com vítima;58;BR-040/RJ;Norte;Choque - Objeto Fixo;1;;;;;;;;;;1;2;;;
22/10/2017;17:10:00;3109;sem vítima;91;BR-040/RJ;Norte;Choque - Objeto Fixo;1;;;;;;;;;;1;;;;
22/10/2017;17:27:00;3114;com vítima;13;BR-040/RJ;Norte;Colisão Traseira;1;;1;;;;;;;;3;2;;;
22/10/2017;17:35:00;3115;com vítima;821;BR-040/MG;Sul;Capotamento;1;;;;;;;;;;0;1;;;
22/10/2017;17:42:00;3118;com vítima;793;BR-040/MG;Sul;Choque - Objeto Fixo;1;;;;;;;;;;0;4;;;
22/10/2017;17:44:00;3119;sem vítima;91;BR-040/RJ;Sul;Choque - Objeto Fixo;1;;;;;;;;;;1;;;;
22/10/2017;17:59:00;3121;sem vítima;85;BR-040/RJ;Sul;Choque - Objeto Fixo;1;;;;;;;;;;1;;;;
22/10/2017;18:06:00;3123;sem vítima;85;BR-040/RJ;Sul;Colisão Frontal;2;;;;;;;;;;2;;;;
22/10/2017;17:50:00;3124;sem vítima;78;BR-040/RJ;Sul;Choque - Objeto Fixo;1;;;;;;;;;;1;;;;
22/10/2017;18:45:00;3128;com vítima;87;BR-040/RJ;Sul;Choque - Objeto Fixo;1;;;;;;;;;;0;1;;;
22/10/2017;18:52:00;3131;sem vítima;71;BR-040/RJ;Norte;Choque - Objeto Fixo;1;;;;;;;;;;1;;;;
22/10/2017;18:35:00;3135;sem vítima;77;BR-040/RJ;Sul;Choque - Objeto Fixo;1;;;;;;;;;;1;;;;
22/10/2017;19:00:00;3137;sem vítima;799;BR-040/MG;Norte;Choque - Objeto Fixo;1;;;;;;;;;;1;;;;
22/10/2017;19:48:00;3141;sem vítima;7;BR-040/RJ;Sul;Choque - Objeto Fixo;1;;;;;;;;;;1;;;;
22/10/2017;19:58:00;3143;sem vítima;85;BR-040/RJ;Sul;Choque - Objeto Fixo;1;;;;;;;;;;1;;;;
22/10/2017;20:24:00;3146;sem vítima;113;BR-040/RJ;Norte;Colisão Traseira;2;;;;;;;;;;2;;;;
22/10/2017;20:37:00;3148;sem vítima;82;BR-040/RJ;Sul;Choque - Objeto Fixo;1;;;;;;;;;;1;;;;
22/10/2017;20:40:00;3149;sem vítima;82;BR-040/RJ;Sul;Choque - Objeto Fixo;1;;;;;;;;;;1;;;;
22/10/2017;21:10:00;3150;com vítima;29;BR-040/RJ;Sul;Choque - Objeto Fixo;1;;;;;;;;;;0;3;;;