data;horario;n_da_ocorrencia;tipo_de_ocorrencia;km;trecho;sentido;tipo_de_acidente;automovel;bicicleta;caminhao;moto;onibus;outros;tracao_animal;transporte_de_cargas_especiais;trator_maquinas;utilitarios;ilesos;levemente_feridos;moderadamente_feridos;gravemente_feridos;mortos
01/12/2017;11:49:00;59;com vítima;92;BR-040/RJ;Sul;Capotamento;1;;;;;;;;;;0;2;;;
01/12/2017;12:54:00;66;com vítima;6;BR-040/RJ;Norte;Choque - Objeto Fixo;1;;;;;;;;;;0;2;;;
01/12/2017;13:53:00;68;sem vítima;77;BR-040/RJ;Sul;Choque - Objeto Fixo;1;;;;;;;;;;1;;;;
01/12/2017;13:54:00;69;sem vítima;92;BR-040/RJ;Sul;Choque - Objeto Fixo;1;;;;;;;;;;1;;;;
01/12/2017;15:33:00;85;sem vítima;94;BR-040/RJ;Sul;Choque - Objeto Fixo;1;;;;;;;;;;1;;;;
01/12/2017;15:38:00;86;com vítima;2;BR-040/RJ;Sul;Choque - Objeto Fixo;1;;;;;;;;;;1;1;;;
01/12/2017;16:12:00;90;sem vítima;75;BR-040/RJ;Sul;Choque - Objeto Fixo;1;;;;;;;;;;1;;;;
01/12/2017;16:18:00;91;sem vítima;35;BR-040/RJ;Sul;Choque - Objeto Fixo;1;;;;;;;;;;1;;;;
01/12/2017;16:27:00;92;sem vítima;78;BR-040/RJ;Sul;Choque - Objeto Fixo;1;;;;;;;;;;1;;;;
01/12/2017;16:33:00;93;sem vítima;91;BR-040/RJ;Sul;Choque - Objeto Fixo;1;;;;;;;;;;1;;;;
01/12/2017;19:00:00;108;sem vítima;12;BR-040/RJ;Norte;Capotamento;1;;;;;;;;;;1;;;;
01/12/2017;19:20:00;113;sem vítima;78;BR-040/RJ;Sul;Choque - Objeto Fixo;1;;;;;;;;;;1;;;;
02/12/2017;04:22:00;151;com vítima;123;BR-040/RJ;Sul;Colisão Frontal;;;2;;1;;;;;;0;1;1;;1
02/12/2017;05:04:00;153;sem vítima;822;BR-040/MG;Norte;Atropelamento - Animal;1;;;;;;;;;;1;;;;
02/12/2017;08:30:00;167;sem vítima;12;BR-040/RJ;Norte;Choque - Objeto Fixo;1;;;;;;;;;;1;;;;
02/12/2017;08:38:00;170;sem vítima;810;BR-040/MG;Norte;Colisão Lateral;2;;;;;;;;;;2;;;;
02/12/2017;14:40:00;199;com vítima;35;BR-040/RJ;Sul;Colisão Traseira;1;;1;;;;;;;;0;3;;;
02/12/2017;14:53:00;200;sem vítima;110;BR-040/RJ;Norte;Colisão Lateral;1;;;;1;;;;;;2;;;;
02/12/2017;17:39:00;213;sem vítima;109;BR-040/RJ;Norte;Colisão Traseira;2;;;;;;;;;;2;;;;
02/12/2017;21:16:00;238;com vítima;93;BR-040/RJ;Sul;Choque - Objeto Fixo;1;;;;;;;;;;0;5;;;
03/12/2017;01:00:00;250;sem vítima;94;BR-040/RJ;Norte;Choque - Objeto Fixo;1;;;;;;;;;;1;;;;
03/12/2017;01:37:00;252;sem vítima;119;BR-040/RJ;Sul;Choque - Objeto Fixo;1;;;;;;;;;;1;;;;
03/12/2017;02:43:00;256;sem vítima;75;BR-040/RJ;Norte;Choque - Objeto Fixo;1;;;;;;;;;;1;;;;
03/12/2017;05:44:00;267;sem vítima;92;BR-040/RJ;Norte;Choque - Objeto Fixo;1;;;;;;;;;;1;;;;
03/12/2017;09:02:00;289;com vítima;86;BR-040/RJ;Norte;Capotamento;1;;;;;;;;;;0;;4;1;
03/12/2017;13:41:00;316;sem vítima;802;BR-040/MG;Sul;Colisão Lateral;2;;;;;;;;;;2;;;;
03/12/2017;14:25:00;321;com vítima;90;BR-040/RJ;Sul;Choque - Objeto Fixo;1;;;;;;;;;;0;3;;;
03/12/2017;14:25:00;322;sem vítima;90;BR-040/RJ;Norte;Choque - Objeto Fixo;1;;;;;;;;;;1;;;;
03/12/2017;14:48:00;323;sem vítima;92;BR-040/RJ;Norte;Choque - Objeto Fixo;1;;;;;;;;;;1;;;;
03/12/2017;16:30:00;333;com vítima;76;BR-040/RJ;Sul;Capotamento;1;;;;;;;;;;0;1;;;
03/12/2017;16:33:00;334;sem vítima;93;BR-040/RJ;Sul;Choque - Objeto Fixo;1;;;;;;;;;;1;;;;
03/12/2017;16:56:00;338;sem vítima;97;BR-040/RJ;Sul;Choque - Objeto Fixo;1;;;;;;;;;;1;;;;
03/12/2017;17:05:00;341;sem vítima;92;BR-040/RJ;Sul;Choque - Objeto Fixo;1;;;;;;;;;;1;;;;
03/12/2017;17:48:00;346;sem vítima;780;BR-040/MG;Norte;Choque - Objeto Fixo;1;;;;;;;;;;1;;;;
03/12/2017;22:06:00;369;sem vítima;91;BR-040/RJ;Sul;Derrapagem;1;;;;;;;;;;1;;;;
03/12/2017;23:00:00;375;sem vítima;22;BR-040/RJ;Norte;Choque - Objeto Fixo;1;;;;;;;;;;1;;;;
03/12/2017;23:13:00;376;sem vítima;2;BR-040/RJ;Norte;Derrapagem;1;;;;;;;;;;1;;;;
03/12/2017;23:32:00;379;sem vítima;785;BR-040/MG;Norte;Atropelamento - Animal;1;;;;;;;;;;1;;;;
04/12/2017;02:41:00;396;sem vítima;42;BR-040/RJ;Sul;Choque - Objeto Fixo;;;1;;;;;;;;1;;;;
04/12/2017;04:53:00;399;sem vítima;96;BR-040/RJ;Sul;Choque - Objeto Fixo;1;;;;;;;;;;1;;;;
04/12/2017;05:55:00;402;com vítima;113;BR-040/RJ;Sul;Colisão Lateral;;;;1;1;;;;;;1;1;;;
04/12/2017;06:16:00;403;com vítima;38;BR-040/RJ;Norte;Tombamento;1;;;;;;;;;;0;2;;;
04/12/2017;06:40:00;408;sem vítima;94;BR-040/RJ;Sul;Choque - Objeto Fixo;1;;;;;;;;;;1;;;;
04/12/2017;06:47:00;409;sem vítima;19;BR-040/RJ;Norte;Atropelamento - Animal;;;1;;;;;;;;1;;;;
04/12/2017;06:56:00;411;sem vítima;79;BR-040/RJ;Sul;Colisão Traseira;1;;1;;;;;;;;2;;;;
04/12/2017;07:06:00;412;sem vítima;43;BR-040/RJ;Norte;Choque - Objeto Fixo;1;;;;;;;;;;1;;;;
04/12/2017;07:09:00;414;sem vítima;98;BR-040/RJ;Norte;Queda de Moto;;;;1;;;;;;;1;;;;
04/12/2017;09:34:00;427;sem vítima;121;BR-040/RJ;Sul;Colisão Lateral;1;;1;;;;;;;;2;;;;
04/12/2017;18:01:00;481;sem vítima;91;BR-040/RJ;Norte;Choque - Objeto Fixo;1;;;;;;;;;;1;;;;
04/12/2017;18:21:00;483;sem vítima;92;BR-040/RJ;Norte;Choque - Objeto Fixo;1;;;;;;;;;;1;;;;
04/12/2017;19:00:00;485;sem vítima;88;BR-040/RJ;Norte;Choque - Objeto Fixo;1;;;;;;;;;;1;;;;
04/12/2017;19:31:00;488;sem vítima;92;BR-040/RJ;Sul;Choque - Objeto Fixo;1;;;;;;;;;;1;;;;
05/12/2017;07:10:00;538;sem vítima;90;BR-040/RJ;Sul;Colisão Traseira;1;;1;;;;;;;;2;;;;
05/12/2017;08:39:00;547;sem vítima;122;BR-040/RJ;Sul;Colisão Traseira;2;;;;;;;;;;2;;;;
05/12/2017;10:23:00;562;sem vítima;92;BR-040/RJ;Sul;Choque - Objeto Fixo;1;;;;;;;;;;1;;;;
05/12/2017;13:23:00;582;sem vítima;85;BR-040/RJ;Norte;Choque - Objeto Fixo;1;;;;;;;;;;1;;;;
05/12/2017;15:21:00;592;sem vítima;117;BR-040/RJ;Norte;Engavetamento;2;;;;;1;;;;;3;;;;
05/12/2017;17:05:00;614;sem vítima;84;BR-040/RJ;Norte;Colisão Traseira;;;;;1;1;;;;;2;;;;
05/12/2017;18:51:00;625;com vítima;117;BR-040/RJ;Norte;Queda de Moto;;;;1;;;;;;;0;1;;;
06/12/2017;10:56:00;693;sem vítima;79;BR-040/RJ;Sul;Colisão Lateral;1;;1;;;;;;;;2;;;;
06/12/2017;13:52:00;717;com vítima;109;BR-040/RJ;Norte;Colisão Lateral;1;;1;;;;;;;;0;4;;;
06/12/2017;23:33:00;768;sem vítima;113;BR-040/RJ;Norte;Colisão Lateral;1;;;;1;;;;;;2;;;;
07/12/2017;13:00:00;823;com vítima;123;BR-040/RJ;Norte;Colisão Traseira;1;;1;;;;;;;;0;6;;;
07/12/2017;20:08:00;869;sem vítima;35;BR-040/RJ;Norte;Atropelamento - Animal;1;;;;;;;;;;1;;;;
07/12/2017;20:08:00;870;com vítima;35;BR-040/RJ;Norte;Colisão Traseira;1;;;;;;;;;;0;2;;;
08/12/2017;00:08:00;885;com vítima;785;BR-040/MG;Sul;Capotamento;1;;;;;;;;;;0;1;;;
08/12/2017;01:31:00;889;com vítima;91;BR-040/RJ;Sul;Tombamento;;;1;;;;;;;;0;1;;;
08/12/2017;03:47:00;899;com vítima;74;BR-040/RJ;Norte;Derrapagem;1;;;;;;;;;;0;1;;;
08/12/2017;06:46:00;907;sem vítima;43;BR-040/RJ;Norte;Choque - Objeto Fixo;1;;;;;;;;;;1;;;;
08/12/2017;07:25:00;910;com vítima;78;BR-040/RJ;Sul;Choque - Objeto Fixo;1;;;;;;;;;;0;4;;;
08/12/2017;07:28:00;911;sem vítima;83;BR-040/RJ;Norte;Colisão Traseira;1;;;;;1;;;;;2;;;;
08/12/2017;09:09:00;917;sem vítima;90;BR-040/RJ;Norte;Choque - Objeto Fixo;1;;;;;;;;;;1;;;;
08/12/2017;09:22:00;918;sem vítima;84;BR-040/RJ;Norte;Choque - Objeto Fixo;1;;;;;;;;;;1;;;;
08/12/2017;09:47:00;919;sem vítima;94;BR-040/RJ;Sul;Choque - Objeto Fixo;1;;;;;;;;;;1;;;;
08/12/2017;09:49:00;922;sem vítima;2;BR-040/RJ;Sul;Choque - Objeto Fixo;1;;;;;;;;;;1;;;;
08/12/2017;09:59:00;925;sem vítima;96;BR-040/RJ;Norte;Choque - Objeto Fixo;1;;;;;;;;;;1;;;;
08/12/2017;10:01:00;926;sem vítima;92;BR-040/RJ;Sul;Choque - Objeto Fixo;1;;;;;;;;;;1;;;;
08/12/2017;10:06:00;927;sem vítima;43;BR-040/RJ;Sul;Choque - Objeto Fixo;1;;;;;;;;;;1;;;;
08/12/2017;10:18:00;929;com vítima;115;BR-040/RJ;Sul;Capotamento;1;;;;;;;;;;0;2;;;
08/12/2017;11:24:00;939;sem vítima;112;BR-040/RJ;Sul;Colisão Lateral;1;;1;;;;;;;;2;;;;
08/12/2017;11:48:00;940;sem vítima;98;BR-040/RJ;Norte;Choque - Objeto Fixo;;;1;;;;;;;;1;;;;
08/12/2017;13:18:00;948;com vítima;92;BR-040/RJ;Sul;Choque - Objeto Fixo;1;;;;;;;;;;0;3;;;
08/12/2017;13:37:00;953;sem vítima;31;BR-040/RJ;Sul;Choque - Objeto Fixo;1;;;;;;;;;;1;;;;
08/12/2017;14:11:00;959;sem vítima;79;BR-040/RJ;Sul;Choque - Objeto Fixo;1;;;;;;;;;;1;;;;
08/12/2017;14:15:00;960;sem vítima;94;BR-040/RJ;Norte;Choque - Objeto Fixo;1;;;;;;;;;;1;;;;
08/12/2017;15:11:00;967;sem vítima;113;BR-040/RJ;Norte;Colisão Traseira;1;;1;;;;;;;;2;;;;
08/12/2017;15:23:00;970;sem vítima;31;BR-040/RJ;Norte;Choque - Objeto Fixo;1;;;;;;;;;;1;;;;
08/12/2017;15:37:00;973;sem vítima;90;BR-040/RJ;Sul;Choque - Objeto Fixo;1;;;;;;;;;;1;;;;
08/12/2017;16:12:00;982;sem vítima;38;BR-040/RJ;Norte;Capotamento;1;;;;;;;;;;1;;;;
08/12/2017;16:20:00;983;sem vítima;75;BR-040/RJ;Sul;Choque - Objeto Fixo;1;;;;;;;;;;1;;;;
08/12/2017;16:36:00;986;sem vítima;111;BR-040/RJ;Sul;Colisão Traseira;2;;;;;;;;;;2;;;;
08/12/2017;17:01:00;992;com vítima;114;BR-040/RJ;Norte;Queda de Moto;;;;1;;;;;;;0;1;;;
08/12/2017;16:39:00;995;sem vítima;812;BR-040/MG;Sul;Choque - Objeto Fixo;1;;;;;;;;;;1;;;;
08/12/2017;17:33:00;1001;sem vítima;15;BR-040/RJ;Sul;Choque - Objeto Fixo;1;;;;;;;;;;1;;;;
08/12/2017;17:56:00;1003;sem vítima;85;BR-040/RJ;Norte;Choque - Objeto Fixo;1;;;;;;;;;;1;;;;
08/12/2017;18:11:00;1005;sem vítima;59;BR-040/RJ;Norte;Choque - Objeto Fixo;1;;;;;;;;;;1;;;;
09/12/2017;05:43:00;1063;com vítima;109;BR-040/RJ;Sul;Colisão Frontal;1;;1;;;;;;;;1;;;1;
09/12/2017;05:53:00;1064;com vítima;101;BR-040/RJ;Sul;Choque - Objeto Fixo;1;;;;;;;;;;0;1;1;;
09/12/2017;09:16:00;1086;com vítima;819;BR-040/MG;Norte;Colisão Lateral;1;;1;;;;;;;;1;4;;;
09/12/2017;09:32:00;1089;sem vítima;92;BR-040/RJ;Sul;Choque - Objeto Fixo;1;;;;;;;;;;1;;;;
09/12/2017;11:35:00;1105;sem vítima;120;BR-040/RJ;Norte;Colisão Traseira;2;;;;;;;;;;2;;;;
09/12/2017;12:25:00;1109;com vítima;43;BR-040/RJ;Norte;Choque - Objeto Fixo;1;;;;;;;;;;0;4;;;
09/12/2017;19:37:00;1161;com vítima;41;BR-040/RJ;Norte;Choque - Objeto Fixo;1;;;;;;;;;;0;5;;;
09/12/2017;20:55:00;1173;sem vítima;88;BR-040/RJ;Norte;Choque - Objeto Fixo;1;;;;;;;;;;1;;;;
09/12/2017;22:27:00;1179;sem vítima;107;BR-040/RJ;Norte;Choque - Objeto Fixo;1;;;;;;;;;;1;;;;
09/12/2017;22:53:00;1183;com vítima;51;BR-040/RJ;Norte;Capotamento;1;;;;;1;;;;;1;3;;;
10/12/2017;07:44:00;1210;sem vítima;117;BR-040/RJ;Sul;Choque - Objeto Fixo;1;;;;;;;;;;1;;;;
10/12/2017;09:38:00;1224;com vítima;53;BR-040/RJ;Sul;Choque - Objeto Fixo;;;;1;;;;;;;0;;1;;
10/12/2017;16:10:00;1262;sem vítima;22;BR-040/RJ;Norte;Choque - Objeto Fixo;1;;;;;;;;;;1;;;;
10/12/2017;18:35:00;1282;sem vítima;57;BR-040/RJ;Sul;Engavetamento;3;;;;;;;;;;3;;;;
10/12/2017;19:16:00;1287;sem vítima;118;BR-040/RJ;Sul;Colisão Traseira;1;;;;;1;;;;;2;;;;
10/12/2017;21:10:00;1295;sem vítima;58;BR-040/RJ;Sul;Colisão Traseira;2;;;;;;;;;;2;;;;
11/12/2017;06:09:00;1330;sem vítima;56;BR-040/RJ;Sul;Capotamento;1;;;;;;;;;;1;;;;
11/12/2017;07:26:00;1335;sem vítima;120;BR-040/RJ;Sul;Engavetamento;2;;1;;;;;;;;3;;;;
11/12/2017;08:49:00;1345;com vítima;123;BR-040/RJ;Norte;Tombamento;;;1;;;;;;;;0;1;;;
11/12/2017;17:14:00;1402;sem vítima;782;BR-040/MG;Norte;Colisão Traseira;1;;1;;;;;;;;2;;;;
11/12/2017;17:25:00;1405;sem vítima;33;BR-040/RJ;Norte;Choque - Objeto Fixo;1;;;;;;;;;;1;;;;
11/12/2017;17:45:00;1408;sem vítima;112;BR-040/RJ;Norte;Queda de Moto;;;;1;;;;;;;1;;;;
11/12/2017;18:19:00;1410;sem vítima;6;BR-040/RJ;Norte;Choque - Objeto Fixo;1;;;;;;;;;;1;;;;
11/12/2017;21:05:00;1420;com vítima;33;BR-040/RJ;Sul;Capotamento;1;;;;;;;;;;0;1;;;
12/12/2017;12:15:00;1487;sem vítima;93;BR-040/RJ;Sul;Choque - Objeto Fixo;1;;;;;;;;;;1;;;;
12/12/2017;12:52:00;1491;com vítima;87;BR-040/RJ;Sul;Choque - Objeto Fixo;1;;;;;;;;;;0;1;;;
12/12/2017;14:28:00;1499;sem vítima;90;BR-040/RJ;Norte;Choque - Objeto Fixo;1;;;;;;;;;;1;;;;
12/12/2017;15:39:00;1505;sem vítima;93;BR-040/RJ;Sul;Choque - Objeto Fixo;1;;;;;;;;;;1;;;;
12/12/2017;16:11:00;1510;sem vítima;118;BR-040/RJ;Norte;Colisão Traseira;2;;;;;;;;;;2;;;;
12/12/2017;16:24:00;1512;sem vítima;120;BR-040/RJ;Norte;Capotamento;1;;;;;;;;;;1;;;;
12/12/2017;17:25:00;1519;sem vítima;93;BR-040/RJ;Sul;Choque - Objeto Fixo;1;;;;;;;;;;1;;;;
12/12/2017;18:45:00;1526;sem vítima;110;BR-040/RJ;Norte;Colisão Traseira;2;;;;;;;;;;2;;;;
13/12/2017;12:39:00;1604;sem vítima;827;BR-040/MG;Sul;Choque - Objeto Fixo;1;;;;;;;;;;1;;;;
13/12/2017;15:02:00;1612;sem vítima;105;BR-040/RJ;Norte;Colisão Frontal;2;;;;;;;;;;2;;;;
13/12/2017;20:43:00;1643;sem vítima;109;BR-040/RJ;Norte;Engavetamento;2;;;;1;;;;;;3;;;;
14/12/2017;00:41:00;1659;com vítima;85;BR-040/RJ;Sul;Queda de Moto;;;;1;;;;;;;0;1;;;
14/12/2017;11:53:00;1715;sem vítima;117;BR-040/RJ;Norte;Engavetamento;3;;;;;;;;;;3;;;;
14/12/2017;12:25:00;1716;com vítima;39;BR-040/RJ;Sul;Colisão Traseira;;;2;;;;;;;;0;1;1;;
14/12/2017;13:30:00;1722;sem vítima;45;BR-040/RJ;Sul;Colisão Traseira;2;;;;;;;;;;2;;;;
14/12/2017;15:32:00;1734;sem vítima;45;BR-040/RJ;Norte;Colisão Traseira;;;1;;;1;;;;;2;;;;
14/12/2017;20:16:00;1764;sem vítima;42;BR-040/RJ;Norte;Atropelamento - Animal;1;;;;;;;;;;1;;;;
15/12/2017;01:41:00;1785;com vítima;73;BR-040/RJ;Sul;Tombamento;;;1;;;;;;;;0;1;;;
15/12/2017;03:06:00;1789;sem vítima;785;BR-040/MG;Norte;Derrapagem;1;;;;;;;;;;1;;;;
15/12/2017;05:52:00;1800;sem vítima;90;BR-040/RJ;Norte;Choque - Objeto Fixo;1;;;;;;;;;;1;;;;
15/12/2017;09:18:00;1823;com vítima;123;BR-040/RJ;Sul;Colisão Lateral;1;;1;;;;;;;;1;1;;;
15/12/2017;09:41:00;1830;sem vítima;117;BR-040/RJ;Norte;Engavetamento;3;;;;;;;;;;3;;;;
15/12/2017;11:43:00;1845;sem vítima;91;BR-040/RJ;Norte;Colisão Traseira;2;;;;;;;;;;2;;;;
15/12/2017;12:18:00;1851;sem vítima;123;BR-040/RJ;Norte;Engavetamento;2;;1;;;;;;;;3;;;;
15/12/2017;13:28:00;1861;sem vítima;120;BR-040/RJ;Sul;Choque - Objeto Fixo;1;;;;;;;;;;1;;;;
15/12/2017;17:22:00;1902;com vítima;790;BR-040/MG;Norte;Choque - Objeto Fixo;;;;1;;;;;;;0;;1;;
15/12/2017;17:32:00;1903;com vítima;111;BR-040/RJ;Norte;Colisão Traseira;;;1;1;;;;;;;1;;;1;
15/12/2017;18:12:00;1909;com vítima;109;BR-040/RJ;Sul;Colisão Lateral;2;;;;;;;;;;0;4;;;
15/12/2017;19:00:00;1915;sem vítima;124;BR-040/RJ;Norte;Colisão Traseira;1;;1;;;;;;;;2;;;;
15/12/2017;21:23:00;1929;com vítima;82;BR-040/RJ;Sul;Choque - Objeto Fixo;1;;;;;;;;;;0;3;;;
15/12/2017;22:27:00;1936;sem vítima;117;BR-040/RJ;Sul;Colisão Traseira;2;;;;;;;;;;2;;;;
16/12/2017;07:10:00;1966;sem vítima;792;BR-040/MG;Norte;Choque - Objeto Fixo;1;;;;;;;;;;1;;;;
16/12/2017;07:33:00;1969;sem vítima;109;BR-040/RJ;Norte;Choque - Objeto Fixo;1;;;;;;;;;;1;;;;
16/12/2017;07:34:00;1970;com vítima;72;BR-040/RJ;Sul;Choque - Objeto Fixo;1;;;;;;;;;;0;4;;;
16/12/2017;08:35:00;1976;com vítima;113;BR-040/RJ;Sul;Colisão Traseira;;;;1;1;;;;;;1;1;;;
16/12/2017;11:55:00;2001;com vítima;804;BR-040/MG;Sul;Colisão Lateral;1;;2;;;;;;;;1;6;;;
16/12/2017;13:00:00;2014;com vítima;104;BR-040/RJ;Norte;Colisão Traseira;1;1;;;;;;;;;1;1;;;
16/12/2017;13:49:00;2021;sem vítima;117;BR-040/RJ;Norte;Colisão Lateral;1;;1;;;;;;;;2;;;;
16/12/2017;18:59:00;2073;sem vítima;102;BR-040/RJ;Norte;Engavetamento;3;;;;;;;;;;3;;;;
16/12/2017;19:09:00;2074;com vítima;815;BR-040/MG;Sul;Queda de Moto;;;;1;;1;;;;;1;1;;;
16/12/2017;19:33:00;2082;com vítima;93;BR-040/RJ;Sul;Choque - Objeto Fixo;1;;;;;;;;;;0;2;1;;
16/12/2017;19:42:00;2083;com vítima;119;BR-040/RJ;Norte;Queda de Moto;;;;1;;1;;;;;1;1;;;
16/12/2017;20:07:00;2088;sem vítima;105;BR-040/RJ;Norte;Colisão Frontal;2;;;;;;;;;;2;;;;
17/12/2017;05:09:00;2129;sem vítima;118;BR-040/RJ;Norte;Colisão Traseira;2;;;;;;;;;;2;;;;
17/12/2017;12:23:00;2172;com vítima;114;BR-040/RJ;Norte;Capotamento;1;;;;;;;;;;0;3;;;
17/12/2017;14:32:00;2187;sem vítima;124;BR-040/RJ;Sul;Engavetamento;3;;;;;;;;;;3;;;;
17/12/2017;16:46:00;2210;sem vítima;94;BR-040/RJ;Sul;Choque - Objeto Fixo;1;;;;;;;;;;1;;;;
17/12/2017;17:36:00;2219;com vítima;813;BR-040/MG;Norte;Choque - Objeto Fixo;1;;;;;;;;;;0;6;;;
17/12/2017;17:37:00;2221;com vítima;63;BR-040/RJ;Norte;Queda de Moto;;;;1;;;;;;;0;;1;;
18/12/2017;00:13:00;2265;sem vítima;84;BR-040/RJ;Norte;Choque - Objeto Fixo;1;;;;;;;;;;1;;;;
18/12/2017;15:36:00;2359;sem vítima;121;BR-040/RJ;Sul;Colisão Traseira;2;;;;;;;;;;2;;;;
18/12/2017;17:28:00;2374;com vítima;104;BR-040/RJ;Norte;Colisão Traseira;1;;1;;;;;;;;1;1;;;
19/12/2017;07:47:00;2433;sem vítima;796;BR-040/MG;Sul;Choque - Objeto Fixo;1;;;;;;;;;;1;;;;
19/12/2017;08:58:00;2440;sem vítima;89;BR-040/RJ;Norte;Derrapagem;1;;;;;;;;;;1;;;;
19/12/2017;09:03:00;2448;sem vítima;121;BR-040/RJ;Sul;Engavetamento;1;;2;;;;;;;;3;;;;
19/12/2017;10:30:00;2454;com vítima;109;BR-040/RJ;Norte;Queda de Moto;;;;1;;;;;;;0;2;;;
19/12/2017;16:59:00;2497;sem vítima;122;BR-040/RJ;Sul;Colisão Traseira;2;;;;;;;;;;2;;;;
19/12/2017;18:43:00;2508;com vítima;79;BR-040/RJ;Sul;Choque - Objeto Fixo;;;1;;;;;;;;0;2;;;
19/12/2017;18:58:00;2511;sem vítima;122;BR-040/RJ;Norte;Queda de Moto;;;;1;;;;;;;1;;;;
19/12/2017;22:54:00;2535;sem vítima;115;BR-040/RJ;Sul;Choque - Objeto Fixo;1;;1;;;;;;;;2;;;;
20/12/2017;05:25:00;2552;sem vítima;123;BR-040/RJ;Norte;Choque - Objeto Fixo;1;;;;;;;;;;1;;;;
20/12/2017;07:47:00;2564;com vítima;84;BR-040/RJ;Norte;Choque - Objeto Fixo;1;;;;;;;;;;0;3;;;
20/12/2017;09:21:00;2579;com vítima;123;BR-040/RJ;Norte;Colisão Lateral;;;;2;;;;;;;0;;2;;
20/12/2017;09:27:00;2580;sem vítima;120;BR-040/RJ;Sul;Colisão Traseira;1;;1;;;;;;;;2;;;;
20/12/2017;11:09:00;2591;sem vítima;124;BR-040/RJ;Sul;Colisão Lateral;1;;1;;;;;;;;2;;;;
20/12/2017;13:59:00;2612;com vítima;23;BR-040/RJ;Norte;Choque - Objeto Fixo;1;;;;;;;;;;0;1;1;;
20/12/2017;17:38:00;2634;sem vítima;122;BR-040/RJ;Norte;Colisão Lateral;1;;;1;;;;;;;2;;;;
20/12/2017;19:49:00;2650;com vítima;85;BR-040/RJ;Sul;Choque - Objeto Fixo;;;1;;;;;;;;0;3;;;
21/12/2017;04:10:00;2679;com vítima;79;BR-040/RJ;Norte;Tombamento;;;1;;;;;;;;0;1;;;
21/12/2017;12:32:00;2735;sem vítima;114;BR-040/RJ;Sul;Engavetamento;3;;;;;;;;;;3;;;;
21/12/2017;15:04:00;2755;sem vítima;124;BR-040/RJ;Sul;Engavetamento;;;1;;;2;;;;;3;;;;
21/12/2017;15:58:00;2767;sem vítima;93;BR-040/RJ;Sul;Choque - Objeto Fixo;1;;;;;;;;;;1;;;;
21/12/2017;16:23:00;2773;com vítima;804;BR-040/MG;Sul;Choque - Objeto Fixo;1;;;;;;;;;;0;4;;;
21/12/2017;17:12:00;2779;sem vítima;96;BR-040/RJ;Sul;Derrapagem;;;1;;;;;;;;1;;;;
21/12/2017;19:14:00;2798;sem vítima;93;BR-040/RJ;Sul;Choque - Objeto Fixo;1;;;;;;;;;;1;;;;
21/12/2017;20:13:00;2802;sem vítima;86;BR-040/RJ;Norte;Choque - Objeto Fixo;1;;;;;;;;;;1;;;;
21/12/2017;20:16:00;2803;sem vítima;113;BR-040/RJ;Norte;Colisão Traseira;2;;;;;;;;;;2;;;;
21/12/2017;20:49:00;2807;sem vítima;84;BR-040/RJ;Norte;Choque - Objeto Fixo;1;;;;;;;;;;1;;;;
21/12/2017;22:51:00;2816;sem vítima;95;BR-040/RJ;Sul;Derrapagem;1;;;;;;;;;;1;;;;
22/12/2017;04:05:00;2834;sem vítima;120;BR-040/RJ;Sul;Choque - Objeto Fixo;1;;;;;;;;;;1;;;;
22/12/2017;09:56:00;2872;com vítima;117;BR-040/RJ;Norte;Atropelamento - Pedestre;1;;;;;;;;;;1;1;;;
22/12/2017;13:36:00;2896;sem vítima;92;BR-040/RJ;Sul;Tombamento;1;;;;;;;;;;1;;;;
22/12/2017;15:14:00;2915;com vítima;86;BR-040/RJ;Sul;Choque - Objeto Fixo;1;;;;;;;;;;0;3;;;
22/12/2017;16:23:00;2926;com vítima;56;BR-040/RJ;Norte;Colisão Traseira;1;;;1;;;;;;;1;;2;;
22/12/2017;16:36:00;2928;sem vítima;4;BR-040/RJ;Norte;Choque - Objeto Fixo;1;;;;;;;;;;2;;;;
22/12/2017;16:47:00;2933;sem vítima;92;BR-040/RJ;Sul;Choque - Objeto Fixo;1;;1;;;;;;;;2;;;;
23/12/2017;04:18:00;2995;sem vítima;784;BR-040/MG;Norte;Choque - Objeto Fixo;1;;;;;;;;;;1;;;;
23/12/2017;06:57:00;3005;sem vítima;112;BR-040/RJ;Norte;Colisão Traseira;1;;1;;;;;;;;2;;;;
23/12/2017;07:03:00;3006;com vítima;31;BR-040/RJ;Norte;Capotamento;1;;;;;;;;;;0;5;;;
23/12/2017;07:56:00;3012;com vítima;823;BR-040/MG;Sul;Tombamento;;;1;;;;;;;;1;1;;;
23/12/2017;11:09:00;3036;com vítima;105;BR-040/RJ;Norte;Queda de Moto;;;;1;;;;;;;0;1;;;
23/12/2017;18:00:00;3115;com vítima;72;BR-040/RJ;Norte;Queda de Moto;;;;1;;;;;;;0;1;;;
23/12/2017;19:46:00;3137;com vítima;120;BR-040/RJ;Norte;Colisão Lateral;1;;;1;;;;;;;1;;;1;
23/12/2017;21:24:00;3147;sem vítima;15;BR-040/RJ;Norte;Choque - Objeto Fixo;1;;;;;;;;;;1;;;;
24/12/2017;03:05:00;3172;com vítima;46;BR-040/RJ;Norte;Choque - Objeto Fixo;1;;;;;;;;;;0;;1;1;