data;horario;n_da_ocorrencia;tipo_de_ocorrencia;km;trecho;sentido;tipo_de_acidente;automovel;bicicleta;caminhao;moto;onibus;outros;tracao_animal;transporte_de_cargas_especiais;trator_maquinas;utilitarios;ilesos;levemente_feridos;moderadamente_feridos;gravemente_feridos;mortos
24/12/2017;13:46:00;3230;com vítima;785;BR-040/MG;Norte;Derrapagem;1;;;;;;;;;;0;3;;;
24/12/2017;15:17:00;3237;com vítima;42;BR-040/RJ;Sul;Capotamento;1;;;;;;;;;;0;1;;;
24/12/2017;17:10:00;3246;com vítima;805;BR-040/MG;Sul;Capotamento;1;;;;;;;;;;0;1;;;
24/12/2017;18:05:00;3254;com vítima;94;BR-040/RJ;Sul;Tombamento;1;;;;;;;;;;0;1;;;
24/12/2017;18:07:00;3256;com vítima;104;BR-040/RJ;Norte;Choque - Objeto Fixo;1;;;;;;;;;;0;1;;;
24/12/2017;18:29:00;3259;com vítima;66;BR-040/RJ;Sul;Capotamento;1;;;;;;;;;;0;1;;;
24/12/2017;18:30:00;3260;sem vítima;110;BR-040/RJ;Sul;Choque - Objeto Fixo;1;;;;;;;;;;1;;;;
24/12/2017;18:32:00;3261;sem vítima;108;BR-040/RJ;Sul;Engavetamento;3;;;;;;;;;;3;;;;
24/12/2017;23:08:00;3276;com vítima;72;BR-040/RJ;Norte;Choque - Objeto Fixo;1;;;;;;;;;;0;1;;;
24/12/2017;23:49:00;3278;sem vítima;117;BR-040/RJ;Norte;Colisão Traseira;2;;;;;;;;;;2;;;;
25/12/2017;08:51:00;3298;sem vítima;109;BR-040/RJ;Norte;Choque - Objeto Fixo;1;;;;;;;;;;1;;;;
25/12/2017;11:36:00;3310;com vítima;55;BR-040/RJ;Sul;Queda de Moto;;;;1;;;;;;;0;;;1;
25/12/2017;16:34:00;3350;com vítima;120;BR-040/RJ;Norte;Engavetamento;3;;;;;;;;;;1;3;4;;
25/12/2017;18:23:00;3367;sem vítima;25;BR-040/RJ;Norte;Choque - Objeto Fixo;1;;;;;;;;;;1;;;;
25/12/2017;19:26:00;3381;sem vítima;25;BR-040/RJ;Sul;Choque - Objeto Fixo;1;;;;;;;;;;1;;;;
26/12/2017;00:06:00;3402;sem vítima;108;BR-040/RJ;Norte;Choque - Objeto Fixo;1;;;;;;;;;;1;;;;
26/12/2017;07:33:00;3432;com vítima;794;BR-040/MG;Sul;Choque - Objeto Fixo;1;;;;;;;;;;0;4;;;
26/12/2017;07:34:00;3433;sem vítima;113;BR-040/RJ;Norte;Choque - Objeto Fixo;1;;;;;;;;;;1;;;;
26/12/2017;07:36:00;3435;sem vítima;92;BR-040/RJ;Norte;Choque - Objeto Fixo;1;;;;;;;;;;1;;;;
26/12/2017;15:15:00;3489;sem vítima;123;BR-040/RJ;Sul;Colisão Lateral;1;;1;;;;;;;;2;;;;
26/12/2017;17:53:00;3507;sem vítima;828;BR-040/MG;Sul;Choque - Objeto Fixo;1;;;;;;;;;;1;;;;
26/12/2017;18:05:00;3508;sem vítima;122;BR-040/RJ;Sul;Colisão Traseira;2;;;;;;;;;;2;;;;
26/12/2017;18:11:00;3517;sem vítima;24;BR-040/RJ;Sul;Choque - Objeto Fixo;1;;;;;;;;;;1;;;;
26/12/2017;19:15:00;3526;com vítima;84;BR-040/RJ;Norte;Choque - Objeto Fixo;1;;;;;;;;;;0;3;;;
26/12/2017;20:37:00;3532;sem vítima;91;BR-040/RJ;Sul;Choque - Objeto Fixo;1;;;;;;;;;;1;;;;
27/12/2017;09:52:00;3591;com vítima;122;BR-040/RJ;Sul;Colisão Lateral;1;;;1;;;;;;;1;;1;;
27/12/2017;10:00:00;3595;sem vítima;816;BR-040/MG;Norte;Colisão Traseira;2;;;;;;;;;;2;;;;
27/12/2017;10:21:00;3596;sem vítima;122;BR-040/RJ;Sul;Colisão Lateral;2;;;;;;;;;;2;;;;
27/12/2017;12:55:00;3618;sem vítima;816;BR-040/MG;Norte;Colisão Traseira;2;;;;;;;;;;2;;;;
27/12/2017;16:21:00;3642;com vítima;51;BR-040/RJ;Norte;Choque - Objeto Fixo;1;;;;;;;;;;0;4;;;
27/12/2017;16:29:00;3643;com vítima;121;BR-040/RJ;Norte;Colisão Lateral;2;;;;;;;;;;0;4;;;
27/12/2017;17:15:00;3652;sem vítima;783;BR-040/MG;Norte;Choque - Objeto Fixo;1;;;;;;;;;;1;;;;
28/12/2017;04:09:00;3694;sem vítima;84;BR-040/RJ;Sul;Colisão Traseira;1;;;;;;;;;;1;;;;
28/12/2017;05:31:00;3698;sem vítima;74;BR-040/RJ;Sul;Choque - Objeto Fixo;1;;;;;;;;;;1;;;;
28/12/2017;06:29:00;3702;sem vítima;97;BR-040/RJ;Sul;Choque - Objeto Fixo;1;;;;;;;;;;1;;;;
28/12/2017;08:29:00;3717;sem vítima;80;BR-040/RJ;Norte;Choque - Objeto Fixo;;;1;;;;;;;;1;;;;
28/12/2017;10:39:00;3737;com vítima;58;BR-040/RJ;Norte;Colisão Lateral;1;;;;;;;;;;0;1;;;
28/12/2017;11:26:00;3745;com vítima;19;BR-040/RJ;Sul;Choque - Objeto Fixo;1;;;;;;;;;;0;1;;;
28/12/2017;15:05:00;3774;sem vítima;94;BR-040/RJ;Sul;Choque - Objeto Fixo;1;;;;;;;;;;1;;;;
28/12/2017;16:00:00;3784;sem vítima;92;BR-040/RJ;Sul;Choque - Objeto Fixo;1;;;;;;;;;;1;;;;
28/12/2017;16:16:00;3786;sem vítima;92;BR-040/RJ;Sul;Colisão Traseira;1;;1;;;;;;;;2;;;;
28/12/2017;16:32:00;3788;sem vítima;93;BR-040/RJ;Sul;Choque - Objeto Fixo;1;;;;;;;;;;1;;;;
28/12/2017;16:33:00;3789;sem vítima;93;BR-040/RJ;Sul;Choque - Objeto Fixo;1;;;;;;;;;;1;;;;
28/12/2017;16:35:00;3790;sem vítima;75;BR-040/RJ;Sul;Choque - Objeto Fixo;1;;;;;;;;;;1;;;;
28/12/2017;17:45:00;3805;sem vítima;92;BR-040/RJ;Sul;Choque - Objeto Fixo;1;;;;;;;;;;1;;;;
28/12/2017;19:06:00;3816;com vítima;78;BR-040/RJ;Sul;Choque - Objeto Fixo;1;;;;;;;;;;0;3;;;
28/12/2017;19:20:00;3818;sem vítima;93;BR-040/RJ;Norte;Choque - Objeto Fixo;1;;;;;;;;;;1;;;;
28/12/2017;19:39:00;3822;sem vítima;93;BR-040/RJ;Sul;Choque - Objeto Fixo;1;;;;;;;;;;1;;;;
28/12/2017;20:05:00;3827;sem vítima;96;BR-040/RJ;Sul;Choque - Objeto Fixo;1;;;;;;;;;;1;;;;
28/12/2017;20:29:00;3829;sem vítima;63;BR-040/RJ;Sul;Choque - Objeto Fixo;1;;;;;;;;;;1;;;;
29/12/2017;15:46:00;3934;com vítima;111;BR-040/RJ;Sul;Colisão Traseira;2;;;;;;;;;;0;6;;;
29/12/2017;15:50:00;3936;sem vítima;94;BR-040/RJ;Sul;Choque - Objeto Fixo;1;;;;;;;;;;1;;;;
29/12/2017;15:56:00;3938;sem vítima;84;BR-040/RJ;Sul;Colisão Transversal;2;;;;;;;;;;2;;;;
29/12/2017;16:23:00;3940;sem vítima;93;BR-040/RJ;Sul;Choque - Objeto Fixo;1;;;;;;;;;;1;;;;
29/12/2017;16:24:00;3941;sem vítima;795;BR-040/MG;Norte;Choque - Objeto Fixo;1;;;;;;;;;;1;;;;
29/12/2017;16:35:00;3942;sem vítima;93;BR-040/RJ;Sul;Choque - Objeto Fixo;1;;;;;;;;;;1;;;;
29/12/2017;18:27:00;3957;com vítima;85;BR-040/RJ;Sul;Capotamento;1;;;;;;;;;;0;2;;;
29/12/2017;19:21:00;3966;com vítima;93;BR-040/RJ;Sul;Capotamento;1;;;;;;;;;;0;1;;;
29/12/2017;19:24:00;3967;com vítima;52;BR-040/RJ;Norte;Choque - Objeto Fixo;1;;;;;;;;;;0;;1;;
30/12/2017;07:53:00;4013;sem vítima;90;BR-040/RJ;Sul;Choque - Objeto Fixo;1;;;;;;;;;;1;;;;
30/12/2017;08:21:00;4019;com vítima;74;BR-040/RJ;Sul;Choque - Objeto Fixo;1;;;;;;;;;;0;1;1;;
30/12/2017;08:41:00;4020;sem vítima;815;BR-040/MG;Norte;Choque - Objeto Fixo;1;;;;;;;;;;1;;;;
30/12/2017;08:47:00;4021;sem vítima;77;BR-040/RJ;Sul;Choque - Objeto Fixo;1;;;;;;;;;;1;;;;
30/12/2017;09:04:00;4023;sem vítima;34;BR-040/RJ;Sul;Choque - Objeto Fixo;1;;;;;;;;;;1;;;;
30/12/2017;09:13:00;4025;com vítima;786;BR-040/MG;Norte;Capotamento;1;;;;;;;;;;0;1;;;
30/12/2017;09:48:00;4028;sem vítima;10;BR-040/RJ;Sul;Choque - Objeto Fixo;1;;;;;;;;;;1;;;;
30/12/2017;10:08:00;4032;sem vítima;84;BR-040/RJ;Norte;Capotamento;1;;;;;;;;;;1;;;;
30/12/2017;10:00:00;4033;sem vítima;34;BR-040/RJ;Sul;Choque - Objeto Fixo;1;;;;;;;;;;1;;;;
30/12/2017;10:42:00;4034;sem vítima;94;BR-040/RJ;Sul;Choque - Objeto Fixo;1;;;;;;;;;;1;;;;
30/12/2017;10:50:00;4036;sem vítima;77;BR-040/RJ;Sul;Choque - Objeto Fixo;1;;;;;;;;;;1;;;;
30/12/2017;11:23:00;4040;sem vítima;32;BR-040/RJ;Sul;Choque - Objeto Fixo;1;;;;;;;;;;1;;;;
30/12/2017;11:29:00;4042;sem vítima;84;BR-040/RJ;Norte;Colisão Lateral;1;;1;;;;;;;;2;;;;
30/12/2017;11:29:00;4043;sem vítima;44;BR-040/RJ;Sul;Choque - Objeto Fixo;1;;;;;;;;;;1;;;;
30/12/2017;11:32:00;4044;sem vítima;96;BR-040/RJ;Sul;Choque - Objeto Fixo;1;;;;;;;;;;1;;;;
30/12/2017;12:29:00;4053;sem vítima;65;BR-040/RJ;Sul;Choque - Objeto Fixo;1;;;;;;;;;;1;;;;
30/12/2017;12:49:00;4056;sem vítima;75;BR-040/RJ;Sul;Choque - Objeto Fixo;1;;;;;;;;;;1;;;;
30/12/2017;13:08:00;4058;sem vítima;19;BR-040/RJ;Norte;Choque - Objeto Fixo;1;;;;;;;;;;1;;;;
30/12/2017;13:37:00;4059;sem vítima;13;BR-040/RJ;Sul;Choque - Objeto Fixo;1;;;;;;;;;;1;;;;
30/12/2017;13:51:00;4063;sem vítima;0;BR-040/RJ;Sul;Choque - Objeto Fixo;1;;;;;;;;;;1;;;;
30/12/2017;14:02:00;4065;com vítima;793;BR-040/MG;Sul;Capotamento;1;;;;;;;;;;0;1;;;
30/12/2017;14:32:00;4069;com vítima;43;BR-040/RJ;Norte;Capotamento;1;;;;;;;;;;0;;4;;
30/12/2017;14:37:00;4070;sem vítima;77;BR-040/RJ;Sul;Choque - Objeto Fixo;1;;;;;;;;;;1;;;;
30/12/2017;15:20:00;4073;sem vítima;3;BR-040/RJ;Sul;Choque - Objeto Fixo;1;;;;;;;;;;1;;;;
30/12/2017;16:26:00;4083;sem vítima;84;BR-040/RJ;Norte;Choque - Objeto Fixo;1;;;;;;;;;;1;;;;
30/12/2017;15:30:00;4085;sem vítima;43;BR-040/RJ;Norte;Colisão Traseira;1;;;;;1;;;;;2;;;;
30/12/2017;16:45:00;4086;sem vítima;92;BR-040/RJ;Sul;Choque - Objeto Fixo;1;;;;;;;;;;1;;;;
30/12/2017;17:00:00;4090;sem vítima;43;BR-040/RJ;Norte;Choque - Objeto Fixo;1;;;;;;;;;;1;;;;
30/12/2017;17:15:00;4092;sem vítima;76;BR-040/RJ;Sul;Choque - Objeto Fixo;1;;;;;;;;;;1;;;;
30/12/2017;17:39:00;4098;sem vítima;78;BR-040/RJ;Sul;Choque - Objeto Fixo;1;;;;;;;;;;1;;;;
30/12/2017;18:07:00;4104;sem vítima;75;BR-040/RJ;Sul;Choque - Objeto Fixo;1;;;;;;;;;;1;;;;
30/12/2017;21:16:00;4119;com vítima;42;BR-040/RJ;Norte;Capotamento;1;;;;;;;;;;0;1;1;;
31/12/2017;00:26:00;4130;sem vítima;78;BR-040/RJ;Norte;Derrapagem;2;;;;;;;;;;2;;;;
31/12/2017;00:47:00;4134;sem vítima;11;BR-040/RJ;Sul;Choque - Objeto Fixo;1;;;;;;;;;;1;;;;
31/12/2017;04:13:00;4140;sem vítima;13;BR-040/RJ;Sul;Choque - Objeto Fixo;1;;;;;;;;;;1;;;;
31/12/2017;06:05:00;4143;sem vítima;73;BR-040/RJ;Norte;Choque - Objeto Fixo;1;;;;;;;;;;1;;;;
31/12/2017;08:10:00;4152;sem vítima;78;BR-040/RJ;Sul;Choque - Objeto Fixo;1;;;;;;;;;;1;;;;
31/12/2017;13:44:00;4176;com vítima;62;BR-040/RJ;Sul;Choque - Objeto Fixo;1;;;;;;;;;;0;2;;;
31/12/2017;15:31:00;4185;sem vítima;115;BR-040/RJ;Sul;Choque - Objeto Fixo;1;;;;;;;;;;1;;;;
31/12/2017;18:28:00;4198;sem vítima;111;BR-040/RJ;Sul;Colisão Traseira;2;;;;;;;;;;2;;;;
31/12/2017;19:55:00;4202;sem vítima;2;BR-040/RJ;Sul;Choque - Objeto Fixo;1;;;;;;;;;;1;;;;
01/01/2018;03:52:00;11;com vítima;111;BR-040/RJ;Sul;Capotamento;1;;;;;;;;;;0;;1;;
01/01/2018;04:17:00;12;sem vítima;0;BR-040/RJ;Norte;Atropelamento - Animal;1;;;;;;;;;;1;;;;
01/01/2018;16:34:00;70;com vítima;124;BR-040/RJ;Sul;Choque - Objeto Fixo;;;;1;;;;;;;0;1;;;
01/01/2018;18:46:00;83;sem vítima;110;BR-040/RJ;Sul;Colisão Traseira;1;;;;;1;;;;;2;;;;
02/01/2018;00:03:00;119;com vítima;3;BR-040/RJ;Norte;Choque - Objeto Fixo;1;;;;;;;;;;0;5;;;
02/01/2018;08:17:00;153;com vítima;84;BR-040/RJ;Sul;Queda de Moto;;;;1;;;;;;;0;;1;;
02/01/2018;11:20:00;185;sem vítima;93;BR-040/RJ;Norte;Colisão Lateral;;;2;;;;;;;;2;;;;
02/01/2018;11:50:00;193;sem vítima;777;BR-040/MG;Norte;Choque - Objeto Fixo;1;;;;;;;;;;1;;;;
02/01/2018;16:59:00;246;sem vítima;7;BR-040/RJ;Norte;Choque - Objeto Fixo;1;;;;;;;;;;1;;;;
03/01/2018;08:10:00;344;com vítima;118;BR-040/RJ;Sul;Colisão Lateral;1;;;1;;;;;;;1;2;;;
03/01/2018;10:47:00;365;sem vítima;122;BR-040/RJ;Norte;Engavetamento;3;;;;;;;;;;3;;;;
03/01/2018;12:48:00;376;sem vítima;12;BR-040/RJ;Sul;Choque - Objeto Fixo;1;;;;;;;;;;1;;;;
03/01/2018;16:44:00;410;sem vítima;93;BR-040/RJ;Sul;Choque - Objeto Fixo;1;;;;;;;;;;1;;;;
03/01/2018;16:45:00;411;com vítima;104;BR-040/RJ;Sul;Choque - Objeto Fixo;1;;;;;;;;;;0;1;2;;
03/01/2018;17:00:00;416;com vítima;96;BR-040/RJ;Sul;Choque - Objeto Fixo;1;;;;;;;;;;0;1;;;
03/01/2018;18:26:00;421;com vítima;81;BR-040/RJ;Sul;Colisão Frontal;2;;;;;;;;;;0;7;;;
03/01/2018;19:03:00;426;sem vítima;61;BR-040/RJ;Sul;Choque - Objeto Fixo;1;;;;;;;;;;1;;;;
03/01/2018;19:19:00;428;sem vítima;93;BR-040/RJ;Sul;Choque - Objeto Fixo;1;;;;;;;;;;1;;;;
03/01/2018;19:44:00;432;sem vítima;113;BR-040/RJ;Norte;Engavetamento;3;;;;;;;;;;3;;;;
03/01/2018;20:55:00;439;sem vítima;10;BR-040/RJ;Sul;Choque - Objeto Fixo;1;;;;;;;;;;1;;;;
03/01/2018;21:21:00;442;sem vítima;123;BR-040/RJ;Sul;Choque - Objeto Fixo;1;;;;;;;;;;1;;;;
04/01/2018;00:29:00;457;sem vítima;113;BR-040/RJ;Norte;Choque - Objeto Fixo;1;;;;;;;;;;1;;;;
04/01/2018;05:38:00;471;sem vítima;806;BR-040/MG;Norte;Choque - Objeto Fixo;1;;;;;;;;;;1;;;;
04/01/2018;05:48:00;472;sem vítima;73;BR-040/RJ;Sul;Choque - Objeto Fixo;1;;;;;;;;;;1;;;;
04/01/2018;06:45:00;477;sem vítima;87;BR-040/RJ;Norte;Choque - Objeto Fixo;1;;;;;;;;;;1;;;;
04/01/2018;07:17:00;481;com vítima;123;BR-040/RJ;Sul;Colisão Lateral;1;;;1;;;;;;;1;1;;;
04/01/2018;07:21:00;482;sem vítima;1;BR-040/RJ;Norte;Choque - Objeto Fixo;1;;;;;;;;;;1;;;;
04/01/2018;07:22:00;483;sem vítima;45;BR-040/RJ;Sul;Choque - Objeto Fixo;1;;;;;;;;;;1;;;;
04/01/2018;07:24:00;484;com vítima;787;BR-040/MG;Norte;Choque - Objeto Fixo;1;;;;;;;;;;0;2;;;
04/01/2018;09:50:00;501;com vítima;93;BR-040/RJ;Sul;Choque - Objeto Fixo;1;;;;;;;;;;0;1;;;
04/01/2018;09:52:00;502;sem vítima;77;BR-040/RJ;Sul;Choque - Objeto Fixo;1;;;;;;;;;;1;;;;
04/01/2018;11:22:00;515;com vítima;74;BR-040/RJ;Norte;Choque - Objeto Fixo;1;;;;;;;;;;0;5;;;
04/01/2018;11:26:00;517;sem vítima;97;BR-040/RJ;Sul;Choque - Objeto Fixo;1;;;;;;;;;;1;;;;
04/01/2018;11:50:00;523;sem vítima;78;BR-040/RJ;Sul;Choque - Objeto Fixo;1;;;;;;;;;;1;;;;
04/01/2018;13:44:00;535;sem vítima;43;BR-040/RJ;Norte;Choque - Objeto Fixo;1;;;;;;;;;;1;;;;
04/01/2018;14:07:00;537;sem vítima;92;BR-040/RJ;Norte;Colisão Lateral;2;;;;;;;;;;2;;;;
04/01/2018;14:29:00;539;sem vítima;92;BR-040/RJ;Norte;Choque - Objeto Fixo;1;;;;;;;;;;1;;;;
04/01/2018;14:58:00;545;sem vítima;93;BR-040/RJ;Sul;Choque - Objeto Fixo;1;;;;;;;;;;1;;;;
04/01/2018;15:33:00;551;com vítima;7;BR-040/RJ;Norte;Choque - Objeto Fixo;1;;;;;;;;;;0;3;;;
04/01/2018;15:39:00;554;com vítima;7;BR-040/RJ;Norte;Choque - Objeto Fixo;1;;;;;;;;;;0;1;;;
04/01/2018;16:04:00;555;com vítima;30;BR-040/RJ;Norte;Choque - Objeto Fixo;1;;;;;;;;;;0;5;;;
04/01/2018;16:50:00;562;sem vítima;84;BR-040/RJ;Norte;Choque - Objeto Fixo;1;;;;;;;;;;1;;;;
04/01/2018;17:12:00;563;sem vítima;87;BR-040/RJ;Sul;Choque - Objeto Fixo;1;;;;;;;;;;1;;;;
04/01/2018;17:46:00;569;sem vítima;92;BR-040/RJ;Sul;Choque - Objeto Fixo;1;;;;;;;;;;1;;;;
04/01/2018;18:12:00;572;sem vítima;1;BR-040/RJ;Norte;Choque - Objeto Fixo;1;;;;;;;;;;1;;;;
04/01/2018;18:10:00;573;sem vítima;72;BR-040/RJ;Norte;Choque - Objeto Fixo;1;;;;;;;;;;1;;;;
04/01/2018;18:32:00;575;sem vítima;13;BR-040/RJ;Sul;Choque - Objeto Fixo;1;;;;;;;;;;1;;;;
04/01/2018;21:15:00;587;sem vítima;78;BR-040/RJ;Sul;Choque - Objeto Fixo;1;;;;;;;;;;1;;;;
05/01/2018;04:21:00;607;sem vítima;13;BR-040/RJ;Sul;Choque - Objeto Fixo;;;1;;;;;;;;1;;;;
05/01/2018;04:47:00;608;com vítima;125;BR-040/RJ;Sul;Colisão Frontal;1;;2;;;;;;;;1;2;;;
05/01/2018;07:15:00;614;com vítima;799;BR-040/MG;Norte;Choque - Objeto Fixo;1;;;;;;;;;;0;1;;;
05/01/2018;11:10:00;626;sem vítima;805;BR-040/MG;Sul;Choque - Objeto Fixo;1;;;;;;;;;;1;;;;
05/01/2018;12:00:00;637;sem vítima;78;BR-040/RJ;Sul;Choque - Objeto Fixo;1;;;;;;;;;;1;;;;
05/01/2018;13:19:00;644;com vítima;820;BR-040/MG;Norte;Tombamento;;;1;;;;;;;;0;1;;;
05/01/2018;14:43:00;649;sem vítima;110;BR-040/RJ;Norte;Colisão Traseira;;;1;;1;;;;;;2;;;;
05/01/2018;15:57:00;657;sem vítima;123;BR-040/RJ;Sul;Choque - Objeto Fixo;;;;;1;;;;;;1;;;;
05/01/2018;15:59:00;658;sem vítima;94;BR-040/RJ;Sul;Choque - Objeto Fixo;;;1;;;;;;;;1;;;;
05/01/2018;17:00:00;673;com vítima;5;BR-040/RJ;Norte;Capotamento;1;;;;;;;;;;0;4;;;
05/01/2018;18:24:00;678;sem vítima;77;BR-040/RJ;Sul;Choque - Objeto Fixo;1;;;;;;;;;;1;;;;
05/01/2018;18:31:00;679;com vítima;89;BR-040/RJ;Sul;Choque - Objeto Fixo;1;;;;;;;;;;0;1;1;;
05/01/2018;18:47:00;681;sem vítima;7;BR-040/RJ;Norte;Colisão Traseira;1;;;;;1;;;;;2;;;;
05/01/2018;17:30:00;684;sem vítima;5;BR-040/RJ;Norte;Colisão Traseira;2;;;;;;;;;;2;;;;
05/01/2018;20:23:00;696;com vítima;92;BR-040/RJ;Sul;Capotamento;1;;;;;;;;;;0;3;;;
05/01/2018;23:07:00;708;sem vítima;84;BR-040/RJ;Sul;Choque - Objeto Fixo;1;;;;;;;;;;1;;;;
05/01/2018;23:31:00;709;com vítima;1;BR-040/RJ;Norte;Capotamento;1;;;;;;;;;;0;3;;;
06/01/2018;06:07:00;724;sem vítima;122;BR-040/RJ;Sul;Colisão Traseira;1;;;;;1;;;;;2;;;;
06/01/2018;08:57:00;742;sem vítima;87;BR-040/RJ;Sul;Choque - Objeto Fixo;1;;;;;;;;;;1;;;;
06/01/2018;09:55:00;754;sem vítima;92;BR-040/RJ;Sul;Choque - Objeto Fixo;1;;;;;;;;;;1;;;;
06/01/2018;10:25:00;759;com vítima;91;BR-040/RJ;Sul;Capotamento;1;;;;;;;;;;0;3;;;
06/01/2018;11:45:00;769;com vítima;35;BR-040/RJ;Norte;Choque - Objeto Fixo;1;;;;;;;;;;0;1;;;
06/01/2018;16:18:00;802;com vítima;97;BR-040/RJ;Sul;Capotamento;;;1;;;;;;;;0;2;;;
07/01/2018;04:52:00;843;sem vítima;110;BR-040/RJ;Norte;Colisão Traseira;1;;;;;1;;;;;2;;;;
07/01/2018;06:58:00;851;sem vítima;78;BR-040/RJ;Sul;Choque - Objeto Fixo;1;;;;;;;;;;1;;;;
07/01/2018;17:37:00;905;com vítima;118;BR-040/RJ;Sul;Queda de Moto;;;;1;;;;;;;0;2;;;
07/01/2018;18:24:00;912;sem vítima;808;BR-040/MG;Norte;Objeto lançado contra veículo;1;;;;;;;;;;1;;;;
07/01/2018;21:18:00;932;sem vítima;97;BR-040/RJ;Norte;Choque - Objeto Fixo;1;;;;;;;;;;1;;;;
07/01/2018;21:34:00;934;sem vítima;786;BR-040/MG;Norte;Choque - Objeto Fixo;1;;;;;;;;;;1;;;;
07/01/2018;23:46:00;942;com vítima;109;BR-040/RJ;Sul;Capotamento;1;;;;;;;;;;0;2;;;
08/01/2018;06:06:00;956;sem vítima;91;BR-040/RJ;Norte;Colisão Lateral;1;;1;;;;;;;;2;;;;
08/01/2018;08:53:00;978;sem vítima;113;BR-040/RJ;Norte;Colisão Traseira;2;;;;;;;;;;2;;;;
08/01/2018;09:17:00;983;com vítima;47;BR-040/RJ;Sul;Choque - Objeto Fixo;1;;;;;;;;;;0;2;;;
08/01/2018;09:25:00;984;com vítima;6;BR-040/RJ;Norte;Choque - Objeto Fixo;1;;;;;;;;;;0;3;;;
08/01/2018;10:33:00;993;sem vítima;93;BR-040/RJ;Sul;Choque - Objeto Fixo;1;;;;;;;;;;1;;;;
08/01/2018;10:38:00;994;sem vítima;93;BR-040/RJ;Norte;Choque - Objeto Fixo;1;;;;;;;;;;1;;;;
08/01/2018;14:30:00;1030;sem vítima;77;BR-040/RJ;Norte;Engavetamento;2;;;;;2;;;;;4;;;;
08/01/2018;15:48:00;1041;com vítima;82;BR-040/RJ;Norte;Queda de Moto;;;;1;;;;;;;0;1;;;
08/01/2018;18:15:00;1060;com vítima;93;BR-040/RJ;Sul;Choque - Objeto Fixo;1;;;;;;;;;;0;1;;;
08/01/2018;19:35:00;1075;sem vítima;104;BR-040/RJ;Norte;Colisão Traseira;1;;;;;1;;;;;2;;;;
08/01/2018;22:05:00;1090;sem vítima;778;BR-040/MG;Sul;Atropelamento - Animal;1;;;;;;;;;;1;;;;
09/01/2018;15:58:00;1180;sem vítima;91;BR-040/RJ;Norte;Choque - Objeto Fixo;1;;;;;;;;;;1;;;;
09/01/2018;16:14:00;1186;sem vítima;91;BR-040/RJ;Norte;Colisão Traseira;2;;;;;;;;;;2;;;;
09/01/2018;19:23:00;1199;com vítima;105;BR-040/RJ;Sul;Colisão Traseira;1;;1;;;;;;;;0;4;;;
09/01/2018;20:04:00;1202;com vítima;101;BR-040/RJ;Sul;Colisão Lateral;1;;1;;;;;;;;1;1;;;
09/01/2018;22:43:00;1222;com vítima;109;BR-040/RJ;Norte;Queda de Moto;;;;1;;;;;;;0;1;;;
10/01/2018;09:55:00;1276;com vítima;78;BR-040/RJ;Sul;Tombamento;;;1;;;;;;;;0;;1;;
10/01/2018;13:25:00;1297;com vítima;89;BR-040/RJ;Sul;Capotamento;1;;;;;;;;;;0;3;;;
10/01/2018;14:09:00;1299;com vítima;110;BR-040/RJ;Sul;Colisão Traseira;1;;;1;;;;;;;1;1;;;
10/01/2018;14:46:00;1304;com vítima;111;BR-040/RJ;Norte;Colisão Traseira;2;;;;;;;;;;0;3;;;
10/01/2018;18:54:00;1339;sem vítima;123;BR-040/RJ;Norte;Choque - Objeto Fixo;1;;;;;;;;;;1;;;;
10/01/2018;19:13:00;1340;com vítima;84;BR-040/RJ;Sul;Choque - Objeto Fixo;;;1;;;;;;;;0;3;;;
10/01/2018;22:05:00;1358;com vítima;105;BR-040/RJ;Norte;Atropelamento - Pedestre;2;;;;;;;;;;2;;;1;
11/01/2018;09:12:00;1407;sem vítima;124;BR-040/RJ;Sul;Colisão Lateral;;;;1;;1;;;;;2;;;;
11/01/2018;11:58:00;1429;sem vítima;99;BR-040/RJ;Sul;Choque - Objeto Fixo;1;;;;;;;;;;1;;;;
11/01/2018;12:13:00;1431;com vítima;81;BR-040/RJ;Norte;Colisão Lateral;4;;;;;;;;;;3;1;2;;
11/01/2018;13:02:00;1436;sem vítima;124;BR-040/RJ;Sul;Engavetamento;3;;;;;;;;;;3;;;;
11/01/2018;14:02:00;1442;com vítima;111;BR-040/RJ;Sul;Colisão Traseira;;;1;;1;;;;;;1;3;;;
11/01/2018;16:00:00;1459;sem vítima;66;BR-040/RJ;Norte;Colisão Lateral;2;;;;;;;;;;2;;;;
11/01/2018;17:18:00;1469;sem vítima;82;BR-040/RJ;Norte;Choque - Objeto Fixo;1;;;;;;;;;;1;;;;
11/01/2018;17:49:00;1473;sem vítima;106;BR-040/RJ;Norte;Colisão Traseira;;;1;;1;;;;;;2;;;;
11/01/2018;18:31:00;1478;com vítima;108;BR-040/RJ;Sul;Colisão Traseira;1;;;1;;;;;;;1;1;;;
11/01/2018;20:45:00;1488;com vítima;122;BR-040/RJ;Norte;Atropelamento - Pedestre;;;;;;1;;;;;1;;;;1
12/01/2018;14:33:00;1569;sem vítima;109;BR-040/RJ;Norte;Colisão Traseira;2;;;;;;;;;;2;;;;
12/01/2018;14:52:00;1571;sem vítima;789;BR-040/MG;Sul;Choque - Objeto Fixo;1;;;;;;;;;;1;;;;