data;horario;n_da_ocorrencia;tipo_de_ocorrencia;km;trecho;sentido;tipo_de_acidente;automovel;bicicleta;caminhao;moto;onibus;outros;tracao_animal;transporte_de_cargas_especiais;trator_maquinas;utilitarios;ilesos;levemente_feridos;moderadamente_feridos;gravemente_feridos;mortos
06/03/2018;12:41:00;734;com vítima;124;BR-040/RJ;Norte;Colisão Lateral;1;;1;;;;;;;;1;2;;;
06/03/2018;14:06:00;738;sem vítima;120;BR-040/RJ;Sul;Colisão Lateral;1;;1;;;;;;;;2;;;;
06/03/2018;17:46:00;762;com vítima;74;BR-040/RJ;Sul;Choque - Objeto Fixo;1;;;;;;;;;;0;2;;;
06/03/2018;18:39:00;765;com vítima;91;BR-040/RJ;Sul;Choque - Objeto Fixo;1;;;;;;;;;;0;;2;;
06/03/2018;22:59:00;785;sem vítima;108;BR-040/RJ;Norte;Derrapagem;1;;;;;;;;;;1;;;;
07/03/2018;01:31:00;795;com vítima;118;BR-040/RJ;Sul;Capotamento;1;;;;;;;;;;0;2;;;
07/03/2018;04:43:00;806;com vítima;72;BR-040/RJ;Sul;Derrapagem;1;;;;;;;;;;0;1;;;
07/03/2018;08:50:00;827;sem vítima;123;BR-040/RJ;Sul;Colisão Lateral;1;;1;;;;;;;;2;;;;
07/03/2018;19:41:00;898;sem vítima;123;BR-040/RJ;Sul;Colisão Traseira;2;;;;;;;;;;2;;;;
07/03/2018;20:40:00;902;com vítima;1;BR-040/RJ;Norte;Choque - Objeto Fixo;1;;;;;;;;;;0;2;;;
08/03/2018;07:22:00;943;sem vítima;75;BR-040/RJ;Sul;Choque - Objeto Fixo;1;;;;;;;;;;1;;;;
08/03/2018;07:54:00;950;sem vítima;75;BR-040/RJ;Sul;Choque - Objeto Fixo;1;;;;;;;;;;1;;;;
08/03/2018;08:25:00;955;sem vítima;94;BR-040/RJ;Sul;Choque - Objeto Fixo;1;;;;;;;;;;1;;;;
08/03/2018;08:38:00;957;com vítima;42;BR-040/RJ;Norte;Choque - Objeto Fixo;1;;;;;;;;;;1;1;;;
08/03/2018;09:30:00;971;sem vítima;93;BR-040/RJ;Sul;Choque - Objeto Fixo;1;;;;;;;;;;1;;;;
08/03/2018;10:23:00;977;sem vítima;121;BR-040/RJ;Sul;Colisão Traseira;1;;1;;;;;;;;2;;;;
08/03/2018;11:27:00;991;sem vítima;95;BR-040/RJ;Sul;Choque - Objeto Fixo;1;;;;;;;;;;1;;;;
08/03/2018;13:54:00;1013;sem vítima;792;BR-040/MG;Norte;Choque - Objeto Fixo;;;1;;;;;;;;1;;;;
08/03/2018;13:55:00;1014;com vítima;56;BR-040/RJ;Sul;Capotamento;1;;;;;;;;;;0;;;;1
08/03/2018;13:58:00;1015;sem vítima;813;BR-040/MG;Norte;Choque - Objeto Fixo;1;;;;;;;;;;1;;;;
08/03/2018;17:59:00;1045;sem vítima;775;BR-040/MG;Norte;Queda de Moto;;;;1;;;;;;;1;;;;
08/03/2018;19:17:00;1055;sem vítima;83;BR-040/RJ;Sul;Choque - Objeto Fixo;1;;;;;;;;;;1;;;;
08/03/2018;19:40:00;1060;com vítima;109;BR-040/RJ;Sul;Colisão Traseira;2;;;;;;;;;;1;2;;;
08/03/2018;20:05:00;1061;sem vítima;86;BR-040/RJ;Norte;Choque - Objeto Fixo;1;;;;;;;;;;1;;;;
08/03/2018;19:40:00;1067;sem vítima;109;BR-040/RJ;Sul;Colisão Lateral;;;1;;;1;;;;;2;;;;
09/03/2018;00:22:00;1093;com vítima;35;BR-040/RJ;Norte;Tombamento;;;1;;;;;;;;0;;;;1
09/03/2018;03:16:00;1106;com vítima;121;BR-040/RJ;Sul;Colisão Traseira;1;;1;;;;;;;;1;1;;;
09/03/2018;08:49:00;1128;sem vítima;85;BR-040/RJ;Norte;Choque - Objeto Fixo;1;;;;;;;;;;1;;;;
09/03/2018;10:07:00;1134;com vítima;120;BR-040/RJ;Norte;Colisão Traseira;1;;;1;;;;;;;1;;1;;
09/03/2018;11:47:00;1151;sem vítima;80;BR-040/RJ;Norte;Colisão Lateral;;;2;;;;;;;;2;;;;
09/03/2018;13:30:00;1156;sem vítima;79;BR-040/RJ;Sul;Queda de Moto;;;;1;;;;;;;1;;;;
09/03/2018;19:38:00;1214;sem vítima;84;BR-040/RJ;Norte;Choque - Objeto Fixo;1;;;;;;;;;;1;;;;
10/03/2018;00:38:00;1238;sem vítima;786;BR-040/MG;Norte;Choque - Objeto Fixo;1;;;;;;;;;;1;;;;
10/03/2018;06:16:00;1261;sem vítima;78;BR-040/RJ;Sul;Choque - Objeto Fixo;1;;;;;;;;;;1;;;;
10/03/2018;13:26:00;1301;sem vítima;96;BR-040/RJ;Norte;Choque - Objeto Fixo;1;;;;;;;;;;1;;;;
10/03/2018;15:32:00;1315;sem vítima;39;BR-040/RJ;Norte;Colisão Lateral;1;;1;;;;;;;;2;;;;
10/03/2018;18:41:00;1323;sem vítima;120;BR-040/RJ;Norte;Capotamento;1;;;;;;;;;;1;;;;
10/03/2018;20:32:00;1343;com vítima;122;BR-040/RJ;Sul;Queda de Moto;1;;;1;;;;;;;1;2;;;
10/03/2018;20:48:00;1345;sem vítima;101;BR-040/RJ;Sul;Colisão Traseira;1;;1;;;;;;;;2;;;;
10/03/2018;21:45:00;1348;sem vítima;786;BR-040/MG;Norte;Choque - Objeto Fixo;1;;;;;;;;;;1;;;;
11/03/2018;01:08:00;1364;com vítima;806;BR-040/MG;Norte;Capotamento;1;;;;;;;;;;0;2;;;
11/03/2018;01:27:00;1365;sem vítima;78;BR-040/RJ;Sul;Choque - Objeto Fixo;1;;;;;;;;;;1;;;;
11/03/2018;01:43:00;1366;sem vítima;75;BR-040/RJ;Sul;Derrapagem;1;;;;;;;;;;1;;;;
11/03/2018;16:30:00;1412;com vítima;802;BR-040/MG;Norte;Queda de Moto;;;;1;;;;;;;0;1;1;;
11/03/2018;19:08:00;1437;sem vítima;59;BR-040/RJ;Sul;Atropelamento - Animal;1;;;;;;;;;;1;;;;
11/03/2018;19:38:00;1444;com vítima;76;BR-040/RJ;Sul;Queda de Moto;;;;1;;;;;;;0;1;;;
11/03/2018;22:10:00;1455;sem vítima;109;BR-040/RJ;Sul;Choque - Objeto Fixo;1;;;;;;;;;;1;;;;
12/03/2018;03:51:00;1482;com vítima;117;BR-040/RJ;Norte;Choque - Objeto Fixo;1;;;;;;;;;;0;1;;;
12/03/2018;07:57:00;1508;sem vítima;84;BR-040/RJ;Sul;Colisão Traseira;2;;;;;;;;;;2;;;;
12/03/2018;08:20:00;1513;sem vítima;123;BR-040/RJ;Sul;Colisão Lateral;1;;1;;;;;;;;2;;;;
12/03/2018;09:42:00;1522;sem vítima;98;BR-040/RJ;Norte;Choque - Objeto Fixo;1;;;;;;;;;;1;;;;
12/03/2018;09:58:00;1528;sem vítima;108;BR-040/RJ;Norte;Choque - Objeto Fixo;1;;;;;;;;;;1;;;;
12/03/2018;12:12:00;1540;com vítima;118;BR-040/RJ;Sul;Queda de Moto;;;;1;;;;;;;0;1;;;
12/03/2018;16:39:00;1575;sem vítima;799;BR-040/MG;Sul;Queda de Moto;;;;1;;;;;;;1;;;;
12/03/2018;17:08:00;1581;sem vítima;116;BR-040/RJ;Norte;Colisão Traseira;2;;;;;;;;;;2;;;;
12/03/2018;17:23:00;1583;sem vítima;124;BR-040/RJ;Sul;Colisão Lateral;2;;1;;;;;;;;3;;;;
13/03/2018;04:55:00;1612;com vítima;124;BR-040/RJ;Sul;Colisão Traseira;1;;1;;;;;;;;1;2;;;
13/03/2018;07:38:00;1624;sem vítima;101;BR-040/RJ;Norte;Colisão Lateral;1;;1;;;;;;;;2;;;;
13/03/2018;08:29:00;1632;com vítima;120;BR-040/RJ;Sul;Colisão Lateral;1;;;1;;;;;;;1;1;;;
13/03/2018;08:43:00;1635;com vítima;96;BR-040/RJ;Norte;Tombamento;;;1;;;1;;;;;1;1;;;
13/03/2018;09:03:00;1637;com vítima;116;BR-040/RJ;Sul;Queda de Moto;;;;1;;;;;;;0;2;;;
13/03/2018;11:32:00;1657;sem vítima;93;BR-040/RJ;Sul;Choque - Objeto Fixo;1;;;;;;;;;;1;;;;
13/03/2018;20:02:00;1711;sem vítima;805;BR-040/MG;Norte;Colisão Traseira;1;;1;;;;;;;;2;;;;
14/03/2018;08:42:00;1753;com vítima;801;BR-040/MG;Norte;Colisão Traseira;1;;1;;;;;;;;1;;;1;
14/03/2018;12:26:00;1777;com vítima;113;BR-040/RJ;Sul;Queda de Moto;;;;1;;;;;;;0;1;;;
14/03/2018;16:08:00;1796;sem vítima;49;BR-040/RJ;Sul;Colisão Traseira;2;;;;;;;;;;2;;;;
14/03/2018;17:44:00;1810;com vítima;79;BR-040/RJ;Sul;Engavetamento;4;;2;;;;;;;;0;8;2;;
15/03/2018;02:58:00;1841;sem vítima;120;BR-040/RJ;Norte;Choque - Objeto Fixo;1;;;;;;;;;;1;;;;
15/03/2018;10:36:00;1886;com vítima;773;BR-040/MG;Sul;Colisão Traseira;1;;1;;;;;;;;1;;1;;
15/03/2018;15:19:00;1911;com vítima;785;BR-040/MG;Norte;Colisão Lateral;2;;1;;;;;;;;2;1;;;
15/03/2018;18:43:00;1933;sem vítima;112;BR-040/RJ;Norte;Colisão Traseira;1;;1;;;;;;;;2;;;;
16/03/2018;07:48:00;1982;sem vítima;111;BR-040/RJ;Sul;Engavetamento;4;;;;;;;;;;4;;;;
16/03/2018;09:14:00;1990;sem vítima;83;BR-040/RJ;Norte;Colisão Lateral;2;;;;;;;;;;2;;;;
16/03/2018;09:58:00;1998;sem vítima;124;BR-040/RJ;Sul;Colisão Traseira;1;;1;;;;;;;;2;;;;
16/03/2018;11:22:00;2012;sem vítima;109;BR-040/RJ;Norte;Colisão Traseira;2;;1;;;;;;;;3;;;;
16/03/2018;13:40:00;2021;com vítima;7;BR-040/RJ;Norte;Colisão Lateral;2;;;;;;;;;;0;3;1;;
16/03/2018;16:34:00;2037;com vítima;796;BR-040/MG;Sul;Choque - Objeto Fixo;1;;;;;;;;;;0;2;;2;
16/03/2018;17:58:00;2048;com vítima;113;BR-040/RJ;Sul;Choque - Objeto Fixo;1;;;;;;;;;;0;2;;;
16/03/2018;22:14:00;2068;sem vítima;94;BR-040/RJ;Norte;Choque - Objeto Fixo;1;;;;;;;;;;1;;;;
16/03/2018;22:28:00;2069;sem vítima;93;BR-040/RJ;Sul;Choque - Objeto Fixo;1;;;;;;;;;;1;;;;
17/03/2018;01:10:00;2081;sem vítima;787;BR-040/MG;Norte;Derrapagem;1;;;;;;;;;;1;;;;
17/03/2018;01:53:00;2082;com vítima;787;BR-040/MG;Norte;Queda de Moto;;;;1;;;;;;;0;;1;;
17/03/2018;03:00:00;2087;sem vítima;119;BR-040/RJ;Norte;Colisão Traseira;2;;;;;;;;;;2;;;;
17/03/2018;04:21:00;2093;sem vítima;104;BR-040/RJ;Sul;Capotamento;1;;;;;;;;;;1;;;;
17/03/2018;07:57:00;2103;sem vítima;90;BR-040/RJ;Sul;Capotamento;1;;;;;;;;;;1;;;;
17/03/2018;08:35:00;2108;sem vítima;92;BR-040/RJ;Sul;Choque - Objeto Fixo;1;;;;;;;;;;1;;;;
17/03/2018;10:41:00;2115;sem vítima;94;BR-040/RJ;Sul;Choque - Objeto Fixo;1;;;;;;;;;;1;;;;
17/03/2018;10:51:00;2117;com vítima;92;BR-040/RJ;Sul;Choque - Objeto Fixo;1;;;;;;;;;;0;2;1;;
17/03/2018;12:16:00;2126;sem vítima;43;BR-040/RJ;Norte;Choque - Objeto Fixo;1;;;;;;;;;;1;;;;
17/03/2018;16:09:00;2158;sem vítima;109;BR-040/RJ;Sul;Colisão Traseira;1;;1;;;;;;;;2;;;;
17/03/2018;16:55:00;2161;com vítima;119;BR-040/RJ;Sul;Atropelamento - Pedestre;1;;;;;;;;;;0;1;;1;
18/03/2018;00:39:00;2206;sem vítima;118;BR-040/RJ;Sul;Choque - Objeto Fixo;1;;;;;;;;;;1;;;;
18/03/2018;08:34:00;2227;sem vítima;794;BR-040/MG;Norte;Choque - Objeto Fixo;1;;;;;;;;;;1;;;;
18/03/2018;08:38:00;2228;com vítima;108;BR-040/RJ;Norte;Queda de Moto;;;;1;;;;;;;0;1;;;
18/03/2018;13:03:00;2246;com vítima;790;BR-040/MG;Sul;Queda de Moto;;;;1;;1;;;;;1;1;;;
18/03/2018;16:11:00;2272;com vítima;47;BR-040/RJ;Norte;Capotamento;1;;;;;;;;;;0;2;;;
18/03/2018;21:49:00;2313;sem vítima;807;BR-040/MG;Sul;Choque - Objeto Fixo;;;1;;;;;;;;1;;;;
18/03/2018;22:03:00;2314;sem vítima;92;BR-040/RJ;Norte;Derrapagem;1;;;;;;;;;;1;;;;
18/03/2018;23:30:00;2323;sem vítima;86;BR-040/RJ;Norte;Choque - Objeto Fixo;1;;;;;;;;;;1;;;;
19/03/2018;10:38:00;2375;sem vítima;119;BR-040/RJ;Sul;Colisão Lateral;1;;1;;;;;;;;2;;;;
19/03/2018;15:34:00;2404;sem vítima;108;BR-040/RJ;Norte;Colisão Traseira;1;;1;;;;;;;;2;;;;
19/03/2018;23:03:00;2464;sem vítima;773;BR-040/MG;Norte;Choque - Objeto Fixo;1;;;;;;;;;;1;;;;
20/03/2018;13:49:00;2530;com vítima;784;BR-040/MG;Sul;Engavetamento;1;;1;1;;;;;;;2;;;1;
20/03/2018;15:20:00;2543;com vítima;105;BR-040/RJ;Sul;Colisão Lateral;1;;1;1;;;;;;;2;;1;;
20/03/2018;15:23:00;2544;sem vítima;93;BR-040/RJ;Sul;Capotamento;1;;;;;;;;;;1;;;;
20/03/2018;15:31:00;2545;com vítima;93;BR-040/RJ;Sul;Choque - Objeto Fixo;1;;;;;;;;;;0;1;1;;
20/03/2018;15:47:00;2548;com vítima;92;BR-040/RJ;Sul;Colisão Lateral;1;;1;;;;;;;;1;1;;;
20/03/2018;16:46:00;2558;com vítima;91;BR-040/RJ;Sul;Choque - Objeto Fixo;1;;;;;;;;;;0;1;;;
20/03/2018;19:46:00;2578;sem vítima;90;BR-040/RJ;Norte;Queda de Moto;;;;1;;;;;;;1;;;;
21/03/2018;05:50:00;2612;com vítima;122;BR-040/RJ;Sul;Colisão Lateral;;;1;1;;;;;;;1;1;;;
21/03/2018;09:41:00;2633;com vítima;114;BR-040/RJ;Sul;Queda de Moto;;;;1;;;;;;;0;2;;;
21/03/2018;12:30:00;2660;sem vítima;106;BR-040/RJ;Norte;Colisão Lateral;1;;1;;;;;;;;2;;;;
21/03/2018;14:26:00;2670;sem vítima;84;BR-040/RJ;Norte;Choque - Objeto Fixo;1;;;;;;;;;;1;;;;
21/03/2018;14:51:00;2673;sem vítima;76;BR-040/RJ;Sul;Choque - Objeto Fixo;1;;;;;;;;;;1;;;;
21/03/2018;15:11:00;2674;com vítima;78;BR-040/RJ;Sul;Capotamento;1;;;;;;;;;;0;1;;;
21/03/2018;16:53:00;2678;com vítima;786;BR-040/MG;Norte;Choque - Objeto Fixo;1;;;;;;;;;;0;1;;;
21/03/2018;22:37:00;2708;com vítima;108;BR-040/RJ;Sul;Queda de Moto;;;;1;;;;;;;0;;2;;
22/03/2018;04:58:00;2718;sem vítima;118;BR-040/RJ;Norte;Choque - Objeto Fixo;1;;;;;;;;;;1;;;;
22/03/2018;05:25:00;2719;sem vítima;122;BR-040/RJ;Sul;Colisão Lateral;1;;1;;;;;;;;2;;;;
22/03/2018;05:41:00;2722;com vítima;805;BR-040/MG;Sul;Choque - Objeto Fixo;1;;;;;;;;;;0;3;;;
22/03/2018;06:42:00;2726;com vítima;66;BR-040/RJ;Norte;Capotamento;1;;;;;;;;;;0;1;;;
22/03/2018;08:53:00;2739;sem vítima;31;BR-040/RJ;Norte;Choque - Objeto Fixo;1;;;;;;;;;;1;;;;
22/03/2018;09:35:00;2744;sem vítima;90;BR-040/RJ;Sul;Choque - Objeto Fixo;1;;;;;;;;;;1;;;;
22/03/2018;09:37:00;2745;com vítima;113;BR-040/RJ;Norte;Colisão Traseira;1;;1;;;;;;;;1;2;;;
22/03/2018;10:10:00;2747;sem vítima;113;BR-040/RJ;Norte;Colisão Lateral;2;;;;;;;;;;2;;;;
22/03/2018;10:21:00;2750;sem vítima;94;BR-040/RJ;Norte;Choque - Objeto Fixo;1;;;;;;;;;;1;;;;
22/03/2018;09:37:00;2756;sem vítima;113;BR-040/RJ;Norte;Colisão Traseira;2;;;;;;;;;;2;;;;
22/03/2018;13:22:00;2771;sem vítima;91;BR-040/RJ;Norte;Choque - Objeto Fixo;1;;;;;;;;;;1;;;;
22/03/2018;14:53:00;2774;sem vítima;92;BR-040/RJ;Norte;Choque - Objeto Fixo;1;;;;;;;;;;1;;;;
22/03/2018;15:55:00;2783;com vítima;60;BR-040/RJ;Norte;Choque - Objeto Fixo;1;;;;;;;;;;0;1;1;;
22/03/2018;16:13:00;2785;sem vítima;92;BR-040/RJ;Sul;Choque - Objeto Fixo;1;;;;;;;;;;1;;;;
22/03/2018;16:29:00;2788;sem vítima;93;BR-040/RJ;Sul;Choque - Objeto Fixo;1;;;;;;;;;;1;;;;
22/03/2018;16:30:00;2789;sem vítima;93;BR-040/RJ;Sul;Choque - Objeto Fixo;1;;;;;;;;;;1;;;;
22/03/2018;19:23:00;2807;sem vítima;1;BR-040/RJ;Norte;Choque - Objeto Fixo;1;;;;;;;;;;1;;;;
22/03/2018;19:33:00;2809;sem vítima;799;BR-040/MG;Sul;Choque - Objeto Fixo;1;;;;;;;;;;1;;;;
22/03/2018;20:16:00;2815;sem vítima;88;BR-040/RJ;Norte;Colisão Lateral;2;;;;;;;;;;2;;;;
23/03/2018;08:21:00;2865;sem vítima;111;BR-040/RJ;Sul;Colisão Traseira;1;;1;;;;;;;;2;;;;
23/03/2018;13:41:00;2898;com vítima;101;BR-040/RJ;Norte;Choque - Objeto Fixo;1;;;;;;;;;;0;2;;;
23/03/2018;18:57:00;2943;sem vítima;122;BR-040/RJ;Norte;Engavetamento;4;;;;;;;;;;4;;;;
24/03/2018;20:00:00;3072;sem vítima;22;BR-040/RJ;Norte;Queda de Moto;;;;1;;;;;;;1;;;;
25/03/2018;04:17:00;3108;com vítima;55;BR-040/RJ;Sul;Derrapagem;1;;;;;;;;;;0;3;;;
25/03/2018;04:35:00;3110;com vítima;104;BR-040/RJ;Norte;Choque - Objeto Fixo;1;;;;;;;;;;0;;1;;
25/03/2018;04:53:00;3112;com vítima;55;BR-040/RJ;Norte;Choque - Objeto Fixo;1;;;;;;;;;;0;2;;;
25/03/2018;06:09:00;3115;com vítima;97;BR-040/RJ;Sul;Tombamento;;;1;;;;;;;;0;1;;;
25/03/2018;21:28:00;3195;com vítima;110;BR-040/RJ;Sul;Queda de Moto;;;;1;;;;;;;0;1;;;
25/03/2018;21:57:00;3201;sem vítima;803;BR-040/MG;Norte;Colisão Traseira;1;;1;;;;;;;;2;;;;
26/03/2018;09:58:00;3258;sem vítima;120;BR-040/RJ;Sul;Engavetamento;1;;2;;;;;;;;3;;;;
26/03/2018;10:01:00;3259;sem vítima;83;BR-040/RJ;Norte;Choque - Objeto Fixo;1;;;;;;;;;;1;;;;
26/03/2018;10:55:00;3269;com vítima;117;BR-040/RJ;Sul;Colisão Traseira;1;;1;;;;;;;;1;1;;;
26/03/2018;12:41:00;3286;com vítima;784;BR-040/MG;Sul;Queda de Moto;;;;1;;;;;;;0;;1;;
26/03/2018;14:10:00;3294;com vítima;114;BR-040/RJ;Norte;Engavetamento;3;;;;;;;;;;1;1;;1;
26/03/2018;14:46:00;3298;sem vítima;90;BR-040/RJ;Norte;Choque - Objeto Fixo;1;;;;;;;;;;1;;;;
26/03/2018;18:47:00;3332;com vítima;118;BR-040/RJ;Norte;Engavetamento;4;;;;;;;;;;3;3;;;
26/03/2018;19:39:00;3338;sem vítima;109;BR-040/RJ;Norte;Colisão Traseira;1;;;;1;;;;;;2;;;;
26/03/2018;23:09:00;3347;com vítima;110;BR-040/RJ;Sul;Derrapagem;1;;;;;;;;;;0;1;;;
27/03/2018;00:05:00;3352;sem vítima;797;BR-040/MG;Sul;Atropelamento - Animal;;;;;1;;;;;;1;;;;
27/03/2018;07:03:00;3368;sem vítima;83;BR-040/RJ;Norte;Choque - Objeto Fixo;;;1;;;;;;;;1;;;;
27/03/2018;12:28:00;3405;com vítima;110;BR-040/RJ;Sul;Colisão Lateral;;;;1;1;;;;;;1;1;;;
27/03/2018;19:41:00;3449;com vítima;122;BR-040/RJ;Norte;Atropelamento - Pedestre;1;;;;;;;;;;1;;;1;
28/03/2018;09:09:00;3489;sem vítima;121;BR-040/RJ;Sul;Colisão Lateral;1;;1;;;;;;;;2;;;;
28/03/2018;18:58:00;3548;com vítima;53;BR-040/RJ;Sul;Choque - Objeto Fixo;1;;;;;;;;;;0;4;;;
28/03/2018;19:13:00;3549;com vítima;124;BR-040/RJ;Sul;Colisão Lateral;;;1;1;;;;;;;1;1;;;
29/03/2018;02:08:00;3570;sem vítima;87;BR-040/RJ;Norte;Choque - Objeto Fixo;1;;;;;;;;;;1;;;;
29/03/2018;06:18:00;3579;com vítima;107;BR-040/RJ;Norte;Atropelamento - Pedestre;1;;;;;;;;;;1;;;1;
29/03/2018;09:42:00;3608;sem vítima;55;BR-040/RJ;Norte;Colisão Lateral;;;2;;;;;;;;2;;;;
29/03/2018;12:48:00;3632;com vítima;115;BR-040/RJ;Norte;Colisão Lateral;1;;;1;;;;;;;1;1;;;
29/03/2018;17:13:00;3667;sem vítima;121;BR-040/RJ;Norte;Colisão Traseira;2;;;;;;;;;;2;;;;
29/03/2018;18:50:00;3682;sem vítima;123;BR-040/RJ;Norte;Colisão Lateral;1;;;1;;;;;;;2;;;;
29/03/2018;22:31:00;3705;sem vítima;120;BR-040/RJ;Norte;Choque - Objeto Fixo;1;;;;;;;;;;1;;;;
29/03/2018;22:59:00;3709;sem vítima;120;BR-040/RJ;Norte;Choque - Objeto Fixo;1;;;;;;;;;;1;;;;
30/03/2018;17:50:00;3783;sem vítima;47;BR-040/RJ;Norte;Choque - Objeto Fixo;1;;;;;;;;;;1;;;;
30/03/2018;18:53:00;3785;com vítima;99;BR-040/RJ;Sul;Colisão Traseira;;1;;1;;;;;;;0;2;;;
31/03/2018;10:46:00;3825;sem vítima;84;BR-040/RJ;Norte;Choque - Objeto Fixo;1;;;;;;;;;;1;;;;
31/03/2018;20:00:00;3873;com vítima;52;BR-040/RJ;Norte;Capotamento;1;;;;;;;;;;0;;1;1;
31/03/2018;22:08:00;3878;sem vítima;117;BR-040/RJ;Sul;Choque - Objeto Fixo;1;;;;;;;;;;1;;;;
01/04/2018;08:09:00;24;sem vítima;114;BR-040/RJ;Norte;Choque - Objeto Fixo;1;;;;;;;;;;1;;;;
01/04/2018;09:38:00;33;com vítima;98;BR-040/RJ;Norte;Queda de Moto;;;;1;;;;;;;0;2;;;
01/04/2018;13:39:00;58;sem vítima;111;BR-040/RJ;Sul;Engavetamento;3;;;;;;;;;;3;;;;
01/04/2018;14:07:00;63;com vítima;802;BR-040/MG;Sul;Colisão Traseira;2;;;;;;;;;;1;6;;;
01/04/2018;18:15:00;98;sem vítima;115;BR-040/RJ;Sul;Colisão Traseira;2;;;;;;;;;;2;;;;
01/04/2018;21:36:00;124;com vítima;82;BR-040/RJ;Sul;Colisão Traseira;1;;;1;;;;;;;1;;1;;
02/04/2018;06:15:00;156;sem vítima;24;BR-040/RJ;Norte;Colisão Traseira;2;;;;;;;;;;2;;;;
02/04/2018;08:28:00;169;sem vítima;782;BR-040/MG;Norte;Colisão Traseira;2;;;;;;;;;;2;;;;
02/04/2018;08:18:00;173;sem vítima;776;BR-040/MG;Norte;Choque - Objeto Fixo;1;;;;;;;;;;1;;;;
02/04/2018;14:11:00;212;com vítima;83;BR-040/RJ;Norte;Choque - Objeto Fixo;1;;;;;;;;;;0;1;;;
02/04/2018;15:09:00;227;com vítima;38;BR-040/RJ;Norte;Choque - Objeto Fixo;1;;;;;;;;;;0;1;;;
02/04/2018;16:32:00;241;sem vítima;97;BR-040/RJ;Sul;Choque - Objeto Fixo;1;;;;;;;;;;1;;;;
02/04/2018;16:39:00;242;sem vítima;95;BR-040/RJ;Sul;Choque - Objeto Fixo;1;;;;;;;;;;1;;;;
02/04/2018;16:43:00;243;sem vítima;93;BR-040/RJ;Sul;Choque - Objeto Fixo;1;;;;;;;;;;1;;;;
02/04/2018;18:02:00;262;sem vítima;84;BR-040/RJ;Norte;Choque - Objeto Fixo;1;;;;;;;;;;1;;;;
02/04/2018;20:33:00;266;sem vítima;93;BR-040/RJ;Sul;Choque - Objeto Fixo;1;;;;;;;;;;1;;;;
03/04/2018;03:44:00;286;sem vítima;105;BR-040/RJ;Norte;Choque - Objeto Fixo;1;;;;;;;;;;1;;;;
03/04/2018;07:18:00;296;com vítima;79;BR-040/RJ;Sul;Tombamento;;;1;;;;;;;;0;1;;;
03/04/2018;07:26:00;298;sem vítima;123;BR-040/RJ;Sul;Colisão Lateral;2;;;;;;;;;;2;;;;
03/04/2018;12:41:00;335;sem vítima;92;BR-040/RJ;Norte;Choque - Objeto Fixo;1;;;;;;;;;;1;;;;
03/04/2018;13:22:00;340;sem vítima;89;BR-040/RJ;Sul;Choque - Objeto Fixo;1;;;;;;;;;;1;;;;
03/04/2018;13:51:00;344;sem vítima;98;BR-040/RJ;Sul;Choque - Objeto Fixo;1;;;;;;;;;;1;;;;
03/04/2018;14:36:00;350;com vítima;83;BR-040/RJ;Norte;Capotamento;1;;;;;;;;;;0;2;;;
03/04/2018;17:00:00;365;sem vítima;17;BR-040/RJ;Norte;Choque - Objeto Fixo;1;;;;;;;;;;1;;;;
03/04/2018;19:10:00;376;sem vítima;787;BR-040/MG;Norte;Choque - Objeto Fixo;1;;;;;;;;;;1;;;;
03/04/2018;19:45:00;379;sem vítima;85;BR-040/RJ;Sul;Choque - Objeto Fixo;1;;;;;;;;;;1;;;;
04/04/2018;07:57:00;408;com vítima;121;BR-040/RJ;Sul;Colisão Lateral;;1;;;1;;;;;;1;;1;;
04/04/2018;11:16:00;427;com vítima;124;BR-040/RJ;Sul;Atropelamento - Pedestre;;;;1;;;;;;;0;1;1;;
04/04/2018;12:04:00;434;com vítima;116;BR-040/RJ;Sul;Engavetamento;3;;;;;;;;;;0;4;1;;
04/04/2018;17:04:00;476;com vítima;92;BR-040/RJ;Sul;Choque - Objeto Fixo;1;;;;;;;;;;0;;2;;
04/04/2018;17:08:00;477;com vítima;83;BR-040/RJ;Norte;Choque - Objeto Fixo;1;;;;;;;;;;0;1;;;
04/04/2018;18:01:00;485;sem vítima;95;BR-040/RJ;Sul;Choque - Objeto Fixo;1;;;;;;;;;;1;;;;
04/04/2018;21:51:00;494;sem vítima;118;BR-040/RJ;Sul;Choque - Objeto Fixo;1;;;;;;;;;;1;;;;
05/04/2018;08:49:00;535;com vítima;786;BR-040/MG;Norte;Choque - Objeto Fixo;1;;;;;;;;;;0;1;;;
05/04/2018;13:45:00;556;sem vítima;125;BR-040/RJ;Sul;Colisão Traseira;;;;1;;1;;;;;2;;;;
05/04/2018;15:27:00;566;com vítima;94;BR-040/RJ;Norte;Queda de Moto;;;;1;;;;;;;0;1;;;
05/04/2018;18:36:00;585;sem vítima;122;BR-040/RJ;Norte;Colisão Traseira;1;;;;;1;;;;;2;;;;
05/04/2018;18:40:00;586;sem vítima;124;BR-040/RJ;Norte;Colisão Traseira;1;;1;;;;;;;;2;;;;
05/04/2018;18:55:00;587;com vítima;805;BR-040/MG;Sul;Queda de Moto;;;;1;;;;;;;0;1;;;