data;horario;n_da_ocorrencia;tipo_de_ocorrencia;km;trecho;sentido;tipo_de_acidente;automovel;bicicleta;caminhao;moto;onibus;outros;tracao_animal;transporte_de_cargas_especiais;trator_maquinas;utilitarios;ilesos;levemente_feridos;moderadamente_feridos;gravemente_feridos;mortos
06/04/2018;00:58:00;617;sem vítima;121;BR-040/RJ;Sul;Choque - Objeto Fixo;1;;;;;;;;;;1;;;;
06/04/2018;04:35:00;624;com vítima;123;BR-040/RJ;Sul;Choque - Objeto Fixo;1;;;;;;;;;;0;2;;;
06/04/2018;06:57:00;635;com vítima;79;BR-040/RJ;Norte;Colisão Traseira;1;;;1;;;;;;;0;2;;;
06/04/2018;07:43:00;641;sem vítima;45;BR-040/RJ;Sul;Colisão Traseira;2;;;;;1;;;;;3;;;;
06/04/2018;14:53:00;678;com vítima;124;BR-040/RJ;Sul;Queda de Moto;1;;;1;;1;;;;;2;1;;;
06/04/2018;15:34:00;686;com vítima;92;BR-040/RJ;Sul;Choque - Objeto Fixo;1;;;;;;;;;;0;5;;;
06/04/2018;15:51:00;688;sem vítima;17;BR-040/RJ;Norte;Choque - Objeto Fixo;1;;;;;;;;;;1;;;;
06/04/2018;16:04:00;691;com vítima;18;BR-040/RJ;Norte;Capotamento;1;;;;;;;;;;0;1;;;
06/04/2018;16:42:00;697;com vítima;32;BR-040/RJ;Norte;Capotamento;1;;;;;;;;;;0;2;;;
06/04/2018;17:19:00;702;sem vítima;824;BR-040/MG;Sul;Choque - Objeto Fixo;1;;;;;;;;;;1;;;;
06/04/2018;19:38:00;724;com vítima;95;BR-040/RJ;Norte;Choque - Objeto Fixo;1;;;;;;;;;;0;1;;;
06/04/2018;19:50:00;725;com vítima;109;BR-040/RJ;Norte;Choque - Objeto Fixo;1;;;;;;;;;;0;3;;;
06/04/2018;22:39:00;747;com vítima;113;BR-040/RJ;Norte;Engavetamento;1;;1;;;1;;;;;2;5;2;;
06/04/2018;23:16:00;754;sem vítima;113;BR-040/RJ;Sul;Colisão Traseira;1;;;;;1;;;;;2;;;;
06/04/2018;23:39:00;757;sem vítima;87;BR-040/RJ;Norte;Choque - Objeto Fixo;1;;;;;;;;;;1;;;;
06/04/2018;22:41:00;758;sem vítima;113;BR-040/RJ;Norte;Choque - Objeto Fixo;1;;;;;;;;;;1;;;;
07/04/2018;05:46:00;765;sem vítima;118;BR-040/RJ;Sul;Choque - Objeto Fixo;1;;;;;;;;;;1;;;;
07/04/2018;12:46:00;820;sem vítima;84;BR-040/RJ;Sul;Choque - Objeto Fixo;1;;;;;;;;;;1;;;;
07/04/2018;12:52:00;822;sem vítima;75;BR-040/RJ;Sul;Choque - Objeto Fixo;1;;;;;;;;;;1;;;;
07/04/2018;12:54:00;823;sem vítima;72;BR-040/RJ;Norte;Choque - Objeto Fixo;1;;;;;;;;;;1;;;;
07/04/2018;13:26:00;824;sem vítima;75;BR-040/RJ;Sul;Choque - Objeto Fixo;1;;;;;;;;;;1;;;;
07/04/2018;15:25:00;832;sem vítima;104;BR-040/RJ;Sul;Colisão Traseira;1;;1;;;;;;;;2;;;;
07/04/2018;16:36:00;840;sem vítima;93;BR-040/RJ;Sul;Choque - Objeto Fixo;1;;;;;;;;;;1;;;;
07/04/2018;16:46:00;843;sem vítima;92;BR-040/RJ;Sul;Choque - Objeto Fixo;1;;;;;;;;;;1;;;;
07/04/2018;16:47:00;844;com vítima;92;BR-040/RJ;Sul;Choque - Objeto Fixo;1;;;;;;;;;;0;2;;;
07/04/2018;16:52:00;845;sem vítima;84;BR-040/RJ;Sul;Choque - Objeto Fixo;1;;;;;;;;;;1;;;;
07/04/2018;18:32:00;857;com vítima;105;BR-040/RJ;Norte;Colisão Lateral;1;;;1;;;;;;;1;1;1;;
07/04/2018;20:30:00;865;com vítima;18;BR-040/RJ;Sul;Atropelamento - Pedestre;1;;;;;;;;;;1;;1;;
08/04/2018;04:40:00;893;sem vítima;81;BR-040/RJ;Norte;Derrapagem;1;;;;;;;;;;1;;;;
08/04/2018;08:52:00;910;com vítima;9;BR-040/RJ;Norte;Choque - Objeto Fixo;1;;;;;;;;;;0;2;;;
08/04/2018;09:35:00;919;com vítima;108;BR-040/RJ;Norte;Queda de Moto;;;;1;;;;;;;0;2;;;
08/04/2018;11:03:00;928;com vítima;70;BR-040/RJ;Sul;Colisão Lateral;2;;;;;;;;;;0;5;;;
08/04/2018;11:06:00;929;sem vítima;780;BR-040/MG;Norte;Choque - Objeto Fixo;1;;;;;;;;;;1;;;;
08/04/2018;14:01:00;940;com vítima;26;BR-040/RJ;Norte;Choque - Objeto Fixo;1;;;;;;;;;;0;5;;;
08/04/2018;15:28:00;948;sem vítima;52;BR-040/RJ;Norte;Choque - Objeto Fixo;1;;;;;;;;;;1;;;;
08/04/2018;21:50:00;979;sem vítima;85;BR-040/RJ;Sul;Choque - Objeto Fixo;1;;;;;;;;;;1;;;;
09/04/2018;05:57:00;1005;com vítima;78;BR-040/RJ;Sul;Tombamento;;;1;;;;;;;;0;1;;;
09/04/2018;06:49:00;1008;com vítima;122;BR-040/RJ;Sul;Engavetamento;2;;;1;;;;;;;2;1;;;
09/04/2018;08:55:00;1024;sem vítima;104;BR-040/RJ;Norte;Colisão Traseira;2;;;;;;;;;;2;;;;
09/04/2018;10:04:00;1029;sem vítima;781;BR-040/MG;Norte;Choque - Objeto Fixo;1;;;;;;;;;;1;;;;
09/04/2018;15:32:00;1063;com vítima;97;BR-040/RJ;Norte;Queda de Moto;;;;1;;;;;;;0;1;;;
09/04/2018;16:02:00;1070;sem vítima;105;BR-040/RJ;Sul;Colisão Lateral;1;;;;1;;;;;;2;;;;
10/04/2018;04:46:00;1116;sem vítima;84;BR-040/RJ;Norte;Choque - Objeto Fixo;;;1;;;;;;;;1;;;;
10/04/2018;18:37:00;1181;sem vítima;779;BR-040/MG;Norte;Atropelamento - Animal;1;;;;;;;;;;1;;;;
10/04/2018;19:15:00;1184;sem vítima;77;BR-040/RJ;Sul;Choque - Objeto Fixo;1;;;;;;;;;;1;;;;
10/04/2018;23:17:00;1198;com vítima;123;BR-040/RJ;Sul;Colisão Traseira;1;;;1;;;;;;;1;;1;;
11/04/2018;00:52:00;1204;sem vítima;95;BR-040/RJ;Norte;Colisão Lateral;;;1;;1;;;;;;2;;;;
11/04/2018;11:51:00;1264;com vítima;84;BR-040/RJ;Sul;Capotamento;1;;;;;;;;;;0;1;;;
11/04/2018;14:17:00;1275;com vítima;81;BR-040/RJ;Norte;Colisão Traseira;1;;;1;;;;;;;0;3;;;
11/04/2018;16:19:00;1289;sem vítima;85;BR-040/RJ;Norte;Choque - Objeto Fixo;1;;;;;;;;;;1;;;;
11/04/2018;19:07:00;1308;com vítima;118;BR-040/RJ;Sul;Colisão Lateral;1;;;;1;;;;;;0;3;1;;
12/04/2018;02:57:00;1327;sem vítima;83;BR-040/RJ;Norte;Choque - Objeto Fixo;1;;;;;;;;;;1;;;;
12/04/2018;04:44:00;1333;sem vítima;64;BR-040/RJ;Norte;Atropelamento - Animal;;;1;;;1;;;;;2;;;;
12/04/2018;04:45:00;1334;com vítima;778;BR-040/MG;Sul;Colisão Traseira;1;;1;;;;;;;;1;1;;;
12/04/2018;07:40:00;1350;com vítima;120;BR-040/RJ;Norte;Capotamento;1;;;;;;;;;;0;1;;;
12/04/2018;07:41:00;1351;sem vítima;91;BR-040/RJ;Norte;Choque - Objeto Fixo;1;;;;;;;;;;1;;;;
12/04/2018;10:01:00;1363;sem vítima;77;BR-040/RJ;Sul;Colisão Lateral;1;;1;;;;;;;;2;;;;
12/04/2018;10:17:00;1367;sem vítima;780;BR-040/MG;Sul;Colisão Lateral;1;;1;;;;;;;;2;;;;
12/04/2018;11:56:00;1377;com vítima;117;BR-040/RJ;Norte;Colisão Lateral;;;1;1;;;;;;;1;1;;;
12/04/2018;21:11:00;1430;com vítima;26;BR-040/RJ;Norte;Colisão Lateral;1;;;1;;1;;;;;2;;1;;
13/04/2018;09:19:00;1482;com vítima;800;BR-040/MG;Norte;Colisão Traseira;1;;;1;;;;;;;1;;1;;
13/04/2018;10:56:00;1491;com vítima;119;BR-040/RJ;Norte;Choque - Objeto Fixo;1;;;;;;;;;;0;1;;;
13/04/2018;11:11:00;1497;sem vítima;121;BR-040/RJ;Norte;Engavetamento;2;;1;;;;;;;;3;;;;
13/04/2018;17:01:00;1530;sem vítima;104;BR-040/RJ;Norte;Choque - Objeto Fixo;1;;;;;;;;;;1;;;;
13/04/2018;17:58:00;1535;com vítima;105;BR-040/RJ;Norte;Colisão Traseira;1;1;;;;;;;;;1;;1;;
13/04/2018;22:30:00;1551;sem vítima;822;BR-040/MG;Norte;Atropelamento - Animal;1;;;;;;;;;;1;;;;
14/04/2018;01:37:00;1562;sem vítima;108;BR-040/RJ;Norte;Atropelamento - Animal;1;;;;;;;;;;1;;;;
14/04/2018;12:22:00;1610;com vítima;78;BR-040/RJ;Sul;Choque - Objeto Fixo;;;1;;;;;;;;0;1;;;
14/04/2018;19:00:00;1646;com vítima;70;BR-040/RJ;Sul;Colisão Lateral;1;;;1;;;;;;;1;1;;;
14/04/2018;21:40:00;1658;com vítima;54;BR-040/RJ;Sul;Choque - Objeto Fixo;1;;;;;;;;;;0;2;;;
14/04/2018;21:45:00;1659;sem vítima;78;BR-040/RJ;Sul;Choque - Objeto Fixo;1;;;;;;;;;;1;;;;
15/04/2018;03:21:00;1680;com vítima;108;BR-040/RJ;Norte;Choque - Objeto Fixo;1;;;;;;;;;;0;1;;;
15/04/2018;05:27:00;1682;com vítima;116;BR-040/RJ;Norte;Colisão Lateral;1;;;1;;;;;;;1;;1;;
15/04/2018;05:43:00;1683;sem vítima;96;BR-040/RJ;Sul;Derrapagem;1;;;;;;;;;;1;;;;
15/04/2018;07:55:00;1691;com vítima;792;BR-040/MG;Norte;Choque - Objeto Fixo;;;;1;;;;;;;0;1;;;
15/04/2018;09:57:00;1704;com vítima;72;BR-040/RJ;Norte;Choque - Objeto Fixo;1;;;;;;;;;;0;3;;;
15/04/2018;09:59:00;1705;sem vítima;84;BR-040/RJ;Norte;Choque - Objeto Fixo;1;;;;;;;;;;1;;;;
15/04/2018;10:41:00;1709;com vítima;113;BR-040/RJ;Norte;Engavetamento;4;;;;;;;;;;3;2;;;
15/04/2018;11:20:00;1712;sem vítima;91;BR-040/RJ;Sul;Choque - Objeto Fixo;1;;;;;;;;;;1;;;;
15/04/2018;12:57:00;1717;sem vítima;74;BR-040/RJ;Norte;Choque - Objeto Fixo;1;;;;;;;;;;1;;;;
15/04/2018;13:05:00;1720;sem vítima;85;BR-040/RJ;Norte;Choque - Objeto Fixo;1;;;;;;;;;;1;;;;
15/04/2018;13:37:00;1721;com vítima;92;BR-040/RJ;Sul;Choque - Objeto Fixo;1;;;;;;;;;;0;3;;;
15/04/2018;13:30:00;1722;sem vítima;78;BR-040/RJ;Sul;Choque - Objeto Fixo;1;;;;;;;;;;1;;;;
15/04/2018;13:47:00;1723;sem vítima;96;BR-040/RJ;Sul;Choque - Objeto Fixo;1;;;;;;;;;;1;;;;
15/04/2018;13:50:00;1724;sem vítima;92;BR-040/RJ;Sul;Choque - Objeto Fixo;1;;;;;;;;;;1;;;;
15/04/2018;13:52:00;1725;sem vítima;92;BR-040/RJ;Norte;Choque - Objeto Fixo;1;;;;;;;;;;1;;;;
15/04/2018;13:53:00;1726;sem vítima;74;BR-040/RJ;Sul;Choque - Objeto Fixo;1;;;;;;;;;;1;;;;
15/04/2018;13:39:00;1727;sem vítima;93;BR-040/RJ;Sul;Choque - Objeto Fixo;1;;;;;;;;;;1;;;;
15/04/2018;14:17:00;1729;sem vítima;93;BR-040/RJ;Norte;Choque - Objeto Fixo;1;;;;;;;;;;1;;;;
15/04/2018;14:10:00;1730;sem vítima;74;BR-040/RJ;Norte;Choque - Objeto Fixo;1;;;;;;;;;;1;;;;
15/04/2018;14:58:00;1733;com vítima;817;BR-040/MG;Norte;Choque - Objeto Fixo;1;;;;;;;;;;0;2;;;
15/04/2018;15:20:00;1734;sem vítima;84;BR-040/RJ;Sul;Choque - Objeto Fixo;1;;;;;;;;;;1;;;;
15/04/2018;17:06:00;1745;com vítima;90;BR-040/RJ;Sul;Choque - Objeto Fixo;1;;;;;;;;;;0;4;;;
15/04/2018;17:40:00;1748;com vítima;91;BR-040/RJ;Sul;Choque - Objeto Fixo;1;;;;;;;;;;0;1;;;
15/04/2018;17:51:00;1750;sem vítima;94;BR-040/RJ;Sul;Choque - Objeto Fixo;1;;;;;;;;;;1;;;;
15/04/2018;19:45:00;1762;sem vítima;93;BR-040/RJ;Sul;Choque - Objeto Fixo;1;;;;;;;;;;1;;;;
15/04/2018;19:46:00;1763;sem vítima;93;BR-040/RJ;Sul;Choque - Objeto Fixo;1;;;;;;;;;;1;;;;
15/04/2018;20:18:00;1765;sem vítima;84;BR-040/RJ;Sul;Choque - Objeto Fixo;1;;;;;;;;;;1;;;;
16/04/2018;05:30:00;1794;com vítima;54;BR-040/RJ;Sul;Capotamento;1;;;;;;;;;;0;;3;1;
16/04/2018;05:58:00;1796;sem vítima;94;BR-040/RJ;Sul;Choque - Objeto Fixo;1;;;;;;;;;;1;;;;
16/04/2018;07:48:00;1802;sem vítima;91;BR-040/RJ;Sul;Choque - Objeto Fixo;1;;;;;;;;;;1;;;;
16/04/2018;08:27:00;1807;sem vítima;102;BR-040/RJ;Sul;Colisão Lateral;2;;;;;;;;;;2;;;;
16/04/2018;13:17:00;1834;com vítima;93;BR-040/RJ;Sul;Choque - Objeto Fixo;1;;;;;;;;;;0;2;;;
16/04/2018;13:25:00;1836;com vítima;84;BR-040/RJ;Norte;Choque - Objeto Fixo;;;1;;;;;;;;0;1;;;
16/04/2018;15:20:00;1851;sem vítima;90;BR-040/RJ;Norte;Choque - Objeto Fixo;1;;;;;;;;;;1;;;;
16/04/2018;15:54:00;1855;com vítima;105;BR-040/RJ;Sul;Atropelamento - Pedestre;;;;1;;;;;;;1;1;;;
16/04/2018;17:11:00;1861;com vítima;93;BR-040/RJ;Sul;Capotamento;;;1;;;;;;;;0;;2;;
16/04/2018;19:46:00;1877;sem vítima;799;BR-040/MG;Norte;Colisão Traseira;1;;1;;;;;;;;2;;;;
17/04/2018;08:28:00;1935;com vítima;84;BR-040/RJ;Norte;Capotamento;1;;;;;;;;;;0;4;;;
17/04/2018;14:20:00;1953;com vítima;54;BR-040/RJ;Sul;Colisão Traseira;;;2;;;;;;;;0;1;2;;
17/04/2018;14:03:00;1955;sem vítima;73;BR-040/RJ;Sul;Colisão Lateral;2;;;;;;;;;;2;;;;
18/04/2018;08:28:00;2035;sem vítima;118;BR-040/RJ;Sul;Engavetamento;3;;;;;;;;;;3;;;;
18/04/2018;19:05:00;2090;sem vítima;113;BR-040/RJ;Sul;Choque - Objeto Fixo;1;;;;;;;;;;1;;;;
18/04/2018;21:50:00;2101;com vítima;119;BR-040/RJ;Norte;Colisão Frontal;1;;;1;1;;;;;;2;;1;;
19/04/2018;07:49:00;2134;sem vítima;122;BR-040/RJ;Sul;Colisão Traseira;2;;;;;;;;;;2;;;;
19/04/2018;15:15:00;2166;com vítima;102;BR-040/RJ;Norte;Capotamento;1;;;;;;;;;;0;1;;;
20/04/2018;18:30:00;2307;sem vítima;105;BR-040/RJ;Sul;Colisão Transversal;2;;;;;;;;;;2;;;;
20/04/2018;20:05:00;2319;sem vítima;111;BR-040/RJ;Norte;Engavetamento;2;;;;;1;;;;;3;;;;
21/04/2018;06:10:00;2350;sem vítima;62;BR-040/RJ;Norte;Choque - Objeto Fixo;1;;;;;;;;;;1;;;;
21/04/2018;09:01:00;2369;sem vítima;118;BR-040/RJ;Sul;Choque - Objeto Fixo;1;;;;;;;;;;1;;;;
21/04/2018;09:20:00;2372;com vítima;42;BR-040/RJ;Norte;Capotamento;1;;;;;;;;;;0;;1;;
21/04/2018;10:17:00;2380;sem vítima;75;BR-040/RJ;Sul;Choque - Objeto Fixo;1;;;;;;;;;;1;;;;
21/04/2018;11:13:00;2383;com vítima;84;BR-040/RJ;Sul;Choque - Objeto Fixo;1;;;;;;;;;;0;4;1;;
21/04/2018;12:16:00;2395;sem vítima;85;BR-040/RJ;Norte;Choque - Objeto Fixo;1;;;;;;;;;;1;;;;
21/04/2018;15:59:00;2418;com vítima;92;BR-040/RJ;Sul;Tombamento;;;1;;;;;;;;0;;;;1
21/04/2018;18:37:00;2430;sem vítima;102;BR-040/RJ;Norte;Colisão Traseira;1;;;;;1;;;;;2;;;;
21/04/2018;19:19:00;2436;com vítima;42;BR-040/RJ;Norte;Atropelamento - Pedestre;;;;;;1;;;;;1;;1;;
22/04/2018;04:46:00;2461;sem vítima;2;BR-040/RJ;Norte;Derrapagem;1;;;;;;;;;;1;;;;
22/04/2018;08:55:00;2474;sem vítima;80;BR-040/RJ;Norte;Choque - Objeto Fixo;1;;;;;;;;;;1;;;;
22/04/2018;09:24:00;2479;com vítima;121;BR-040/RJ;Norte;Capotamento;1;;;;;;;;;;0;1;;;
22/04/2018;14:50:00;2512;sem vítima;85;BR-040/RJ;Norte;Choque - Objeto Fixo;1;;;;;;;;;;1;;;;
22/04/2018;16:03:00;2522;sem vítima;91;BR-040/RJ;Norte;Choque - Objeto Fixo;1;;;;;;;;;;1;;;;
22/04/2018;16:43:00;2526;sem vítima;83;BR-040/RJ;Norte;Choque - Objeto Fixo;;;1;;;;;;;;1;;;;
22/04/2018;18:06:00;2534;com vítima;75;BR-040/RJ;Norte;Atropelamento - Pedestre;1;;;;;;;;;;1;;;1;
22/04/2018;20:37:00;2550;com vítima;61;BR-040/RJ;Sul;Choque - Objeto Fixo;1;;;;;;;;;;0;1;;;
22/04/2018;22:45:00;2561;sem vítima;56;BR-040/RJ;Norte;Colisão Lateral;2;;;;;;;;;;2;;;;
23/04/2018;06:16:00;2586;com vítima;2;BR-040/RJ;Norte;Tombamento;;;1;;;;;;;;0;2;;;
23/04/2018;12:43:00;2630;com vítima;48;BR-040/RJ;Norte;Atropelamento - Pedestre;1;;;;;;;;;;1;;1;;
23/04/2018;16:13:00;2647;com vítima;85;BR-040/RJ;Norte;Capotamento;2;;;;;;;;;;1;;2;;
23/04/2018;18:24:00;2667;sem vítima;76;BR-040/RJ;Sul;Colisão Traseira;2;;;;;;;;;;2;;;;
23/04/2018;18:53:00;2671;sem vítima;787;BR-040/MG;Sul;Colisão Lateral;1;;;;;1;;;;;2;;;;
23/04/2018;18:55:00;2672;sem vítima;76;BR-040/RJ;Sul;Colisão Lateral;1;;1;;;;;;;;2;;;;
24/04/2018;04:55:00;2701;com vítima;39;BR-040/RJ;Sul;Colisão Traseira;;;1;;1;;;;;;1;2;;;
24/04/2018;10:28:00;2731;com vítima;105;BR-040/RJ;Sul;Engavetamento;4;;;;;;;;;;3;2;;;
24/04/2018;18:57:00;2791;sem vítima;113;BR-040/RJ;Sul;Atropelamento - Animal;1;;;;;;;;;;1;;;;
24/04/2018;20:01:00;2795;sem vítima;86;BR-040/RJ;Norte;Choque - Objeto Fixo;1;;;;;;;;;;1;;;;
24/04/2018;22:13:00;2805;com vítima;113;BR-040/RJ;Norte;Capotamento;1;;;;;;;;;;0;1;;;
25/04/2018;06:43:00;2827;sem vítima;122;BR-040/RJ;Sul;Colisão Lateral;1;;1;;;;;;;;2;;;;
25/04/2018;11:00:00;2855;sem vítima;107;BR-040/RJ;Sul;Colisão Traseira;2;;;;;;;;;;2;;;;
26/04/2018;06:10:00;2962;com vítima;824;BR-040/MG;Norte;Capotamento;1;;;;;;;;;;0;1;;;
26/04/2018;07:02:00;2967;sem vítima;104;BR-040/RJ;Norte;Colisão Lateral;1;;1;;;;;;;;2;;;;
26/04/2018;07:40:00;2971;sem vítima;109;BR-040/RJ;Norte;Colisão Lateral;1;;1;;;;;;;;2;;;;
26/04/2018;10:59:00;2992;com vítima;66;BR-040/RJ;Sul;Capotamento;1;;;;;;;;;;0;1;;;
26/04/2018;14:46:00;3009;sem vítima;89;BR-040/RJ;Norte;Choque - Objeto Fixo;1;;;;;;;;;;1;;;;
26/04/2018;14:58:00;3012;sem vítima;94;BR-040/RJ;Sul;Choque - Objeto Fixo;1;;;;;;;;;;1;;;;
26/04/2018;15:10:00;3016;sem vítima;4;BR-040/RJ;Norte;Choque - Objeto Fixo;1;;;;;;;;;;1;;;;
26/04/2018;17:04:00;3026;sem vítima;79;BR-040/RJ;Norte;Colisão Traseira;2;;;;;;;;;;2;;;;
26/04/2018;18:45:00;3040;sem vítima;118;BR-040/RJ;Norte;Engavetamento;1;;;;;2;;;;;3;;;;
27/04/2018;05:08:00;3076;sem vítima;85;BR-040/RJ;Norte;Colisão Traseira;2;;;;;;;;;;2;;;;
27/04/2018;06:57:00;3081;sem vítima;89;BR-040/RJ;Sul;Choque - Objeto Fixo;1;;;;;;;;;;1;;;;
27/04/2018;07:27:00;3089;sem vítima;92;BR-040/RJ;Sul;Choque - Objeto Fixo;1;;;;;;;;;;1;;;;
27/04/2018;08:28:00;3096;sem vítima;94;BR-040/RJ;Sul;Choque - Objeto Fixo;1;;;;;;;;;;1;;;;
27/04/2018;09:37:00;3107;sem vítima;119;BR-040/RJ;Sul;Colisão Traseira;;;2;;;;;;;;2;;;;
27/04/2018;14:29:00;3141;sem vítima;80;BR-040/RJ;Norte;Choque - Objeto Fixo;1;;;;;;;;;;1;;;;
27/04/2018;15:33:00;3147;com vítima;39;BR-040/RJ;Norte;Capotamento;1;;;;;;;;;;0;;1;;
27/04/2018;16:26:00;3154;com vítima;74;BR-040/RJ;Norte;Choque - Objeto Fixo;1;;;;;;;;;;0;1;;;
27/04/2018;16:29:00;3155;com vítima;75;BR-040/RJ;Sul;Choque - Objeto Fixo;1;;;;;;;;;;0;2;;;
27/04/2018;18:08:00;3171;sem vítima;119;BR-040/RJ;Norte;Atropelamento - Pedestre;;;;1;;;;;;;2;;;;
27/04/2018;18:27:00;3173;com vítima;93;BR-040/RJ;Sul;Capotamento;1;;;;;;;;;;0;3;;;
27/04/2018;19:26:00;3176;sem vítima;111;BR-040/RJ;Norte;Colisão Traseira;1;;;;;1;;;;;2;;;;
27/04/2018;19:48:00;3178;sem vítima;77;BR-040/RJ;Sul;Choque - Objeto Fixo;1;;;;;;;;;;1;;;;
27/04/2018;22:32:00;3193;sem vítima;109;BR-040/RJ;Sul;Colisão Lateral;1;;;;1;;;;;;2;;;;
28/04/2018;13:36:00;3276;com vítima;115;BR-040/RJ;Sul;Colisão Lateral;2;;;;1;;;;;;2;2;;;
28/04/2018;15:35:00;3288;sem vítima;113;BR-040/RJ;Norte;Colisão Traseira;1;;;;;1;;;;;2;;;;
29/04/2018;02:12:00;3334;sem vítima;99;BR-040/RJ;Norte;Choque - Objeto Fixo;1;;;;;;;;;;1;;;;
29/04/2018;19:20:00;3416;com vítima;784;BR-040/MG;Sul;Colisão Traseira;2;;;;;;;;;;1;1;;;
29/04/2018;20:14:00;3422;sem vítima;80;BR-040/RJ;Sul;Queda de Moto;;;;1;;;;;;;1;;;;
29/04/2018;20:39:00;3424;com vítima;104;BR-040/RJ;Norte;Colisão Transversal;;;;1;;1;;;;;1;;;1;
29/04/2018;20:33:00;3426;sem vítima;34;BR-040/RJ;Norte;Choque - Objeto Fixo;1;;;;;;;;;;1;;;;
29/04/2018;21:59:00;3433;sem vítima;113;BR-040/RJ;Norte;Engavetamento;3;;;;;;;;;;3;;;;
30/04/2018;01:27:00;3445;sem vítima;112;BR-040/RJ;Sul;Colisão Lateral;2;;;;;;;;;;2;;;;
30/04/2018;05:34:00;3460;sem vítima;113;BR-040/RJ;Sul;Choque - Objeto Fixo;1;;;;;;;;;;1;;;;
30/04/2018;19:29:00;3527;com vítima;82;BR-040/RJ;Norte;Queda de Moto;;;;1;;;;;;;0;1;;;
01/05/2018;04:20:00;10;sem vítima;67;BR-040/RJ;Norte;Choque - Objeto Fixo;1;;;;;;;;;;1;;;;
01/05/2018;04:48:00;13;com vítima;24;BR-040/RJ;Sul;Tombamento;;;1;;;;;;;;0;1;;;
01/05/2018;09:38:00;31;com vítima;75;BR-040/RJ;Norte;Capotamento;1;;;;;;;;;;0;2;;;
01/05/2018;09:58:00;39;com vítima;94;BR-040/RJ;Norte;Queda de Moto;;;;1;;;;;;;0;;1;;
01/05/2018;10:49:00;44;com vítima;812;BR-040/MG;Norte;Queda de Moto;;;;1;;;;;;;0;;1;;
01/05/2018;19:00:00;105;com vítima;124;BR-040/RJ;Sul;Atropelamento - Pedestre;1;;;;;;;;;;0;1;;;1
01/05/2018;20:05:00;108;sem vítima;109;BR-040/RJ;Sul;Engavetamento;3;;;;;;;;;;3;;;;
01/05/2018;20:34:00;111;com vítima;808;BR-040/MG;Sul;Capotamento;1;;;;;;;;;;0;;;;1
01/05/2018;20:25:00;114;com vítima;110;BR-040/RJ;Sul;Choque - Objeto Fixo;1;;;;;;;;;;0;2;;;
02/05/2018;04:09:00;138;com vítima;0;BR-040/RJ;Sul;Tombamento;;;1;;;;;;;;0;1;;;
02/05/2018;10:33:00;164;com vítima;825;BR-040/MG;Sul;Choque - Objeto Fixo;;;1;;;;;;;;0;1;;;
02/05/2018;11:30:00;172;com vítima;50;BR-040/RJ;Norte;Colisão Lateral;1;;;1;;;;;;;0;2;1;;
02/05/2018;13:39:00;179;com vítima;105;BR-040/RJ;Norte;Colisão Traseira;1;;;1;;;;;;;0;2;;;
02/05/2018;17:53:00;200;com vítima;56;BR-040/RJ;Norte;Colisão Lateral;1;;;1;;;;;;;0;1;1;;
02/05/2018;18:09:00;204;com vítima;41;BR-040/RJ;Sul;Capotamento;1;;;;;;;;;;0;1;;;
02/05/2018;20:06:00;214;com vítima;98;BR-040/RJ;Sul;Colisão Traseira;1;;1;;;;;;;;1;2;;;
03/05/2018;05:18:00;246;sem vítima;119;BR-040/RJ;Sul;Choque - Objeto Fixo;1;;;;;;;;;;1;;;;
03/05/2018;15:35:00;299;com vítima;104;BR-040/RJ;Norte;Colisão Lateral;1;;;1;;;;;;;1;1;;;
03/05/2018;17:43:00;312;com vítima;87;BR-040/RJ;Norte;Choque - Objeto Fixo;1;;;;;;;;;;0;;1;;
03/05/2018;18:24:00;321;sem vítima;116;BR-040/RJ;Norte;Colisão Traseira;2;;;;;;;;;;2;;;;
03/05/2018;18:36:00;322;com vítima;111;BR-040/RJ;Sul;Colisão Lateral;1;;1;;;;;;;;0;5;;;
03/05/2018;18:44:00;323;com vítima;119;BR-040/RJ;Norte;Engavetamento;3;;;;;;;;;;2;1;;;
03/05/2018;19:22:00;328;com vítima;121;BR-040/RJ;Norte;Colisão Traseira;2;;;;;;;;;;0;2;;;
04/05/2018;10:51:00;383;sem vítima;24;BR-040/RJ;Norte;Colisão Traseira;2;;;;;;;;;;2;;;;
04/05/2018;16:09:00;410;sem vítima;117;BR-040/RJ;Norte;Engavetamento;1;;1;;;1;;;;;3;;;;
04/05/2018;19:03:00;432;sem vítima;823;BR-040/MG;Norte;Atropelamento - Animal;1;;;;;;;;;;1;;;;
05/05/2018;01:22:00;458;com vítima;113;BR-040/RJ;Norte;Capotamento;1;;;;;1;;;;;1;1;;;
05/05/2018;07:47:00;470;com vítima;18;BR-040/RJ;Sul;Queda de Moto;;;;1;;;;;;;0;2;;;
05/05/2018;13:40:00;502;sem vítima;77;BR-040/RJ;Norte;Choque - Objeto Fixo;1;;;;;;;;;;1;;;;
05/05/2018;17:19:00;531;com vítima;98;BR-040/RJ;Norte;Colisão Lateral;1;;;1;;;;;;;1;1;;;
05/05/2018;17:23:00;532;com vítima;108;BR-040/RJ;Norte;Colisão Traseira;1;;;;1;;;;;;0;1;;;1