data;horario;n_da_ocorrencia;tipo_de_ocorrencia;km;trecho;sentido;tipo_de_acidente;automovel;bicicleta;caminhao;moto;onibus;outros;tracao_animal;transporte_de_cargas_especiais;trator_maquinas;utilitarios;ilesos;levemente_feridos;moderadamente_feridos;gravemente_feridos;mortos
05/05/2018;19:42:00;547;com vítima;123;BR-040/RJ;Sul;Colisão Traseira;2;;;;;;;;;;1;1;;;
06/05/2018;01:18:00;568;com vítima;101;BR-040/RJ;Sul;Queda de Moto;;;;1;;;;;;;0;;1;;
06/05/2018;01:43:00;571;com vítima;58;BR-040/RJ;Norte;Capotamento;1;;;;;;;;;;0;;;;1
06/05/2018;06:23:00;580;com vítima;85;BR-040/RJ;Sul;Choque - Objeto Fixo;1;;;;;;;;;;0;2;;;
06/05/2018;06:49:00;581;sem vítima;104;BR-040/RJ;Sul;Choque - Objeto Fixo;1;;;;;;;;;;1;;;;
06/05/2018;10:18:00;607;com vítima;65;BR-040/RJ;Norte;Choque - Objeto Fixo;1;;;;;;;;;;0;4;;;
06/05/2018;14:40:00;625;sem vítima;123;BR-040/RJ;Sul;Colisão Traseira;2;;;;;;;;;;2;;;;
06/05/2018;14:52:00;627;sem vítima;84;BR-040/RJ;Sul;Choque - Objeto Fixo;1;;;;;;;;;;1;;;;
06/05/2018;14:54:00;628;sem vítima;83;BR-040/RJ;Norte;Choque - Objeto Fixo;1;;;;;;;;;;1;;;;
06/05/2018;14:55:00;629;com vítima;92;BR-040/RJ;Sul;Choque - Objeto Fixo;1;;;;;;;;;;0;2;;;
06/05/2018;15:14:00;631;com vítima;92;BR-040/RJ;Sul;Capotamento;1;;;;;;;;;;0;2;;;
07/05/2018;03:30:00;682;com vítima;31;BR-040/RJ;Sul;Queda de Moto;;;;1;;;;;;;0;1;;;
07/05/2018;06:00:00;689;com vítima;101;BR-040/RJ;Norte;Colisão Frontal;1;;;1;;;;;;;1;;1;;
07/05/2018;09:57:00;717;com vítima;121;BR-040/RJ;Sul;Colisão Lateral;1;;;1;;;;;;;1;1;;;
07/05/2018;15:05:00;750;sem vítima;84;BR-040/RJ;Sul;Choque - Objeto Fixo;1;;;;;;;;;;1;;;;
07/05/2018;15:14:00;751;sem vítima;85;BR-040/RJ;Norte;Choque - Objeto Fixo;1;;;;;;;;;;1;;;;
07/05/2018;15:39:00;754;com vítima;91;BR-040/RJ;Norte;Queda de Moto;;;;1;;;;;;;0;2;;;
07/05/2018;15:51:00;755;com vítima;77;BR-040/RJ;Sul;Choque - Objeto Fixo;1;;;;;;;;;;0;1;;;
07/05/2018;16:14:00;759;com vítima;78;BR-040/RJ;Sul;Capotamento;1;;;;;;;;;;0;1;;;
07/05/2018;19:53:00;773;com vítima;50;BR-040/RJ;Norte;Atropelamento - Animal;;;;1;;;;;;;0;;1;;
07/05/2018;19:57:00;774;sem vítima;1;BR-040/RJ;Sul;Atropelamento - Animal;;;1;;;;;;;;1;;;;
07/05/2018;20:09:00;775;sem vítima;92;BR-040/RJ;Sul;Choque - Objeto Fixo;1;;;;;;;;;;1;;;;
07/05/2018;20:22:00;777;sem vítima;93;BR-040/RJ;Sul;Choque - Objeto Fixo;1;;;;;;;;;;1;;;;
08/05/2018;01:35:00;794;com vítima;775;BR-040/MG;Norte;Capotamento;1;;;;;;;;;;0;1;;;
08/05/2018;06:12:00;804;sem vítima;92;BR-040/RJ;Sul;Derrapagem;1;;;;;;;;;;1;;;;
08/05/2018;06:55:00;806;sem vítima;74;BR-040/RJ;Sul;Derrapagem;1;;;;;;;;;;1;;;;
08/05/2018;07:06:00;809;com vítima;84;BR-040/RJ;Sul;Derrapagem;1;;;;;;;;;;0;1;;;
08/05/2018;07:26:00;814;com vítima;77;BR-040/RJ;Sul;Derrapagem;1;;;;;;;;;;0;4;;;
08/05/2018;07:35:00;816;sem vítima;84;BR-040/RJ;Norte;Choque - Objeto Fixo;1;;;;;;;;;;1;;;;
08/05/2018;08:25:00;820;sem vítima;119;BR-040/RJ;Norte;Choque - Objeto Fixo;1;;;;;;;;;;1;;;;
08/05/2018;08:00:00;821;sem vítima;72;BR-040/RJ;Norte;Derrapagem;1;;;;;;;;;;1;;;;
08/05/2018;08:39:00;826;sem vítima;93;BR-040/RJ;Sul;Choque - Objeto Fixo;1;;;;;;;;;;1;;;;
08/05/2018;09:13:00;830;sem vítima;84;BR-040/RJ;Norte;Choque - Objeto Fixo;1;;;;;;;;;;1;;;;
08/05/2018;09:56:00;832;sem vítima;75;BR-040/RJ;Sul;Derrapagem;1;;;;;;;;;;1;;;;
08/05/2018;10:29:00;835;sem vítima;92;BR-040/RJ;Norte;Capotamento;1;;;;;;;;;;1;;;;
08/05/2018;10:36:00;837;sem vítima;122;BR-040/RJ;Sul;Colisão Lateral;1;;1;;;;;;;;2;;;;
08/05/2018;10:15:00;838;sem vítima;84;BR-040/RJ;Norte;Choque - Objeto Fixo;1;;;;;;;;;;1;;;;
08/05/2018;11:47:00;847;sem vítima;84;BR-040/RJ;Norte;Choque - Objeto Fixo;1;;;;;;;;;;1;;;;
08/05/2018;12:26:00;849;sem vítima;70;BR-040/RJ;Norte;Choque - Objeto Fixo;1;;;;;;;;;;1;;;;
08/05/2018;14:17:00;856;sem vítima;77;BR-040/RJ;Sul;Choque - Objeto Fixo;1;;;;;;;;;;1;;;;
08/05/2018;14:29:00;857;sem vítima;41;BR-040/RJ;Norte;Choque - Objeto Fixo;1;;;;;;;;;;1;;;;
08/05/2018;14:40:00;858;sem vítima;101;BR-040/RJ;Sul;Choque - Objeto Fixo;1;;;;;;;;;;1;;;;
08/05/2018;14:48:00;861;com vítima;77;BR-040/RJ;Sul;Capotamento;1;;;;;;;;;;0;1;;;
08/05/2018;15:14:00;871;com vítima;7;BR-040/RJ;Norte;Choque - Objeto Fixo;1;;;;;;;;;;0;4;;;
08/05/2018;15:15:00;872;sem vítima;92;BR-040/RJ;Sul;Colisão Lateral;2;;;;;;;;;;2;;;;
08/05/2018;15:55:00;876;sem vítima;122;BR-040/RJ;Norte;Colisão Lateral;2;;;;;;;;;;2;;;;
08/05/2018;16:16:00;877;sem vítima;108;BR-040/RJ;Norte;Colisão Traseira;1;;;;;1;;;;;2;;;;
08/05/2018;16:19:00;878;com vítima;786;BR-040/MG;Norte;Choque - Objeto Fixo;1;;;;;;;;;;0;1;;;
08/05/2018;16:20:00;879;sem vítima;45;BR-040/RJ;Sul;Colisão Traseira;2;;;;;;;;;;2;;;;
08/05/2018;16:39:00;880;sem vítima;93;BR-040/RJ;Sul;Choque - Objeto Fixo;1;;;;;;;;;;1;;;;
08/05/2018;17:21:00;884;sem vítima;85;BR-040/RJ;Norte;Choque - Objeto Fixo;1;;;;;;;;;;1;;;;
08/05/2018;18:27:00;890;sem vítima;85;BR-040/RJ;Sul;Choque - Objeto Fixo;1;;;;;;;;;;1;;;;
08/05/2018;18:44:00;894;com vítima;56;BR-040/RJ;Sul;Choque - Objeto Fixo;1;;;;;;;;;;0;;1;;
08/05/2018;19:04:00;900;sem vítima;85;BR-040/RJ;Norte;Colisão Lateral;1;;1;;;;;;;;2;;;;
09/05/2018;05:19:00;923;com vítima;93;BR-040/RJ;Sul;Derrapagem;1;;;;;;;;;;0;1;;;
09/05/2018;05:37:00;925;com vítima;123;BR-040/RJ;Norte;Capotamento;1;;;;;;;;;;0;1;;;
09/05/2018;05:55:00;929;com vítima;84;BR-040/RJ;Norte;Choque - Objeto Fixo;1;;;;;;;;;;0;1;;;
09/05/2018;07:36:00;940;sem vítima;92;BR-040/RJ;Sul;Choque - Objeto Fixo;1;;;;;;;;;;1;;;;
09/05/2018;07:43:00;941;com vítima;90;BR-040/RJ;Sul;Capotamento;1;;;;;;;;;;0;3;;;
09/05/2018;08:53:00;950;com vítima;84;BR-040/RJ;Norte;Capotamento;1;;;;;;;;;;0;2;;;
09/05/2018;10:32:00;963;com vítima;15;BR-040/RJ;Sul;Colisão Traseira;1;;;1;1;;;;;;0;5;;;
09/05/2018;11:24:00;966;com vítima;790;BR-040/MG;Sul;Choque - Objeto Fixo;1;;;;;;;;;;0;3;;;
09/05/2018;14:02:00;982;sem vítima;112;BR-040/RJ;Norte;Colisão Lateral;;;1;;1;;;;;;2;;;;
09/05/2018;16:09:00;995;sem vítima;91;BR-040/RJ;Sul;Colisão Lateral;2;;;;;;;;;;2;;;;
09/05/2018;16:53:00;1002;com vítima;91;BR-040/RJ;Sul;Capotamento;1;;;;;;;;;;0;1;;;
09/05/2018;16:40:00;1003;sem vítima;92;BR-040/RJ;Sul;Choque - Objeto Fixo;1;;;;;;;;;;1;;;;
10/05/2018;02:30:00;1043;com vítima;34;BR-040/RJ;Norte;Tombamento;;;1;;;;;;;;0;1;;;
10/05/2018;03:05:00;1044;com vítima;83;BR-040/RJ;Sul;Colisão Traseira;;;2;;;;;;;;1;1;;;
10/05/2018;08:20:00;1070;com vítima;101;BR-040/RJ;Sul;Atropelamento - Pedestre;;;;;1;;;;;;1;;1;;
10/05/2018;22:54:00;1150;com vítima;96;BR-040/RJ;Sul;Choque - Objeto Fixo;1;;;;;;;;;;0;4;;;
11/05/2018;07:57:00;1181;com vítima;117;BR-040/RJ;Norte;Colisão Lateral;1;;1;;;;;;;;1;3;;;
11/05/2018;07:57:00;1187;com vítima;117;BR-040/RJ;Norte;Queda de Moto;;;;1;;;;;;;0;1;;;
11/05/2018;16:15:00;1231;sem vítima;86;BR-040/RJ;Norte;Colisão Traseira;2;;;;;;;;;;2;;;;
11/05/2018;17:55:00;1247;sem vítima;111;BR-040/RJ;Norte;Colisão Traseira;2;;;;;;;;;;2;;;;
11/05/2018;18:48:00;1254;sem vítima;114;BR-040/RJ;Norte;Engavetamento;3;;;;;;;;;;3;;;;
11/05/2018;20:19:00;1262;com vítima;104;BR-040/RJ;Norte;Colisão Traseira;1;;;1;;;;;;;1;1;;;
12/05/2018;03:46:00;1308;sem vítima;118;BR-040/RJ;Sul;Choque - Objeto Fixo;1;;;;;;;;;;1;;;;
12/05/2018;04:36:00;1311;com vítima;17;BR-040/RJ;Norte;Atropelamento - Pedestre;;;;;;1;;;;;1;;1;;
12/05/2018;05:18:00;1315;com vítima;94;BR-040/RJ;Sul;Capotamento;1;;;;;;;;;;0;1;;;
12/05/2018;05:15:00;1316;sem vítima;74;BR-040/RJ;Norte;Choque - Objeto Fixo;1;;;;;;;;;;1;;;;
12/05/2018;08:47:00;1330;com vítima;92;BR-040/RJ;Norte;Queda de Moto;;;;1;;;;;;;0;1;;;
12/05/2018;12:41:00;1346;com vítima;90;BR-040/RJ;Sul;Capotamento;1;;;;;;;;;;0;;1;;
12/05/2018;14:20:00;1354;com vítima;25;BR-040/RJ;Sul;Choque - Objeto Fixo;1;;;;;;;;;;0;1;;;
12/05/2018;16:06:00;1363;com vítima;102;BR-040/RJ;Norte;Colisão Frontal;1;1;;;;;;;;;1;1;;;
12/05/2018;16:19:00;1365;sem vítima;16;BR-040/RJ;Norte;Atropelamento - Animal;1;;;;;;;;;;1;;;;
12/05/2018;18:58:00;1381;com vítima;116;BR-040/RJ;Norte;Queda de Moto;;;;1;;;;;;;0;;2;;
12/05/2018;21:11:00;1399;com vítima;92;BR-040/RJ;Sul;Choque - Objeto Fixo;1;;;;;;;;;;0;1;;;
13/05/2018;06:56:00;1430;com vítima;77;BR-040/RJ;Sul;Capotamento;1;;;;;;;;;;0;1;;;
13/05/2018;08:07:00;1432;com vítima;104;BR-040/RJ;Sul;Colisão Lateral;2;;;;;;;;;;1;3;;;
13/05/2018;11:14:00;1452;sem vítima;84;BR-040/RJ;Norte;Choque - Objeto Fixo;1;;;;;;;;;;1;;;;
13/05/2018;14:42:00;1471;sem vítima;110;BR-040/RJ;Norte;Colisão Traseira;2;;;;;;;;;;2;;;;
13/05/2018;15:54:00;1474;com vítima;92;BR-040/RJ;Sul;Choque - Objeto Fixo;1;;;;;;;;;;0;2;;;
13/05/2018;16:35:00;1478;sem vítima;87;BR-040/RJ;Norte;Choque - Objeto Fixo;1;;;;;;;;;;1;;;;
13/05/2018;16:36:00;1479;sem vítima;93;BR-040/RJ;Norte;Capotamento;1;;;;;;;;;;1;;;;
13/05/2018;18:08:00;1488;sem vítima;93;BR-040/RJ;Norte;Choque - Objeto Fixo;1;;;;;;;;;;1;;;;
13/05/2018;18:06:00;1489;sem vítima;93;BR-040/RJ;Sul;Choque - Objeto Fixo;1;;;;;;;;;;1;;;;
13/05/2018;20:36:00;1515;com vítima;2;BR-040/RJ;Norte;Tombamento;1;;1;;;;;;;;0;4;2;;
14/05/2018;05:52:00;1543;sem vítima;46;BR-040/RJ;Norte;Colisão Traseira;1;;;1;;;;;;;2;;;;
14/05/2018;06:22:00;1545;com vítima;83;BR-040/RJ;Norte;Queda de Moto;;;;1;;;;;;;0;1;;;
14/05/2018;10:12:00;1568;sem vítima;86;BR-040/RJ;Norte;Choque - Objeto Fixo;1;;;;;;;;;;1;;;;
14/05/2018;13:46:00;1586;com vítima;91;BR-040/RJ;Sul;Choque - Objeto Fixo;1;;;;;;;;;;0;2;;;
14/05/2018;15:41:00;1600;com vítima;113;BR-040/RJ;Norte;Colisão Traseira;;;1;1;;;;;;;1;;2;;
14/05/2018;18:02:00;1609;com vítima;60;BR-040/RJ;Sul;Choque - Objeto Fixo;1;;;;;;;;;;0;1;;;
15/05/2018;06:45:00;1650;sem vítima;122;BR-040/RJ;Sul;Colisão Traseira;;;1;;1;;;;;;2;;;;
15/05/2018;10:34:00;1671;com vítima;119;BR-040/RJ;Sul;Colisão Lateral;1;;;1;;;;;;;1;1;;;
15/05/2018;18:40:00;1725;sem vítima;111;BR-040/RJ;Norte;Colisão Traseira;1;;;;;1;;;;;2;;;;
15/05/2018;18:47:00;1726;com vítima;111;BR-040/RJ;Norte;Colisão Traseira;2;;;;;;;;;;1;1;;;
16/05/2018;07:23:00;1771;com vítima;122;BR-040/RJ;Sul;Colisão Lateral;1;;;1;;;;;;;0;4;;;
16/05/2018;13:14:00;1802;sem vítima;110;BR-040/RJ;Sul;Capotamento;1;;;;;;;;;;1;;;;
16/05/2018;22:02:00;1851;com vítima;90;BR-040/RJ;Norte;Derrapagem;1;;;;;;;;;;0;2;;;
17/05/2018;00:47:00;1858;com vítima;43;BR-040/RJ;Sul;Queda de Moto;;;;1;;;;;;;0;;;;1
17/05/2018;15:07:00;1929;sem vítima;118;BR-040/RJ;Norte;Choque - Objeto Fixo;2;;;;;;;;;;2;;;;
17/05/2018;15:40:00;1933;com vítima;74;BR-040/RJ;Norte;Queda de Moto;;;;1;;;;;;;0;1;;;
17/05/2018;15:46:00;1937;sem vítima;92;BR-040/RJ;Sul;Choque - Objeto Fixo;1;;;;;;;;;;1;;;;
17/05/2018;16:18:00;1939;sem vítima;55;BR-040/RJ;Norte;Choque - Objeto Fixo;1;;;;;;;;;;1;;;;
18/05/2018;16:42:00;2047;sem vítima;111;BR-040/RJ;Norte;Colisão Lateral;1;;1;;;;;;;;2;;;;
18/05/2018;17:59:00;2060;sem vítima;113;BR-040/RJ;Norte;Engavetamento;7;;;;;;;;;;7;;;;
18/05/2018;21:48:00;2087;com vítima;51;BR-040/RJ;Norte;Atropelamento - Pedestre;;;;;;1;;;;;1;1;;;
18/05/2018;23:16:00;2091;sem vítima;122;BR-040/RJ;Sul;Choque - Objeto Fixo;1;;;;;;;;;;1;;;;
19/05/2018;06:44:00;2110;sem vítima;33;BR-040/RJ;Norte;Choque - Objeto Fixo;1;;;;;;;;;;1;;;;
19/05/2018;08:33:00;2124;sem vítima;113;BR-040/RJ;Norte;Choque - Objeto Fixo;1;;;;;;;;;;1;;;;
19/05/2018;10:01:00;2135;sem vítima;120;BR-040/RJ;Sul;Colisão Traseira;2;;;;;;;;;;2;;;;
19/05/2018;13:08:00;2153;sem vítima;86;BR-040/RJ;Norte;Engavetamento;2;;;;;2;;;;;4;;;;
19/05/2018;16:21:00;2175;com vítima;124;BR-040/RJ;Sul;Colisão Traseira;1;;;1;;;;;;;1;;1;;
19/05/2018;16:23:00;2177;sem vítima;803;BR-040/MG;Sul;Choque - Objeto Fixo;1;;;;;;;;;;1;;;;
19/05/2018;16:41:00;2181;sem vítima;116;BR-040/RJ;Sul;Engavetamento;2;;;;2;;;;;;4;;;;
19/05/2018;17:00:00;2187;sem vítima;51;BR-040/RJ;Sul;Choque - Objeto Fixo;;;1;;;;;;;;1;;;;
19/05/2018;17:05:00;2188;sem vítima;92;BR-040/RJ;Sul;Choque - Objeto Fixo;1;;;;;;;;;;1;;;;
19/05/2018;16:23:00;2190;sem vítima;803;BR-040/MG;Sul;Choque - Objeto Fixo;1;;;;;;;;;;1;;;;
19/05/2018;16:47:00;2191;sem vítima;116;BR-040/RJ;Sul;Choque - Objeto Fixo;;;1;;;;;;;;1;;;;
19/05/2018;17:39:00;2194;sem vítima;113;BR-040/RJ;Norte;Engavetamento;2;;;;;1;;;;;3;;;;
19/05/2018;18:48:00;2204;sem vítima;92;BR-040/RJ;Sul;Choque - Objeto Fixo;1;;;;;;;;;;1;;;;
19/05/2018;18:55:00;2206;com vítima;68;BR-040/RJ;Norte;Colisão Frontal;2;;;;;;;;;;0;2;1;;
19/05/2018;19:17:00;2210;sem vítima;75;BR-040/RJ;Norte;Choque - Objeto Fixo;1;;;;;;;;;;1;;;;
19/05/2018;19:46:00;2214;sem vítima;111;BR-040/RJ;Sul;Colisão Traseira;1;;;;;1;;;;;2;;;;
19/05/2018;22:24:00;2230;sem vítima;1;BR-040/RJ;Sul;Atropelamento - Animal;1;;;;;;;;;;1;;;;
20/05/2018;04:34:00;2250;com vítima;790;BR-040/MG;Norte;Colisão Traseira;1;;1;;;;;;;;0;2;;;
20/05/2018;07:30:00;2262;sem vítima;78;BR-040/RJ;Sul;Choque - Objeto Fixo;1;;;;;;;;;;1;;;;
20/05/2018;08:05:00;2264;sem vítima;84;BR-040/RJ;Norte;Choque - Objeto Fixo;1;;;;;;;;;;1;;;;
20/05/2018;08:12:00;2265;sem vítima;113;BR-040/RJ;Sul;Choque - Objeto Fixo;1;;;;;;;;;;1;;;;
20/05/2018;08:19:00;2269;sem vítima;43;BR-040/RJ;Norte;Choque - Objeto Fixo;1;;;;;;;;;;1;;;;
20/05/2018;09:51:00;2275;sem vítima;812;BR-040/MG;Norte;Choque - Objeto Fixo;1;;;;;;;;;;1;;;;
20/05/2018;09:56:00;2277;sem vítima;82;BR-040/RJ;Norte;Capotamento;1;;;;;;;;;;1;;;;
20/05/2018;13:01:00;2289;com vítima;820;BR-040/MG;Norte;Choque - Objeto Fixo;1;;;;;;;;;;0;1;;;
20/05/2018;18:41:00;2320;com vítima;108;BR-040/RJ;Norte;Colisão Frontal;2;;;;;;;;;;0;2;;;
20/05/2018;19:10:00;2325;sem vítima;122;BR-040/RJ;Norte;Colisão Traseira;2;;;;;;;;;;2;;;;
20/05/2018;21:48:00;2329;com vítima;796;BR-040/MG;Sul;Choque - Objeto Fixo;1;;;;;;;;;;0;1;;;
21/05/2018;03:41:00;2353;com vítima;101;BR-040/RJ;Sul;Colisão Frontal;2;;;;;;;;;;0;5;;1;
21/05/2018;05:14:00;2354;sem vítima;91;BR-040/RJ;Sul;Colisão Traseira;;;2;;;;;;;;2;;;;
21/05/2018;06:43:00;2361;sem vítima;807;BR-040/MG;Sul;Engavetamento;3;;;;;;;;;;3;;;;
21/05/2018;10:08:00;2388;sem vítima;0;BR-040/RJ;Norte;Choque - Objeto Fixo;1;;;;;;;;;;1;;;;
21/05/2018;11:02:00;2392;sem vítima;91;BR-040/RJ;Norte;Colisão Lateral;1;;1;;;;;;;;2;;;;
21/05/2018;11:53:00;2394;sem vítima;120;BR-040/RJ;Norte;Choque - Objeto Fixo;1;;;;;;;;;;1;;;;
22/05/2018;03:34:00;2456;sem vítima;95;BR-040/RJ;Sul;Derrapagem;1;;;;;;;;;;1;;;;
22/05/2018;11:53:00;2496;sem vítima;116;BR-040/RJ;Sul;Colisão Traseira;2;;;;;;;;;;2;;;;
22/05/2018;12:55:00;2503;com vítima;773;BR-040/MG;Norte;Atropelamento - Pedestre;;;1;;;;;;;;1;;1;;
23/05/2018;05:24:00;2555;sem vítima;102;BR-040/RJ;Sul;Derrapagem;1;;;;;;;;;;1;;;;
23/05/2018;08:33:00;2565;com vítima;121;BR-040/RJ;Sul;Colisão Traseira;1;;;1;;;;;;;0;4;1;;
23/05/2018;12:49:00;2587;com vítima;121;BR-040/RJ;Sul;Colisão Traseira;1;;;1;;;;;;;0;5;1;;
23/05/2018;13:19:00;2589;com vítima;111;BR-040/RJ;Norte;Queda de Moto;;;;1;;;;;;;0;2;;;
23/05/2018;16:47:00;2613;com vítima;91;BR-040/RJ;Sul;Capotamento;1;;;;;;;;;;0;1;;;
23/05/2018;16:56:00;2614;com vítima;90;BR-040/RJ;Norte;Capotamento;1;;;;;;;;;;1;;1;;
23/05/2018;16:50:00;2617;com vítima;92;BR-040/RJ;Sul;Colisão Traseira;2;;;;;;;;;;1;2;;;
23/05/2018;17:20:00;2619;sem vítima;84;BR-040/RJ;Norte;Choque - Objeto Fixo;1;;;;;;;;;;1;;;;
23/05/2018;18:40:00;2621;sem vítima;80;BR-040/RJ;Sul;Choque - Objeto Fixo;1;;;;;;;;;;1;;;;
23/05/2018;22:23:00;2634;sem vítima;38;BR-040/RJ;Sul;Atropelamento - Animal;1;;;;;;;;;;1;;;;
24/05/2018;13:32:00;2675;com vítima;108;BR-040/RJ;Norte;Queda de Moto;;;;1;;;;;;;0;1;;;
24/05/2018;13:42:00;2677;com vítima;108;BR-040/RJ;Norte;Queda de Moto;;;;1;;;;;;;0;2;;;
24/05/2018;16:19:00;2693;com vítima;61;BR-040/RJ;Sul;Colisão Frontal;1;;;1;;;;;;;1;2;;;
25/05/2018;07:31:00;2730;com vítima;124;BR-040/RJ;Sul;Queda de Moto;;;;1;;;;;;;0;;1;;
25/05/2018;09:06:00;2737;com vítima;786;BR-040/MG;Sul;Capotamento;1;;;;;;;;;;0;1;;;
25/05/2018;09:20:00;2740;sem vítima;113;BR-040/RJ;Sul;Colisão Traseira;2;;;;;;;;;;2;;;;
25/05/2018;12:09:00;2753;sem vítima;114;BR-040/RJ;Norte;Colisão Traseira;2;;;;;;;;;;2;;;;
25/05/2018;18:50:00;2777;com vítima;86;BR-040/RJ;Sul;Capotamento;1;;;;;;;;;;0;1;;;
25/05/2018;19:00:00;2779;sem vítima;83;BR-040/RJ;Sul;Choque - Objeto Fixo;1;;;;;;;;;;1;;;;
25/05/2018;22:08:00;2788;com vítima;18;BR-040/RJ;Sul;Queda de Moto;;;;1;;;;;;;0;1;;;
26/05/2018;08:16:00;2802;com vítima;43;BR-040/RJ;Norte;Choque - Objeto Fixo;1;;;;;;;;;;0;4;;;
28/05/2018;05:04:00;2927;sem vítima;97;BR-040/RJ;Norte;Choque - Objeto Fixo;1;;;;;;;;;;1;;;;
28/05/2018;05:10:00;2928;sem vítima;118;BR-040/RJ;Norte;Choque - Objeto Fixo;1;;;;;;;;;;1;;;;
28/05/2018;09:53:00;2937;com vítima;117;BR-040/RJ;Sul;Engavetamento;2;;;1;;;;;;;2;;1;;
29/05/2018;14:45:00;3019;sem vítima;109;BR-040/RJ;Sul;Choque - Objeto Fixo;1;;;;;;;;;;1;;;;
30/05/2018;13:01:00;3091;sem vítima;113;BR-040/RJ;Norte;Colisão Traseira;;;;;2;1;;;;;3;;;;
30/05/2018;16:55:00;3115;sem vítima;47;BR-040/RJ;Norte;Colisão Lateral;1;1;;;;;;;;;2;;;;
30/05/2018;17:00:00;3121;sem vítima;123;BR-040/RJ;Sul;Engavetamento;1;;2;;;;;;;;3;;;;
31/05/2018;08:02:00;3166;com vítima;106;BR-040/RJ;Norte;Colisão Lateral;;;1;1;;;;;;;1;1;;;
01/06/2018;06:29:00;10;com vítima;121;BR-040/RJ;Norte;Capotamento;1;;;;;;;;;;0;1;;;
01/06/2018;08:45:00;22;com vítima;791;BR-040/MG;Sul;Colisão Lateral;2;;;;;;;;;;0;2;;;
01/06/2018;11:24:00;36;com vítima;99;BR-040/RJ;Sul;Capotamento;1;;;;;;;;;;0;;1;;
01/06/2018;12:24:00;42;sem vítima;89;BR-040/RJ;Sul;Choque - Objeto Fixo;1;;;;;;;;;;1;;;;
01/06/2018;15:05:00;60;sem vítima;97;BR-040/RJ;Sul;Choque - Objeto Fixo;1;;;;;;;;;;1;;;;
01/06/2018;20:48:00;95;com vítima;108;BR-040/RJ;Norte;Queda de Moto;;;;1;;;;;;;0;1;;;
01/06/2018;21:14:00;99;sem vítima;101;BR-040/RJ;Sul;Choque - Objeto Fixo;1;;;;;;;;;;1;;;;
02/06/2018;01:45:00;117;sem vítima;828;BR-040/MG;Sul;Atropelamento - Animal;;;;;1;;;;;;1;;;;
02/06/2018;15:33:00;179;com vítima;73;BR-040/RJ;Sul;Colisão Transversal;1;;;1;;;;;;;1;1;;;
02/06/2018;18:29:00;200;sem vítima;118;BR-040/RJ;Sul;Tombamento;;;1;;;;;;;;3;;;;
02/06/2018;22:59:00;222;com vítima;81;BR-040/RJ;Sul;Choque - Objeto Fixo;1;;;;;;;;;;0;5;;;
03/06/2018;02:01:00;233;sem vítima;42;BR-040/RJ;Norte;Atropelamento - Animal;1;;;;;;;;;;1;;;;
03/06/2018;04:37:00;240;com vítima;108;BR-040/RJ;Sul;Colisão Lateral;1;;1;;;;;;;;1;2;;;
03/06/2018;07:02:00;247;sem vítima;86;BR-040/RJ;Norte;Choque - Objeto Fixo;1;;;;;;;;;;1;;;;
03/06/2018;13:17:00;263;sem vítima;84;BR-040/RJ;Norte;Choque - Objeto Fixo;1;;;;;;;;;;1;;;;
03/06/2018;13:40:00;268;sem vítima;84;BR-040/RJ;Sul;Queda de Moto;;;;1;;;;;;;1;;;;
03/06/2018;14:32:00;273;sem vítima;98;BR-040/RJ;Norte;Queda de Moto;;;;1;;;;;;;1;;;;
03/06/2018;17:53:00;295;sem vítima;107;BR-040/RJ;Sul;Colisão Traseira;2;;;;;;;;;;2;;;;
03/06/2018;19:08:00;305;sem vítima;94;BR-040/RJ;Sul;Choque - Objeto Fixo;1;;;;;;;;;;1;;;;
03/06/2018;19:18:00;308;sem vítima;84;BR-040/RJ;Sul;Capotamento;1;;;;;;;;;;1;;;;
03/06/2018;20:21:00;318;com vítima;93;BR-040/RJ;Norte;Capotamento;1;;;;;;;;;;0;2;;;
03/06/2018;20:41:00;320;com vítima;87;BR-040/RJ;Norte;Choque - Objeto Fixo;1;;;;;;;;;;0;1;;;
03/06/2018;23:05:00;332;com vítima;775;BR-040/MG;Sul;Choque - Objeto Fixo;1;;;;;;;;;;0;;1;;
04/06/2018;00:06:00;335;com vítima;108;BR-040/RJ;Norte;Choque - Objeto Fixo;1;;;;;;;;;;0;;1;;
04/06/2018;01:03:00;338;sem vítima;108;BR-040/RJ;Norte;Choque - Objeto Fixo;1;;;;;;;;;;1;;;;
04/06/2018;01:32:00;340;sem vítima;93;BR-040/RJ;Norte;Choque - Objeto Fixo;1;;;;;;;;;;1;;;;
04/06/2018;06:58:00;355;sem vítima;96;BR-040/RJ;Sul;Choque - Objeto Fixo;1;;;;;;;;;;1;;;;
04/06/2018;07:14:00;357;sem vítima;78;BR-040/RJ;Sul;Choque - Objeto Fixo;1;;;;;;;;;;1;;;;
04/06/2018;07:35:00;360;sem vítima;90;BR-040/RJ;Sul;Choque - Objeto Fixo;1;;;;;;;;;;1;;;;
04/06/2018;07:58:00;361;sem vítima;92;BR-040/RJ;Sul;Choque - Objeto Fixo;1;;;;;;;;;;1;;;;
04/06/2018;08:10:00;366;com vítima;119;BR-040/RJ;Sul;Colisão Lateral;1;;;1;;;;;;;1;1;;;