data;horario;n_da_ocorrencia;tipo_de_ocorrencia;km;trecho;sentido;tipo_de_acidente;automovel;bicicleta;caminhao;moto;onibus;outros;tracao_animal;transporte_de_cargas_especiais;trator_maquinas;utilitarios;ilesos;levemente_feridos;moderadamente_feridos;gravemente_feridos;mortos
28/06/2018;06:47:00;3175;sem vítima;121;BR-040/RJ;Sul;Colisão Traseira;2;;;;;;;;;;2;;;;
28/06/2018;07:25:00;3180;com vítima;85;BR-040/RJ;Sul;Capotamento;1;;;;;;;;;;0;1;;;
28/06/2018;08:39:00;3190;sem vítima;39;BR-040/RJ;Norte;Colisão Lateral;1;;1;;;;;;;;2;;;;
28/06/2018;16:52:00;3237;com vítima;101;BR-040/RJ;Norte;Queda de Moto;;;;1;;;;;;;0;2;;;
28/06/2018;17:59:00;3246;com vítima;51;BR-040/RJ;Sul;Tombamento;;;1;;;;;;;;0;1;;;
28/06/2018;19:09:00;3257;sem vítima;108;BR-040/RJ;Norte;Colisão Traseira;1;;1;;;;;;;;2;;;;
28/06/2018;19:21:00;3258;com vítima;83;BR-040/RJ;Sul;Tombamento;;;1;;;;;;;;0;2;;;
29/06/2018;06:58:00;3288;com vítima;113;BR-040/RJ;Sul;Queda de Moto;;;;1;;;;;;;0;1;;;
29/06/2018;08:05:00;3293;com vítima;118;BR-040/RJ;Sul;Colisão Lateral;2;;;;;;;;;;1;1;;;
29/06/2018;08:38:00;3298;com vítima;118;BR-040/RJ;Sul;Engavetamento;2;;;1;;;;;;;2;2;;;
29/06/2018;12:35:00;3318;com vítima;114;BR-040/RJ;Sul;Colisão Traseira;2;;;;;;;;;;0;3;;;
29/06/2018;16:13:00;3344;com vítima;121;BR-040/RJ;Norte;Atropelamento - Pedestre;;;1;;;;;;;;1;;;1;
29/06/2018;19:58:00;3365;sem vítima;116;BR-040/RJ;Norte;Colisão Traseira;2;;;;;;;;;;2;;;;
30/06/2018;00:12:00;3392;sem vítima;802;BR-040/MG;Sul;Choque - Objeto Fixo;1;;;;;;;;;;1;;;;
30/06/2018;02:24:00;3399;com vítima;55;BR-040/RJ;Norte;Queda de Moto;;;;1;;;;;;;0;1;;;
30/06/2018;04:49:00;3405;com vítima;118;BR-040/RJ;Sul;Choque - Objeto Fixo;1;;;;;;;;;;0;2;;;
30/06/2018;07:50:00;3415;sem vítima;776;BR-040/MG;Norte;Choque - Objeto Fixo;1;;;;;;;;;;1;;;;
30/06/2018;08:50:00;3426;com vítima;113;BR-040/RJ;Norte;Capotamento;1;;;;;;;;;;0;1;;;
30/06/2018;10:11:00;3441;sem vítima;98;BR-040/RJ;Norte;Queda de Moto;;;;1;;;;;;;1;;;;
30/06/2018;14:13:00;3474;com vítima;799;BR-040/MG;Sul;Colisão Lateral;2;;;;;;;;;;1;1;;;
30/06/2018;14:29:00;3475;sem vítima;7;BR-040/RJ;Sul;Choque - Objeto Fixo;1;;;;;;;;;;1;;;;
30/06/2018;17:53:00;3507;com vítima;7;BR-040/RJ;Norte;Colisão Frontal;;1;;1;;;;;;;0;1;1;;
30/06/2018;19:15:00;3516;sem vítima;55;BR-040/RJ;Norte;Colisão Traseira;2;;;;;;;;;;2;;;;
30/06/2018;21:26:00;3523;com vítima;779;BR-040/MG;Sul;Atropelamento - Animal;;;1;;;;;;;;0;1;;;
30/06/2018;21:28:00;3524;sem vítima;39;BR-040/RJ;Norte;Choque - Objeto Fixo;2;;;;;;;;;;2;;;;
01/07/2018;11:16:00;41;sem vítima;102;BR-040/RJ;Norte;Colisão Traseira;2;;;;;;;;;;2;;;;
01/07/2018;19:01:00;92;sem vítima;116;BR-040/RJ;Sul;Colisão Traseira;2;;;;;;;;;;2;;;;
01/07/2018;19:37:00;95;com vítima;50;BR-040/RJ;Sul;Capotamento;1;;;;;;;;;;0;1;;;
02/07/2018;08:51:00;139;com vítima;115;BR-040/RJ;Norte;Capotamento;1;;;;;;;;;;0;1;;;
02/07/2018;17:51:00;188;com vítima;106;BR-040/RJ;Norte;Colisão Traseira;1;;;1;;;;;;;0;2;;;
02/07/2018;18:08:00;190;com vítima;96;BR-040/RJ;Sul;Tombamento;;;1;;;;;;;;0;;;;1
02/07/2018;23:31:00;218;com vítima;106;BR-040/RJ;Norte;Queda de Moto;;;;1;;;;;;;0;1;1;;
03/07/2018;08:08:00;243;com vítima;779;BR-040/MG;Norte;Queda de Moto;;;;1;;;;;;;0;1;;;
03/07/2018;16:52:00;300;sem vítima;124;BR-040/RJ;Sul;Colisão Lateral;2;;;;;;;;;;2;;;;
03/07/2018;18:11:00;311;com vítima;98;BR-040/RJ;Sul;Colisão Traseira;1;;;;1;;;;;;1;1;1;;
04/07/2018;07:39:00;362;sem vítima;90;BR-040/RJ;Sul;Queda de Moto;;;;1;;;;;;;1;;;;
04/07/2018;07:52:00;367;com vítima;92;BR-040/RJ;Sul;Capotamento;1;;;;;;;;;;0;1;;;
04/07/2018;13:40:00;395;sem vítima;92;BR-040/RJ;Sul;Choque - Objeto Fixo;1;;;;;;;;;;1;;;;
04/07/2018;16:40:00;414;com vítima;87;BR-040/RJ;Norte;Queda de Moto;;;;1;;;;;;;0;1;;;
04/07/2018;19:11:00;434;sem vítima;113;BR-040/RJ;Sul;Capotamento;1;;;;;;;;;;1;;;;
04/07/2018;20:21:00;440;com vítima;121;BR-040/RJ;Sul;Colisão Traseira;1;;;;1;;;;;;1;1;;;
05/07/2018;04:50:00;450;com vítima;822;BR-040/MG;Norte;Choque - Objeto Fixo;;;1;;;;;;;;0;1;;;
05/07/2018;04:28:00;451;com vítima;113;BR-040/RJ;Norte;Choque - Objeto Fixo;1;;;;;;;;;;0;1;;;
05/07/2018;05:50:00;455;sem vítima;98;BR-040/RJ;Sul;Derrapagem;;;1;;;;;;;;1;;;;
05/07/2018;09:24:00;470;com vítima;123;BR-040/RJ;Sul;Engavetamento;;;1;1;1;;;;;;2;;1;;
05/07/2018;15:44:00;513;sem vítima;119;BR-040/RJ;Norte;Colisão Traseira;2;;;;;;;;;;2;;;;
05/07/2018;15:37:00;515;sem vítima;119;BR-040/RJ;Norte;Colisão Traseira;2;;;;;;;;;;2;;;;
05/07/2018;16:51:00;520;sem vítima;120;BR-040/RJ;Norte;Queda de Moto;;;;1;;;;;;;1;;;;
06/07/2018;02:47:00;566;com vítima;43;BR-040/RJ;Norte;Tombamento;;;1;;;1;;;;;1;1;;;
06/07/2018;03:50:00;568;com vítima;123;BR-040/RJ;Norte;Capotamento;1;;;;;;;;;;0;1;;;
06/07/2018;09:10:00;587;sem vítima;124;BR-040/RJ;Sul;Colisão Lateral;1;;1;;;;;;;;2;;;;
06/07/2018;11:38:00;604;sem vítima;77;BR-040/RJ;Norte;Engavetamento;3;;;;;;;;;;3;;;;
06/07/2018;13:37:00;618;sem vítima;123;BR-040/RJ;Norte;Colisão Lateral;1;1;;;;;;;;;2;;;;
06/07/2018;16:20:00;629;sem vítima;106;BR-040/RJ;Norte;Atropelamento - Animal;1;;;;;;;;;;1;;;;
06/07/2018;17:49:00;637;com vítima;19;BR-040/RJ;Sul;Atropelamento - Animal;1;;;;;;;;;;0;5;;;
06/07/2018;23:35:00;658;sem vítima;114;BR-040/RJ;Norte;Choque - Objeto Fixo;1;;;;;;;;;;1;;;;
07/07/2018;07:50:00;682;sem vítima;79;BR-040/RJ;Sul;Choque - Objeto Fixo;1;;;;;;;;;;1;;;;
07/07/2018;08:43:00;686;com vítima;68;BR-040/RJ;Norte;Choque - Objeto Fixo;1;;;;;;;;;;0;1;;;
07/07/2018;23:48:00;760;com vítima;92;BR-040/RJ;Sul;Derrapagem;1;;;;;;;;;;0;5;;;
08/07/2018;03:18:00;771;com vítima;61;BR-040/RJ;Sul;Capotamento;1;;;;;;;;;;0;4;;;
08/07/2018;05:49:00;773;com vítima;98;BR-040/RJ;Sul;Queda de Moto;;;;1;;;;;;;0;;1;;
08/07/2018;08:04:00;784;sem vítima;118;BR-040/RJ;Norte;Choque - Objeto Fixo;1;;;;;;;;;;1;;;;
08/07/2018;13:02:00;811;sem vítima;114;BR-040/RJ;Sul;Colisão Lateral;2;;;;;;;;;;2;;;;
08/07/2018;13:05:00;812;com vítima;789;BR-040/MG;Sul;Colisão Transversal;2;;;;;;;;;;0;3;4;;
08/07/2018;19:21:00;840;sem vítima;109;BR-040/RJ;Sul;Engavetamento;3;;;;;;;;;;3;;;;
08/07/2018;22:26:00;856;com vítima;118;BR-040/RJ;Sul;Choque - Objeto Fixo;1;;;;;;;;;;0;3;;;
09/07/2018;05:22:00;875;sem vítima;111;BR-040/RJ;Sul;Colisão Traseira;2;;;;;;;;;;2;;;;
09/07/2018;09:22:00;905;sem vítima;111;BR-040/RJ;Sul;Colisão Traseira;1;;1;;;;;;;;2;;;;
09/07/2018;10:46:00;914;sem vítima;99;BR-040/RJ;Norte;Choque - Objeto Fixo;1;;;;;;;;;;1;;;;
09/07/2018;10:58:00;916;com vítima;73;BR-040/RJ;Norte;Capotamento;1;;;;;;;;;;0;1;1;;
09/07/2018;11:27:00;920;com vítima;57;BR-040/RJ;Sul;Engavetamento;3;;;;;;;;;;0;5;;;
09/07/2018;16:38:00;953;sem vítima;786;BR-040/MG;Sul;Choque - Objeto Fixo;1;;;;;;;;;;1;;;;
10/07/2018;04:54:00;995;sem vítima;90;BR-040/RJ;Norte;Derrapagem;1;;;;;;;;;;1;;;;
10/07/2018;05:08:00;997;sem vítima;92;BR-040/RJ;Sul;Derrapagem;1;;;;;;;;;;1;;;;
10/07/2018;05:45:00;1000;sem vítima;122;BR-040/RJ;Sul;Colisão Lateral;2;;;;;;;;;;2;;;;
10/07/2018;07:50:00;1008;sem vítima;823;BR-040/MG;Sul;Choque - Objeto Fixo;1;;;;;;;;;;1;;;;
10/07/2018;08:31:00;1012;sem vítima;92;BR-040/RJ;Sul;Derrapagem;1;;;;;;;;;;1;;;;
10/07/2018;08:40:00;1013;sem vítima;92;BR-040/RJ;Sul;Choque - Objeto Fixo;1;;;;;;;;;;1;;;;
10/07/2018;09:34:00;1020;sem vítima;77;BR-040/RJ;Sul;Choque - Objeto Fixo;1;;;;;;;;;;1;;;;
10/07/2018;10:57:00;1025;sem vítima;90;BR-040/RJ;Sul;Choque - Objeto Fixo;1;;;;;;;;;;1;;;;
10/07/2018;12:28:00;1036;sem vítima;91;BR-040/RJ;Norte;Derrapagem;1;;;;;;;;;;1;;;;
10/07/2018;12:33:00;1037;sem vítima;113;BR-040/RJ;Norte;Choque - Objeto Fixo;1;;;;;;;;;;1;;;;
10/07/2018;13:18:00;1041;com vítima;773;BR-040/MG;Sul;Colisão Traseira;1;;1;;;;;;;;1;1;;;
10/07/2018;14:20:00;1044;sem vítima;113;BR-040/RJ;Sul;Colisão Traseira;2;;;;;;;;;;2;;;;
10/07/2018;17:02:00;1060;com vítima;94;BR-040/RJ;Sul;Choque - Objeto Fixo;1;;;;;;;;;;0;3;;;
10/07/2018;18:23:00;1072;com vítima;779;BR-040/MG;Sul;Capotamento;1;;;;;;;;;;0;;2;;
10/07/2018;18:29:00;1073;com vítima;124;BR-040/RJ;Norte;Atropelamento - Pedestre;;;;1;;;;;;;1;1;;;
10/07/2018;18:37:00;1075;sem vítima;120;BR-040/RJ;Norte;Choque - Objeto Fixo;1;;;;;;;;;;1;;;;
10/07/2018;18:23:00;1079;com vítima;779;BR-040/MG;Sul;Atropelamento - Animal;1;;;;;;;;;;0;1;;;
10/07/2018;18:23:00;1080;com vítima;779;BR-040/MG;Sul;Atropelamento - Animal;1;;;;;;;;;;0;1;;;
10/07/2018;20:18:00;1087;sem vítima;94;BR-040/RJ;Sul;Choque - Objeto Fixo;1;;;;;;;;;;1;;;;
10/07/2018;20:30:00;1088;sem vítima;51;BR-040/RJ;Norte;Choque - Objeto Fixo;1;;;;;;;;;;1;;;;
10/07/2018;23:18:00;1098;sem vítima;77;BR-040/RJ;Sul;Choque - Objeto Fixo;1;;;;;;;;;;1;;;;
11/07/2018;07:12:00;1126;sem vítima;43;BR-040/RJ;Norte;Choque - Objeto Fixo;1;;;;;;;;;;1;;;;
11/07/2018;07:14:00;1127;com vítima;780;BR-040/MG;Sul;Capotamento;1;;;;;;;;;;0;2;;;
11/07/2018;07:40:00;1130;com vítima;77;BR-040/RJ;Sul;Choque - Objeto Fixo;1;;;;;;;;;;0;1;;;
11/07/2018;08:26:00;1133;sem vítima;123;BR-040/RJ;Sul;Colisão Lateral;1;;;1;;;;;;;2;;;;
11/07/2018;08:55:00;1135;com vítima;74;BR-040/RJ;Norte;Capotamento;1;;;;;;;;;;0;2;;;
11/07/2018;09:04:00;1138;sem vítima;78;BR-040/RJ;Sul;Choque - Objeto Fixo;1;;;;;;;;;;1;;;;
11/07/2018;09:04:00;1140;sem vítima;77;BR-040/RJ;Sul;Choque - Objeto Fixo;1;;;;;;;;;;1;;;;
11/07/2018;11:08:00;1149;sem vítima;124;BR-040/RJ;Sul;Colisão Traseira;;;1;;1;;;;;;2;;;;
11/07/2018;13:25:00;1160;com vítima;123;BR-040/RJ;Norte;Colisão Traseira;2;;;;;;;;;;1;1;;;
11/07/2018;18:56:00;1192;sem vítima;119;BR-040/RJ;Norte;Engavetamento;5;;;;;;;;;;5;;;;
12/07/2018;05:34:00;1225;sem vítima;83;BR-040/RJ;Norte;Colisão Frontal;1;;1;;;;;;;;2;;;;
12/07/2018;07:03:00;1234;sem vítima;73;BR-040/RJ;Norte;Capotamento;1;;;;;;;;;;1;;;;
12/07/2018;23:06:00;1343;com vítima;786;BR-040/MG;Norte;Choque - Objeto Fixo;1;;;;;;;;;;0;1;;;
13/07/2018;07:19:00;1361;com vítima;121;BR-040/RJ;Sul;Colisão Traseira;1;;;1;;;;;;;1;1;;;
13/07/2018;07:57:00;1364;sem vítima;122;BR-040/RJ;Sul;Colisão Traseira;;;2;;;;;;;;2;;;;
13/07/2018;08:49:00;1373;com vítima;21;BR-040/RJ;Norte;Tombamento;;;1;;;;;;;;0;1;;;
13/07/2018;10:28:00;1387;com vítima;113;BR-040/RJ;Norte;Choque - Objeto Fixo;1;;;;;;;;;;0;1;;;
13/07/2018;20:42:00;1448;sem vítima;108;BR-040/RJ;Sul;Colisão Traseira;2;;;;;;;;;;2;;;;
13/07/2018;20:46:00;1449;com vítima;85;BR-040/RJ;Norte;Capotamento;1;;;;;;;;;;0;1;;;
14/07/2018;02:00:00;1464;com vítima;53;BR-040/RJ;Norte;Capotamento;1;;;;;;;;;;0;;1;;
14/07/2018;07:17:00;1477;sem vítima;790;BR-040/MG;Sul;Choque - Objeto Fixo;1;;;;;;;;;;1;;;;
14/07/2018;08:37:00;1488;sem vítima;59;BR-040/RJ;Sul;Choque - Objeto Fixo;1;;;;;;;;;;1;;;;
14/07/2018;10:10:00;1498;sem vítima;91;BR-040/RJ;Norte;Choque - Objeto Fixo;1;;;;;;;;;;1;;;;
14/07/2018;10:25:00;1501;com vítima;84;BR-040/RJ;Sul;Choque - Objeto Fixo;1;;;;;;;;;;0;4;;;
14/07/2018;11:54:00;1516;com vítima;123;BR-040/RJ;Norte;Engavetamento;2;;;;1;;;;;;2;1;;;
14/07/2018;15:04:00;1540;sem vítima;101;BR-040/RJ;Norte;Colisão Lateral;1;;1;;;;;;;;2;;;;
14/07/2018;16:17:00;1549;sem vítima;122;BR-040/RJ;Norte;Colisão Traseira;1;;;;;1;;;;;2;;;;
14/07/2018;17:56:00;1562;sem vítima;785;BR-040/MG;Sul;Colisão Traseira;1;;;;;1;;;;;2;;;;
14/07/2018;18:07:00;1564;sem vítima;86;BR-040/RJ;Norte;Choque - Objeto Fixo;1;;;;;;;;;;1;;;;
14/07/2018;18:26:00;1566;com vítima;123;BR-040/RJ;Sul;Colisão Traseira;2;;;;;1;;;;;2;1;;;
14/07/2018;19:34:00;1571;com vítima;105;BR-040/RJ;Norte;Colisão Frontal;;1;;;;1;;;;;1;;1;;
14/07/2018;21:44:00;1582;com vítima;68;BR-040/RJ;Norte;Colisão Traseira;2;;;;;;;;;;0;;1;1;
15/07/2018;06:44:00;1605;sem vítima;35;BR-040/RJ;Sul;Choque - Objeto Fixo;1;;;;;;;;;;1;;;;
15/07/2018;08:37:00;1609;sem vítima;108;BR-040/RJ;Norte;Choque - Objeto Fixo;1;;;;;;;;;;1;;;;
15/07/2018;09:13:00;1614;sem vítima;61;BR-040/RJ;Norte;Choque - Objeto Fixo;1;;;;;;;;;;1;;;;
15/07/2018;11:20:00;1628;sem vítima;84;BR-040/RJ;Sul;Choque - Objeto Fixo;1;;;;;;;;;;1;;;;
15/07/2018;11:22:00;1629;com vítima;14;BR-040/RJ;Sul;Queda de Moto;;;;1;;;;;;;0;1;;;
16/07/2018;02:39:00;1711;com vítima;103;BR-040/RJ;Sul;Capotamento;1;;;;;;;;;;0;1;;;
16/07/2018;07:25:00;1725;com vítima;22;BR-040/RJ;Norte;Capotamento;1;;;;;;;;;;0;1;;;
16/07/2018;07:50:00;1729;sem vítima;84;BR-040/RJ;Norte;Choque - Objeto Fixo;1;;;;;;;;;;1;;;;
16/07/2018;08:34:00;1734;com vítima;111;BR-040/RJ;Sul;Colisão Traseira;;;1;;1;;;;;;1;2;;;
16/07/2018;11:30:00;1755;com vítima;90;BR-040/RJ;Sul;Tombamento;;;1;;;;;;;;0;1;;;
16/07/2018;11:40:00;1756;com vítima;105;BR-040/RJ;Norte;Atropelamento - Pedestre;;1;;;1;;;;;;1;1;;;
16/07/2018;13:12:00;1771;com vítima;113;BR-040/RJ;Norte;Tombamento;;;1;;;;;;;;0;1;;;
16/07/2018;14:34:00;1777;com vítima;90;BR-040/RJ;Sul;Capotamento;1;;;;;;;;;;0;4;;;
16/07/2018;21:28:00;1828;sem vítima;123;BR-040/RJ;Norte;Colisão Lateral;1;;1;;;;;;;;2;;;;
17/07/2018;11:05:00;1903;sem vítima;5;BR-040/RJ;Sul;Choque - Objeto Fixo;1;;;;;;;;;;1;;;;
17/07/2018;16:05:00;1940;com vítima;123;BR-040/RJ;Norte;Capotamento;2;;;;;;;;;;1;1;;;
17/07/2018;18:26:00;1960;sem vítima;81;BR-040/RJ;Sul;Colisão Traseira;1;;1;;;;;;;;2;;;;
17/07/2018;23:55:00;1986;sem vítima;84;BR-040/RJ;Sul;Derrapagem;1;;;;;;;;;;1;;;;
18/07/2018;00:36:00;1991;com vítima;85;BR-040/RJ;Sul;Tombamento;;;1;;;;;;;;0;;1;;1
18/07/2018;10:27:00;2022;com vítima;59;BR-040/RJ;Sul;Colisão Traseira;2;;;;;;;;;;1;1;;;
18/07/2018;19:39:00;2074;sem vítima;28;BR-040/RJ;Sul;Colisão Traseira;2;;;;;1;;;;;3;;;;
19/07/2018;03:47:00;2097;com vítima;118;BR-040/RJ;Norte;Colisão Traseira;1;;;;;;;;;;0;;;1;
19/07/2018;06:24:00;2101;sem vítima;123;BR-040/RJ;Sul;Colisão Traseira;1;;1;;;;;;;;2;;;;
19/07/2018;11:10:00;2132;com vítima;113;BR-040/RJ;Sul;Colisão Traseira;1;;;1;;;;;;;1;1;;;
19/07/2018;11:32:00;2135;sem vítima;102;BR-040/RJ;Norte;Colisão Lateral;1;;1;;;;;;;;2;;;;
19/07/2018;11:39:00;2137;sem vítima;73;BR-040/RJ;Sul;Choque - Objeto Fixo;1;;;;;;;;;;1;;;;
19/07/2018;19:50:00;2182;com vítima;0;BR-040/RJ;Sul;Objeto lançado contra veículo;;;2;;;;;;;;1;1;;;
20/07/2018;07:46:00;2216;com vítima;803;BR-040/MG;Norte;Colisão Traseira;1;;1;;;;;;;;1;;;1;1
20/07/2018;10:12:00;2232;com vítima;103;BR-040/RJ;Sul;Engavetamento;3;;;;;;;;;;1;3;;;
20/07/2018;10:57:00;2237;com vítima;805;BR-040/MG;Norte;Colisão Transversal;2;;;;;;;;;;0;3;;;
20/07/2018;11:22:00;2240;sem vítima;91;BR-040/RJ;Norte;Queda de Moto;;;;1;;;;;;;1;;;;
20/07/2018;13:45:00;2255;sem vítima;109;BR-040/RJ;Norte;Colisão Traseira;2;;;;;;;;;;2;;;;
20/07/2018;19:07:00;2293;sem vítima;111;BR-040/RJ;Norte;Colisão Traseira;1;;;;;1;;;;;2;;;;
20/07/2018;21:44:00;2305;com vítima;95;BR-040/RJ;Sul;Tombamento;;;1;;;;;;;;0;;1;;
21/07/2018;05:47:00;2325;sem vítima;108;BR-040/RJ;Norte;Derrapagem;1;;;;;;;;;;1;;;;
21/07/2018;07:29:00;2332;sem vítima;122;BR-040/RJ;Norte;Choque - Objeto Fixo;1;;;;;;;;;;1;;;;
21/07/2018;08:00:00;2335;com vítima;121;BR-040/RJ;Sul;Objeto lançado contra veículo;1;;;1;;;;;;;1;;1;;
21/07/2018;23:35:00;2451;sem vítima;95;BR-040/RJ;Norte;Choque - Objeto Fixo;1;;;;;;;;;;1;;;;
22/07/2018;00:45:00;2459;sem vítima;777;BR-040/MG;Norte;Choque - Objeto Fixo;1;;;;;;;;;;1;;;;
22/07/2018;04:13:00;2468;sem vítima;109;BR-040/RJ;Sul;Choque - Objeto Fixo;1;;;;;;;;;;1;;;;
22/07/2018;05:53:00;2471;sem vítima;108;BR-040/RJ;Norte;Choque - Objeto Fixo;1;;;;;;;;;;1;;;;
22/07/2018;06:58:00;2475;sem vítima;92;BR-040/RJ;Sul;Choque - Objeto Fixo;1;;;;;;;;;;1;;;;
22/07/2018;09:16:00;2482;sem vítima;92;BR-040/RJ;Sul;Choque - Objeto Fixo;1;;;;;;;;;;1;;;;
22/07/2018;09:40:00;2486;sem vítima;96;BR-040/RJ;Sul;Choque - Objeto Fixo;1;;;;;;;;;;1;;;;
22/07/2018;11:51:00;2497;com vítima;84;BR-040/RJ;Sul;Choque - Objeto Fixo;1;;;;;;;;;;0;;1;;
22/07/2018;18:32:00;2542;sem vítima;87;BR-040/RJ;Norte;Choque - Objeto Fixo;1;;;;;;;;;;1;;;;
22/07/2018;20:52:00;2562;sem vítima;92;BR-040/RJ;Norte;Choque - Objeto Fixo;1;;;;;;;;;;1;;;;
22/07/2018;21:53:00;2564;sem vítima;94;BR-040/RJ;Sul;Choque - Objeto Fixo;1;;;;;;;;;;1;;;;
23/07/2018;06:36:00;2599;com vítima;94;BR-040/RJ;Sul;Tombamento;;;1;;;;;;;;0;;1;;
23/07/2018;07:04:00;2601;com vítima;91;BR-040/RJ;Norte;Queda de Moto;;;;1;;;;;;;0;1;;;
24/07/2018;07:00:00;2701;com vítima;782;BR-040/MG;Norte;Colisão Lateral;1;;;;;;;;;;0;1;;;
24/07/2018;07:29:00;2703;com vítima;117;BR-040/RJ;Sul;Colisão Lateral;1;;1;;;;;;;;1;1;;;
24/07/2018;15:45:00;2734;com vítima;801;BR-040/MG;Norte;Colisão Traseira;1;;;;;;;;1;;1;2;;;
24/07/2018;17:12:00;2748;com vítima;106;BR-040/RJ;Norte;Queda de Moto;;;;1;;;;;;;0;2;;;
24/07/2018;17:32:00;2751;sem vítima;92;BR-040/RJ;Norte;Choque - Objeto Fixo;1;;;;;;;;;;1;;;;
24/07/2018;20:55:00;2769;sem vítima;778;BR-040/MG;Sul;Atropelamento - Animal;1;;1;;;;;;;;2;;;;
25/07/2018;00:19:00;2776;sem vítima;113;BR-040/RJ;Norte;Choque - Objeto Fixo;1;;;;;;;;;;1;;;;
25/07/2018;02:04:00;2781;sem vítima;113;BR-040/RJ;Sul;Choque - Objeto Fixo;1;;;;;;;;;;1;;;;
25/07/2018;05:29:00;2786;com vítima;113;BR-040/RJ;Norte;Colisão Lateral;2;;;;;;;;;;0;3;;;
25/07/2018;05:50:00;2789;com vítima;113;BR-040/RJ;Norte;Choque - Objeto Fixo;;;1;;;;;;;;0;;1;;
25/07/2018;08:54:00;2802;sem vítima;118;BR-040/RJ;Norte;Choque - Objeto Fixo;1;;;;;;;;;;1;;;;
25/07/2018;09:51:00;2806;com vítima;34;BR-040/RJ;Norte;Tombamento;;;1;;;;;;;;0;1;;;
25/07/2018;16:47:00;2844;sem vítima;113;BR-040/RJ;Sul;Colisão Traseira;;;;;2;;;;;;2;;;;
26/07/2018;07:45:00;2884;sem vítima;102;BR-040/RJ;Sul;Colisão Traseira;1;;1;;;;;;;;2;;;;
26/07/2018;14:19:00;2921;sem vítima;88;BR-040/RJ;Norte;Choque - Objeto Fixo;;;1;;;;;;;;1;;;;
27/07/2018;03:32:00;2975;sem vítima;41;BR-040/RJ;Sul;Choque - Objeto Fixo;1;;;;;;;;;;1;;;;
27/07/2018;10:46:00;2995;com vítima;77;BR-040/RJ;Sul;Choque - Objeto Fixo;1;;;;;;;;;;0;;1;;
27/07/2018;12:06:00;3004;com vítima;113;BR-040/RJ;Norte;Engavetamento;1;;1;1;;;;;;;1;3;;;
27/07/2018;12:07:00;3005;sem vítima;113;BR-040/RJ;Norte;Colisão Traseira;2;;;;;;;;;;2;;;;
27/07/2018;13:00:00;3038;sem vítima;75;BR-040/RJ;Sul;Choque - Objeto Fixo;1;;;;;;;;;;1;;;;
28/07/2018;01:10:00;3092;com vítima;53;BR-040/RJ;Sul;Choque - Objeto Fixo;1;;;;;;;;;;0;1;;;
28/07/2018;04:11:00;3096;sem vítima;92;BR-040/RJ;Sul;Derrapagem;;;1;;;;;;;;1;;;;
28/07/2018;06:45:00;3101;sem vítima;807;BR-040/MG;Sul;Capotamento;1;;;;;;;;;;1;;;;
28/07/2018;12:52:00;3137;sem vítima;73;BR-040/RJ;Sul;Colisão Transversal;2;;;;;;;;;;2;;;;
28/07/2018;15:13:00;3150;com vítima;108;BR-040/RJ;Norte;Queda de Moto;;;;1;;;;;;;0;;;1;
28/07/2018;16:02:00;3159;sem vítima;86;BR-040/RJ;Norte;Colisão Traseira;1;;1;;;;;;;;2;;;;
28/07/2018;17:22:00;3171;com vítima;118;BR-040/RJ;Sul;Capotamento;1;;;;;;;;;;0;1;;;
28/07/2018;21:25:00;3194;com vítima;786;BR-040/MG;Norte;Choque - Objeto Fixo;1;;;;;;;;;;0;1;;;
29/07/2018;02:30:00;3208;com vítima;122;BR-040/RJ;Norte;Colisão Traseira;2;;;;;;;;;;0;2;;;
29/07/2018;06:30:00;3216;com vítima;48;BR-040/RJ;Norte;Queda de Moto;;;;1;;;;;;;0;;1;;
29/07/2018;07:46:00;3219;com vítima;107;BR-040/RJ;Norte;Capotamento;1;;;;;;;;;;0;1;;;
29/07/2018;16:46:00;3266;com vítima;85;BR-040/RJ;Norte;Capotamento;1;;;;;;;;;;0;2;;;
30/07/2018;12:12:00;3357;sem vítima;120;BR-040/RJ;Norte;Colisão Lateral;2;;;;;;;;;;2;;;;
30/07/2018;14:45:00;3372;com vítima;43;BR-040/RJ;Sul;Queda de Moto;;;;1;;;;;;;0;1;1;;
30/07/2018;16:34:00;3384;sem vítima;773;BR-040/MG;Sul;Choque - Objeto Fixo;;;;1;;1;;;;;2;;;;
30/07/2018;18:12:00;3394;com vítima;85;BR-040/RJ;Norte;Queda de Moto;;;1;1;;;;;;;1;1;;;
30/07/2018;19:37:00;3402;sem vítima;92;BR-040/RJ;Norte;Choque - Objeto Fixo;1;;;;;;;;;;1;;;;
30/07/2018;20:02:00;3408;sem vítima;92;BR-040/RJ;Sul;Choque - Objeto Fixo;1;;;;;;;;;;1;;;;
30/07/2018;21:25:00;3414;com vítima;105;BR-040/RJ;Norte;Colisão Lateral;2;;;;;;;;;;2;2;;;
30/07/2018;22:11:00;3417;sem vítima;84;BR-040/RJ;Norte;Choque - Objeto Fixo;1;;;;;;;;;;1;;;;
31/07/2018;08:23:00;3448;sem vítima;102;BR-040/RJ;Sul;Colisão Traseira;;;2;;;;;;;;2;;;;