data;horario;n_da_ocorrencia;tipo_de_ocorrencia;km;trecho;sentido;tipo_de_acidente;automovel;bicicleta;caminhao;moto;onibus;outros;tracao_animal;transporte_de_cargas_especiais;trator_maquinas;utilitarios;ilesos;levemente_feridos;moderadamente_feridos;gravemente_feridos;mortos
19/10/2018;09:34:00;2564;com vítima;62;BR-040/RJ;Norte;Colisão Lateral;1;;;1;;;;;;;0;2;;;
19/10/2018;10:06:00;2566;sem vítima;92;BR-040/RJ;Sul;Choque - Objeto Fixo;1;;;;;;;;;;1;;;;
19/10/2018;10:40:00;2571;com vítima;96;BR-040/RJ;Sul;Queda de Moto;;;;1;;;;;;;0;1;;;
19/10/2018;13:08:00;2589;sem vítima;93;BR-040/RJ;Sul;Choque - Objeto Fixo;1;;;;;;;;;;1;;;;
19/10/2018;14:18:00;2601;sem vítima;104;BR-040/RJ;Sul;Colisão Lateral;;;;;1;1;;;;;2;;;;
19/10/2018;14:53:00;2604;sem vítima;90;BR-040/RJ;Sul;Choque - Objeto Fixo;1;;;;;;;;;;1;;;;
19/10/2018;15:58:00;2615;com vítima;80;BR-040/RJ;Norte;Colisão Traseira;1;;1;;;;;;;;0;4;;;
19/10/2018;16:04:00;2616;sem vítima;797;BR-040/MG;Sul;Choque - Objeto Fixo;1;;;;;;;;;;1;;;;
19/10/2018;16:56:00;2629;com vítima;99;BR-040/RJ;Norte;Queda de Moto;;;;1;;;;;;;0;1;;;
19/10/2018;20:19:00;2659;com vítima;71;BR-040/RJ;Norte;Queda de Moto;;;;1;;;;;;;0;2;;;
19/10/2018;20:23:00;2660;sem vítima;113;BR-040/RJ;Norte;Engavetamento;1;;;;;2;;;;;3;;;;
19/10/2018;23:52:00;2674;com vítima;59;BR-040/RJ;Sul;Colisão Traseira;1;;1;;;;;;;;0;2;;1;
20/10/2018;05:21:00;2684;sem vítima;108;BR-040/RJ;Norte;Choque - Objeto Fixo;1;;;;;;;;;;1;;;;
20/10/2018;05:31:00;2685;sem vítima;82;BR-040/RJ;Norte;Choque - Objeto Fixo;1;;;;;;;;;;1;;;;
20/10/2018;06:27:00;2688;sem vítima;92;BR-040/RJ;Sul;Choque - Objeto Fixo;1;;;;;;;;;;1;;;;
20/10/2018;07:16:00;2692;sem vítima;99;BR-040/RJ;Sul;Choque - Objeto Fixo;1;;;;;;;;;;1;;;;
20/10/2018;09:26:00;2708;com vítima;94;BR-040/RJ;Sul;Capotamento;1;;;;;;;;;;0;3;;;
20/10/2018;12:57:00;2731;com vítima;83;BR-040/RJ;Norte;Queda de Moto;;;;1;;;;;;;0;;1;;
20/10/2018;14:05:00;2743;com vítima;122;BR-040/RJ;Norte;Colisão Lateral;1;;;1;;;;;;;1;1;1;;
20/10/2018;14:09:00;2745;com vítima;773;BR-040/MG;Sul;Atropelamento - Pedestre;1;;;;;;;;;;1;;1;;
20/10/2018;17:37:00;2764;sem vítima;49;BR-040/RJ;Sul;Atropelamento - Animal;1;;;;;;;;;;1;;;;
20/10/2018;19:36:00;2776;sem vítima;109;BR-040/RJ;Norte;Colisão Traseira;1;;;;1;;;;;;2;;;;
21/10/2018;00:35:00;2794;com vítima;109;BR-040/RJ;Norte;Colisão Lateral;1;;;1;;;;;;;1;1;;;
21/10/2018;05:09:00;2806;com vítima;39;BR-040/RJ;Sul;Colisão Traseira;1;;1;;;;;;;;0;4;;;
21/10/2018;05:31:00;2809;sem vítima;94;BR-040/RJ;Norte;Choque - Objeto Fixo;1;;;;;;;;;;1;;;;
21/10/2018;05:40:00;2811;sem vítima;790;BR-040/MG;Sul;Derrapagem;1;;;;;;;;;;1;;;;
21/10/2018;07:31:00;2820;com vítima;113;BR-040/RJ;Norte;Colisão Traseira;1;;;1;;;;;;;1;1;;;
21/10/2018;09:35:00;2832;com vítima;31;BR-040/RJ;Norte;Choque - Objeto Fixo;;;;1;;;;;;;0;;1;;
21/10/2018;12:21:00;2847;sem vítima;112;BR-040/RJ;Sul;Colisão Traseira;2;;;;;;;;;;2;;;;
21/10/2018;12:39:00;2850;com vítima;85;BR-040/RJ;Sul;Queda de Moto;;;;1;;;;;;;0;;;1;
21/10/2018;17:02:00;2878;com vítima;111;BR-040/RJ;Norte;Colisão Lateral;3;;;;;;;;;;0;3;;;
22/10/2018;01:01:00;2912;sem vítima;17;BR-040/RJ;Sul;Atropelamento - Animal;1;;;;;;;;;;1;;;;
22/10/2018;05:52:00;2924;sem vítima;114;BR-040/RJ;Sul;Colisão Traseira;2;;;;;;;;;;2;;;;
22/10/2018;06:02:00;2928;sem vítima;114;BR-040/RJ;Sul;Colisão Traseira;;;2;;;;;;;;2;;;;
22/10/2018;09:30:00;2951;sem vítima;105;BR-040/RJ;Norte;Choque - Objeto Fixo;1;;;;;;;;;;1;;;;
22/10/2018;17:14:00;3005;com vítima;19;BR-040/RJ;Norte;Queda de Moto;;;;1;;;;;;;0;1;;;
22/10/2018;18:06:00;3015;sem vítima;94;BR-040/RJ;Norte;Choque - Objeto Fixo;1;;1;;;;;;;;2;;;;
23/10/2018;03:52:00;3048;com vítima;120;BR-040/RJ;Norte;Choque - Objeto Fixo;1;;;;;;;;;;0;1;;;
23/10/2018;05:15:00;3051;com vítima;88;BR-040/RJ;Sul;Queda de Moto;;;;1;;;;;;;0;1;;;
23/10/2018;09:44:00;3074;com vítima;55;BR-040/RJ;Sul;Choque - Objeto Fixo;1;;;;;;;;;;0;1;;;
23/10/2018;10:23:00;3083;sem vítima;90;BR-040/RJ;Sul;Choque - Objeto Fixo;1;;;;;;;;;;1;;;;
23/10/2018;12:17:00;3094;sem vítima;46;BR-040/RJ;Sul;Choque - Objeto Fixo;1;;;;;;;;;;1;;;;
23/10/2018;17:27:00;3124;com vítima;100;BR-040/RJ;Sul;Capotamento;1;;;;;;;;;;0;;1;;
23/10/2018;19:27:00;3143;com vítima;61;BR-040/RJ;Norte;Queda de Moto;;;;1;;;;;;;0;2;;;
24/10/2018;06:42:00;3181;sem vítima;109;BR-040/RJ;Sul;Colisão Lateral;1;;1;;;;;;;;2;;;;
24/10/2018;09:28:00;3194;sem vítima;795;BR-040/MG;Norte;Colisão Traseira;;;2;;;;;;;;2;;;;
24/10/2018;14:44:00;3228;com vítima;63;BR-040/RJ;Sul;Queda de Moto;;;;1;;;;;;;0;;;;1
24/10/2018;15:04:00;3232;sem vítima;92;BR-040/RJ;Sul;Choque - Objeto Fixo;1;;;;;;;;;;1;;;;
24/10/2018;18:34:00;3259;sem vítima;93;BR-040/RJ;Sul;Choque - Objeto Fixo;1;;;;;;;;;;1;;;;
24/10/2018;21:39:00;3274;sem vítima;84;BR-040/RJ;Sul;Choque - Objeto Fixo;1;;;;;;;;;;1;;;;
25/10/2018;00:30:00;3283;sem vítima;30;BR-040/RJ;Norte;Choque - Objeto Fixo;1;;;;;;;;;;1;;;;
25/10/2018;02:41:00;3287;sem vítima;794;BR-040/MG;Sul;Choque - Objeto Fixo;1;;;;;;;;;;1;;;;
25/10/2018;05:05:00;3293;sem vítima;110;BR-040/RJ;Sul;Colisão Traseira;2;;;;;;;;;;2;;;;
25/10/2018;05:55:00;3296;sem vítima;111;BR-040/RJ;Sul;Colisão Traseira;1;;;;;1;;;;;2;;;;
25/10/2018;07:32:00;3303;sem vítima;32;BR-040/RJ;Sul;Choque - Objeto Fixo;1;;;;;;;;;;1;;;;
25/10/2018;08:20:00;3307;sem vítima;101;BR-040/RJ;Norte;Engavetamento;3;;;;;;;;;;3;;;;
25/10/2018;08:35:00;3310;sem vítima;92;BR-040/RJ;Sul;Choque - Objeto Fixo;1;;;;;;;;;;1;;;;
25/10/2018;08:54:00;3313;sem vítima;91;BR-040/RJ;Norte;Choque - Objeto Fixo;1;;;;;;;;;;1;;;;
25/10/2018;09:31:00;3319;sem vítima;24;BR-040/RJ;Sul;Choque - Objeto Fixo;;;1;;;;;;;;1;;;;
25/10/2018;09:32:00;3320;sem vítima;75;BR-040/RJ;Sul;Colisão Lateral;1;;1;;;;;;;;2;;;;
25/10/2018;10:17:00;3324;sem vítima;827;BR-040/MG;Sul;Choque - Objeto Fixo;1;;;;;;;;;;1;;;;
25/10/2018;10:44:00;3329;sem vítima;17;BR-040/RJ;Norte;Choque - Objeto Fixo;1;;;;;;;;;;1;;;;
25/10/2018;14:07:00;3355;sem vítima;115;BR-040/RJ;Norte;Colisão Lateral;2;;;;;;;;;;2;;;;
25/10/2018;15:10:00;3362;com vítima;15;BR-040/RJ;Norte;Choque - Objeto Fixo;;;1;;;;;;;;0;2;;;
25/10/2018;16:08:00;3377;com vítima;116;BR-040/RJ;Norte;Colisão Traseira;1;;1;;;;;;;;1;1;;;
25/10/2018;20:32:00;3402;sem vítima;95;BR-040/RJ;Sul;Choque - Objeto Fixo;1;;;;;;;;;;1;;;;
26/10/2018;00:16:00;3413;sem vítima;114;BR-040/RJ;Norte;Colisão Traseira;1;;;;;;;;;;1;;;;
26/10/2018;02:01:00;3418;sem vítima;18;BR-040/RJ;Norte;Tombamento;;;1;;;;;;;;1;;;;
26/10/2018;04:51:00;3422;com vítima;101;BR-040/RJ;Norte;Colisão Traseira;1;;;;1;;;;;;1;;2;;
26/10/2018;05:31:00;3423;sem vítima;85;BR-040/RJ;Sul;Colisão Traseira;2;;;;;;;;;;2;;;;
26/10/2018;06:00:00;3426;sem vítima;98;BR-040/RJ;Norte;Choque - Objeto Fixo;1;;;;;;;;;;1;;;;
26/10/2018;05:59:00;3427;com vítima;65;BR-040/RJ;Norte;Choque - Objeto Fixo;1;;;;;;;;;;0;5;;;
26/10/2018;07:17:00;3432;sem vítima;19;BR-040/RJ;Norte;Engavetamento;2;;1;;;;;;;;3;;;;
26/10/2018;10:55:00;3455;com vítima;74;BR-040/RJ;Norte;Capotamento;1;;;;;;;;;;0;;2;;
26/10/2018;11:27:00;3458;com vítima;94;BR-040/RJ;Sul;Choque - Objeto Fixo;1;;;;;;;;;;0;1;;;
26/10/2018;13:37:00;3478;com vítima;114;BR-040/RJ;Norte;Capotamento;1;;;;;;;;;;0;;1;;
26/10/2018;15:24:00;3490;sem vítima;110;BR-040/RJ;Sul;Colisão Lateral;1;;;;1;;;;;;2;;;;
26/10/2018;18:41:00;3525;sem vítima;111;BR-040/RJ;Norte;Engavetamento;2;;;;;1;;;;;3;;;;
26/10/2018;21:29:00;3543;sem vítima;91;BR-040/RJ;Norte;Choque - Objeto Fixo;1;;;;;;;;;;1;;;;
26/10/2018;21:54:00;3546;sem vítima;118;BR-040/RJ;Sul;Colisão Frontal;1;;;;1;;;;;;2;;;;
26/10/2018;23:30:00;3552;com vítima;58;BR-040/RJ;Sul;Atropelamento - Pedestre;;;;;;1;;;;;1;1;;;
27/10/2018;03:20:00;3560;sem vítima;85;BR-040/RJ;Norte;Choque - Objeto Fixo;1;;;;;;;;;;1;;;;
27/10/2018;05:58:00;3565;com vítima;820;BR-040/MG;Norte;Tombamento;;;1;;;;;;;;0;1;;;
27/10/2018;06:40:00;3567;sem vítima;93;BR-040/RJ;Norte;Choque - Objeto Fixo;1;;;;;;;;;;1;;;;
27/10/2018;09:31:00;3581;com vítima;2;BR-040/RJ;Norte;Tombamento;;;1;;;1;;;;;1;1;;;
27/10/2018;11:25:00;3604;sem vítima;1;BR-040/RJ;Norte;Choque - Objeto Fixo;1;;;;;;;;;;1;;;;
27/10/2018;15:59:00;3638;com vítima;94;BR-040/RJ;Norte;Queda de Moto;;;;1;;;;;;;0;1;;;
27/10/2018;17:22:00;3653;sem vítima;112;BR-040/RJ;Norte;Derrapagem;1;;;;;;;;;;1;;;;
27/10/2018;18:28:00;3662;com vítima;109;BR-040/RJ;Norte;Colisão Lateral;1;1;;;;;;;;;1;1;;;
27/10/2018;18:56:00;3665;sem vítima;109;BR-040/RJ;Norte;Colisão Traseira;2;;;;;;;;;;2;;;;
27/10/2018;20:05:00;3669;com vítima;66;BR-040/RJ;Norte;Queda de Moto;;;;1;;;;;;;0;;1;;
27/10/2018;23:29:00;3681;sem vítima;84;BR-040/RJ;Sul;Choque - Objeto Fixo;1;;;;;;;;;;1;;;;
28/10/2018;00:31:00;3689;sem vítima;807;BR-040/MG;Sul;Atropelamento - Animal;1;;;;;;;;;;1;;;;
28/10/2018;07:00:00;3705;com vítima;91;BR-040/RJ;Sul;Capotamento;1;;;;;;;;;;0;5;;;
28/10/2018;07:48:00;3709;sem vítima;87;BR-040/RJ;Norte;Colisão Lateral;;;2;;;;;;;;2;;;;
28/10/2018;08:11:00;3712;sem vítima;90;BR-040/RJ;Sul;Choque - Objeto Fixo;1;;;;;;;;;;1;;;;
28/10/2018;09:36:00;3717;sem vítima;85;BR-040/RJ;Sul;Choque - Objeto Fixo;1;;;;;;;;;;1;;;;
28/10/2018;09:48:00;3719;sem vítima;92;BR-040/RJ;Sul;Capotamento;1;;;;;;;;;;1;;;;
28/10/2018;10:12:00;3724;sem vítima;91;BR-040/RJ;Norte;Choque - Objeto Fixo;1;;;;;;;;;;1;;;;
28/10/2018;10:18:00;3725;sem vítima;90;BR-040/RJ;Sul;Choque - Objeto Fixo;1;;;;;;;;;;1;;;;
28/10/2018;10:57:00;3729;com vítima;78;BR-040/RJ;Sul;Capotamento;1;;;;;;;;;;0;1;;;
28/10/2018;11:04:00;3732;sem vítima;87;BR-040/RJ;Norte;Choque - Objeto Fixo;1;;;;;;;;;;1;;;;
28/10/2018;12:45:00;3738;sem vítima;90;BR-040/RJ;Sul;Choque - Objeto Fixo;1;;;;;;;;;;1;;;;
28/10/2018;14:50:00;3751;com vítima;90;BR-040/RJ;Sul;Choque - Objeto Fixo;1;;;;;;;;;;0;3;;;
28/10/2018;15:19:00;3756;sem vítima;93;BR-040/RJ;Sul;Choque - Objeto Fixo;1;;;;;;;;;;1;;;;
28/10/2018;15:19:00;3757;com vítima;93;BR-040/RJ;Sul;Choque - Objeto Fixo;1;;;;;;;;;;0;1;;;
28/10/2018;15:22:00;3759;sem vítima;92;BR-040/RJ;Sul;Choque - Objeto Fixo;1;;;;;;;;;;1;;;;
28/10/2018;15:32:00;3760;com vítima;91;BR-040/RJ;Sul;Capotamento;1;;;;;;;;;;0;1;;;
28/10/2018;15:44:00;3762;sem vítima;92;BR-040/RJ;Sul;Choque - Objeto Fixo;1;;;;;;;;;;1;;;;
28/10/2018;16:17:00;3766;com vítima;94;BR-040/RJ;Sul;Choque - Objeto Fixo;1;;;;;;;;;;0;2;;;
28/10/2018;16:31:00;3768;com vítima;92;BR-040/RJ;Norte;Choque - Objeto Fixo;1;;;;;;;;;;0;2;;;
28/10/2018;16:27:00;3769;sem vítima;97;BR-040/RJ;Sul;Choque - Objeto Fixo;1;;;;;;;;;;1;;;;
28/10/2018;16:47:00;3770;com vítima;92;BR-040/RJ;Sul;Choque - Objeto Fixo;1;;;;;;;;;;0;1;;;
28/10/2018;17:36:00;3774;sem vítima;72;BR-040/RJ;Norte;Choque - Objeto Fixo;1;;;;;;;;;;1;;;;
28/10/2018;18:00:00;3778;sem vítima;75;BR-040/RJ;Sul;Choque - Objeto Fixo;1;;;;;;;;;;1;;;;
29/10/2018;07:17:00;3824;sem vítima;94;BR-040/RJ;Sul;Choque - Objeto Fixo;1;;;;;;;;;;1;;;;
29/10/2018;08:36:00;3829;sem vítima;122;BR-040/RJ;Sul;Engavetamento;1;;2;;;;;;;;3;;;;
29/10/2018;08:57:00;3830;sem vítima;22;BR-040/RJ;Norte;Tombamento;1;;;;;;;;;;2;;;;
29/10/2018;18:09:00;3892;com vítima;124;BR-040/RJ;Sul;Atropelamento - Pedestre;;;1;;;;;;;;1;;1;;
29/10/2018;20:06:00;3899;sem vítima;98;BR-040/RJ;Norte;Colisão Traseira;2;;;;;;;;;;2;;;;
30/10/2018;05:49:00;3924;sem vítima;122;BR-040/RJ;Sul;Engavetamento;3;;1;;;;;;;;4;;;;
30/10/2018;07:28:00;3933;sem vítima;40;BR-040/RJ;Sul;Choque - Objeto Fixo;;;1;;;;;;;;1;;;;
30/10/2018;09:30:00;3949;sem vítima;122;BR-040/RJ;Norte;Colisão Traseira;1;;;;1;;;;;;2;;;;
30/10/2018;13:25:00;3980;com vítima;45;BR-040/RJ;Sul;Colisão Traseira;1;;1;;;;;;;;0;4;;;
30/10/2018;13:40:00;3982;com vítima;113;BR-040/RJ;Norte;Queda de Moto;1;;;1;;;;;;;1;1;;;
30/10/2018;17:10:00;4007;sem vítima;120;BR-040/RJ;Norte;Colisão Traseira;2;;;;;;;;;;2;;;;
30/10/2018;20:22:00;4028;com vítima;57;BR-040/RJ;Sul;Atropelamento - Pedestre;;;;;;1;;;;;1;;1;;
30/10/2018;21:44:00;4038;com vítima;112;BR-040/RJ;Norte;Choque - Objeto Fixo;1;;;;;;;;;;0;1;;;
31/10/2018;06:20:00;4066;com vítima;92;BR-040/RJ;Sul;Tombamento;;;1;;;;;;;;1;;;;2
31/10/2018;06:54:00;4072;com vítima;51;BR-040/RJ;Sul;Choque - Objeto Fixo;;;1;1;;;;;;;1;;1;;
31/10/2018;13:46:00;4109;sem vítima;118;BR-040/RJ;Norte;Colisão Lateral;2;;;;;;;;;;2;;;;
31/10/2018;14:21:00;4115;com vítima;97;BR-040/RJ;Sul;Queda de Moto;;;;1;;;;;;;0;;1;1;
31/10/2018;16:42:00;4137;com vítima;116;BR-040/RJ;Norte;Engavetamento;6;;;;;;;;;;5;2;;;
31/10/2018;20:18:00;4156;sem vítima;116;BR-040/RJ;Norte;Engavetamento;2;;1;;;;;;;;3;;;;
01/11/2018;05:50:00;16;com vítima;5;BR-040/RJ;Sul;Tombamento;;;1;;;;;;;;0;1;;;
01/11/2018;14:36:00;84;com vítima;107;BR-040/RJ;Sul;Colisão Traseira;;;1;1;;;;;;;1;;;1;
01/11/2018;16:31:00;105;com vítima;2;BR-040/RJ;Norte;Capotamento;1;;;;;;;;;;0;;;1;
01/11/2018;17:01:00;110;sem vítima;69;BR-040/RJ;Norte;Choque - Objeto Fixo;1;;;;;;;;;;1;;;;
01/11/2018;17:11:00;114;sem vítima;8;BR-040/RJ;Norte;Choque - Objeto Fixo;1;;;;;;;;;;1;;;;
01/11/2018;17:19:00;116;sem vítima;10;BR-040/RJ;Norte;Choque - Objeto Fixo;1;;;;;;;;;;1;;;;
01/11/2018;17:31:00;118;sem vítima;2;BR-040/RJ;Norte;Choque - Objeto Fixo;1;;;;;;;;;;1;;;;
01/11/2018;17:45:00;119;com vítima;30;BR-040/RJ;Norte;Choque - Objeto Fixo;1;;;;;;;;;;0;1;;;
01/11/2018;18:50:00;124;com vítima;123;BR-040/RJ;Sul;Colisão Traseira;1;;;1;;;;;;;1;;1;;
01/11/2018;19:51:00;133;sem vítima;786;BR-040/MG;Norte;Choque - Objeto Fixo;1;;;;;;;;;;1;;;;
02/11/2018;04:48:00;163;sem vítima;104;BR-040/RJ;Norte;Atropelamento - Animal;1;;;;;;;;;;1;;;;
02/11/2018;15:55:00;220;sem vítima;65;BR-040/RJ;Norte;Choque - Objeto Fixo;1;;;;;;;;;;1;;;;
02/11/2018;17:17:00;225;sem vítima;91;BR-040/RJ;Norte;Choque - Objeto Fixo;1;;;;;;;;;;1;;;;
02/11/2018;17:23:00;227;sem vítima;95;BR-040/RJ;Norte;Choque - Objeto Fixo;1;;;;;;;;;;1;;;;
02/11/2018;18:07:00;231;sem vítima;77;BR-040/RJ;Sul;Choque - Objeto Fixo;1;;;;;;;;;;1;;;;
02/11/2018;18:53:00;237;sem vítima;113;BR-040/RJ;Sul;Choque - Objeto Fixo;1;;;;;;;;;;1;;;;
02/11/2018;21:30:00;246;sem vítima;91;BR-040/RJ;Sul;Choque - Objeto Fixo;1;;;;;;;;;;1;;;;
03/11/2018;12:30:00;297;com vítima;62;BR-040/RJ;Sul;Colisão Lateral;2;;;;;;;;;;0;7;;;
03/11/2018;17:31:00;327;com vítima;109;BR-040/RJ;Norte;Colisão Lateral;1;;;1;;;;;;;1;1;;;
03/11/2018;19:56:00;344;sem vítima;778;BR-040/MG;Norte;Choque - Objeto Fixo;1;;;;;;;;;;1;;;;
04/11/2018;01:48:00;358;com vítima;72;BR-040/RJ;Norte;Capotamento;1;;;;;;;;;;0;3;3;;
04/11/2018;03:44:00;361;sem vítima;114;BR-040/RJ;Sul;Choque - Objeto Fixo;1;;;;;;;;;;1;;;;
04/11/2018;03:52:00;362;sem vítima;3;BR-040/RJ;Norte;Choque - Objeto Fixo;1;;;;;;;;;;1;;;;
04/11/2018;05:17:00;364;sem vítima;114;BR-040/RJ;Sul;Choque - Objeto Fixo;1;;;;;;;;;;1;;;;
04/11/2018;05:58:00;368;sem vítima;113;BR-040/RJ;Norte;Choque - Objeto Fixo;1;;;;;;;;;;1;;;;
04/11/2018;06:35:00;369;sem vítima;113;BR-040/RJ;Sul;Choque - Objeto Fixo;1;;;;;;;;;;1;;;;
04/11/2018;06:36:00;370;sem vítima;2;BR-040/RJ;Sul;Choque - Objeto Fixo;1;;;;;;;;;;1;;;;
04/11/2018;06:36:00;371;com vítima;786;BR-040/MG;Norte;Choque - Objeto Fixo;1;;;;;;;;;;0;2;;;
04/11/2018;08:42:00;377;sem vítima;112;BR-040/RJ;Norte;Choque - Objeto Fixo;1;;;;;;;;;;1;;;;
04/11/2018;11:36:00;392;sem vítima;93;BR-040/RJ;Norte;Choque - Objeto Fixo;1;;;;;;;;;;1;;;;
04/11/2018;11:42:00;395;sem vítima;92;BR-040/RJ;Norte;Choque - Objeto Fixo;1;;;;;;;;;;1;;;;
04/11/2018;12:09:00;399;sem vítima;93;BR-040/RJ;Sul;Choque - Objeto Fixo;1;;;;;;;;;;1;;;;
04/11/2018;13:05:00;403;sem vítima;96;BR-040/RJ;Sul;Choque - Objeto Fixo;1;;;;;;;;;;1;;;;
04/11/2018;13:12:00;404;sem vítima;91;BR-040/RJ;Sul;Choque - Objeto Fixo;1;;;;;;;;;;1;;;;
04/11/2018;13:13:00;405;sem vítima;78;BR-040/RJ;Sul;Choque - Objeto Fixo;1;;;;;;;;;;1;;;;
04/11/2018;13:16:00;406;sem vítima;92;BR-040/RJ;Norte;Choque - Objeto Fixo;1;;;;;;;;;;1;;;;
04/11/2018;13:43:00;409;sem vítima;82;BR-040/RJ;Sul;Choque - Objeto Fixo;1;;;;;;;;;;1;;;;
04/11/2018;13:58:00;411;sem vítima;92;BR-040/RJ;Sul;Choque - Objeto Fixo;1;;;;;;;;;;1;;;;
04/11/2018;14:01:00;412;sem vítima;91;BR-040/RJ;Norte;Choque - Objeto Fixo;1;;;;;;;;;;1;;;;
04/11/2018;14:01:00;413;sem vítima;91;BR-040/RJ;Norte;Choque - Objeto Fixo;1;;;;;;;;;;1;;;;
04/11/2018;14:20:00;415;sem vítima;93;BR-040/RJ;Sul;Choque - Objeto Fixo;1;;;;;;;;;;1;;;;
04/11/2018;15:00:00;421;com vítima;91;BR-040/RJ;Sul;Capotamento;1;;;;;;;;;;0;5;;;
04/11/2018;15:01:00;424;com vítima;91;BR-040/RJ;Sul;Choque - Objeto Fixo;1;;;;;;;;;;0;2;;;
04/11/2018;16:08:00;431;sem vítima;82;BR-040/RJ;Sul;Choque - Objeto Fixo;1;;;;;;;;;;1;;;;
04/11/2018;16:11:00;433;sem vítima;111;BR-040/RJ;Sul;Engavetamento;3;;;;;;;;;;3;;;;
04/11/2018;16:56:00;438;sem vítima;84;BR-040/RJ;Norte;Choque - Objeto Fixo;1;;;;;;;;;;1;;;;
04/11/2018;17:31:00;440;sem vítima;77;BR-040/RJ;Sul;Choque - Objeto Fixo;1;;;;;;;;;;1;;;;
04/11/2018;19:37:00;456;sem vítima;95;BR-040/RJ;Norte;Choque - Objeto Fixo;1;;;;;;;;;;1;;;;
04/11/2018;20:49:00;466;com vítima;62;BR-040/RJ;Sul;Colisão Frontal;1;;;1;;;;;;;1;1;;;
04/11/2018;23:22:00;479;com vítima;116;BR-040/RJ;Norte;Derrapagem;1;;;;;1;;;;;1;1;;;
04/11/2018;00:00:00;480;com vítima;117;BR-040/RJ;Sul;Choque - Objeto Fixo;1;;;;;;;;;;0;3;;;
05/11/2018;00:29:00;483;sem vítima;90;BR-040/RJ;Sul;Choque - Objeto Fixo;1;;;;;;;;;;1;;;;
05/11/2018;03:00:00;488;sem vítima;105;BR-040/RJ;Norte;Choque - Objeto Fixo;1;;;;;;;;;;1;;;;
05/11/2018;04:32:00;492;sem vítima;122;BR-040/RJ;Norte;Choque - Objeto Fixo;1;;;;;;;;;;1;;;;
05/11/2018;04:47:00;493;sem vítima;90;BR-040/RJ;Sul;Choque - Objeto Fixo;1;;;;;;;;;;1;;;;
05/11/2018;07:04:00;498;sem vítima;94;BR-040/RJ;Sul;Choque - Objeto Fixo;1;;;;;;;;;;1;;;;
05/11/2018;07:25:00;502;sem vítima;84;BR-040/RJ;Sul;Choque - Objeto Fixo;1;;;;;;;;;;1;;;;
05/11/2018;07:28:00;503;sem vítima;91;BR-040/RJ;Sul;Choque - Objeto Fixo;1;;;;;;;;;;1;;;;
05/11/2018;08:26:00;511;sem vítima;94;BR-040/RJ;Norte;Choque - Objeto Fixo;1;;;;;;;;;;1;;;;
05/11/2018;10:06:00;528;sem vítima;90;BR-040/RJ;Sul;Choque - Objeto Fixo;1;;;;;;;;;;1;;;;
05/11/2018;10:24:00;530;sem vítima;84;BR-040/RJ;Sul;Choque - Objeto Fixo;1;;;;;;;;;;1;;;;
05/11/2018;10:26:00;531;sem vítima;96;BR-040/RJ;Sul;Choque - Objeto Fixo;1;;;;;;;;;;1;;;;
05/11/2018;11:30:00;538;sem vítima;93;BR-040/RJ;Norte;Choque - Objeto Fixo;1;;;;;;;;;;1;;;;
05/11/2018;11:34:00;539;sem vítima;96;BR-040/RJ;Sul;Choque - Objeto Fixo;1;;;;;;;;;;1;;;;
05/11/2018;12:30:00;542;sem vítima;81;BR-040/RJ;Sul;Choque - Objeto Fixo;1;;;;;;;;;;1;;;;
05/11/2018;13:03:00;549;sem vítima;84;BR-040/RJ;Norte;Choque - Objeto Fixo;1;;;;;;;;;;1;;;;
05/11/2018;13:42:00;551;com vítima;32;BR-040/RJ;Norte;Capotamento;1;;;;;;;;;;0;1;;;
05/11/2018;14:48:00;557;com vítima;92;BR-040/RJ;Sul;Capotamento;1;;;;;;;;;;0;1;;;
05/11/2018;15:09:00;565;sem vítima;92;BR-040/RJ;Sul;Choque - Objeto Fixo;1;;;;;;;;;;1;;;;
05/11/2018;15:34:00;566;sem vítima;82;BR-040/RJ;Sul;Choque - Objeto Fixo;1;;;;;;;;;;1;;;;
05/11/2018;15:35:00;567;com vítima;812;BR-040/MG;Norte;Choque - Objeto Fixo;1;;;;;;;;;;1;3;;;
05/11/2018;15:51:00;569;com vítima;37;BR-040/RJ;Norte;Tombamento;;;1;;;1;;;;;1;1;;;
05/11/2018;16:32:00;573;sem vítima;94;BR-040/RJ;Sul;Choque - Objeto Fixo;1;;;;;;;;;;1;;;;
05/11/2018;16:44:00;575;sem vítima;93;BR-040/RJ;Sul;Choque - Objeto Fixo;1;;;;;;;;;;1;;;;
05/11/2018;18:00:00;586;sem vítima;96;BR-040/RJ;Sul;Choque - Objeto Fixo;1;;;;;;;;;;1;;;;
05/11/2018;18:21:00;589;sem vítima;35;BR-040/RJ;Norte;Choque - Objeto Fixo;1;;;;;;;;;;1;;;;
05/11/2018;18:27:00;590;sem vítima;91;BR-040/RJ;Sul;Choque - Objeto Fixo;1;;;;;;;;;;1;;;;
05/11/2018;18:34:00;592;sem vítima;92;BR-040/RJ;Sul;Choque - Objeto Fixo;1;;;;;;;;;;1;;;;
05/11/2018;19:10:00;596;sem vítima;96;BR-040/RJ;Sul;Choque - Objeto Fixo;1;;;;;;;;;;1;;;;
05/11/2018;22:37:00;617;com vítima;794;BR-040/MG;Sul;Capotamento;1;;;;;;;;;;0;1;;;
06/11/2018;08:16:00;648;sem vítima;816;BR-040/MG;Norte;Colisão Traseira;1;;1;;;;;;;;2;;;;