data;horario;n_da_ocorrencia;tipo_de_ocorrencia;km;trecho;sentido;tipo_de_acidente;automovel;bicicleta;caminhao;moto;onibus;outros;tracao_animal;transporte_de_cargas_especiais;trator_maquinas;utilitarios;ilesos;levemente_feridos;moderadamente_feridos;gravemente_feridos;mortos
28/11/2018;14:45:00;3730;com vítima;80;BR-040/RJ;Norte;Choque - Objeto Fixo;1;;;;;;;;;;0;1;;;
28/11/2018;18:50:00;3759;sem vítima;111;BR-040/RJ;Norte;Derrapagem;1;;;;;;;;;;1;;;;
29/11/2018;07:07:00;3800;sem vítima;780;BR-040/MG;Sul;Colisão Lateral;2;;;;;;;;;;2;;;;
29/11/2018;08:12:00;3813;sem vítima;90;BR-040/RJ;Sul;Choque - Objeto Fixo;1;;;;;;;;;;1;;;;
29/11/2018;09:23:00;3822;com vítima;827;BR-040/MG;Sul;Capotamento;1;;;;;;;;;;0;1;;;
29/11/2018;10:16:00;3830;sem vítima;123;BR-040/RJ;Sul;Colisão Traseira;;;2;;;;;;;;2;;;;
29/11/2018;14:00:00;3853;sem vítima;93;BR-040/RJ;Sul;Choque - Objeto Fixo;;;1;;;;;;;;1;;;;
29/11/2018;15:26:00;3863;sem vítima;94;BR-040/RJ;Norte;Derrapagem;1;;;;;;;;;;1;;;;
29/11/2018;19:28:00;3897;sem vítima;114;BR-040/RJ;Norte;Colisão Traseira;2;;1;;;;;;;;3;;;;
30/11/2018;02:50:00;3935;com vítima;70;BR-040/RJ;Norte;Tombamento;;;1;;;;;;;;0;1;;;
30/11/2018;11:38:00;3988;com vítima;94;BR-040/RJ;Sul;Tombamento;;;1;;;;;;;;0;2;;;
30/11/2018;12:24:00;3994;com vítima;121;BR-040/RJ;Sul;Colisão Traseira;1;;;1;;;;;;;1;1;;;
30/11/2018;12:39:00;3998;sem vítima;95;BR-040/RJ;Norte;Colisão Traseira;2;;;;;;;;;;2;;;;
30/11/2018;13:02:00;4001;sem vítima;121;BR-040/RJ;Sul;Colisão Lateral;1;;1;;;;;;;;2;;;;
30/11/2018;15:08:00;4013;sem vítima;782;BR-040/MG;Norte;Choque - Objeto Fixo;1;;;;;;;;;;1;;;;
30/11/2018;15:18:00;4014;com vítima;13;BR-040/RJ;Sul;Choque - Objeto Fixo;1;;;;;;;;;;0;4;;;
30/11/2018;16:36:00;4020;com vítima;14;BR-040/RJ;Sul;Choque - Objeto Fixo;1;;;;;;;;;;0;;1;;
30/11/2018;17:17:00;4024;sem vítima;93;BR-040/RJ;Sul;Choque - Objeto Fixo;1;;;;;;;;;;1;;;;
30/11/2018;17:18:00;4026;sem vítima;96;BR-040/RJ;Sul;Choque - Objeto Fixo;1;;;;;;;;;;1;;;;
30/11/2018;17:35:00;4029;sem vítima;67;BR-040/RJ;Norte;Choque - Objeto Fixo;1;;;;;;;;;;1;;;;
30/11/2018;18:25:00;4033;com vítima;78;BR-040/RJ;Sul;Choque - Objeto Fixo;1;;;;;;;;;;0;4;;;
30/11/2018;23:41:00;4078;com vítima;113;BR-040/RJ;Norte;Colisão Traseira;2;;;;;;;;;;0;2;;;
01/12/2018;02:04:00;3;sem vítima;124;BR-040/RJ;Sul;Choque - Objeto Fixo;1;;;;;;;;;;1;;;;
01/12/2018;02:28:00;5;sem vítima;23;BR-040/RJ;Sul;Choque - Objeto Fixo;1;;;;;;;;;;1;;;;
01/12/2018;05:07:00;12;sem vítima;32;BR-040/RJ;Norte;Derrapagem;1;;;;;;;;;;1;;;;
01/12/2018;06:37:00;17;sem vítima;43;BR-040/RJ;Sul;Choque - Objeto Fixo;1;;;;;;;;;;1;;;;
01/12/2018;07:22:00;25;sem vítima;109;BR-040/RJ;Sul;Colisão Lateral;1;;1;;;;;;;;2;;;;
01/12/2018;07:25:00;26;com vítima;36;BR-040/RJ;Norte;Choque - Objeto Fixo;1;;;;;;;;;;0;4;;;
01/12/2018;08:12:00;29;sem vítima;43;BR-040/RJ;Norte;Choque - Objeto Fixo;1;;;;;;;;;;1;;;;
01/12/2018;08:41:00;34;sem vítima;78;BR-040/RJ;Sul;Choque - Objeto Fixo;1;;;;;;;;;;1;;;;
01/12/2018;10:32:00;43;sem vítima;30;BR-040/RJ;Norte;Choque - Objeto Fixo;1;;;;;;;;;;1;;;;
01/12/2018;10:58:00;48;com vítima;118;BR-040/RJ;Norte;Colisão Frontal;3;;;;;1;;;;;1;4;1;;
01/12/2018;11:42:00;56;com vítima;2;BR-040/RJ;Norte;Capotamento;1;;;;;;;;;;0;2;;;
01/12/2018;11:57:00;58;sem vítima;75;BR-040/RJ;Sul;Choque - Objeto Fixo;1;;;;;;;;;;1;;;;
01/12/2018;12:53:00;63;sem vítima;84;BR-040/RJ;Norte;Choque - Objeto Fixo;1;;;;;;;;;;1;;;;
01/12/2018;13:14:00;67;com vítima;10;BR-040/RJ;Sul;Choque - Objeto Fixo;1;;;;;;;;;;0;;2;;
01/12/2018;16:54:00;96;sem vítima;99;BR-040/RJ;Norte;Choque - Objeto Fixo;1;;;;;;;;;;1;;;;
01/12/2018;19:10:00;115;com vítima;53;BR-040/RJ;Sul;Choque - Objeto Fixo;1;;;;;;;;;;0;2;;;
02/12/2018;05:39:00;158;sem vítima;121;BR-040/RJ;Norte;Colisão Traseira;2;;;;;;;;;;2;;;;
02/12/2018;07:00:00;163;sem vítima;12;BR-040/RJ;Norte;Choque - Objeto Fixo;1;;;;;;;;;;1;;;;
02/12/2018;10:23:00;179;sem vítima;92;BR-040/RJ;Sul;Choque - Objeto Fixo;1;;;;;;;;;;1;;;;
02/12/2018;12:33:00;195;sem vítima;90;BR-040/RJ;Sul;Choque - Objeto Fixo;1;;;;;;;;;;1;;;;
02/12/2018;12:48:00;196;com vítima;93;BR-040/RJ;Sul;Capotamento;1;;;;;;;;;;0;3;;;
02/12/2018;13:15:00;198;sem vítima;92;BR-040/RJ;Sul;Choque - Objeto Fixo;1;;;;;;;;;;1;;;;
02/12/2018;13:32:00;199;sem vítima;113;BR-040/RJ;Norte;Choque - Objeto Fixo;1;;;;;;;;;;1;;;;
02/12/2018;13:47:00;200;sem vítima;818;BR-040/MG;Norte;Choque - Objeto Fixo;1;;;;;;;;;;1;;;;
02/12/2018;15:21:00;211;sem vítima;78;BR-040/RJ;Sul;Choque - Objeto Fixo;1;;;;;;;;;;1;;;;
02/12/2018;15:39:00;214;com vítima;91;BR-040/RJ;Sul;Choque - Objeto Fixo;1;;;;;;;;;;0;3;;;
02/12/2018;16:20:00;221;sem vítima;91;BR-040/RJ;Norte;Choque - Objeto Fixo;1;;;;;;;;;;1;;;;
02/12/2018;16:30:00;226;com vítima;84;BR-040/RJ;Sul;Choque - Objeto Fixo;1;;;;;;;;;;1;1;;;
02/12/2018;16:34:00;228;sem vítima;91;BR-040/RJ;Norte;Choque - Objeto Fixo;1;;;;;;;;;;1;;;;
02/12/2018;17:29:00;235;sem vítima;101;BR-040/RJ;Norte;Colisão Traseira;2;;;;;;;;;;2;;;;
02/12/2018;18:07:00;240;com vítima;78;BR-040/RJ;Sul;Choque - Objeto Fixo;1;;;;;;;;;;3;1;;;
02/12/2018;18:24:00;245;com vítima;92;BR-040/RJ;Sul;Choque - Objeto Fixo;1;;;;;;;;;;0;1;;;
02/12/2018;18:26:00;246;sem vítima;82;BR-040/RJ;Sul;Choque - Objeto Fixo;1;;;;;;;;;;1;;;;
02/12/2018;19:06:00;250;com vítima;87;BR-040/RJ;Sul;Choque - Objeto Fixo;1;;;;;;;;;;0;1;;;
02/12/2018;19:13:00;252;sem vítima;5;BR-040/RJ;Norte;Choque - Objeto Fixo;1;;;;;;;;;;1;;;;
02/12/2018;19:14:00;253;sem vítima;113;BR-040/RJ;Norte;Engavetamento;2;;;;;1;;;;;3;;;;
02/12/2018;19:15:00;254;sem vítima;118;BR-040/RJ;Norte;Choque - Objeto Fixo;1;;;;;;;;;;1;;;;
02/12/2018;20:18:00;260;com vítima;118;BR-040/RJ;Sul;Queda de Moto;;;;1;;;;;;;0;1;;;
02/12/2018;20:39:00;268;com vítima;108;BR-040/RJ;Norte;Choque - Objeto Fixo;1;;;;;;;;;;0;1;;;
02/12/2018;21:20:00;271;sem vítima;86;BR-040/RJ;Sul;Choque - Objeto Fixo;1;;;;;;;;;;1;;;;
03/12/2018;00:48:00;281;sem vítima;94;BR-040/RJ;Norte;Choque - Objeto Fixo;1;;;;;;;;;;1;;;;
03/12/2018;01:31:00;283;sem vítima;92;BR-040/RJ;Norte;Choque - Objeto Fixo;;;1;;;;;;;;1;;;;
03/12/2018;02:07:00;284;sem vítima;802;BR-040/MG;Sul;Choque - Objeto Fixo;1;;;;;;;;;;1;;;;
03/12/2018;07:12:00;297;sem vítima;74;BR-040/RJ;Norte;Choque - Objeto Fixo;1;;;;;;;;;;1;;;;
03/12/2018;13:44:00;335;com vítima;104;BR-040/RJ;Sul;Queda de Moto;;;;1;;;;;;;0;2;;;
03/12/2018;15:02:00;341;sem vítima;784;BR-040/MG;Norte;Choque - Objeto Fixo;1;;;;;;;;;;1;;;;
03/12/2018;16:22:00;352;com vítima;41;BR-040/RJ;Sul;Colisão Traseira;2;;;;;;;;;;0;2;;;
03/12/2018;18:33:00;366;com vítima;90;BR-040/RJ;Sul;Choque - Objeto Fixo;1;;;;;;;;;;0;2;;;
03/12/2018;18:33:00;367;com vítima;85;BR-040/RJ;Sul;Capotamento;1;;;;;;;;;;1;1;;;
03/12/2018;22:53:00;387;sem vítima;85;BR-040/RJ;Norte;Choque - Objeto Fixo;1;;;;;;;;;;1;;;;
04/12/2018;06:14:00;404;sem vítima;38;BR-040/RJ;Sul;Choque - Objeto Fixo;1;;;;;;;;;;1;;;;
04/12/2018;07:09:00;409;com vítima;46;BR-040/RJ;Norte;Colisão Traseira;1;;1;;;;;;;;1;1;;;
04/12/2018;20:11:00;510;com vítima;70;BR-040/RJ;Sul;Colisão Lateral;1;;1;;;;;;;;0;1;1;2;1
05/12/2018;00:43:00;530;com vítima;790;BR-040/MG;Norte;Choque - Objeto Fixo;1;;;;;;;;;;0;1;;;
05/12/2018;01:39:00;534;com vítima;117;BR-040/RJ;Sul;Colisão Lateral;1;;1;;;;;;;;0;2;1;;
05/12/2018;12:47:00;584;com vítima;21;BR-040/RJ;Norte;Tombamento;;;1;;;;;;;;0;1;;;
05/12/2018;13:21:00;588;sem vítima;93;BR-040/RJ;Sul;Choque - Objeto Fixo;1;;;;;;;;;;1;;;;
05/12/2018;14:43:00;597;com vítima;29;BR-040/RJ;Norte;Choque - Objeto Fixo;1;;;;;;;;;;0;2;;;
05/12/2018;15:53:00;607;sem vítima;92;BR-040/RJ;Sul;Choque - Objeto Fixo;1;;;;;;;;;;1;;;;
05/12/2018;15:55:00;609;sem vítima;80;BR-040/RJ;Norte;Choque - Objeto Fixo;1;;;;;;;;;;1;;;;
05/12/2018;16:23:00;613;com vítima;84;BR-040/RJ;Sul;Capotamento;1;;;;;;;;;;0;4;;;
05/12/2018;16:31:00;614;sem vítima;93;BR-040/RJ;Sul;Choque - Objeto Fixo;1;;;;;;;;;;1;;;;
05/12/2018;18:04:00;626;com vítima;123;BR-040/RJ;Sul;Colisão Traseira;1;;;1;;;;;;;0;3;;;
06/12/2018;10:09:00;720;com vítima;124;BR-040/RJ;Sul;Colisão Traseira;1;;;1;;;;;;;1;1;1;;
06/12/2018;10:11:00;721;sem vítima;104;BR-040/RJ;Norte;Colisão Lateral;2;;;;;;;;;;2;;;;
06/12/2018;12:49:00;742;com vítima;81;BR-040/RJ;Norte;Colisão Traseira;1;;;1;;;;;;;0;4;;;
06/12/2018;15:43:00;762;sem vítima;53;BR-040/RJ;Norte;Colisão Lateral;2;;1;;;;;;;;3;;;;
06/12/2018;21:11:00;804;sem vítima;121;BR-040/RJ;Norte;Colisão Traseira;1;;;;;1;;;;;2;;;;
06/12/2018;23:38:00;823;sem vítima;111;BR-040/RJ;Norte;Choque - Objeto Fixo;1;;;;;;;;;;1;;;;
07/12/2018;04:25:00;837;com vítima;810;BR-040/MG;Sul;Choque - Objeto Fixo;1;;;;;;;;;;0;1;;;
07/12/2018;06:32:00;841;sem vítima;93;BR-040/RJ;Sul;Choque - Objeto Fixo;1;;;;;;;;;;1;;;;
07/12/2018;07:53:00;849;sem vítima;90;BR-040/RJ;Sul;Choque - Objeto Fixo;1;;;;;;;;;;1;;;;
07/12/2018;08:30:00;851;sem vítima;92;BR-040/RJ;Norte;Choque - Objeto Fixo;1;;;;;;;;;;1;;;;
07/12/2018;11:22:00;869;sem vítima;98;BR-040/RJ;Norte;Choque - Objeto Fixo;1;;;;;;;;;;1;;;;
07/12/2018;12:36:00;875;sem vítima;85;BR-040/RJ;Norte;Engavetamento;2;;;;1;;;;;;3;;;;
07/12/2018;12:57:00;881;sem vítima;85;BR-040/RJ;Norte;Choque - Objeto Fixo;1;;;;;;;;;;1;;;;
07/12/2018;13:08:00;882;com vítima;91;BR-040/RJ;Norte;Tombamento;1;;;;;;;;;;0;1;;;
07/12/2018;13:57:00;886;com vítima;92;BR-040/RJ;Sul;Choque - Objeto Fixo;1;;;;;;;;;;0;1;;;
07/12/2018;14:09:00;889;com vítima;82;BR-040/RJ;Norte;Queda de Moto;;;;1;;;;;;;0;1;;;
07/12/2018;16:11:00;907;com vítima;804;BR-040/MG;Sul;Choque - Objeto Fixo;1;;;;;;;;;;0;2;;;
07/12/2018;16:21:00;913;sem vítima;84;BR-040/RJ;Norte;Colisão Lateral;1;;1;;;;;;;;2;;;;
07/12/2018;16:24:00;914;sem vítima;92;BR-040/RJ;Sul;Choque - Objeto Fixo;1;;;;;;;;;;1;;;;
07/12/2018;17:12:00;923;sem vítima;783;BR-040/MG;Norte;Choque - Objeto Fixo;1;;;;;;;;;;1;;;;
07/12/2018;17:44:00;926;com vítima;92;BR-040/RJ;Sul;Capotamento;1;;;;;;;;;;0;1;;;
07/12/2018;17:59:00;930;sem vítima;93;BR-040/RJ;Norte;Choque - Objeto Fixo;1;;;;;;;;;;1;;;;
07/12/2018;18:30:00;937;sem vítima;87;BR-040/RJ;Sul;Choque - Objeto Fixo;1;;;;;;;;;;1;;;;
07/12/2018;19:32:00;943;sem vítima;120;BR-040/RJ;Norte;Colisão Traseira;2;;;;;;;;;;2;;;;
08/12/2018;01:22:00;969;sem vítima;84;BR-040/RJ;Sul;Choque - Objeto Fixo;;;1;;;;;;;;1;;;;
08/12/2018;02:08:00;971;sem vítima;113;BR-040/RJ;Sul;Colisão Lateral;1;;1;;;;;;;;2;;;;
08/12/2018;04:12:00;978;sem vítima;117;BR-040/RJ;Norte;Colisão Traseira;1;;1;;;;;;;;2;;;;
08/12/2018;06:33:00;981;sem vítima;97;BR-040/RJ;Norte;Choque - Objeto Fixo;1;;1;;;;;;;;2;;;;
08/12/2018;07:04:00;985;sem vítima;823;BR-040/MG;Norte;Tombamento;;;1;;;;;;;;1;;;;
08/12/2018;07:19:00;989;sem vítima;89;BR-040/RJ;Norte;Choque - Objeto Fixo;1;;;;;;;;;;1;;;;
08/12/2018;07:43:00;992;sem vítima;72;BR-040/RJ;Norte;Derrapagem;1;;;;;;;;;;1;;;;
08/12/2018;09:29:00;1002;com vítima;92;BR-040/RJ;Norte;Choque - Objeto Fixo;1;;;;;;;;;;0;1;;;
08/12/2018;10:03:00;1007;sem vítima;93;BR-040/RJ;Sul;Choque - Objeto Fixo;1;;;;;;;;;;1;;;;
08/12/2018;09:50:00;1008;sem vítima;92;BR-040/RJ;Norte;Colisão Lateral;2;;;;;;;;;;2;;;;
08/12/2018;10:10:00;1009;sem vítima;91;BR-040/RJ;Sul;Choque - Objeto Fixo;1;;;;;;;;;;1;;;;
08/12/2018;11:40:00;1014;sem vítima;120;BR-040/RJ;Norte;Colisão Lateral;1;;1;;;;;;;;2;;;;
08/12/2018;12:20:00;1016;sem vítima;91;BR-040/RJ;Norte;Choque - Objeto Fixo;1;;;;;;;;;;1;;;;
08/12/2018;13:48:00;1023;sem vítima;94;BR-040/RJ;Sul;Choque - Objeto Fixo;1;;;;;;;;;;1;;;;
08/12/2018;17:20:00;1048;sem vítima;119;BR-040/RJ;Norte;Engavetamento;2;;;;;1;;;;;3;;;;
08/12/2018;18:37:00;1058;com vítima;92;BR-040/RJ;Sul;Capotamento;1;;;;;;;;;;0;3;;;
08/12/2018;19:12:00;1062;com vítima;92;BR-040/RJ;Sul;Choque - Objeto Fixo;1;;;;;;;;;;0;3;;;
08/12/2018;19:15:00;1063;sem vítima;84;BR-040/RJ;Norte;Choque - Objeto Fixo;1;;;;;;;;;;1;;;;
08/12/2018;19:32:00;1064;sem vítima;71;BR-040/RJ;Norte;Choque - Objeto Fixo;1;;;;;;;;;;1;;;;
09/12/2018;01:58:00;1099;sem vítima;110;BR-040/RJ;Norte;Choque - Objeto Fixo;1;;;;;;;;;;1;;;;
09/12/2018;05:01:00;1110;sem vítima;113;BR-040/RJ;Norte;Choque - Objeto Fixo;1;;;;;;;;;;1;;;;
09/12/2018;08:36:00;1122;com vítima;92;BR-040/RJ;Norte;Queda de Moto;;;;1;;;;;;;0;1;;;
09/12/2018;10:16:00;1131;sem vítima;47;BR-040/RJ;Sul;Queda de Moto;;;;1;;;;;;;1;;;;
09/12/2018;11:02:00;1136;com vítima;805;BR-040/MG;Norte;Colisão Traseira;1;;;1;;;;;;;0;2;;;
09/12/2018;13:03:00;1151;sem vítima;89;BR-040/RJ;Norte;Choque - Objeto Fixo;1;;;;;;;;;;1;;;;
09/12/2018;14:34:00;1159;com vítima;84;BR-040/RJ;Sul;Capotamento;1;;;;;;;;;;0;2;;;
09/12/2018;17:05:00;1177;com vítima;799;BR-040/MG;Sul;Capotamento;1;;;;;;;;;;1;3;1;;
09/12/2018;17:27:00;1179;com vítima;85;BR-040/RJ;Sul;Queda de Moto;;;;1;;;;;;;0;1;1;;
09/12/2018;17:53:00;1183;sem vítima;84;BR-040/RJ;Sul;Engavetamento;3;;;;;;;;;;3;;;;
09/12/2018;19:14:00;1197;sem vítima;24;BR-040/RJ;Norte;Choque - Objeto Fixo;1;;;;;;;;;;1;;;;
10/12/2018;00:03:00;1223;sem vítima;110;BR-040/RJ;Sul;Colisão Lateral;;;1;;;1;;;;;2;;;;
10/12/2018;00:18:00;1224;com vítima;24;BR-040/RJ;Sul;Atropelamento - Pedestre;;;;1;;1;;;;;0;2;;;
10/12/2018;09:14:00;1255;sem vítima;85;BR-040/RJ;Norte;Colisão Lateral;1;;;;;1;;;;;2;;;;
10/12/2018;10:32:00;1265;sem vítima;52;BR-040/RJ;Sul;Queda de Moto;;;;1;;;;;;;1;;;;
10/12/2018;17:22:00;1317;sem vítima;110;BR-040/RJ;Norte;Engavetamento;3;;1;1;;;;;;;5;;;;
10/12/2018;19:22:00;1326;sem vítima;119;BR-040/RJ;Norte;Capotamento;1;;;;;;;;;;1;;;;
10/12/2018;19:22:00;1327;com vítima;118;BR-040/RJ;Norte;Engavetamento;3;;;;;;;;;;2;1;;;
10/12/2018;20:31:00;1332;com vítima;113;BR-040/RJ;Norte;Colisão Traseira;2;;;;;;;;;;1;1;;;
11/12/2018;00:30:00;1350;com vítima;78;BR-040/RJ;Norte;Tombamento;;;1;;;1;;;;;1;1;;;
11/12/2018;04:57:00;1357;com vítima;60;BR-040/RJ;Norte;Capotamento;1;;;;;;;;;;0;1;;;
11/12/2018;07:23:00;1361;sem vítima;820;BR-040/MG;Norte;Choque - Objeto Fixo;;;1;;;;;;;;1;;;;
11/12/2018;11:55:00;1396;com vítima;107;BR-040/RJ;Sul;Engavetamento;2;;1;;;;;;;;2;1;;;
11/12/2018;15:47:00;1431;com vítima;809;BR-040/MG;Norte;Choque - Objeto Fixo;1;;;;;;;;;;0;3;;;
11/12/2018;18:08:00;1448;com vítima;62;BR-040/RJ;Norte;Atropelamento - Pedestre;;;;1;;1;;;;;0;2;;;
11/12/2018;18:18:00;1449;sem vítima;123;BR-040/RJ;Norte;Colisão Lateral;1;;;1;;;;;;;2;;;;
12/12/2018;07:30:00;1499;com vítima;121;BR-040/RJ;Sul;Colisão Lateral;1;;;1;;;;;;;1;1;;;
12/12/2018;12:46:00;1548;sem vítima;114;BR-040/RJ;Norte;Choque - Objeto Fixo;2;;;;;;;;;;2;;;;
12/12/2018;16:07:00;1582;com vítima;118;BR-040/RJ;Norte;Engavetamento;3;;;;;;;;;;0;2;1;;
12/12/2018;17:08:00;1593;com vítima;53;BR-040/RJ;Sul;Queda de Moto;;;;1;;;;;;;0;;1;;
12/12/2018;17:32:00;1599;sem vítima;116;BR-040/RJ;Norte;Colisão Traseira;2;;;;;1;;;;;3;;;;
12/12/2018;20:00:00;1626;com vítima;89;BR-040/RJ;Sul;Choque - Objeto Fixo;1;;;;;;;;;;0;2;2;;
13/12/2018;08:20:00;1676;sem vítima;106;BR-040/RJ;Sul;Colisão Lateral;1;;1;;;;;;;;2;;;;
13/12/2018;10:50:00;1696;sem vítima;112;BR-040/RJ;Norte;Colisão Traseira;2;;;;;;;;;;2;;;;
13/12/2018;15:57:00;1738;sem vítima;783;BR-040/MG;Norte;Choque - Objeto Fixo;1;;;;;;;;;;1;;;;
14/12/2018;10:03:00;1834;com vítima;104;BR-040/RJ;Sul;Engavetamento;3;;;;;;;;;;2;1;;;
14/12/2018;13:33:00;1863;sem vítima;780;BR-040/MG;Norte;Choque - Objeto Fixo;1;;;;;;;;;;1;;;;
14/12/2018;16:28:00;1893;sem vítima;92;BR-040/RJ;Sul;Choque - Objeto Fixo;1;;;;;;;;;;1;;;;
14/12/2018;16:57:00;1899;com vítima;111;BR-040/RJ;Norte;Engavetamento;2;;;;;1;;;;;2;1;;;
14/12/2018;21:06:00;1940;com vítima;113;BR-040/RJ;Sul;Colisão Lateral;1;;2;;;;;;;;1;2;;;
14/12/2018;23:06:00;1949;com vítima;52;BR-040/RJ;Norte;Choque - Objeto Fixo;3;;1;;;;;;;;0;5;;;
15/12/2018;00:11:00;1959;com vítima;108;BR-040/RJ;Norte;Colisão Lateral;1;;;1;;;;;;;1;1;;;
15/12/2018;15:16:00;2063;com vítima;115;BR-040/RJ;Norte;Capotamento;2;;;;;;;;;;1;2;;;
15/12/2018;15:20:00;2070;sem vítima;89;BR-040/RJ;Norte;Colisão Lateral;1;;;;1;;;;;;2;;;;
15/12/2018;16:26:00;2082;com vítima;109;BR-040/RJ;Sul;Capotamento;1;;;;;;;;;;0;;1;;
15/12/2018;17:56:00;2094;sem vítima;121;BR-040/RJ;Norte;Colisão Traseira;2;;;;;;;;;;2;;;;
15/12/2018;21:06:00;2115;com vítima;116;BR-040/RJ;Norte;Colisão Traseira;2;;;;;;;;;;4;2;;;
16/12/2018;10:05:00;2184;com vítima;62;BR-040/RJ;Sul;Choque - Objeto Fixo;1;;;;;;;;;;1;1;;;
16/12/2018;10:16:00;2185;com vítima;121;BR-040/RJ;Sul;Choque - Objeto Fixo;;;;1;;;;;;;1;1;;;
16/12/2018;11:06:00;2188;sem vítima;784;BR-040/MG;Norte;Colisão Traseira;2;;;;;;;;;;2;;;;
16/12/2018;11:21:00;2192;sem vítima;109;BR-040/RJ;Sul;Colisão Traseira;2;;;;;;;;;;2;;;;
16/12/2018;16:57:00;2241;sem vítima;122;BR-040/RJ;Sul;Colisão Traseira;1;;1;;;;;;;;2;;;;
16/12/2018;17:46:00;2252;sem vítima;55;BR-040/RJ;Sul;Choque - Objeto Fixo;1;;;;;;;;;;1;;;;
16/12/2018;18:22:00;2260;sem vítima;96;BR-040/RJ;Norte;Choque - Objeto Fixo;1;;;;;;;;;;1;;;;
16/12/2018;19:35:00;2272;sem vítima;84;BR-040/RJ;Norte;Choque - Objeto Fixo;1;;;;;;;;;;1;;;;
16/12/2018;20:30:00;2278;sem vítima;124;BR-040/RJ;Sul;Choque - Objeto Fixo;1;;;;;;;;;;1;;;;
17/12/2018;00:02:00;2300;com vítima;112;BR-040/RJ;Norte;Queda de Moto;;;;1;;;;;;;0;;2;;
17/12/2018;05:56:00;2320;sem vítima;110;BR-040/RJ;Sul;Engavetamento;3;;;;;;;;;;3;;;;
17/12/2018;08:11:00;2338;com vítima;119;BR-040/RJ;Sul;Queda de Moto;;;;1;;;;;;;0;1;;;
17/12/2018;12:28:00;2365;com vítima;60;BR-040/RJ;Sul;Choque - Objeto Fixo;1;;;;;;;;;;0;1;;;
17/12/2018;13:28:00;2374;sem vítima;3;BR-040/RJ;Norte;Colisão Traseira;2;;;;;;;;;;2;;;;
17/12/2018;14:56:00;2390;com vítima;96;BR-040/RJ;Sul;Choque - Objeto Fixo;1;;;;;;;;;;0;1;;;
17/12/2018;22:18:00;2443;com vítima;118;BR-040/RJ;Norte;Colisão Lateral;1;;1;;1;;;;;;2;1;;;
18/12/2018;03:54:00;2462;sem vítima;102;BR-040/RJ;Norte;Colisão Lateral;1;;;;1;;;;;;2;;;;
18/12/2018;04:54:00;2466;sem vítima;121;BR-040/RJ;Sul;Colisão Traseira;2;;;;;;;;;;2;;;;
18/12/2018;12:25:00;2528;com vítima;89;BR-040/RJ;Sul;Tombamento;;;1;;;;;;;;0;1;;;
18/12/2018;15:50:00;2569;sem vítima;3;BR-040/RJ;Norte;Choque - Objeto Fixo;1;;;;;;;;;;1;;;;
18/12/2018;16:16:00;2576;sem vítima;120;BR-040/RJ;Sul;Colisão Traseira;1;;;;1;;;;;;2;;;;
18/12/2018;16:26:00;2577;sem vítima;90;BR-040/RJ;Norte;Colisão Traseira;2;;;;;;;;;;2;;;;
18/12/2018;17:30:00;2590;com vítima;90;BR-040/RJ;Sul;Choque - Objeto Fixo;;;1;;;;;;;;0;2;;;
18/12/2018;17:58:00;2597;sem vítima;109;BR-040/RJ;Norte;Colisão Traseira;1;;;;;1;;;;;2;;;;
18/12/2018;18:47:00;2608;com vítima;77;BR-040/RJ;Norte;Queda de Moto;;;;1;;;;;;;0;;1;;
18/12/2018;19:19:00;2613;sem vítima;123;BR-040/RJ;Norte;Colisão Traseira;2;;;;;;;;;;2;;;;
18/12/2018;22:07:00;2641;sem vítima;108;BR-040/RJ;Norte;Choque - Objeto Fixo;1;;;;;;;;;;1;;;;
18/12/2018;22:20:00;2642;sem vítima;98;BR-040/RJ;Norte;Choque - Objeto Fixo;1;;;;;;;;;;1;;;;
19/12/2018;00:04:00;2651;com vítima;116;BR-040/RJ;Norte;Colisão Traseira;4;;;;;;;;;;1;5;1;;
19/12/2018;07:42:00;2675;sem vítima;777;BR-040/MG;Sul;Choque - Objeto Fixo;1;;;;;;;;;;1;;;;
19/12/2018;12:09:00;2707;com vítima;123;BR-040/RJ;Sul;Colisão Lateral;2;;;;;;;;;;0;3;;;
19/12/2018;15:42:00;2750;com vítima;84;BR-040/RJ;Sul;Choque - Objeto Fixo;1;;;;;;;;;;0;1;;;
19/12/2018;15:52:00;2753;sem vítima;79;BR-040/RJ;Sul;Choque - Objeto Fixo;1;;;;;;;;;;1;;;;
19/12/2018;16:17:00;2758;com vítima;61;BR-040/RJ;Sul;Choque - Objeto Fixo;1;;;;;;;;;;0;;1;;
19/12/2018;16:46:00;2766;com vítima;92;BR-040/RJ;Sul;Capotamento;1;;;;;;;;;;0;2;;;
19/12/2018;17:39:00;2773;com vítima;824;BR-040/MG;Norte;Choque - Objeto Fixo;1;;;;;;;;;;0;1;;;
19/12/2018;17:47:00;2774;sem vítima;804;BR-040/MG;Sul;Choque - Objeto Fixo;1;;;;;;;;;;1;;;;
19/12/2018;18:02:00;2779;sem vítima;92;BR-040/RJ;Sul;Choque - Objeto Fixo;1;;;;;;;;;;1;;;;
20/12/2018;01:44:00;2821;sem vítima;83;BR-040/RJ;Norte;Choque - Objeto Fixo;1;;;;;;;;;;1;;;;