data;horario;n_da_ocorrencia;tipo_de_ocorrencia;km;trecho;sentido;tipo_de_acidente;automovel;bicicleta;caminhao;moto;onibus;outros;tracao_animal;transporte_de_cargas_especiais;trator_maquinas;utilitarios;ilesos;levemente_feridos;moderadamente_feridos;gravemente_feridos;mortos
01/03/2019;16:42:00;143;com vítima;77;BR-040/RJ;Norte;Colisão Traseira;2;;;;;;;;;;0;2;1;;
01/03/2019;19:26:00;175;sem vítima;111;BR-040/RJ;Norte;Colisão Traseira;1;;1;;;1;;;;;3;;;;
01/03/2019;19:44:00;180;com vítima;104;BR-040/RJ;Sul;Colisão Transversal;1;1;;;;;;;;;1;;;;1
01/03/2019;23:06:00;213;sem vítima;93;BR-040/RJ;Sul;Derrapagem;1;;;;;;;;;;1;;;;
01/03/2019;23:18:00;218;sem vítima;110;BR-040/RJ;Sul;Capotamento;1;;;;;;;;;;1;;;;
02/03/2019;01:00:00;225;sem vítima;77;BR-040/RJ;Norte;Choque - Objeto Fixo;1;;;;;;;;;;1;;;;
02/03/2019;02:06:00;230;sem vítima;93;BR-040/RJ;Sul;Derrapagem;1;;;;;;;;;;1;;;;
02/03/2019;02:27:00;234;sem vítima;787;BR-040/MG;Norte;Derrapagem;1;;;;;;;;;;1;;;;
02/03/2019;02:34:00;236;com vítima;113;BR-040/RJ;Sul;Capotamento;1;;;;;;;;;;0;1;;;
02/03/2019;04:25:00;244;sem vítima;112;BR-040/RJ;Norte;Choque - Objeto Fixo;1;;;;;;;;;;1;;;;
02/03/2019;04:27:00;245;sem vítima;113;BR-040/RJ;Sul;Choque - Objeto Fixo;1;;;;;;;;;;1;;;;
02/03/2019;04:29:00;246;sem vítima;82;BR-040/RJ;Sul;Choque - Objeto Fixo;1;;;;;;;;;;1;;;;
02/03/2019;05:01:00;249;sem vítima;84;BR-040/RJ;Sul;Choque - Objeto Fixo;1;;;;;;;;;;1;;;;
02/03/2019;05:46:00;251;sem vítima;93;BR-040/RJ;Sul;Choque - Objeto Fixo;1;;;;;;;;;;1;;;;
02/03/2019;05:50:00;252;sem vítima;84;BR-040/RJ;Sul;Choque - Objeto Fixo;1;;;;;;;;;;1;;;;
02/03/2019;06:02:00;255;sem vítima;91;BR-040/RJ;Sul;Choque - Objeto Fixo;1;;;;;;;;;;1;;;;
02/03/2019;06:12:00;257;sem vítima;91;BR-040/RJ;Sul;Choque - Objeto Fixo;1;;;;;;;;;;1;;;;
02/03/2019;06:15:00;258;sem vítima;86;BR-040/RJ;Sul;Choque - Objeto Fixo;1;;;;;;;;;;1;;;;
02/03/2019;06:05:00;260;sem vítima;93;BR-040/RJ;Sul;Choque - Objeto Fixo;1;;;;;;;;;;1;;;;
02/03/2019;06:44:00;262;sem vítima;75;BR-040/RJ;Sul;Choque - Objeto Fixo;1;;;;;;;;;;1;;;;
02/03/2019;07:45:00;274;sem vítima;104;BR-040/RJ;Norte;Colisão Lateral;1;;;;;1;;;;;2;;;;
02/03/2019;07:48:00;276;sem vítima;100;BR-040/RJ;Norte;Choque - Objeto Fixo;1;;;;;;;;;;1;;;;
02/03/2019;08:30:00;284;com vítima;84;BR-040/RJ;Sul;Choque - Objeto Fixo;1;;;;;;;;;;0;1;;;
02/03/2019;08:31:00;285;sem vítima;91;BR-040/RJ;Norte;Choque - Objeto Fixo;1;;;;;;;;;;1;;;;
02/03/2019;08:44:00;288;com vítima;84;BR-040/RJ;Sul;Choque - Objeto Fixo;1;;;;;;;;;;0;1;;;
02/03/2019;08:46:00;289;com vítima;92;BR-040/RJ;Norte;Choque - Objeto Fixo;1;;;;;;;;;;0;1;;;
02/03/2019;09:19:00;298;sem vítima;90;BR-040/RJ;Sul;Choque - Objeto Fixo;1;;;;;;;;;;1;;;;
02/03/2019;09:19:00;300;sem vítima;82;BR-040/RJ;Sul;Choque - Objeto Fixo;1;;;;;;;;;;1;;;;
02/03/2019;09:29:00;301;com vítima;85;BR-040/RJ;Sul;Choque - Objeto Fixo;1;;;;;;;;;;0;3;;;
02/03/2019;09:37:00;302;com vítima;84;BR-040/RJ;Sul;Tombamento;1;;;;;;;;;;0;2;;;
02/03/2019;09:36:00;304;sem vítima;77;BR-040/RJ;Sul;Choque - Objeto Fixo;1;;;;;;;;;;1;;;;
02/03/2019;09:59:00;306;sem vítima;94;BR-040/RJ;Sul;Choque - Objeto Fixo;1;;;;;;;;;;1;;;;
02/03/2019;10:28:00;310;com vítima;93;BR-040/RJ;Sul;Choque - Objeto Fixo;1;;;;;;;;;;0;5;;;
02/03/2019;11:02:00;314;sem vítima;87;BR-040/RJ;Sul;Choque - Objeto Fixo;1;;;;;;;;;;1;;;;
02/03/2019;11:12:00;315;sem vítima;91;BR-040/RJ;Norte;Choque - Objeto Fixo;1;;;;;;;;;;1;;;;
02/03/2019;11:15:00;317;sem vítima;94;BR-040/RJ;Sul;Choque - Objeto Fixo;1;;;;;;;;;;1;;;;
02/03/2019;11:21:00;320;sem vítima;44;BR-040/RJ;Norte;Choque - Objeto Fixo;1;;;;;;;;;;1;;;;
02/03/2019;11:37:00;323;sem vítima;84;BR-040/RJ;Sul;Choque - Objeto Fixo;1;;;;;;;;;;1;;;;
02/03/2019;11:40:00;325;sem vítima;86;BR-040/RJ;Sul;Choque - Objeto Fixo;1;;;;;;;;;;1;;;;
02/03/2019;14:56:00;354;sem vítima;6;BR-040/RJ;Norte;Queda de Moto;;;;1;;;;;;;1;;;;
02/03/2019;15:24:00;362;com vítima;809;BR-040/MG;Norte;Choque - Objeto Fixo;1;;;;;;;;;;0;3;;;
02/03/2019;15:51:00;373;sem vítima;78;BR-040/RJ;Sul;Choque - Objeto Fixo;1;;;;;;;;;;1;;;;
02/03/2019;16:16:00;374;sem vítima;93;BR-040/RJ;Sul;Capotamento;1;;;;;;;;;;1;;;;
02/03/2019;16:29:00;376;com vítima;799;BR-040/MG;Norte;Choque - Objeto Fixo;;;1;;;;;;;;0;2;;;
02/03/2019;16:34:00;378;sem vítima;77;BR-040/RJ;Sul;Choque - Objeto Fixo;1;;;;;;;;;;1;;;;
02/03/2019;17:41:00;390;sem vítima;82;BR-040/RJ;Sul;Choque - Objeto Fixo;1;;;;;;;;;;1;;;;
02/03/2019;17:45:00;391;com vítima;90;BR-040/RJ;Sul;Colisão Lateral;1;;;1;;;;;;;0;2;1;;
02/03/2019;18:00:00;394;sem vítima;778;BR-040/MG;Sul;Colisão Frontal;2;;;;;;;;;;2;;;;
03/03/2019;05:06:00;430;sem vítima;1;BR-040/RJ;Sul;Choque - Objeto Fixo;1;;;;;;;;;;1;;;;
03/03/2019;08:39:00;445;sem vítima;95;BR-040/RJ;Norte;Choque - Objeto Fixo;1;;;;;;;;;;1;;;;
03/03/2019;17:31:00;496;com vítima;93;BR-040/RJ;Sul;Choque - Objeto Fixo;1;;;;;;;;;;0;1;;;
03/03/2019;18:41:00;506;com vítima;118;BR-040/RJ;Sul;Engavetamento;4;;;;;;;;;;0;7;;;
03/03/2019;19:29:00;514;sem vítima;78;BR-040/RJ;Sul;Choque - Objeto Fixo;1;;;;;;;;;;1;;;;
03/03/2019;20:18:00;516;sem vítima;84;BR-040/RJ;Sul;Choque - Objeto Fixo;1;;;;;;;;;;1;;;;
03/03/2019;21:08:00;520;sem vítima;114;BR-040/RJ;Sul;Choque - Objeto Fixo;1;;;;;;;;;;1;;;;
04/03/2019;03:31:00;549;sem vítima;774;BR-040/MG;Sul;Choque - Objeto Fixo;1;;;;;;;;;;1;;;;
04/03/2019;11:55:00;592;com vítima;111;BR-040/RJ;Sul;Queda de Moto;;;;1;;;;;;;0;;1;;
04/03/2019;15:10:00;619;com vítima;122;BR-040/RJ;Norte;Capotamento;1;;;;;;;;;;0;1;;;
04/03/2019;16:20:00;623;sem vítima;113;BR-040/RJ;Norte;Engavetamento;5;;;;;;;;;;5;;;;
04/03/2019;16:27:00;625;sem vítima;120;BR-040/RJ;Norte;Choque - Objeto Fixo;1;;;;;;;;;;1;;;;
04/03/2019;16:34:00;627;sem vítima;113;BR-040/RJ;Norte;Colisão Traseira;2;;;;;;;;;;2;;;;
04/03/2019;16:57:00;629;sem vítima;113;BR-040/RJ;Norte;Colisão Traseira;2;;;;;;;;;;2;;;;
04/03/2019;18:16:00;636;sem vítima;86;BR-040/RJ;Sul;Choque - Objeto Fixo;1;;;;;;;;;;1;;;;
04/03/2019;18:20:00;637;sem vítima;91;BR-040/RJ;Norte;Choque - Objeto Fixo;1;;;;;;;;;;1;;;;
05/03/2019;03:54:00;668;com vítima;108;BR-040/RJ;Norte;Colisão Traseira;2;;;;;;;;;;1;1;;;
05/03/2019;04:49:00;670;com vítima;102;BR-040/RJ;Sul;Queda de Moto;;;;1;;;;;;;0;;1;;
05/03/2019;14:41:00;707;sem vítima;22;BR-040/RJ;Norte;Colisão Transversal;2;;;;;;;;;;2;;;;
06/03/2019;02:45:00;757;sem vítima;122;BR-040/RJ;Norte;Colisão Traseira;2;;;;;;;;;;2;;;;
06/03/2019;04:28:00;764;sem vítima;104;BR-040/RJ;Norte;Choque - Objeto Fixo;1;;;;;;;;;;1;;;;
06/03/2019;18:01:00;893;sem vítima;91;BR-040/RJ;Norte;Choque - Objeto Fixo;1;;;;;;;;;;1;;;;
07/03/2019;02:48:00;952;com vítima;92;BR-040/RJ;Sul;Choque - Objeto Fixo;1;;;;;;;;;;0;;1;;
07/03/2019;07:41:00;971;com vítima;121;BR-040/RJ;Sul;Choque - Objeto Fixo;1;;;;;;;;;;0;1;;;
07/03/2019;11:09:00;1003;com vítima;94;BR-040/RJ;Sul;Choque - Objeto Fixo;1;;;;;;;;;;0;5;;;
07/03/2019;14:26:00;1021;com vítima;784;BR-040/MG;Sul;Engavetamento;1;;1;2;;;;;;;2;2;;;
07/03/2019;14:40:00;1025;sem vítima;91;BR-040/RJ;Norte;Colisão Traseira;1;;;;;1;;;;;2;;;;
07/03/2019;15:37:00;1040;com vítima;112;BR-040/RJ;Sul;Colisão Traseira;;;1;1;;1;;;;;1;2;;;1
07/03/2019;16:51:00;1054;com vítima;112;BR-040/RJ;Norte;Colisão Lateral;;;1;;1;;;;;;1;1;;;
07/03/2019;17:11:00;1056;com vítima;124;BR-040/RJ;Sul;Colisão Lateral;1;;;1;;;;;;;1;;1;;
07/03/2019;17:38:00;1061;sem vítima;14;BR-040/RJ;Sul;Tombamento;;;1;;;;;;;;1;;;;
07/03/2019;18:44:00;1065;com vítima;109;BR-040/RJ;Sul;Colisão Traseira;1;;;1;;;;;;;1;1;;;
07/03/2019;22:28:00;1081;sem vítima;91;BR-040/RJ;Norte;Choque - Objeto Fixo;1;;;;;;;;;;1;;;;
08/03/2019;13:51:00;1161;sem vítima;102;BR-040/RJ;Norte;Colisão Lateral;1;;1;;;;;;;;2;;;;
08/03/2019;17:19:00;1190;sem vítima;89;BR-040/RJ;Sul;Colisão Traseira;2;;;;;;;;;;2;;;;
08/03/2019;19:36:00;1207;com vítima;808;BR-040/MG;Sul;Queda de Moto;;;;1;;;;;;;0;;1;;
09/03/2019;08:19:00;1246;sem vítima;122;BR-040/RJ;Sul;Engavetamento;3;;;;;;;;;;3;;;;
09/03/2019;09:47:00;1253;com vítima;32;BR-040/RJ;Norte;Capotamento;1;;;;;;;;;;0;3;1;;
09/03/2019;13:31:00;1278;com vítima;68;BR-040/RJ;Norte;Tombamento;;;1;;;;;;;;0;1;1;;
09/03/2019;14:37:00;1288;com vítima;74;BR-040/RJ;Norte;Capotamento;1;;1;;;;;;;;1;3;;;
09/03/2019;17:33:00;1313;sem vítima;50;BR-040/RJ;Norte;Choque - Objeto Fixo;1;;;;;;;;;;1;;;;
09/03/2019;19:42:00;1325;com vítima;68;BR-040/RJ;Norte;Capotamento;1;;;1;;;;;;;0;1;1;1;
09/03/2019;19:41:00;1326;com vítima;68;BR-040/RJ;Norte;Queda de Moto;;;;1;;;;;;;0;1;;1;
09/03/2019;19:41:00;1328;com vítima;68;BR-040/RJ;Norte;Queda de Moto;;;;1;;;;;;;0;1;;1;
09/03/2019;20:20:00;1330;com vítima;787;BR-040/MG;Norte;Queda de Moto;;;;1;;;;;;;0;;1;;
10/03/2019;05:16:00;1354;sem vítima;120;BR-040/RJ;Sul;Capotamento;1;;;;;;;;;;1;;;;
10/03/2019;05:46:00;1356;com vítima;115;BR-040/RJ;Sul;Capotamento;1;;;;;;;;;;0;1;;;
10/03/2019;05:52:00;1357;com vítima;115;BR-040/RJ;Sul;Choque - Objeto Fixo;1;;;;;;;;;;0;;1;;
10/03/2019;08:52:00;1374;com vítima;816;BR-040/MG;Norte;Queda de Moto;;;;1;;;;;;;0;1;;;
10/03/2019;12:31:00;1397;sem vítima;104;BR-040/RJ;Norte;Colisão Frontal;2;;;;;;;;;;2;;;;
10/03/2019;15:33:00;1414;com vítima;87;BR-040/RJ;Sul;Choque - Objeto Fixo;1;;;;;;;;;;0;4;;;
10/03/2019;16:00:00;1421;sem vítima;91;BR-040/RJ;Norte;Choque - Objeto Fixo;1;;;;;;;;;;1;;;;
10/03/2019;16:35:00;1424;com vítima;81;BR-040/RJ;Sul;Capotamento;1;;;;;;;;;;0;3;;;
10/03/2019;17:47:00;1430;sem vítima;92;BR-040/RJ;Sul;Choque - Objeto Fixo;1;;;;;;;;;;1;;;;
10/03/2019;17:45:00;1439;sem vítima;77;BR-040/RJ;Sul;Choque - Objeto Fixo;1;;;;;;;;;;1;;;;
11/03/2019;07:16:00;1490;sem vítima;84;BR-040/RJ;Norte;Derrapagem;1;;;;;;;;;;1;;;;
11/03/2019;09:12:00;1505;sem vítima;74;BR-040/RJ;Norte;Choque - Objeto Fixo;1;;;;;;;;;;1;;;;
11/03/2019;09:14:00;1506;sem vítima;91;BR-040/RJ;Norte;Choque - Objeto Fixo;1;;;;;;;;;;1;;;;
11/03/2019;11:00:00;1523;sem vítima;82;BR-040/RJ;Sul;Choque - Objeto Fixo;1;;;;;;;;;;1;;;;
11/03/2019;11:11:00;1524;com vítima;77;BR-040/RJ;Sul;Choque - Objeto Fixo;1;;;;;;;;;;0;3;;;
11/03/2019;14:42:00;1539;sem vítima;111;BR-040/RJ;Norte;Colisão Lateral;1;;;;;1;;;;;2;;;;
11/03/2019;15:55:00;1552;sem vítima;96;BR-040/RJ;Sul;Choque - Objeto Fixo;1;;;;;;;;;;1;;;;
11/03/2019;16:37:00;1558;sem vítima;90;BR-040/RJ;Norte;Choque - Objeto Fixo;1;;;;;;;;;;1;;;;
11/03/2019;18:43:00;1573;sem vítima;789;BR-040/MG;Norte;Choque - Objeto Fixo;1;;;;;;;;;;1;;;;
11/03/2019;19:08:00;1574;com vítima;90;BR-040/RJ;Norte;Atropelamento - Pedestre;;;;;1;1;;;;;0;1;1;;
11/03/2019;21:49:00;1588;sem vítima;61;BR-040/RJ;Sul;Derrapagem;1;;;;;;;;;;1;;;;
12/03/2019;12:34:00;1657;com vítima;112;BR-040/RJ;Sul;Queda de Moto;;;;1;;;;;;;0;1;;;
12/03/2019;13:45:00;1664;com vítima;72;BR-040/RJ;Sul;Atropelamento - Pedestre;1;;;;;1;;;;;0;4;;;1
12/03/2019;15:52:00;1682;com vítima;113;BR-040/RJ;Sul;Colisão Lateral;1;;;1;;;;;;;0;2;;;
12/03/2019;19:34:00;1720;com vítima;39;BR-040/RJ;Sul;Tombamento;1;;;;;;;;;;0;7;;;
12/03/2019;19:39:00;1721;com vítima;22;BR-040/RJ;Norte;Queda de Moto;;;;1;;;;;;;0;1;;;
13/03/2019;04:36:00;1751;com vítima;64;BR-040/RJ;Norte;Capotamento;1;;;;;;;;;;0;1;;;
13/03/2019;07:22:00;1768;com vítima;96;BR-040/RJ;Norte;Tombamento;;;1;;;1;;;;;1;;1;;
13/03/2019;16:32:00;1832;sem vítima;84;BR-040/RJ;Norte;Choque - Objeto Fixo;1;;;;;;;;;;1;;;;
13/03/2019;17:03:00;1834;sem vítima;91;BR-040/RJ;Norte;Capotamento;1;;;;;;;;;;1;;;;
13/03/2019;17:18:00;1837;sem vítima;62;BR-040/RJ;Sul;Choque - Objeto Fixo;1;;;;;;;;;;1;;;;
13/03/2019;17:46:00;1842;sem vítima;72;BR-040/RJ;Norte;Choque - Objeto Fixo;1;;;;;;;;;;1;;;;
13/03/2019;17:52:00;1843;sem vítima;78;BR-040/RJ;Sul;Choque - Objeto Fixo;1;;;;;;;;;;1;;;;
13/03/2019;18:20:00;1848;sem vítima;75;BR-040/RJ;Sul;Choque - Objeto Fixo;1;;;;;;;;;;1;;;;
13/03/2019;19:13:00;1855;sem vítima;93;BR-040/RJ;Norte;Colisão Lateral;;;2;;;;;;;;2;;;;
14/03/2019;01:55:00;1881;sem vítima;102;BR-040/RJ;Sul;Atropelamento - Animal;1;;;;;;;;;;1;;;;
14/03/2019;06:19:00;1894;com vítima;114;BR-040/RJ;Sul;Colisão Lateral;2;;;;;;;;;;0;2;;;
14/03/2019;06:58:00;1902;sem vítima;103;BR-040/RJ;Sul;Colisão Lateral;3;;;;;;;;;;3;;;;
14/03/2019;08:47:00;1911;sem vítima;124;BR-040/RJ;Sul;Colisão Traseira;1;;1;;;;;;;;2;;;;
15/03/2019;01:40:00;2007;sem vítima;17;BR-040/RJ;Norte;Choque - Objeto Fixo;1;;;;;;;;;;1;;;;
15/03/2019;10:18:00;2049;sem vítima;60;BR-040/RJ;Norte;Choque - Objeto Fixo;;;1;;;;;;;;1;;;;
15/03/2019;12:57:00;2071;com vítima;118;BR-040/RJ;Norte;Engavetamento;5;;;;;;;;;;4;1;;;
15/03/2019;16:06:00;2093;com vítima;65;BR-040/RJ;Sul;Colisão Traseira;1;;;1;;;;;;;1;1;;;
15/03/2019;18:00:00;2118;sem vítima;88;BR-040/RJ;Sul;Choque - Objeto Fixo;1;;;;;;;;;;1;;;;
16/03/2019;09:24:00;2179;sem vítima;104;BR-040/RJ;Norte;Colisão Traseira;2;;;;;;;;;;2;;;;
16/03/2019;11:02:00;2197;sem vítima;15;BR-040/RJ;Norte;Choque - Objeto Fixo;1;;;;;;;;;;1;;;;
16/03/2019;12:24:00;2205;sem vítima;109;BR-040/RJ;Sul;Choque - Objeto Fixo;1;;;;;;;;;;1;;;;
16/03/2019;12:44:00;2207;com vítima;91;BR-040/RJ;Norte;Capotamento;1;;;;;;;;;;0;1;;;
16/03/2019;13:20:00;2213;com vítima;92;BR-040/RJ;Sul;Derrapagem;1;;;;;;;;;;0;1;;;
16/03/2019;13:43:00;2215;sem vítima;789;BR-040/MG;Norte;Colisão Traseira;1;;1;;;;;;;;2;;;;
16/03/2019;13:53:00;2218;com vítima;93;BR-040/RJ;Sul;Capotamento;1;;;;;;;;;;0;5;;;
16/03/2019;13:55:00;2219;sem vítima;90;BR-040/RJ;Norte;Choque - Objeto Fixo;1;;;;;;;;;;1;;;;
16/03/2019;15:00:00;2225;com vítima;3;BR-040/RJ;Sul;Choque - Objeto Fixo;1;;;;;;;;;;0;2;;;
16/03/2019;16:20:00;2236;sem vítima;93;BR-040/RJ;Sul;Choque - Objeto Fixo;1;;;;;;;;;;1;;;;
16/03/2019;16:49:00;2240;sem vítima;93;BR-040/RJ;Sul;Colisão Traseira;1;;;;;1;;;;;2;;;;
16/03/2019;16:50:00;2241;sem vítima;113;BR-040/RJ;Norte;Capotamento;1;;;;;;;;;;1;;;;
16/03/2019;16:56:00;2242;sem vítima;94;BR-040/RJ;Sul;Choque - Objeto Fixo;1;;;;;;;;;;1;;;;
16/03/2019;17:56:00;2246;com vítima;84;BR-040/RJ;Sul;Choque - Objeto Fixo;1;;;;;;;;;;0;2;;;
16/03/2019;17:57:00;2247;sem vítima;90;BR-040/RJ;Norte;Choque - Objeto Fixo;1;;;;;;;;;;1;;;;
16/03/2019;18:42:00;2252;sem vítima;77;BR-040/RJ;Sul;Capotamento;1;;;;;;;;;;1;;;;
16/03/2019;19:34:00;2257;sem vítima;62;BR-040/RJ;Sul;Colisão Frontal;2;;;;;;;;;;2;;;;
16/03/2019;20:16:00;2260;sem vítima;84;BR-040/RJ;Norte;Choque - Objeto Fixo;1;;;;;;;;;;1;;;;
17/03/2019;06:39:00;2290;sem vítima;790;BR-040/MG;Norte;Capotamento;1;;;;;;;;;;1;;;;
17/03/2019;12:50:00;2320;sem vítima;111;BR-040/RJ;Norte;Colisão Traseira;1;;;1;;;;;;;3;;;;
17/03/2019;14:07:00;2326;sem vítima;94;BR-040/RJ;Norte;Choque - Objeto Fixo;1;;;;;;;;;;1;;;;
17/03/2019;16:31:00;2338;sem vítima;118;BR-040/RJ;Norte;Choque - Objeto Fixo;1;;1;;;;;;;;2;;;;
17/03/2019;18:34:00;2349;sem vítima;102;BR-040/RJ;Sul;Colisão Traseira;2;;;;;;;;;;2;;;;
17/03/2019;20:07:00;2359;sem vítima;118;BR-040/RJ;Sul;Colisão Lateral;2;;;;;;;;;;2;;;;
17/03/2019;21:23:00;2367;com vítima;57;BR-040/RJ;Sul;Capotamento;1;;;;;;;;;;0;2;;;
17/03/2019;21:34:00;2369;com vítima;123;BR-040/RJ;Sul;Colisão Traseira;1;;;;;1;;;;;1;7;;;
17/03/2019;21:51:00;2371;com vítima;113;BR-040/RJ;Norte;Colisão Traseira;2;;;;;;;;;;0;5;;;
17/03/2019;22:46:00;2376;sem vítima;21;BR-040/RJ;Norte;Choque - Objeto Fixo;1;;;;;;;;;;1;;;;
17/03/2019;22:29:00;2378;sem vítima;123;BR-040/RJ;Sul;Colisão Traseira;1;;;;;1;;;;;2;;;;
18/03/2019;00:13:00;2382;sem vítima;92;BR-040/RJ;Sul;Choque - Objeto Fixo;1;;;;;;;;;;1;;;;
18/03/2019;00:37:00;2383;sem vítima;86;BR-040/RJ;Sul;Choque - Objeto Fixo;1;;;;;;;;;;1;;;;
18/03/2019;08:41:00;2417;sem vítima;124;BR-040/RJ;Sul;Colisão Lateral;1;;1;;;;;;;;2;;;;
18/03/2019;08:57:00;2426;sem vítima;823;BR-040/MG;Norte;Choque - Objeto Fixo;1;;;;;;;;;;1;;;;
18/03/2019;10:19:00;2436;com vítima;93;BR-040/RJ;Norte;Queda de Moto;;;;1;;;;;;;0;1;;;
18/03/2019;11:12:00;2442;com vítima;786;BR-040/MG;Sul;Tombamento;;;1;;;;;;;;0;1;;;
18/03/2019;12:17:00;2447;com vítima;58;BR-040/RJ;Norte;Colisão Lateral;1;;1;;;;;;;;0;3;;;
18/03/2019;12:49:00;2451;com vítima;82;BR-040/RJ;Norte;Queda de Moto;;;;1;;;;;;;0;1;;;
18/03/2019;13:00:00;2452;sem vítima;84;BR-040/RJ;Sul;Choque - Objeto Fixo;1;;;;;;;;;;1;;;;
18/03/2019;15:20:00;2468;sem vítima;84;BR-040/RJ;Norte;Colisão Lateral;1;;1;;;;;;;;2;;;;
18/03/2019;16:56:00;2477;sem vítima;804;BR-040/MG;Sul;Choque - Objeto Fixo;1;;;;;;;;;;1;;;;
18/03/2019;16:56:00;2479;sem vítima;804;BR-040/MG;Sul;Choque - Objeto Fixo;1;;;;;;;;;;1;;;;
18/03/2019;17:40:00;2485;com vítima;824;BR-040/MG;Sul;Capotamento;1;;;;;;;;;;0;3;;;
18/03/2019;19:33:00;2494;com vítima;109;BR-040/RJ;Sul;Colisão Lateral;1;;1;;;;;;;;0;2;;;
18/03/2019;21:01:00;2501;com vítima;92;BR-040/RJ;Sul;Choque - Objeto Fixo;;;1;;;;;;;;0;1;;;
18/03/2019;22:33:00;2504;sem vítima;117;BR-040/RJ;Sul;Queda de Moto;;;;1;;;;;;;1;;;;
19/03/2019;00:05:00;2509;sem vítima;121;BR-040/RJ;Sul;Colisão Lateral;1;;;1;;;;;;;2;;;;
19/03/2019;00:30:00;2513;sem vítima;102;BR-040/RJ;Norte;Colisão Lateral;1;;1;;;;;;;;2;;;;
19/03/2019;08:05:00;2542;com vítima;77;BR-040/RJ;Norte;Colisão Traseira;;;2;;;1;;;;;1;2;;;
19/03/2019;16:00:00;2606;sem vítima;67;BR-040/RJ;Sul;Choque - Objeto Fixo;1;;;;;;;;;;1;;;;
19/03/2019;16:23:00;2610;sem vítima;100;BR-040/RJ;Sul;Choque - Objeto Fixo;1;;;;;;;;;;1;;;;
19/03/2019;17:06:00;2615;sem vítima;780;BR-040/MG;Norte;Queda de Moto;1;;;;;;;;;;1;;;;
19/03/2019;17:41:00;2621;sem vítima;91;BR-040/RJ;Norte;Choque - Objeto Fixo;1;;;;;;;;;;1;;;;
19/03/2019;18:15:00;2625;com vítima;109;BR-040/RJ;Norte;Engavetamento;3;;;;;;;;;;0;4;;;
19/03/2019;18:37:00;2626;com vítima;82;BR-040/RJ;Sul;Capotamento;1;;;;;;;;;;0;2;;;
19/03/2019;23:43:00;2651;com vítima;104;BR-040/RJ;Sul;Atropelamento - Pedestre;;1;;;;1;;;;;1;;1;;
20/03/2019;04:14:00;2662;sem vítima;94;BR-040/RJ;Sul;Choque - Objeto Fixo;1;;;;;;;;;;1;;;;
20/03/2019;08:20:00;2682;com vítima;80;BR-040/RJ;Sul;Atropelamento - Pedestre;;;1;;;1;;;;;1;;;1;
20/03/2019;09:24:00;2689;sem vítima;94;BR-040/RJ;Sul;Derrapagem;1;;;;;;;;;;1;;;;
20/03/2019;09:25:00;2690;sem vítima;94;BR-040/RJ;Sul;Choque - Objeto Fixo;1;;;;;;;;;;1;;;;
20/03/2019;10:13:00;2697;com vítima;92;BR-040/RJ;Norte;Queda de Moto;;;;1;;;;;;;0;1;;;
20/03/2019;11:29:00;2708;sem vítima;78;BR-040/RJ;Sul;Choque - Objeto Fixo;1;;;;;;;;;;1;;;;
20/03/2019;12:59:00;2716;com vítima;108;BR-040/RJ;Sul;Colisão Frontal;1;1;;;;;;;;;1;;;1;
20/03/2019;14:38:00;2724;sem vítima;804;BR-040/MG;Norte;Choque - Objeto Fixo;1;;;;;;;;;;1;;;;
20/03/2019;15:36:00;2733;sem vítima;94;BR-040/RJ;Sul;Choque - Objeto Fixo;1;;;;;;;;;;1;;;;
20/03/2019;15:51:00;2735;com vítima;82;BR-040/RJ;Sul;Choque - Objeto Fixo;1;;;;;;;;;;0;2;;;
20/03/2019;16:39:00;2743;sem vítima;110;BR-040/RJ;Norte;Colisão Lateral;1;;1;;;;;;;;2;;;;
20/03/2019;16:33:00;2744;sem vítima;125;BR-040/RJ;Norte;Colisão Lateral;;;;1;;1;;;;;2;;;;
20/03/2019;17:42:00;2751;sem vítima;105;BR-040/RJ;Norte;Colisão Traseira;2;;;;;;;;;;2;;;;
21/03/2019;01:23:00;2798;sem vítima;71;BR-040/RJ;Norte;Choque - Objeto Fixo;1;;;;;;;;;;1;;;;
21/03/2019;09:21:00;2827;com vítima;117;BR-040/RJ;Sul;Colisão Transversal;1;;;;;1;;;;;1;2;;;
21/03/2019;11:31:00;2841;com vítima;92;BR-040/RJ;Sul;Colisão Lateral;1;;1;;;;;;;;1;3;;;
21/03/2019;12:23:00;2852;sem vítima;91;BR-040/RJ;Sul;Choque - Objeto Fixo;1;;;;;;;;;;1;;;;
21/03/2019;13:06:00;2855;sem vítima;78;BR-040/RJ;Sul;Choque - Objeto Fixo;1;;;;;1;;;;;2;;;;
21/03/2019;13:43:00;2859;sem vítima;93;BR-040/RJ;Sul;Choque - Objeto Fixo;1;;;;;;;;;;1;;;;
21/03/2019;14:35:00;2864;sem vítima;94;BR-040/RJ;Norte;Colisão Traseira;2;;;;;;;;;;2;;;;
21/03/2019;15:19:00;2868;sem vítima;75;BR-040/RJ;Sul;Choque - Objeto Fixo;1;;;;;;;;;;1;;;;
21/03/2019;15:51:00;2873;sem vítima;78;BR-040/RJ;Sul;Choque - Objeto Fixo;1;;;;;;;;;;1;;;;
21/03/2019;17:18:00;2881;sem vítima;1;BR-040/RJ;Norte;Choque - Objeto Fixo;1;;;;;;;;;;1;;;;