data;horario;n_da_ocorrencia;tipo_de_ocorrencia;km;trecho;sentido;tipo_de_acidente;automovel;bicicleta;caminhao;moto;onibus;outros;tracao_animal;transporte_de_cargas_especiais;trator_maquinas;utilitarios;ilesos;levemente_feridos;moderadamente_feridos;gravemente_feridos;mortos
21/03/2019;18:45:00;2888;sem vítima;84;BR-040/RJ;Norte;Choque - Objeto Fixo;1;;;;;;;;;;1;;;;
21/03/2019;19:29:00;2896;sem vítima;773;BR-040/MG;Sul;Atropelamento - Animal;1;;;;;;;;;;1;;;;
22/03/2019;06:24:00;2923;sem vítima;90;BR-040/RJ;Sul;Choque - Objeto Fixo;1;;;;;;;;;;1;;;;
22/03/2019;07:16:00;2927;sem vítima;84;BR-040/RJ;Sul;Capotamento;1;;;;;;;;;;1;;;;
22/03/2019;07:19:00;2928;sem vítima;72;BR-040/RJ;Norte;Colisão Lateral;1;;1;;;;;;;;2;;;;
22/03/2019;07:56:00;2934;com vítima;799;BR-040/MG;Sul;Colisão Traseira;2;;;;;;;;;;0;2;;;
22/03/2019;08:08:00;2937;sem vítima;109;BR-040/RJ;Sul;Colisão Traseira;1;;1;;;;;;;;2;;;;
22/03/2019;08:42:00;2941;com vítima;799;BR-040/MG;Sul;Queda de Moto;;;;1;;;;;;;0;1;;;
22/03/2019;11:37:00;2965;sem vítima;75;BR-040/RJ;Sul;Choque - Objeto Fixo;1;;;;;;;;;;1;;;;
22/03/2019;12:49:00;2972;sem vítima;82;BR-040/RJ;Sul;Choque - Objeto Fixo;1;;;;;;;;;;1;;;;
22/03/2019;12:57:00;2973;sem vítima;86;BR-040/RJ;Norte;Choque - Objeto Fixo;1;;;;;1;;;;;2;;;;
22/03/2019;14:23:00;2982;com vítima;84;BR-040/RJ;Sul;Choque - Objeto Fixo;1;;;;;;;;;;0;1;;;
22/03/2019;15:15:00;2986;com vítima;122;BR-040/RJ;Norte;Colisão Traseira;1;;1;;;;;;;;1;1;;;
22/03/2019;15:29:00;2988;sem vítima;16;BR-040/RJ;Norte;Choque - Objeto Fixo;1;;;;;;;;;;1;;;;
22/03/2019;16:04:00;2991;sem vítima;74;BR-040/RJ;Norte;Capotamento;1;;;;;;;;;;1;;;;
22/03/2019;16:21:00;2994;sem vítima;92;BR-040/RJ;Sul;Choque - Objeto Fixo;1;;;;;;;;;;1;;;;
22/03/2019;16:26:00;2995;sem vítima;92;BR-040/RJ;Sul;Choque - Objeto Fixo;1;;;;;;;;;;1;;;;
22/03/2019;19:16:00;3008;sem vítima;119;BR-040/RJ;Norte;Colisão Traseira;2;;;;;;;;;;2;;;;
23/03/2019;00:08:00;3027;com vítima;51;BR-040/RJ;Sul;Colisão Traseira;1;;;1;;;;;;;0;2;1;;
23/03/2019;01:21:00;3031;sem vítima;92;BR-040/RJ;Sul;Choque - Objeto Fixo;1;;;;;;;;;;1;;;;
23/03/2019;06:26:00;3051;sem vítima;113;BR-040/RJ;Sul;Choque - Objeto Fixo;;;1;;;;;;;;1;;;;
23/03/2019;15:27:00;3113;com vítima;60;BR-040/RJ;Norte;Choque - Objeto Fixo;;;1;;;;;;;;0;1;;;
23/03/2019;15:43:00;3115;sem vítima;122;BR-040/RJ;Sul;Colisão Traseira;2;;;;;;;;;;2;;;;
24/03/2019;02:22:00;3167;com vítima;115;BR-040/RJ;Sul;Colisão Traseira;2;;;;;;;;;;1;2;;;
24/03/2019;02:42:00;3169;com vítima;112;BR-040/RJ;Norte;Queda de Moto;;;;1;;;;;;;0;1;;;
24/03/2019;07:36:00;3180;sem vítima;49;BR-040/RJ;Sul;Choque - Objeto Fixo;1;;;;;;;;;;1;;;;
24/03/2019;10:34:00;3195;com vítima;91;BR-040/RJ;Norte;Queda de Moto;;;;1;;;;;;;0;2;;;
24/03/2019;11:26:00;3199;com vítima;55;BR-040/RJ;Sul;Queda de Moto;;;;1;;;;;;;0;;1;;
24/03/2019;13:47:00;3212;sem vítima;816;BR-040/MG;Sul;Derrapagem;;;;1;;;;;;;1;;;;
24/03/2019;15:21:00;3225;sem vítima;51;BR-040/RJ;Norte;Choque - Objeto Fixo;1;;;;;;;;;;1;;;;
24/03/2019;21:53:00;3274;com vítima;809;BR-040/MG;Sul;Colisão Traseira;2;;;;;;;;;;0;9;;;
24/03/2019;23:00:00;3280;sem vítima;788;BR-040/MG;Norte;Atropelamento - Animal;;;;1;;;;;;;1;;;;
25/03/2019;08:40:00;3320;com vítima;98;BR-040/RJ;Sul;Colisão Lateral;;;1;1;;;;;;;1;;;1;
25/03/2019;09:38:00;3334;sem vítima;10;BR-040/RJ;Sul;Choque - Objeto Fixo;1;;;;;;;;;;1;;;;
25/03/2019;12:04:00;3347;com vítima;104;BR-040/RJ;Norte;Queda de Moto;;;;1;;;;;;;0;1;;;
25/03/2019;13:51:00;3363;com vítima;92;BR-040/RJ;Norte;Colisão Traseira;1;;;;;2;;;;;1;2;;;
25/03/2019;15:12:00;3373;sem vítima;120;BR-040/RJ;Norte;Colisão Traseira;2;;;;;;;;;;2;;;;
25/03/2019;18:43:00;3400;sem vítima;780;BR-040/MG;Sul;Colisão Lateral;;;1;;;1;;;;;2;;;;
26/03/2019;07:03:00;3452;sem vítima;109;BR-040/RJ;Norte;Choque - Objeto Fixo;1;;;;;;;;;;1;;;;
26/03/2019;07:52:00;3457;com vítima;113;BR-040/RJ;Sul;Colisão Traseira;2;;;;;;;;;;0;2;;;
26/03/2019;08:40:00;3463;com vítima;121;BR-040/RJ;Sul;Colisão Lateral;1;;;1;;;;;;;1;1;;;
26/03/2019;21:58:00;3550;com vítima;783;BR-040/MG;Sul;Queda de Moto;1;;;1;;;;;;;1;1;;;
27/03/2019;04:21:00;3568;com vítima;121;BR-040/RJ;Norte;Colisão Traseira;2;;;;;;;;;;0;2;;;
27/03/2019;06:20:00;3571;com vítima;111;BR-040/RJ;Norte;Colisão Lateral;1;;;;;;;;;;0;1;;;
27/03/2019;09:28:00;3588;com vítima;799;BR-040/MG;Sul;Queda de Moto;;;;1;;;;;;;0;1;;;
27/03/2019;10:05:00;3593;sem vítima;91;BR-040/RJ;Norte;Choque - Objeto Fixo;1;;;;;;;;;;1;;;;
27/03/2019;10:13:00;3597;sem vítima;87;BR-040/RJ;Sul;Colisão Lateral;1;;1;;;;;;;;2;;;;
27/03/2019;10:23:00;3599;sem vítima;793;BR-040/MG;Norte;Choque - Objeto Fixo;1;;;;;;;;;;1;;;;
27/03/2019;16:09:00;3636;com vítima;92;BR-040/RJ;Norte;Queda de Moto;;;;1;;;;;;;0;1;;;
27/03/2019;17:09:00;3645;sem vítima;109;BR-040/RJ;Norte;Colisão Lateral;;;;1;1;;;;;;2;;;;
27/03/2019;17:20:00;3654;sem vítima;122;BR-040/RJ;Sul;Colisão Traseira;1;;;1;;;;;;;2;;;;
27/03/2019;17:29:00;3655;com vítima;105;BR-040/RJ;Norte;Colisão Frontal;2;;;;;;;;;;0;2;;;
28/03/2019;06:46:00;3695;sem vítima;91;BR-040/RJ;Norte;Choque - Objeto Fixo;1;;;;;;;;;;1;;;;
28/03/2019;07:45:00;3704;com vítima;104;BR-040/RJ;Sul;Colisão Lateral;1;;;1;;;;;;;0;3;;;
28/03/2019;12:58:00;3734;sem vítima;87;BR-040/RJ;Sul;Choque - Objeto Fixo;1;;;;;;;;;;1;;;;
28/03/2019;14:30:00;3745;sem vítima;111;BR-040/RJ;Norte;Engavetamento;3;;;;;;;;;;3;;;;
28/03/2019;17:50:00;3773;sem vítima;118;BR-040/RJ;Norte;Engavetamento;3;;;;;;;;;;3;;;;
28/03/2019;18:06:00;3775;sem vítima;92;BR-040/RJ;Sul;Choque - Objeto Fixo;1;;;;;;;;;;1;;;;
28/03/2019;22:18:00;3797;sem vítima;113;BR-040/RJ;Sul;Choque - Objeto Fixo;1;;;;;;;;;;1;;;;
28/03/2019;22:37:00;3801;com vítima;113;BR-040/RJ;Norte;Colisão Traseira;1;;;1;;;;;;;1;1;;;
28/03/2019;22:43:00;3802;sem vítima;93;BR-040/RJ;Sul;Derrapagem;1;;;;;;;;;;1;;;;
28/03/2019;23:19:00;3803;sem vítima;86;BR-040/RJ;Sul;Derrapagem;1;;;;;;;;;;1;;;;
28/03/2019;23:43:00;3805;com vítima;53;BR-040/RJ;Norte;Choque - Objeto Fixo;1;;;;;;;;;;0;1;;;
29/03/2019;01:21:00;3808;sem vítima;113;BR-040/RJ;Sul;Choque - Objeto Fixo;1;;;;;;;;;;1;;;;
29/03/2019;02:27:00;3810;sem vítima;123;BR-040/RJ;Norte;Derrapagem;1;;;;;;;;;;1;;;;
29/03/2019;05:23:00;3813;sem vítima;78;BR-040/RJ;Sul;Choque - Objeto Fixo;1;;;;;;;;;;1;;;;
29/03/2019;13:20:00;3858;sem vítima;84;BR-040/RJ;Norte;Colisão Traseira;2;;;;;;;;;;2;;;;
29/03/2019;14:02:00;3862;com vítima;124;BR-040/RJ;Sul;Colisão Lateral;1;;1;;;;;;;;0;1;1;;
29/03/2019;14:57:00;3865;com vítima;92;BR-040/RJ;Sul;Choque - Objeto Fixo;1;;;;;;;;;;0;2;1;;
29/03/2019;14:57:00;3866;com vítima;92;BR-040/RJ;Sul;Colisão Traseira;1;;;;;;;;;;0;1;2;;
29/03/2019;15:24:00;3871;sem vítima;83;BR-040/RJ;Sul;Choque - Objeto Fixo;1;;;;;;;;;;1;;;;
29/03/2019;15:36:00;3872;sem vítima;93;BR-040/RJ;Sul;Choque - Objeto Fixo;1;;;;;;;;;;1;;;;
29/03/2019;16:09:00;3883;sem vítima;93;BR-040/RJ;Sul;Choque - Objeto Fixo;1;;;;;;;;;;1;;;;
29/03/2019;17:21:00;3889;sem vítima;78;BR-040/RJ;Sul;Choque - Objeto Fixo;1;;;;;;;;;;1;;;;
29/03/2019;18:43:00;3899;sem vítima;102;BR-040/RJ;Norte;Colisão Traseira;2;;;;;;;;;;2;;;;
29/03/2019;19:54:00;3906;sem vítima;86;BR-040/RJ;Sul;Choque - Objeto Fixo;1;;;;;;;;;;1;;;;
29/03/2019;20:06:00;3910;sem vítima;86;BR-040/RJ;Sul;Choque - Objeto Fixo;1;;;;;;;;;;1;;;;
29/03/2019;20:45:00;3911;sem vítima;80;BR-040/RJ;Sul;Choque - Objeto Fixo;1;;;;;;;;;;1;;;;
30/03/2019;03:29:00;3939;sem vítima;786;BR-040/MG;Norte;Derrapagem;1;;;;;;;;;;1;;;;
30/03/2019;04:53:00;3944;sem vítima;43;BR-040/RJ;Norte;Atropelamento - Animal;1;;;;;;;;;;1;;;;
30/03/2019;09:07:00;3966;com vítima;120;BR-040/RJ;Sul;Queda de Moto;;;;1;;;;;;;0;1;;;
30/03/2019;09:30:00;3970;com vítima;113;BR-040/RJ;Sul;Colisão Traseira;1;;1;;;;;;;;1;1;;;
30/03/2019;10:12:00;3975;com vítima;74;BR-040/RJ;Sul;Queda de Moto;;;;1;;;;;;;0;;1;;
30/03/2019;10:53:00;3981;com vítima;803;BR-040/MG;Norte;Colisão Traseira;1;1;;;;;;;;;0;3;;1;
30/03/2019;11:25:00;3985;com vítima;805;BR-040/MG;Norte;Choque - Objeto Fixo;1;;;;;;;;;;0;3;;;
30/03/2019;16:02:00;4012;sem vítima;123;BR-040/RJ;Norte;Colisão Lateral;1;;1;;;;;;;;2;;;;
30/03/2019;16:38:00;4020;sem vítima;114;BR-040/RJ;Norte;Colisão Traseira;2;;;;;;;;;;2;;;;
30/03/2019;20:15:00;4037;sem vítima;120;BR-040/RJ;Norte;Colisão Lateral;2;;;;;;;;;;2;;;;
31/03/2019;11:36:00;4091;com vítima;54;BR-040/RJ;Sul;Colisão Lateral;;1;;;;1;;;;;1;1;;;
31/03/2019;12:07:00;4096;sem vítima;44;BR-040/RJ;Sul;Choque - Objeto Fixo;1;;;;;;;;;;1;;;;
31/03/2019;14:52:00;4111;sem vítima;117;BR-040/RJ;Norte;Colisão Traseira;2;;;;;;;;;;2;;;;
31/03/2019;15:12:00;4113;sem vítima;123;BR-040/RJ;Sul;Engavetamento;3;;;;;;;;;;3;;;;
31/03/2019;15:26:00;4115;sem vítima;84,002;BR-040/RJ;Norte;Choque - Objeto Fixo;1;;;;;;;;;;1;;;;
31/03/2019;19:42:00;4143;com vítima;123;BR-040/RJ;Norte;Colisão Lateral;;;;1;;1;;;;;1;;1;;
31/03/2019;20:42:00;4155;com vítima;123;BR-040/RJ;Sul;Engavetamento;3;;;;;1;;;;;1;10;;;
01/04/2019;01:13:00;4;com vítima;92;BR-040/RJ;Norte;Derrapagem;1;;;;;;;;;;0;1;;;
01/04/2019;05:31:00;24;com vítima;121;BR-040/RJ;Sul;Engavetamento;6;;1;;;;;;;;0;10;;;
01/04/2019;12:18:00;78;sem vítima;7;BR-040/RJ;Norte;Colisão Lateral;2;;;;;;;;;;2;;;;
01/04/2019;13:47:00;85;sem vítima;62;BR-040/RJ;Sul;Choque - Objeto Fixo;1;;;;;;;;;;1;;;;
01/04/2019;17:56:00;116;com vítima;116;BR-040/RJ;Norte;Colisão Lateral;1;;;1;;;;;;;0;3;;;
01/04/2019;18:14:00;119;sem vítima;119;BR-040/RJ;Norte;Engavetamento;2;;;1;;1;;;;;4;;;;
01/04/2019;18:19:00;120;sem vítima;87;BR-040/RJ;Norte;Colisão Lateral;1;;1;;;;;;;;2;;;;
02/04/2019;02:46:00;146;sem vítima;119;BR-040/RJ;Norte;Atropelamento - Animal;1;;;;;;;;;;1;;;;
02/04/2019;12:18:00;202;sem vítima;93;BR-040/RJ;Norte;Derrapagem;;;;1;;;;;;;1;;;;
02/04/2019;13:05:00;207;sem vítima;122;BR-040/RJ;Norte;Engavetamento;2;;1;;;;;;;;3;;;;
02/04/2019;13:43:00;209;sem vítima;86;BR-040/RJ;Norte;Choque - Objeto Fixo;1;;;;;;;;;;1;;;;
02/04/2019;17:07:00;243;com vítima;112;BR-040/RJ;Norte;Queda de Moto;;;;1;;;;;;;0;1;;;
02/04/2019;21:39:00;270;sem vítima;124;BR-040/RJ;Sul;Tombamento;;;1;;;;;;;;1;;;;
03/04/2019;06:58:00;300;com vítima;79;BR-040/RJ;Sul;Choque - Objeto Fixo;;;;;1;1;;;;;1;8;;;
03/04/2019;07:01:00;301;sem vítima;111;BR-040/RJ;Sul;Engavetamento;4;;;;;;;;;;4;;;;
03/04/2019;09:50:00;327;sem vítima;58;BR-040/RJ;Norte;Colisão Lateral;2;;;;;;;;;;2;;;;
03/04/2019;13:54:00;352;sem vítima;113;BR-040/RJ;Norte;Queda de Moto;1;;;;;;;;;;1;;;;
04/04/2019;04:52:00;414;com vítima;122;BR-040/RJ;Sul;Capotamento;1;;;;;;;;;;0;1;;;
04/04/2019;05:24:00;416;sem vítima;121;BR-040/RJ;Sul;Colisão Lateral;1;;1;;;;;;;;2;;;;
04/04/2019;05:35:00;419;sem vítima;116;BR-040/RJ;Norte;Capotamento;1;;;;;;;;;;1;;;;
04/04/2019;09:17:00;439;sem vítima;120;BR-040/RJ;Sul;Colisão Lateral;1;;1;;;;;;;;2;;;;
04/04/2019;10:05:00;446;sem vítima;83;BR-040/RJ;Norte;Choque - Objeto Fixo;1;;;;;;;;;;1;;;;
04/04/2019;18:28:00;502;com vítima;118;BR-040/RJ;Sul;Queda de Moto;;;;1;;;;;;;0;1;;;
04/04/2019;20:40:00;518;sem vítima;111;BR-040/RJ;Norte;Atropelamento - Animal;2;;;;;;;;;;2;;;;
05/04/2019;01:46:00;536;com vítima;93;BR-040/RJ;Sul;Derrapagem;;;1;;;;;;;;0;1;;;
05/04/2019;03:18:00;543;sem vítima;108;BR-040/RJ;Norte;Choque - Objeto Fixo;1;;;;;;;;;;1;;;;
05/04/2019;04:13:00;548;com vítima;124;BR-040/RJ;Sul;Capotamento;1;;;;;;;;;;0;4;;;
05/04/2019;09:30:00;578;com vítima;114;BR-040/RJ;Sul;Choque - Objeto Fixo;1;;;;;;;;;;0;2;;;
05/04/2019;14:44:00;621;com vítima;34;BR-040/RJ;Norte;Capotamento;1;;;;;;;;;;0;;1;;
05/04/2019;15:59:00;637;sem vítima;83;BR-040/RJ;Norte;Queda de Moto;;;;1;;;;;;;1;;;;
05/04/2019;17:42:00;659;sem vítima;44;BR-040/RJ;Norte;Choque - Objeto Fixo;1;;;;;;;;;;1;;;;
05/04/2019;17:40:00;660;sem vítima;122;BR-040/RJ;Sul;Colisão Lateral;1;;;;;1;;;;;2;;;;
05/04/2019;18:38:00;665;com vítima;111;BR-040/RJ;Norte;Colisão Traseira;2;;;;;;;;;;1;1;;;
05/04/2019;19:56:00;677;com vítima;19;BR-040/RJ;Sul;Atropelamento - Pedestre;1;;;;;1;;;;;1;1;;;
06/04/2019;01:08:00;707;sem vítima;826;BR-040/MG;Sul;Choque - Objeto Fixo;1;;;;;;;;;;1;;;;
06/04/2019;04:54:00;721;sem vítima;73;BR-040/RJ;Sul;Choque - Objeto Fixo;1;;;;;;;;;;1;;;;
06/04/2019;13:44:00;780;sem vítima;109;BR-040/RJ;Norte;Choque - Objeto Fixo;1;;;;;;;;;;1;;;;
07/04/2019;01:07:00;843;sem vítima;109;BR-040/RJ;Norte;Atropelamento - Animal;1;;;;;;;;;;1;;;;
07/04/2019;06:03:00;860;com vítima;108;BR-040/RJ;Norte;Tombamento;;;1;;;1;;;;;1;1;;;
07/04/2019;09:35:00;876;sem vítima;91;BR-040/RJ;Norte;Queda de Moto;;;;1;;;;;;;1;;;;
07/04/2019;10:40:00;880;sem vítima;84;BR-040/RJ;Sul;Queda de Moto;;;;1;;;;;;;1;;;;
07/04/2019;10:45:00;888;sem vítima;84;BR-040/RJ;Sul;Queda de Moto;;;;1;;;;;;;1;;;;
07/04/2019;11:38:00;889;sem vítima;86;BR-040/RJ;Norte;Tombamento;;;1;;;;;;;;1;;;;
07/04/2019;13:41:00;899;com vítima;84;BR-040/RJ;Sul;Queda de Moto;;;;1;;;;;;;0;1;;;
08/04/2019;06:17:00;974;sem vítima;123;BR-040/RJ;Sul;Colisão Lateral;1;;1;1;;;;;;;3;;;;
08/04/2019;12:22:00;1008;sem vítima;87;BR-040/RJ;Norte;Colisão Lateral;1;;1;;;;;;;;2;;;;
08/04/2019;12:40:00;1013;com vítima;123;BR-040/RJ;Sul;Colisão Frontal;1;;;1;;;;;;;1;1;;;
08/04/2019;13:59:00;1017;com vítima;817;BR-040/MG;Norte;Choque - Objeto Fixo;1;;;;;;;;;;0;1;;;
08/04/2019;14:40:00;1024;sem vítima;85;BR-040/RJ;Sul;Choque - Objeto Fixo;;;1;;;;;;;;1;;;;
08/04/2019;14:58:00;1027;com vítima;782;BR-040/MG;Norte;Choque - Objeto Fixo;1;;;;;;;;;;0;1;;;
08/04/2019;15:24:00;1035;sem vítima;8;BR-040/RJ;Norte;Choque - Objeto Fixo;1;;;;;;;;;;1;;;;
08/04/2019;17:12:00;1053;com vítima;78;BR-040/RJ;Sul;Choque - Objeto Fixo;1;;;;;;;;;;0;4;;;
08/04/2019;18:55:00;1068;sem vítima;67;BR-040/RJ;Sul;Choque - Objeto Fixo;1;;;;;;;;;;1;;;;
08/04/2019;22:49:00;1078;sem vítima;113;BR-040/RJ;Sul;Choque - Objeto Fixo;1;;;;;;;;;;1;;;;
08/04/2019;23:08:00;1081;com vítima;44;BR-040/RJ;Sul;Choque - Objeto Fixo;;;1;;;;;;;;0;;1;;
08/04/2019;23:16:00;1082;sem vítima;112;BR-040/RJ;Sul;Choque - Objeto Fixo;1;;;;;;;;;;1;;;;
08/04/2019;23:21:00;1083;sem vítima;114;BR-040/RJ;Norte;Choque - Objeto Fixo;1;;;;;;;;;;1;;;;
09/04/2019;06:13:00;1098;sem vítima;97;BR-040/RJ;Sul;Choque - Objeto Fixo;1;;;;;;;;;;1;;;;
09/04/2019;08:01:00;1110;sem vítima;92;BR-040/RJ;Norte;Choque - Objeto Fixo;1;;;;;;;;;;1;;;;
09/04/2019;08:07:00;1112;sem vítima;78;BR-040/RJ;Sul;Choque - Objeto Fixo;1;;;;;;;;;;1;;;;
09/04/2019;08:48:00;1119;sem vítima;91;BR-040/RJ;Sul;Choque - Objeto Fixo;1;;;;;;;;;;1;;;;
09/04/2019;09:21:00;1124;sem vítima;94;BR-040/RJ;Norte;Choque - Objeto Fixo;1;;;;;;;;;;1;;;;
09/04/2019;09:24:00;1126;sem vítima;96;BR-040/RJ;Sul;Choque - Objeto Fixo;1;;;;;;;;;;1;;;;
09/04/2019;09:56:00;1129;sem vítima;112;BR-040/RJ;Sul;Colisão Lateral;2;;;;;;;;;;2;;;;
09/04/2019;11:30:00;1137;sem vítima;93;BR-040/RJ;Sul;Choque - Objeto Fixo;1;;;;;;;;;;1;;;;
09/04/2019;12:13:00;1141;sem vítima;90;BR-040/RJ;Norte;Choque - Objeto Fixo;1;;;;;;;;;;1;;;;
09/04/2019;12:32:00;1143;sem vítima;43;BR-040/RJ;Sul;Choque - Objeto Fixo;1;;;;;;;;;;1;;;;
09/04/2019;13:44:00;1154;sem vítima;94;BR-040/RJ;Sul;Choque - Objeto Fixo;1;;;;;;;;;;1;;;;
09/04/2019;16:43:00;1172;com vítima;93;BR-040/RJ;Norte;Choque - Objeto Fixo;1;;;;;;;;;;0;1;;;
09/04/2019;18:32:00;1178;sem vítima;109;BR-040/RJ;Norte;Colisão Traseira;2;;;;;;;;;;2;;;;
09/04/2019;19:18:00;1182;sem vítima;113;BR-040/RJ;Sul;Choque - Objeto Fixo;1;;;;;;;;;;1;;;;
09/04/2019;20:50:00;1187;sem vítima;90;BR-040/RJ;Norte;Choque - Objeto Fixo;1;;;;;;;;;;1;;;;
09/04/2019;21:33:00;1189;sem vítima;107;BR-040/RJ;Norte;Choque - Objeto Fixo;1;;;;;;;;;;1;;;;
10/04/2019;07:34:00;1223;sem vítima;94;BR-040/RJ;Sul;Choque - Objeto Fixo;1;;;;;;;;;;1;;;;
10/04/2019;07:55:00;1225;sem vítima;84;BR-040/RJ;Sul;Choque - Objeto Fixo;1;;;;;;;;;;1;;;;
10/04/2019;08:17:00;1230;sem vítima;92;BR-040/RJ;Sul;Choque - Objeto Fixo;1;;;;;;;;;;1;;;;
10/04/2019;09:58:00;1246;sem vítima;93;BR-040/RJ;Sul;Choque - Objeto Fixo;1;;;;;;;;;;1;;;;
10/04/2019;10:13:00;1250;com vítima;84;BR-040/RJ;Norte;Choque - Objeto Fixo;1;;;;;;;;;;0;3;;;
10/04/2019;12:45:00;1264;com vítima;102;BR-040/RJ;Sul;Queda de Moto;;;;1;;;;;;;0;;1;;
10/04/2019;13:15:00;1269;com vítima;78;BR-040/RJ;Sul;Choque - Objeto Fixo;1;;;;;;;;;;0;1;;;
10/04/2019;13:21:00;1270;com vítima;77;BR-040/RJ;Sul;Choque - Objeto Fixo;1;;;;;;;;;;0;1;1;;
10/04/2019;13:40:00;1273;sem vítima;89;BR-040/RJ;Norte;Colisão Lateral;2;;;;;;;;;;2;;;;
10/04/2019;17:47:00;1298;sem vítima;93;BR-040/RJ;Norte;Colisão Traseira;;;2;;;;;;;;2;;;;
10/04/2019;18:10:00;1301;com vítima;109;BR-040/RJ;Norte;Queda de Moto;;;;1;;;;;;;0;1;;;
10/04/2019;19:20:00;1307;sem vítima;791;BR-040/MG;Sul;Colisão Lateral;1;;;;;1;;;;;2;;;;
10/04/2019;20:35:00;1311;com vítima;118;BR-040/RJ;Norte;Queda de Moto;;;;1;;;;;;;0;1;;;
10/04/2019;21:01:00;1315;com vítima;105;BR-040/RJ;Sul;Queda de Moto;;;;1;;;;;;;0;;1;;
10/04/2019;21:35:00;1320;sem vítima;122;BR-040/RJ;Sul;Colisão Lateral;1;;;;;1;;;;;2;;;;
10/04/2019;22:55:00;1325;sem vítima;120;BR-040/RJ;Norte;Choque - Objeto Fixo;1;;;;;;;;;;1;;;;
11/04/2019;00:50:00;1332;com vítima;56;BR-040/RJ;Sul;Derrapagem;1;;;;;;;;;;0;1;;;
11/04/2019;06:19:00;1345;com vítima;114;BR-040/RJ;Sul;Colisão Traseira;1;;1;;;;;;;;1;;1;1;
11/04/2019;07:06:00;1353;sem vítima;120;BR-040/RJ;Sul;Colisão Traseira;;;;2;;;;;;;2;;;;
11/04/2019;07:07:00;1354;sem vítima;84;BR-040/RJ;Norte;Choque - Objeto Fixo;1;;;;;;;;;;1;;;;
11/04/2019;12:21:00;1400;sem vítima;111;BR-040/RJ;Sul;Colisão Traseira;2;;;;;;;;;;2;;;;
11/04/2019;12:44:00;1406;com vítima;50;BR-040/RJ;Sul;Colisão Lateral;1;;;1;;;;;;;0;1;2;;
11/04/2019;14:17:00;1414;sem vítima;25;BR-040/RJ;Sul;Queda de Moto;;;;1;;;;;;;1;;;;
11/04/2019;15:11:00;1417;sem vítima;110;BR-040/RJ;Sul;Engavetamento;1;;;;;2;;;;;3;;;;
11/04/2019;19:33:00;1446;sem vítima;790;BR-040/MG;Norte;Capotamento;1;;;;;;;;;;1;;;;
11/04/2019;20:11:00;1453;sem vítima;67;BR-040/RJ;Norte;Choque - Objeto Fixo;1;;;;;;;;;;1;;;;
12/04/2019;08:45:00;1502;sem vítima;111;BR-040/RJ;Sul;Colisão Traseira;2;;;;;;;;;;2;;;;
12/04/2019;09:02:00;1508;sem vítima;16;BR-040/RJ;Norte;Choque - Objeto Fixo;1;;;;;;;;;;1;;;;
12/04/2019;11:50:00;1529;sem vítima;111;BR-040/RJ;Sul;Colisão Traseira;2;;;;;;;;;;2;;;;
12/04/2019;13:21:00;1541;com vítima;111;BR-040/RJ;Sul;Colisão Traseira;1;;1;;;;;;;;1;1;;;
12/04/2019;13:39:00;1542;com vítima;111;BR-040/RJ;Sul;Colisão Lateral;1;;;1;;;;;;;1;1;;;
12/04/2019;15:00:00;1553;sem vítima;64;BR-040/RJ;Sul;Colisão Lateral;2;;;;;;;;;;2;;;;
12/04/2019;18:03:00;1574;com vítima;84;BR-040/RJ;Norte;Queda de Moto;;;;1;;;;;;;0;2;;;
12/04/2019;23:18:00;1616;sem vítima;122;BR-040/RJ;Sul;Choque - Objeto Fixo;1;;;;;;;;;;1;;;;
13/04/2019;10:04:00;1666;com vítima;107;BR-040/RJ;Norte;Colisão Traseira;2;;;;;;;;;;0;2;1;;
13/04/2019;12:45:00;1681;com vítima;89;BR-040/RJ;Sul;Tombamento;;;1;;;;;;;;0;;;;1
13/04/2019;12:40:00;1684;sem vítima;55;BR-040/RJ;Norte;Colisão Traseira;2;;;;;;;;;;2;;;;
13/04/2019;13:36:00;1691;com vítima;45;BR-040/RJ;Norte;Colisão Traseira;2;;;;;;;;;;0;7;;;
13/04/2019;17:47:00;1716;sem vítima;122;BR-040/RJ;Norte;Colisão Traseira;1;;;;1;;;;;;2;;;;
13/04/2019;23:19:00;1741;sem vítima;120;BR-040/RJ;Norte;Choque - Objeto Fixo;1;;;;;;;;;;1;;;;
14/04/2019;00:18:00;1745;com vítima;112;BR-040/RJ;Norte;Choque - Objeto Fixo;1;;;;;;;;;;0;1;;;
14/04/2019;07:15:00;1766;sem vítima;90;BR-040/RJ;Sul;Tombamento;;;1;;;;;;;;1;;;;
14/04/2019;12:14:00;1798;com vítima;85;BR-040/RJ;Norte;Capotamento;1;;;;;;;;;;0;1;;;
14/04/2019;12:57:00;1800;com vítima;115;BR-040/RJ;Norte;Colisão Traseira;1;;1;;;;;;;;1;3;1;;
14/04/2019;13:46:00;1805;sem vítima;97;BR-040/RJ;Norte;Choque - Objeto Fixo;1;;;;;;;;;;1;;;;
14/04/2019;14:35:00;1807;com vítima;93;BR-040/RJ;Sul;Capotamento;1;;;;;;;;;;0;1;;;
14/04/2019;16:15:00;1820;sem vítima;92;BR-040/RJ;Sul;Choque - Objeto Fixo;1;;;;;;;;;;1;;;;