data;horario;n_da_ocorrencia;tipo_de_ocorrencia;km;trecho;sentido;tipo_de_acidente;automovel;bicicleta;caminhao;moto;onibus;outros;tracao_animal;transporte_de_cargas_especiais;trator_maquinas;utilitarios;ilesos;levemente_feridos;moderadamente_feridos;gravemente_feridos;mortos
12/05/2019;19:52:00;1485;sem vítima;105;BR-040/RJ;Sul;Colisão Traseira;1;;;;;1;;;;;2;;;;
13/05/2019;05:29:00;1523;sem vítima;91;BR-040/RJ;Norte;Choque - Objeto Fixo;1;;;;;;;;;;1;;;;
13/05/2019;10:58:00;1562;com vítima;124;BR-040/RJ;Norte;Queda de Moto;;;;1;;1;;;;;1;1;;;
13/05/2019;15:09:00;1590;sem vítima;92;BR-040/RJ;Sul;Choque - Objeto Fixo;1;;;;;;;;;;1;;;;
13/05/2019;15:13:00;1593;sem vítima;92;BR-040/RJ;Sul;Choque - Objeto Fixo;1;;;;;;;;;;1;;;;
13/05/2019;15:19:00;1595;sem vítima;92;BR-040/RJ;Sul;Choque - Objeto Fixo;1;;;;;;;;;;1;;;;
13/05/2019;16:20:00;1605;sem vítima;93;BR-040/RJ;Sul;Capotamento;1;;;;;;;;;;1;;;;
13/05/2019;16:23:00;1606;sem vítima;90;BR-040/RJ;Sul;Choque - Objeto Fixo;1;;;;;;;;;;1;;;;
13/05/2019;16:39:00;1616;sem vítima;93;BR-040/RJ;Sul;Colisão Traseira;2;;;;;;;;;;2;;;;
13/05/2019;17:34:00;1617;sem vítima;85;BR-040/RJ;Norte;Choque - Objeto Fixo;1;;;;;;;;;;1;;;;
14/05/2019;04:35:00;1656;sem vítima;69;BR-040/RJ;Sul;Choque - Objeto Fixo;1;;;;;;;;;;1;;;;
14/05/2019;05:03:00;1657;com vítima;115;BR-040/RJ;Sul;Colisão Traseira;2;;;;;;;;;;1;1;;;
14/05/2019;05:43:00;1661;sem vítima;115;BR-040/RJ;Sul;Colisão Traseira;1;;;;;;;;;;1;;;;
14/05/2019;15:05:00;1722;com vítima;99;BR-040/RJ;Sul;Choque - Objeto Fixo;1;;;;;;;;;;0;1;1;;
14/05/2019;16:22:00;1732;com vítima;783;BR-040/MG;Sul;Capotamento;1;;;;;;;;;;0;1;1;;
14/05/2019;17:21:00;1738;sem vítima;85;BR-040/RJ;Norte;Choque - Objeto Fixo;1;;;;;;;;;;1;;;;
14/05/2019;20:33:00;1766;com vítima;93;BR-040/RJ;Sul;Capotamento;1;;;;;;;;;;0;3;;;
14/05/2019;20:53:00;1768;sem vítima;93;BR-040/RJ;Norte;Choque - Objeto Fixo;1;;;;;;;;;;1;;;;
14/05/2019;21:05:00;1769;sem vítima;92;BR-040/RJ;Sul;Choque - Objeto Fixo;1;;;;;;;;;;1;;;;
15/05/2019;07:50:00;1812;sem vítima;74;BR-040/RJ;Sul;Choque - Objeto Fixo;1;;;;;;;;;;1;;;;
15/05/2019;09:20:00;1825;sem vítima;82;BR-040/RJ;Sul;Choque - Objeto Fixo;1;;;;;;;;;;1;;;;
15/05/2019;10:48:00;1832;sem vítima;93;BR-040/RJ;Sul;Choque - Objeto Fixo;1;;;;;;;;;;1;;;;
15/05/2019;11:04:00;1833;com vítima;97;BR-040/RJ;Sul;Capotamento;1;;;;;;;;;;0;2;1;;
15/05/2019;11:18:00;1836;com vítima;97;BR-040/RJ;Sul;Colisão Traseira;;;2;;;;;;;;0;4;;;
15/05/2019;11:36:00;1841;sem vítima;92;BR-040/RJ;Sul;Choque - Objeto Fixo;1;;;;;;;;;;1;;;;
15/05/2019;11:41:00;1842;sem vítima;115;BR-040/RJ;Norte;Colisão Lateral;2;;;;;;;;;;2;;;;
15/05/2019;11:52:00;1846;sem vítima;96;BR-040/RJ;Sul;Choque - Objeto Fixo;;;1;;;;;;;;1;;;;
15/05/2019;12:41:00;1853;sem vítima;115;BR-040/RJ;Norte;Colisão Traseira;2;;;;;;;;;;2;;;;
15/05/2019;13:31:00;1856;com vítima;87;BR-040/RJ;Norte;Choque - Objeto Fixo;1;;;;;;;;;;0;;2;;
15/05/2019;13:39:00;1859;sem vítima;91;BR-040/RJ;Norte;Choque - Objeto Fixo;1;;;;;;;;;;1;;;;
15/05/2019;14:34:00;1866;com vítima;90;BR-040/RJ;Norte;Tombamento;1;;;;;;;;;;0;1;;;
15/05/2019;14:38:00;1867;sem vítima;112;BR-040/RJ;Sul;Choque - Objeto Fixo;1;;;;;;;;;;1;;;;
15/05/2019;18:00:00;1888;sem vítima;111;BR-040/RJ;Norte;Engavetamento;3;;;;;;;;;;3;;;;
16/05/2019;15:53:00;2004;sem vítima;48;BR-040/RJ;Norte;Choque - Objeto Fixo;;;1;;;;;;;;1;;;;
16/05/2019;16:00:00;2006;com vítima;3;BR-040/RJ;Norte;Tombamento;1;;;;;;;;;;0;7;;;
16/05/2019;16:26:00;2013;com vítima;1;BR-040/RJ;Norte;Choque - Objeto Fixo;1;;;;;;;;;;0;3;;;
16/05/2019;16:47:00;2016;com vítima;92;BR-040/RJ;Sul;Choque - Objeto Fixo;1;;;;;;;;;;0;2;;;
17/05/2019;05:23:00;2068;sem vítima;114;BR-040/RJ;Sul;Colisão Traseira;2;;;;;;;;;;2;;;;
17/05/2019;06:01:00;2071;sem vítima;114;BR-040/RJ;Sul;Colisão Traseira;2;;;;;;;;;;2;;;;
17/05/2019;07:38:00;2082;sem vítima;93;BR-040/RJ;Sul;Choque - Objeto Fixo;1;;;;;;;;;;1;;;;
17/05/2019;07:59:00;2085;sem vítima;93;BR-040/RJ;Norte;Choque - Objeto Fixo;1;;;;;;;;;;1;;;;
17/05/2019;09:20:00;2093;sem vítima;109;BR-040/RJ;Norte;Colisão Lateral;2;;1;;;;;;;;3;;;;
17/05/2019;09:53:00;2098;com vítima;90;BR-040/RJ;Sul;Choque - Objeto Fixo;1;;;;;;;;;;0;4;;;
17/05/2019;10:01:00;2100;com vítima;92;BR-040/RJ;Sul;Colisão Lateral;2;;;;;;;;;;0;2;;;
17/05/2019;11:03:00;2108;com vítima;93;BR-040/RJ;Sul;Tombamento;;;1;;;;;;;;0;2;;;
17/05/2019;12:41:00;2117;sem vítima;105;BR-040/RJ;Norte;Colisão Traseira;2;;;;;;;;;;2;;;;
17/05/2019;13:14:00;2119;com vítima;31;BR-040/RJ;Norte;Colisão Traseira;;;2;;;;;;;;1;3;;;
17/05/2019;13:27:00;2120;sem vítima;91;BR-040/RJ;Norte;Choque - Objeto Fixo;1;;;;;;;;;;1;;;;
17/05/2019;13:49:00;2122;sem vítima;78;BR-040/RJ;Sul;Choque - Objeto Fixo;1;;;;;;;;;;1;;;;
17/05/2019;14:08:00;2124;com vítima;32;BR-040/RJ;Norte;Colisão Traseira;;;2;;;;;;;;0;2;;;
17/05/2019;14:44:00;2127;sem vítima;93;BR-040/RJ;Norte;Choque - Objeto Fixo;1;;;;;;;;;;1;;;;
17/05/2019;15:25:00;2134;sem vítima;93;BR-040/RJ;Sul;Choque - Objeto Fixo;1;;;;;;;;;;1;;;;
17/05/2019;15:36:00;2135;sem vítima;91;BR-040/RJ;Sul;Choque - Objeto Fixo;1;;;;;;;;;;1;;;;
17/05/2019;16:26:00;2140;com vítima;84;BR-040/RJ;Sul;Choque - Objeto Fixo;;;1;;;;;;;;0;7;;;
17/05/2019;16:34:00;2142;sem vítima;90;BR-040/RJ;Norte;Choque - Objeto Fixo;1;;;;;;;;;;1;;;;
17/05/2019;16:38:00;2143;sem vítima;25;BR-040/RJ;Sul;Choque - Objeto Fixo;1;;;;;;;;;;1;;;;
17/05/2019;16:46:00;2145;com vítima;92;BR-040/RJ;Norte;Queda de Moto;;;;1;;;;;;;0;2;;;
17/05/2019;16:47:00;2146;com vítima;11;BR-040/RJ;Sul;Choque - Objeto Fixo;1;;;;;;;;;;0;3;;;
17/05/2019;16:56:00;2150;sem vítima;82;BR-040/RJ;Sul;Colisão Lateral;2;;;;;;;;;;2;;;;
17/05/2019;17:12:00;2152;sem vítima;1;BR-040/RJ;Norte;Choque - Objeto Fixo;1;;;;;;;;;;1;;;;
17/05/2019;18:11:00;2158;sem vítima;117;BR-040/RJ;Norte;Colisão Traseira;2;;;;;;;;;;2;;;;
17/05/2019;19:01:00;2162;sem vítima;87;BR-040/RJ;Sul;Capotamento;1;;;;;;;;;;1;;;;
17/05/2019;20:09:00;2167;com vítima;124;BR-040/RJ;Norte;Capotamento;1;;;;;1;;;;;1;2;;;
17/05/2019;20:13:00;2169;com vítima;118;BR-040/RJ;Norte;Colisão Frontal;1;;;1;;;;;;;1;;1;;
18/05/2019;06:50:00;2188;com vítima;124;BR-040/RJ;Sul;Colisão Traseira;2;;;;;;;;;;0;3;;;
18/05/2019;07:09:00;2189;com vítima;820;BR-040/MG;Norte;Choque - Objeto Fixo;1;;;;;;;;;;0;1;;;
18/05/2019;08:46:00;2201;com vítima;90;BR-040/RJ;Sul;Choque - Objeto Fixo;1;;;;;;;;;;0;1;;;
18/05/2019;08:51:00;2203;sem vítima;8;BR-040/RJ;Sul;Choque - Objeto Fixo;1;;;;;;;;;;1;;;;
18/05/2019;09:12:00;2210;sem vítima;91;BR-040/RJ;Norte;Choque - Objeto Fixo;1;;;;;;;;;;1;;;;
18/05/2019;09:25:00;2211;sem vítima;93;BR-040/RJ;Sul;Choque - Objeto Fixo;1;;;;;;;;;;1;;;;
18/05/2019;09:29:00;2212;sem vítima;93;BR-040/RJ;Sul;Choque - Objeto Fixo;1;;;;;;;;;;1;;;;
18/05/2019;09:49:00;2214;sem vítima;92;BR-040/RJ;Sul;Choque - Objeto Fixo;1;;;;;;;;;;1;;;;
18/05/2019;09:58:00;2216;sem vítima;93;BR-040/RJ;Sul;Choque - Objeto Fixo;1;;;;;;;;;;1;;;;
18/05/2019;10:06:00;2217;sem vítima;84;BR-040/RJ;Norte;Colisão Lateral;2;;;;;;;;;;2;;;;
18/05/2019;10:25:00;2218;com vítima;91;BR-040/RJ;Sul;Choque - Objeto Fixo;1;;;;;;;;;;1;1;;;
18/05/2019;10:48:00;2221;com vítima;91;BR-040/RJ;Sul;Choque - Objeto Fixo;1;;;;;;;;;;0;1;1;;
18/05/2019;11:10:00;2226;sem vítima;783;BR-040/MG;Norte;Choque - Objeto Fixo;1;;;;;;;;;;1;;;;
18/05/2019;11:32:00;2227;sem vítima;84;BR-040/RJ;Norte;Choque - Objeto Fixo;1;;;;;;;;;;1;;;;
18/05/2019;13:12:00;2243;sem vítima;822;BR-040/MG;Sul;Choque - Objeto Fixo;1;;;;;;;;;;1;;;;
18/05/2019;13:13:00;2244;sem vítima;92;BR-040/RJ;Sul;Choque - Objeto Fixo;1;;;;;;;;;;1;;;;
18/05/2019;13:16:00;2246;com vítima;43;BR-040/RJ;Sul;Queda de Moto;;;;1;;;;;;;0;2;;;
18/05/2019;15:04:00;2260;sem vítima;92;BR-040/RJ;Sul;Choque - Objeto Fixo;1;;;;;;;;;;1;;;;
18/05/2019;15:28:00;2263;sem vítima;93;BR-040/RJ;Sul;Choque - Objeto Fixo;1;;;;;;;;;;1;;;;
18/05/2019;15:31:00;2266;sem vítima;93;BR-040/RJ;Sul;Capotamento;1;;;;;;;;;;1;;;;
18/05/2019;16:02:00;2270;sem vítima;91;BR-040/RJ;Norte;Choque - Objeto Fixo;1;;;;;;;;;;1;;;;
18/05/2019;16:41:00;2273;com vítima;29;BR-040/RJ;Norte;Capotamento;1;;;;;;;;;;0;1;1;;
18/05/2019;16:54:00;2277;com vítima;823;BR-040/MG;Sul;Capotamento;1;;;;;;;;;;0;1;;;
18/05/2019;16:55:00;2278;sem vítima;85;BR-040/RJ;Sul;Choque - Objeto Fixo;1;;;;;;;;;;1;;;;
18/05/2019;19:00:00;2290;com vítima;39;BR-040/RJ;Sul;Capotamento;1;;;;;;;;;;0;1;;;
19/05/2019;06:36:00;2325;sem vítima;40;BR-040/RJ;Norte;Choque - Objeto Fixo;1;;;;;;;;;;1;;;;
19/05/2019;07:54:00;2333;com vítima;96;BR-040/RJ;Norte;Queda de Moto;;;;1;;;;;;;0;;1;;
19/05/2019;12:20:00;2358;com vítima;94;BR-040/RJ;Norte;Queda de Moto;;;;1;;;;;;;0;2;;;
19/05/2019;12:39:00;2360;sem vítima;100;BR-040/RJ;Norte;Choque - Objeto Fixo;1;;;;;;;;;;1;;;;
19/05/2019;14:52:00;2375;sem vítima;86;BR-040/RJ;Norte;Choque - Objeto Fixo;1;;;;;;;;;;1;;;;
19/05/2019;15:35:00;2380;com vítima;69;BR-040/RJ;Norte;Choque - Objeto Fixo;1;;;;;;;;;;0;1;;;
19/05/2019;15:46:00;2383;sem vítima;804;BR-040/MG;Norte;Colisão Lateral;1;;1;;;;;;;;2;;;;
19/05/2019;15:47:00;2384;sem vítima;119;BR-040/RJ;Sul;Colisão Lateral;2;;;;;;;;;;2;;;;
19/05/2019;19:57:00;2414;com vítima;85;BR-040/RJ;Sul;Colisão Lateral;1;;1;;;;;;;;0;2;;;1
19/05/2019;22:04:00;2429;sem vítima;107;BR-040/RJ;Sul;Derrapagem;1;;;;;;;;;;1;;;;
20/05/2019;07:35:00;2452;com vítima;100;BR-040/RJ;Sul;Choque - Objeto Fixo;1;;;;;;;;;;0;1;;;
20/05/2019;12:25:00;2489;com vítima;31;BR-040/RJ;Sul;Choque - Objeto Fixo;1;;;;;;;;;;0;1;;;
20/05/2019;16:11:00;2507;com vítima;84;BR-040/RJ;Sul;Choque - Objeto Fixo;;;1;;;;;;;;0;3;;;
21/05/2019;07:03:00;2555;sem vítima;19;BR-040/RJ;Norte;Atropelamento - Animal;1;;;;;;;;;;1;;;;
21/05/2019;08:05:00;2561;sem vítima;125;BR-040/RJ;Norte;Engavetamento;3;;;;;;;;;;3;;;;
21/05/2019;18:10:00;2633;com vítima;101;BR-040/RJ;Sul;Atropelamento - Animal;;;;1;;;;;;;0;;1;;
21/05/2019;21:55:00;2659;sem vítima;86;BR-040/RJ;Norte;Choque - Objeto Fixo;1;;;;;;;;;;1;;;;
21/05/2019;21:58:00;2660;sem vítima;821;BR-040/MG;Norte;Colisão Traseira;;;2;;;;;;;;2;;;;
22/05/2019;09:53:00;2693;com vítima;110;BR-040/RJ;Sul;Colisão Lateral;1;;1;;;;;;;;1;4;;;
22/05/2019;15:39:00;2735;sem vítima;87;BR-040/RJ;Norte;Choque - Objeto Fixo;1;;;;;;;;;;1;;;;
22/05/2019;20:30:00;2765;sem vítima;777;BR-040/MG;Norte;Queda de Moto;;;;1;;;;;;;1;;;;
22/05/2019;22:21:00;2773;sem vítima;94;BR-040/RJ;Norte;Choque - Objeto Fixo;;;1;;;;;;;;1;;;;
23/05/2019;00:05:00;2775;sem vítima;123;BR-040/RJ;Norte;Colisão Traseira;2;;;;;;;;;;2;;;;
23/05/2019;13:57:00;2822;com vítima;65;BR-040/RJ;Sul;Tombamento;1;;1;;;1;;;;;1;3;;;
23/05/2019;18:00:00;2854;com vítima;116;BR-040/RJ;Norte;Colisão Traseira;1;;;1;;;;;;;0;2;;;
24/05/2019;03:43:00;2894;com vítima;810;BR-040/MG;Norte;Derrapagem;;;1;;;;;;;;0;1;;;
24/05/2019;13:44:00;2952;sem vítima;54;BR-040/RJ;Norte;Colisão Traseira;2;;;;;;;;;;2;;;;
24/05/2019;14:00:00;2958;sem vítima;55;BR-040/RJ;Norte;Colisão Lateral;1;;;;1;;;;;;2;;;;
24/05/2019;15:40:00;2969;com vítima;111;BR-040/RJ;Sul;Colisão Traseira;1;;;1;;;;;;;1;1;;;
24/05/2019;17:51:00;2990;com vítima;111;BR-040/RJ;Norte;Colisão Traseira;2;;;;;;;;;;1;1;;;
24/05/2019;20:34:00;3013;com vítima;23;BR-040/RJ;Norte;Atropelamento - Pedestre;1;;;;;1;;;;;1;;1;;
24/05/2019;21:45:00;3017;com vítima;109;BR-040/RJ;Norte;Colisão Lateral;1;;;1;;;;;;;1;1;;;
25/05/2019;01:31:00;3025;sem vítima;812;BR-040/MG;Norte;Choque - Objeto Fixo;1;;;;;;;;;;1;;;;
25/05/2019;03:31:00;3034;com vítima;108;BR-040/RJ;Norte;Tombamento;1;;;;;;;;;;0;2;;;
25/05/2019;05:03:00;3037;sem vítima;120;BR-040/RJ;Norte;Choque - Objeto Fixo;1;;;;;;;;;;1;;;;
25/05/2019;06:52:00;3044;com vítima;810;BR-040/MG;Norte;Colisão Traseira;2;;;;;;;;;;1;3;;;
25/05/2019;08:15:00;3054;sem vítima;112;BR-040/RJ;Sul;Engavetamento;2;;1;;;;;;;;3;;;;
25/05/2019;11:34:00;3075;com vítima;84;BR-040/RJ;Sul;Queda de Moto;;;;1;;;;;;;0;2;;;
25/05/2019;11:51:00;3076;com vítima;92;BR-040/RJ;Norte;Choque - Objeto Fixo;1;;;;;;;;;;0;2;;;
25/05/2019;18:22:00;3129;sem vítima;96;BR-040/RJ;Sul;Atropelamento - Animal;1;;;;;;;;;;1;;;;
25/05/2019;20:37:00;3142;com vítima;85;BR-040/RJ;Norte;Capotamento;1;;;;;;;;;;0;2;;;
25/05/2019;21:26:00;3145;com vítima;796;BR-040/MG;Sul;Capotamento;1;;;;;;;;;;0;1;;;
26/05/2019;04:15:00;3159;com vítima;112;BR-040/RJ;Norte;Capotamento;2;;;;;;;;;;0;3;;;
26/05/2019;06:30:00;3163;com vítima;69;BR-040/RJ;Sul;Capotamento;1;;;;;;;;;;0;2;;;
26/05/2019;09:51:00;3176;com vítima;95;BR-040/RJ;Norte;Queda de Moto;;;;1;;;;;;;0;;1;;
26/05/2019;12:22:00;3192;sem vítima;780;BR-040/MG;Sul;Colisão Traseira;1;;;;;1;;;;;2;;;;
26/05/2019;14:06:00;3206;com vítima;111;BR-040/RJ;Sul;Colisão Traseira;2;;;;;;;;;;0;6;;;
26/05/2019;20:25:00;3253;com vítima;113;BR-040/RJ;Sul;Colisão Lateral;2;;;;;;;;;;1;1;;;
26/05/2019;21:49:00;3263;com vítima;91;BR-040/RJ;Norte;Queda de Moto;;;;3;;;;;;;1;4;;;
27/05/2019;08:10:00;3291;sem vítima;783;BR-040/MG;Norte;Colisão Lateral;1;;1;;;;;;;;2;;;;
27/05/2019;08:59:00;3301;com vítima;69;BR-040/RJ;Norte;Queda de Moto;;;;1;;;;;;;0;1;1;;
27/05/2019;09:57:00;3312;sem vítima;122;BR-040/RJ;Norte;Colisão Lateral;1;;;;2;;;;;;3;;;;
27/05/2019;10:37:00;3316;com vítima;110;BR-040/RJ;Norte;Engavetamento;3;;;;1;;;;;;1;3;;;
27/05/2019;12:10:00;3322;com vítima;796;BR-040/MG;Norte;Colisão Traseira;;;2;;;;;;;;0;2;;;
27/05/2019;17:03:00;3370;sem vítima;108;BR-040/RJ;Norte;Colisão Traseira;2;;;;;;;;;;2;;;;
27/05/2019;17:04:00;3373;com vítima;124;BR-040/RJ;Norte;Objeto lançado contra veículo;1;;1;;;;;;;;1;1;;;
27/05/2019;17:16:00;3376;com vítima;785;BR-040/MG;Norte;Queda de Moto;;;;1;;;;;;;0;1;;;
27/05/2019;18:10:00;3383;sem vítima;37;BR-040/RJ;Sul;Colisão Traseira;1;;1;;;;;;;;2;;;;
28/05/2019;06:06:00;3417;com vítima;122;BR-040/RJ;Sul;Colisão Lateral;1;;;1;;;;;;;1;1;;;
28/05/2019;10:03:00;3444;com vítima;91;BR-040/RJ;Norte;Queda de Moto;;;;1;;;;;;;0;1;;;
28/05/2019;10:53:00;3451;sem vítima;120;BR-040/RJ;Norte;Colisão Lateral;2;;;;;;;;;;2;;;;
28/05/2019;16:55:00;3493;sem vítima;91;BR-040/RJ;Norte;Choque - Objeto Fixo;1;;;;;;;;;;1;;;;
28/05/2019;18:31:00;3505;sem vítima;105;BR-040/RJ;Sul;Colisão Traseira;2;;;;;;;;;;2;;;;
28/05/2019;19:53:00;3512;sem vítima;91;BR-040/RJ;Norte;Choque - Objeto Fixo;1;;;;;;;;;;1;;;;
28/05/2019;21:02:00;3517;com vítima;83;BR-040/RJ;Norte;Choque - Objeto Fixo;1;;;;;;;;;;0;1;;;
28/05/2019;21:48:00;3524;sem vítima;89;BR-040/RJ;Sul;Derrapagem;;;1;;;;;;;;1;;;;
29/05/2019;03:42:00;3533;com vítima;84;BR-040/RJ;Sul;Atropelamento - Animal;;;;1;;;;;;;0;1;;;
29/05/2019;05:48:00;3538;sem vítima;108;BR-040/RJ;Norte;Queda de Moto;;;;1;;;;;;;1;;;;
29/05/2019;06:09:00;3540;com vítima;108;BR-040/RJ;Norte;Queda de Moto;;;;1;;;;;;;0;1;;;
29/05/2019;06:55:00;3545;com vítima;123;BR-040/RJ;Sul;Colisão Lateral;1;;;1;;;;;;;1;1;;;
29/05/2019;07:55:00;3548;sem vítima;91;BR-040/RJ;Norte;Choque - Objeto Fixo;1;;;;;;;;;;1;;;;
29/05/2019;13:06:00;3586;com vítima;79;BR-040/RJ;Sul;Choque - Objeto Fixo;1;;;;;;;;;;0;2;1;;
30/05/2019;00:20:00;3671;com vítima;83;BR-040/RJ;Sul;Choque - Objeto Fixo;2;;;;;;;;;;1;1;;;
30/05/2019;11:51:00;3722;sem vítima;95;BR-040/RJ;Sul;Capotamento;1;;;;;;;;;;1;;;;
30/05/2019;13:01:00;3729;com vítima;785;BR-040/MG;Norte;Capotamento;1;;;;;;;;;;0;1;;;
30/05/2019;15:32:00;3745;sem vítima;68;BR-040/RJ;Norte;Choque - Objeto Fixo;1;;;;;;;;;;1;;;;
31/05/2019;08:26:00;3823;sem vítima;123;BR-040/RJ;Norte;Colisão Lateral;1;;1;;;;;;;;2;;;;
31/05/2019;13:08:00;3862;com vítima;85;BR-040/RJ;Norte;Queda de Moto;;;;1;;;;;;;0;1;;;
31/05/2019;18:28:00;3929;com vítima;110;BR-040/RJ;Sul;Queda de Moto;;;;1;;1;;;;;1;1;;;
31/05/2019;19:36:00;3947;sem vítima;111;BR-040/RJ;Norte;Colisão Traseira;2;;;;;;;;;;2;;;;
01/06/2019;06:36:00;13;sem vítima;86;BR-040/RJ;Norte;Choque - Objeto Fixo;1;;;;;;;;;;1;;;;
01/06/2019;09:35:00;34;sem vítima;123;BR-040/RJ;Norte;Colisão Lateral;1;;;1;;;;;;;2;;;;
01/06/2019;10:14:00;40;com vítima;113;BR-040/RJ;Norte;Tombamento;1;;;;;;;;;;0;2;;;
01/06/2019;11:54:00;58;sem vítima;78;BR-040/RJ;Sul;Capotamento;1;;;;;;;;;;1;;;;
01/06/2019;12:44:00;64;sem vítima;120;BR-040/RJ;Norte;Colisão Traseira;1;;1;;;;;;;;2;;;;
01/06/2019;13:18:00;74;sem vítima;110;BR-040/RJ;Norte;Colisão Lateral;1;;1;;;;;;;;2;;;;
01/06/2019;13:47:00;76;com vítima;50;BR-040/RJ;Norte;Capotamento;1;;;;;;;;;;0;;;1;
01/06/2019;15:55:00;89;sem vítima;83;BR-040/RJ;Norte;Tombamento;1;;;;;;;;;;1;;;;
01/06/2019;18:25:00;111;com vítima;119;BR-040/RJ;Norte;Engavetamento;3;;;;;;;;;;2;1;;;
01/06/2019;19:35:00;116;sem vítima;823;BR-040/MG;Sul;Capotamento;1;;;;;;;;;;1;;;;
01/06/2019;21:17:00;131;sem vítima;117;BR-040/RJ;Norte;Choque - Objeto Fixo;1;;;;;;;;;;1;;;;
01/06/2019;21:28:00;133;com vítima;84;BR-040/RJ;Sul;Capotamento;1;;;;;;;;;;0;1;;;
01/06/2019;22:13:00;137;com vítima;102;BR-040/RJ;Sul;Capotamento;1;;;;;;;;;;0;2;;1;
01/06/2019;22:28:00;138;com vítima;113;BR-040/RJ;Sul;Capotamento;1;;;;;;;;;;0;2;;;
02/06/2019;10:52:00;188;sem vítima;92;BR-040/RJ;Sul;Choque - Objeto Fixo;1;;;;;;;;;;1;;;;
02/06/2019;11:23:00;194;sem vítima;84;BR-040/RJ;Norte;Choque - Objeto Fixo;1;;;;;;;;;;1;;;;
02/06/2019;11:55:00;199;sem vítima;92;BR-040/RJ;Norte;Choque - Objeto Fixo;1;;;;;;;;;;1;;;;
02/06/2019;12:08:00;201;sem vítima;82;BR-040/RJ;Sul;Choque - Objeto Fixo;1;;;;;;;;;;1;;;;
02/06/2019;12:20:00;202;com vítima;98;BR-040/RJ;Sul;Capotamento;1;;;;;;;;;;0;;1;1;
02/06/2019;13:13:00;206;sem vítima;88;BR-040/RJ;Norte;Choque - Objeto Fixo;1;;;;;;;;;;1;;;;
02/06/2019;13:15:00;207;sem vítima;84;BR-040/RJ;Norte;Choque - Objeto Fixo;1;;;;;;;;;;1;;;;
02/06/2019;18:45:00;234;sem vítima;84;BR-040/RJ;Norte;Choque - Objeto Fixo;1;;;;;;;;;;1;;;;
02/06/2019;18:56:00;237;sem vítima;93;BR-040/RJ;Norte;Choque - Objeto Fixo;1;;;;;;;;;;1;;;;
02/06/2019;18:57:00;238;sem vítima;91;BR-040/RJ;Sul;Choque - Objeto Fixo;2;;;;;;;;;;2;;;;
02/06/2019;19:14:00;240;sem vítima;84;BR-040/RJ;Sul;Choque - Objeto Fixo;1;;;;;;;;;;1;;;;
02/06/2019;20:06:00;247;sem vítima;87;BR-040/RJ;Sul;Colisão Lateral;2;;;;;;;;;;2;;;;
03/06/2019;03:55:00;275;com vítima;101;BR-040/RJ;Sul;Capotamento;1;;;;;;;;;;0;4;2;1;
03/06/2019;04:33:00;277;sem vítima;104;BR-040/RJ;Sul;Atropelamento - Animal;1;;;;;;;;;;1;;;;
03/06/2019;06:51:00;284;sem vítima;112;BR-040/RJ;Sul;Choque - Objeto Fixo;1;;;;;;;;;;1;;;;
03/06/2019;09:12:00;303;sem vítima;124;BR-040/RJ;Sul;Colisão Traseira;;;2;;;;;;;;2;;;;
03/06/2019;13:45:00;334;sem vítima;113;BR-040/RJ;Norte;Choque - Objeto Fixo;1;;;;;;;;;;1;;;;
03/06/2019;15:30:00;340;sem vítima;87;BR-040/RJ;Sul;Choque - Objeto Fixo;1;;;;;;;;;;1;;;;
03/06/2019;15:51:00;344;sem vítima;34;BR-040/RJ;Norte;Choque - Objeto Fixo;1;;;;;;;;;;1;;;;
03/06/2019;15:57:00;345;sem vítima;93;BR-040/RJ;Sul;Choque - Objeto Fixo;1;;;;;;;;;;1;;;;
03/06/2019;16:26:00;350;sem vítima;97;BR-040/RJ;Sul;Choque - Objeto Fixo;1;;;;;;;;;;1;;;;
03/06/2019;16:52:00;356;sem vítima;85;BR-040/RJ;Norte;Choque - Objeto Fixo;;;1;;;;;;;;1;;;;
03/06/2019;17:02:00;359;sem vítima;89;BR-040/RJ;Norte;Choque - Objeto Fixo;1;;;;;;;;;;1;;;;
03/06/2019;17:00:00;363;sem vítima;77;BR-040/RJ;Sul;Choque - Objeto Fixo;1;;;;;;;;;;1;;;;
03/06/2019;17:35:00;367;sem vítima;90;BR-040/RJ;Sul;Choque - Objeto Fixo;1;;;;;;;;;;1;;;;
03/06/2019;18:28:00;372;com vítima;54;BR-040/RJ;Sul;Colisão Lateral;1;;;1;;;;;;;0;6;;;
03/06/2019;19:12:00;376;sem vítima;82;BR-040/RJ;Sul;Choque - Objeto Fixo;1;;;;;;;;;;1;;;;
04/06/2019;07:48:00;414;sem vítima;69;BR-040/RJ;Norte;Choque - Objeto Fixo;1;;;;;;;;;;1;;;;
04/06/2019;08:02:00;417;sem vítima;92;BR-040/RJ;Sul;Choque - Objeto Fixo;1;;;;;;;;;;1;;;;
04/06/2019;08:11:00;419;sem vítima;93;BR-040/RJ;Sul;Choque - Objeto Fixo;1;;;;;;;;;;1;;;;
04/06/2019;09:40:00;428;sem vítima;84;BR-040/RJ;Sul;Choque - Objeto Fixo;1;;;;;;;;;;1;;;;
04/06/2019;10:09:00;434;sem vítima;85;BR-040/RJ;Norte;Choque - Objeto Fixo;1;;;;;;;;;;1;;;;