data;horario;n_da_ocorrencia;tipo_de_ocorrencia;km;trecho;sentido;tipo_de_acidente;automovel;bicicleta;caminhao;moto;onibus;outros;tracao_animal;transporte_de_cargas_especiais;trator_maquinas;utilitarios;ilesos;levemente_feridos;moderadamente_feridos;gravemente_feridos;mortos
02/08/2019;17:52:00;243;sem vítima;119;BR-040/RJ;Norte;Queda de Moto;;;;1;;;;;;;1;;;;
02/08/2019;20:55:00;279;com vítima;104;BR-040/RJ;Norte;Colisão Frontal;2;;;;;;;;;;0;2;;;
02/08/2019;23:58:00;292;sem vítima;85;BR-040/RJ;Norte;Derrapagem;1;;;;;;;;;;1;;;;
03/08/2019;01:47:00;299;sem vítima;94;BR-040/RJ;Sul;Derrapagem;1;;;;;;;;;;1;;;;
03/08/2019;06:51:00;306;sem vítima;93;BR-040/RJ;Sul;Choque - Objeto Fixo;1;;;;;;;;;;1;;;;
03/08/2019;07:06:00;307;com vítima;121;BR-040/RJ;Sul;Capotamento;1;;;;;;;;;;0;1;;;
03/08/2019;07:27:00;310;sem vítima;93;BR-040/RJ;Sul;Choque - Objeto Fixo;1;;;;;;;;;;1;;;;
03/08/2019;07:44:00;311;sem vítima;75;BR-040/RJ;Sul;Choque - Objeto Fixo;1;;;;;;;;;;1;;;;
03/08/2019;08:28:00;315;sem vítima;80;BR-040/RJ;Norte;Choque - Objeto Fixo;1;;;;;;;;;;1;;;;
03/08/2019;09:05:00;319;sem vítima;92;BR-040/RJ;Norte;Choque - Objeto Fixo;1;;;;;;;;;;1;;;;
03/08/2019;09:25:00;321;sem vítima;92;BR-040/RJ;Norte;Colisão Lateral;2;;;;;;;;;;2;;;;
03/08/2019;09:32:00;323;sem vítima;85;BR-040/RJ;Norte;Choque - Objeto Fixo;1;;;;;;;;;;1;;;;
03/08/2019;09:37:00;324;sem vítima;98;BR-040/RJ;Norte;Choque - Objeto Fixo;1;;;;;;;;;;1;;;;
03/08/2019;09:39:00;325;sem vítima;91;BR-040/RJ;Norte;Choque - Objeto Fixo;1;;;;;;;;;;1;;;;
03/08/2019;09:41:00;326;sem vítima;94;BR-040/RJ;Sul;Choque - Objeto Fixo;1;;;;;;;;;;1;;;;
03/08/2019;10:47:00;337;sem vítima;75;BR-040/RJ;Sul;Choque - Objeto Fixo;1;;;;;;;;;;1;;;;
03/08/2019;11:15:00;338;sem vítima;75;BR-040/RJ;Sul;Choque - Objeto Fixo;1;;;;;;;;;;1;;;;
03/08/2019;11:32:00;340;sem vítima;91;BR-040/RJ;Sul;Choque - Objeto Fixo;1;;;;;;;;;;1;;;;
03/08/2019;11:47:00;343;sem vítima;93;BR-040/RJ;Sul;Choque - Objeto Fixo;1;;;;;;;;;;1;;;;
03/08/2019;11:58:00;345;sem vítima;91;BR-040/RJ;Sul;Choque - Objeto Fixo;1;;;;;;;;;;1;;;;
03/08/2019;12:38:00;348;sem vítima;787;BR-040/MG;Norte;Choque - Objeto Fixo;1;;;;;;;;;;1;;;;
03/08/2019;13:27:00;352;sem vítima;73;BR-040/RJ;Norte;Choque - Objeto Fixo;1;;;;;;;;;;1;;;;
03/08/2019;13:33:00;353;sem vítima;92;BR-040/RJ;Norte;Choque - Objeto Fixo;1;;;;;;;;;;1;;;;
03/08/2019;13:33:00;355;sem vítima;784;BR-040/MG;Sul;Colisão Traseira;2;;;;;;;;;;2;;;;
03/08/2019;14:17:00;356;sem vítima;84;BR-040/RJ;Norte;Choque - Objeto Fixo;1;;;;;;;;;;1;;;;
03/08/2019;15:23:00;365;sem vítima;125;BR-040/RJ;Sul;Colisão Traseira;2;;;;;;;;;;2;;;;
03/08/2019;15:49:00;366;sem vítima;84;BR-040/RJ;Sul;Choque - Objeto Fixo;1;;;;;;;;;;1;;;;
03/08/2019;15:50:00;367;sem vítima;78;BR-040/RJ;Sul;Choque - Objeto Fixo;1;;;;;;;;;;1;;;;
03/08/2019;16:02:00;368;sem vítima;93;BR-040/RJ;Sul;Choque - Objeto Fixo;1;;;;;;;;;;1;;;;
03/08/2019;16:02:00;369;sem vítima;93;BR-040/RJ;Sul;Choque - Objeto Fixo;1;;;;;;;;;;1;;;;
03/08/2019;20:04:00;388;sem vítima;125;BR-040/RJ;Sul;Colisão Lateral;;;1;;1;;;;;;2;;;;
03/08/2019;21:23:00;395;sem vítima;92;BR-040/RJ;Norte;Choque - Objeto Fixo;1;;;;;;;;;;1;;;;
03/08/2019;22:41:00;403;sem vítima;93;BR-040/RJ;Sul;Choque - Objeto Fixo;1;;;;;;;;;;1;;;;
04/08/2019;01:25:00;410;sem vítima;113;BR-040/RJ;Sul;Colisão Traseira;1;;1;;;;;;;;2;;;;
04/08/2019;06:13:00;415;sem vítima;90;BR-040/RJ;Sul;Choque - Objeto Fixo;1;;;;;;;;;;1;;;;
04/08/2019;06:41:00;416;sem vítima;74;BR-040/RJ;Norte;Capotamento;1;;;;;;;;;;1;;;;
04/08/2019;08:43:00;426;com vítima;786;BR-040/MG;Norte;Capotamento;1;;;;;;;;;;0;1;;;
04/08/2019;09:40:00;430;sem vítima;92;BR-040/RJ;Norte;Choque - Objeto Fixo;1;;;;;;;;;;1;;;;
04/08/2019;10:46:00;440;sem vítima;84;BR-040/RJ;Norte;Choque - Objeto Fixo;1;;;;;;;;;;1;;;;
04/08/2019;11:17:00;443;sem vítima;93;BR-040/RJ;Sul;Choque - Objeto Fixo;1;;;;;;;;;;1;;;;
04/08/2019;11:36:00;447;sem vítima;87;BR-040/RJ;Sul;Choque - Objeto Fixo;1;;;;;;;;;;1;;;;
04/08/2019;12:01:00;449;sem vítima;92;BR-040/RJ;Norte;Choque - Objeto Fixo;1;;;;;;;;;;1;;;;
04/08/2019;12:17:00;450;sem vítima;100;BR-040/RJ;Norte;Choque - Objeto Fixo;1;;;;;;;;;;1;;;;
04/08/2019;12:44:00;451;sem vítima;87;BR-040/RJ;Sul;Choque - Objeto Fixo;1;;;;;;;;;;1;;;;
04/08/2019;12:10:00;454;sem vítima;78;BR-040/RJ;Sul;Choque - Objeto Fixo;1;;;;;;;;;;1;;;;
04/08/2019;12:55:00;457;sem vítima;92;BR-040/RJ;Norte;Choque - Objeto Fixo;1;;;;;;;;;;1;;;;
04/08/2019;13:50:00;464;sem vítima;51;BR-040/RJ;Norte;Queda de Moto;;;;1;;;;;;;1;;;;
04/08/2019;14:29:00;468;com vítima;90;BR-040/RJ;Sul;Choque - Objeto Fixo;1;;;;;;;;;;0;4;;;
04/08/2019;14:47:00;469;sem vítima;93;BR-040/RJ;Sul;Choque - Objeto Fixo;1;;;;;;;;;;1;;;;
04/08/2019;14:49:00;470;sem vítima;97;BR-040/RJ;Sul;Choque - Objeto Fixo;1;;;;;;;;;;1;;;;
04/08/2019;14:50:00;471;sem vítima;84;BR-040/RJ;Sul;Choque - Objeto Fixo;1;;;;;;;;;;1;;;;
04/08/2019;15:02:00;473;com vítima;93;BR-040/RJ;Sul;Choque - Objeto Fixo;1;;;;;;;;;;1;1;;;
04/08/2019;15:46:00;479;sem vítima;85;BR-040/RJ;Sul;Choque - Objeto Fixo;1;;;;;;;;;;1;;;;
04/08/2019;15:51:00;480;sem vítima;91;BR-040/RJ;Norte;Choque - Objeto Fixo;1;;;;;;;;;;1;;;;
04/08/2019;17:07:00;493;sem vítima;87;BR-040/RJ;Sul;Choque - Objeto Fixo;1;;;;;;;;;;1;;;;
04/08/2019;17:56:00;496;sem vítima;104;BR-040/RJ;Norte;Choque - Objeto Fixo;1;;;;;;;;;;1;;;;
04/08/2019;18:10:00;498;sem vítima;78;BR-040/RJ;Sul;Choque - Objeto Fixo;1;;;;;;;;;;1;;;;
04/08/2019;18:33:00;501;sem vítima;109;BR-040/RJ;Sul;Colisão Traseira;1;;1;;;;;;;;2;;;;
04/08/2019;18:38:00;502;com vítima;56;BR-040/RJ;Sul;Capotamento;1;;;;;;;;;;0;1;;;
04/08/2019;19:28:00;509;com vítima;84;BR-040/RJ;Sul;Choque - Objeto Fixo;1;;;;;;;;;;0;4;;;
04/08/2019;19:50:00;513;com vítima;92;BR-040/RJ;Norte;Choque - Objeto Fixo;1;;;;;;;;;;0;4;;;
04/08/2019;21:50:00;522;sem vítima;39;BR-040/RJ;Sul;Choque - Objeto Fixo;1;;;;;;;;;;1;;;;
05/08/2019;00:32:00;530;sem vítima;25;BR-040/RJ;Sul;Choque - Objeto Fixo;1;;;;;;;;;;1;;;;
05/08/2019;01:18:00;532;sem vítima;125;BR-040/RJ;Norte;Capotamento;1;;;;;;;;;;1;;;;
05/08/2019;02:49:00;536;sem vítima;93;BR-040/RJ;Sul;Choque - Objeto Fixo;1;;;;;;;;;;1;;;;
05/08/2019;02:48:00;537;sem vítima;123;BR-040/RJ;Norte;Choque - Objeto Fixo;1;;;;;;;;;;1;;;;
05/08/2019;06:41:00;544;sem vítima;84;BR-040/RJ;Norte;Choque - Objeto Fixo;1;;;;;;;;;;1;;;;
05/08/2019;07:00:00;547;com vítima;46;BR-040/RJ;Norte;Colisão Lateral;1;;;1;;;;;;;1;;1;;
05/08/2019;11:05:00;580;sem vítima;64;BR-040/RJ;Norte;Choque - Objeto Fixo;1;;;;;;;;;;1;;;;
05/08/2019;17:33:00;620;com vítima;78;BR-040/RJ;Sul;Capotamento;1;;;;;;;;;;0;1;;;
05/08/2019;18:44:00;628;sem vítima;110;BR-040/RJ;Norte;Colisão Traseira;2;;;;;;;;;;2;;;;
06/08/2019;07:05:00;671;sem vítima;103;BR-040/RJ;Norte;Colisão Lateral;2;;;;;1;;;;;3;;;;
06/08/2019;07:39:00;672;sem vítima;105;BR-040/RJ;Sul;Colisão Traseira;2;;;;;;;;;;2;;;;
06/08/2019;14:08:00;702;sem vítima;84;BR-040/RJ;Norte;Choque - Objeto Fixo;1;;;;;;;;;;1;;;;
06/08/2019;15:00:00;709;sem vítima;96;BR-040/RJ;Norte;Choque - Objeto Fixo;1;;;;;;;;;;1;;;;
07/08/2019;02:54:00;765;com vítima;114;BR-040/RJ;Sul;Atropelamento - Pedestre;;;2;;;1;;;;;2;2;;;1
07/08/2019;06:50:00;777;sem vítima;109;BR-040/RJ;Norte;Colisão Lateral;2;;;;;;;;;;2;;;;
07/08/2019;08:10:00;789;sem vítima;78;BR-040/RJ;Sul;Tombamento;1;;;;;;;;;;1;;;;
07/08/2019;11:50:00;822;sem vítima;112;BR-040/RJ;Norte;Colisão Traseira;1;;2;;;;;;;;3;;;;
07/08/2019;14:23:00;841;sem vítima;101;BR-040/RJ;Norte;Colisão Lateral;2;;;;;;;;;;2;;;;
07/08/2019;14:40:00;844;com vítima;98;BR-040/RJ;Sul;Choque - Objeto Fixo;1;;;;;;;;;;0;1;;;
07/08/2019;15:37:00;855;sem vítima;123;BR-040/RJ;Norte;Colisão Lateral;1;;1;;;;;;;;2;;;;
07/08/2019;16:25:00;859;com vítima;63;BR-040/RJ;Sul;Choque - Objeto Fixo;1;;;;;;;;;;0;1;;;
07/08/2019;17:55:00;873;com vítima;114;BR-040/RJ;Norte;Colisão Lateral;;;1;1;;;;;;;1;1;;;
07/08/2019;18:49:00;879;sem vítima;114;BR-040/RJ;Norte;Colisão Traseira;1;;1;;;;;;;;2;;;;
08/08/2019;03:46:00;901;com vítima;59;BR-040/RJ;Norte;Atropelamento - Animal;;;;1;;;;;;;0;;1;;
08/08/2019;17:57:00;1005;com vítima;85;BR-040/RJ;Norte;Queda de Moto;;;;1;;;;;;;0;2;;;
08/08/2019;17:57:00;1008;sem vítima;85;BR-040/RJ;Norte;Colisão Lateral;1;;;1;;;;;;;2;;;;
08/08/2019;23:45:00;1034;sem vítima;791;BR-040/MG;Sul;Choque - Objeto Fixo;1;;;;;;;;;;1;;;;
09/08/2019;07:47:00;1068;sem vítima;824;BR-040/MG;Sul;Colisão Lateral;2;;;;;;;;;;2;;;;
09/08/2019;08:05:00;1074;sem vítima;15;BR-040/RJ;Sul;Colisão Traseira;2;;;;;;;;;;2;;;;
09/08/2019;13:19:00;1107;sem vítima;111;BR-040/RJ;Sul;Colisão Traseira;;;1;;1;;;;;;2;;;;
09/08/2019;14:08:00;1115;com vítima;87;BR-040/RJ;Norte;Engavetamento;2;;;;;2;;;;;3;1;;;
09/08/2019;14:19:00;1116;com vítima;111;BR-040/RJ;Norte;Colisão Lateral;1;;;1;;;;;;;1;1;;;
09/08/2019;17:29:00;1148;sem vítima;83;BR-040/RJ;Norte;Choque - Objeto Fixo;1;;;;;;;;;;1;;;;
09/08/2019;23:05:00;1188;com vítima;120;BR-040/RJ;Norte;Queda de Moto;;;;1;;;;;;;0;1;;;
10/08/2019;06:18:00;1208;com vítima;55;BR-040/RJ;Sul;Tombamento;1;;;;;;;;;;0;1;;;
10/08/2019;06:28:00;1209;sem vítima;21;BR-040/RJ;Sul;Choque - Objeto Fixo;1;;;;;;;;;;1;;;;
10/08/2019;14:47:00;1278;com vítima;121;BR-040/RJ;Sul;Engavetamento;2;;1;;;1;;;;;1;4;1;;
10/08/2019;20:23:00;1320;sem vítima;121;BR-040/RJ;Sul;Colisão Lateral;2;;;;;;;;;;2;;;;
10/08/2019;20:54:00;1322;sem vítima;55;BR-040/RJ;Norte;Colisão Lateral;1;;1;;;;;;;;2;;;;
10/08/2019;22:40:00;1328;sem vítima;7;BR-040/RJ;Sul;Atropelamento - Animal;1;;;;;;;;;;1;;;;
11/08/2019;03:42:00;1343;com vítima;107;BR-040/RJ;Norte;Capotamento;2;;;;;;;;;;0;3;;;
11/08/2019;08:54:00;1357;com vítima;47;BR-040/RJ;Norte;Colisão Transversal;1;;;1;;;;;;;0;;1;1;1
11/08/2019;12:03:00;1376;com vítima;89;BR-040/RJ;Norte;Colisão Frontal;2;;;;;;;;;;0;2;2;;1
11/08/2019;16:39:00;1403;sem vítima;109;BR-040/RJ;Sul;Colisão Traseira;2;;;;;;;;;;2;;;;
11/08/2019;17:48:00;1421;sem vítima;121;BR-040/RJ;Sul;Colisão Lateral;2;;;;;;;;;;2;;;;
11/08/2019;18:06:00;1423;com vítima;30;BR-040/RJ;Sul;Queda de Moto;;;;1;;;;;;;0;2;;;
12/08/2019;06:48:00;1465;sem vítima;794;BR-040/MG;Sul;Engavetamento;3;;;;;;;;;;3;;;;
12/08/2019;06:51:00;1466;com vítima;105;BR-040/RJ;Norte;Colisão Traseira;1;;;;;1;;;;;1;1;;;
12/08/2019;07:37:00;1474;com vítima;793;BR-040/MG;Sul;Choque - Objeto Fixo;;;1;;;;;;;;0;2;;;
12/08/2019;12:23:00;1502;com vítima;105;BR-040/RJ;Norte;Colisão Lateral;1;;;1;;;;;;;1;1;;;
12/08/2019;16:43:00;1533;sem vítima;113;BR-040/RJ;Norte;Colisão Traseira;;;1;;1;;;;;;2;;;;
13/08/2019;01:18:00;1569;sem vítima;818;BR-040/MG;Sul;Atropelamento - Animal;1;;;;;;;;;;1;;;;
13/08/2019;07:33:00;1585;com vítima;100;BR-040/RJ;Norte;Colisão Traseira;1;;;;;1;;;;;1;3;;;
13/08/2019;07:54:00;1587;sem vítima;124;BR-040/RJ;Sul;Colisão Lateral;1;1;;1;;;;;;;3;;;;
13/08/2019;08:49:00;1592;com vítima;110;BR-040/RJ;Norte;Choque - Objeto Fixo;1;;;;;;;;;;0;1;;;
13/08/2019;08:55:00;1594;com vítima;105;BR-040/RJ;Sul;Choque - Objeto Fixo;1;;;;;;;;;;0;;1;;
13/08/2019;11:07:00;1613;sem vítima;110;BR-040/RJ;Norte;Capotamento;1;;;;;;;;;;1;;;;
13/08/2019;15:19:00;1641;sem vítima;785;BR-040/MG;Sul;Choque - Objeto Fixo;1;;;;;;;;;;1;;;;
13/08/2019;16:22:00;1651;com vítima;93;BR-040/RJ;Sul;Choque - Objeto Fixo;1;;;;;;;;;;0;3;;;
13/08/2019;16:35:00;1655;sem vítima;90;BR-040/RJ;Sul;Choque - Objeto Fixo;1;;;;;;;;;;1;;;;
13/08/2019;17:10:00;1662;sem vítima;85;BR-040/RJ;Sul;Choque - Objeto Fixo;1;;;;;;;;;;1;;;;
13/08/2019;17:29:00;1664;sem vítima;94;BR-040/RJ;Sul;Choque - Objeto Fixo;1;;;;;;;;;;1;;;;
13/08/2019;17:59:00;1665;sem vítima;97;BR-040/RJ;Sul;Choque - Objeto Fixo;1;;;;;;;;;;1;;;;
13/08/2019;18:30:00;1669;sem vítima;92;BR-040/RJ;Sul;Queda de Moto;;;;1;;;;;;;1;;;;
13/08/2019;19:01:00;1675;sem vítima;84;BR-040/RJ;Norte;Colisão Lateral;1;;1;;;;;;;;2;;;;
14/08/2019;02:38:00;1709;sem vítima;119;BR-040/RJ;Norte;Colisão Traseira;1;;;;;1;;;;;2;;;;
14/08/2019;06:48:00;1723;sem vítima;121;BR-040/RJ;Sul;Colisão Lateral;;;1;;1;;;;;;2;;;;
14/08/2019;07:49:00;1730;sem vítima;91;BR-040/RJ;Sul;Choque - Objeto Fixo;1;;;;;;;;;;1;;;;
14/08/2019;09:18:00;1741;sem vítima;94;BR-040/RJ;Sul;Choque - Objeto Fixo;1;;;;;;;;;;1;;;;
14/08/2019;09:32:00;1742;sem vítima;93;BR-040/RJ;Sul;Choque - Objeto Fixo;1;;;;;;;;;;1;;;;
14/08/2019;10:51:00;1754;sem vítima;99;BR-040/RJ;Sul;Choque - Objeto Fixo;1;;;;;;;;;;1;;;;
14/08/2019;10:56:00;1756;sem vítima;90;BR-040/RJ;Norte;Choque - Objeto Fixo;1;;;;;;;;;;1;;;;
14/08/2019;11:31:00;1758;sem vítima;84;BR-040/RJ;Norte;Colisão Lateral;1;;1;;;;;;;;2;;;;
14/08/2019;11:46:00;1762;sem vítima;94;BR-040/RJ;Norte;Choque - Objeto Fixo;;;1;;;;;;;;1;;;;
14/08/2019;13:33:00;1768;sem vítima;94;BR-040/RJ;Sul;Capotamento;1;;;;;;;;;;1;;;;
14/08/2019;14:50:00;1776;sem vítima;91;BR-040/RJ;Norte;Choque - Objeto Fixo;1;;;;;;;;;;1;;;;
14/08/2019;15:16:00;1780;sem vítima;786;BR-040/MG;Sul;Colisão Traseira;2;;;;;;;;;;2;;;;
14/08/2019;15:17:00;1782;com vítima;113;BR-040/RJ;Norte;Colisão Traseira;;;;1;;1;;;;;1;1;;;
14/08/2019;15:33:00;1786;com vítima;87;BR-040/RJ;Norte;Choque - Objeto Fixo;1;;;;;;;;;;0;2;1;;
14/08/2019;16:05:00;1791;sem vítima;92;BR-040/RJ;Sul;Choque - Objeto Fixo;1;;;;;;;;;;1;;;;
14/08/2019;16:44:00;1796;com vítima;113;BR-040/RJ;Norte;Colisão Traseira;2;;;;;;;;;;2;3;2;;1
14/08/2019;17:31:00;1801;sem vítima;68;BR-040/RJ;Norte;Choque - Objeto Fixo;1;;;;;;;;;;1;;;;
14/08/2019;22:01:00;1828;sem vítima;92;BR-040/RJ;Sul;Choque - Objeto Fixo;1;;;;;;;;;;1;;;;
15/08/2019;01:56:00;1844;sem vítima;93;BR-040/RJ;Sul;Choque - Objeto Fixo;1;;;;;;;;;;1;;;;
15/08/2019;06:47:00;1862;sem vítima;111;BR-040/RJ;Sul;Colisão Traseira;2;;;;;;;;;;2;;;;
15/08/2019;07:59:00;1875;sem vítima;91;BR-040/RJ;Norte;Capotamento;1;;;;;;;;;;1;;;;
15/08/2019;08:13:00;1877;sem vítima;90;BR-040/RJ;Sul;Choque - Objeto Fixo;1;;;;;;;;;;1;;;;
15/08/2019;08:36:00;1882;sem vítima;91;BR-040/RJ;Sul;Capotamento;1;;;;;;;;;;1;;;;
15/08/2019;08:59:00;1884;sem vítima;85;BR-040/RJ;Norte;Choque - Objeto Fixo;1;;;;;;;;;;1;;;;
15/08/2019;09:07:00;1887;sem vítima;92;BR-040/RJ;Sul;Choque - Objeto Fixo;1;;;;;;;;;;1;;;;
15/08/2019;08:36:00;1891;com vítima;91;BR-040/RJ;Sul;Capotamento;1;;;;;;;;;;0;1;1;;
15/08/2019;16:32:00;1942;sem vítima;115;BR-040/RJ;Norte;Colisão Traseira;1;;;;;1;;;;;2;;;;
15/08/2019;16:50:00;1945;com vítima;114;BR-040/RJ;Norte;Queda de Moto;;;;1;;;;;;;0;1;;;
15/08/2019;20:28:00;1975;com vítima;82;BR-040/RJ;Sul;Queda de Moto;;;;1;;;;;;;0;;2;;
16/08/2019;14:21:00;2086;com vítima;120;BR-040/RJ;Norte;Capotamento;1;;;;;;;;;;0;1;;;
16/08/2019;14:55:00;2089;com vítima;98;BR-040/RJ;Sul;Colisão Frontal;2;;;;;;;;;;0;3;;;
16/08/2019;16:04:00;2101;com vítima;111;BR-040/RJ;Norte;Queda de Moto;;;;1;;1;;;;;1;1;;;
16/08/2019;16:19:00;2106;com vítima;117;BR-040/RJ;Sul;Colisão Lateral;1;;;1;;;;;;;1;1;;;
16/08/2019;18:48:00;2126;sem vítima;83;BR-040/RJ;Norte;Choque - Objeto Fixo;1;;;;;;;;;;1;;;;
17/08/2019;03:44:00;2169;sem vítima;106;BR-040/RJ;Norte;Choque - Objeto Fixo;1;;;;;;;;;;1;;;;
17/08/2019;06:52:00;2179;sem vítima;796;BR-040/MG;Norte;Capotamento;1;;;;;;;;;;1;;;;
17/08/2019;16:48:00;2261;sem vítima;91;BR-040/RJ;Norte;Choque - Objeto Fixo;1;;;;;;;;;;1;;;;
17/08/2019;17:15:00;2264;com vítima;105;BR-040/RJ;Norte;Colisão Transversal;1;;;1;;;;;;;1;;1;;
17/08/2019;19:51:00;2282;com vítima;791;BR-040/MG;Sul;Choque - Objeto Fixo;1;;;;;;;;;;0;3;;;
17/08/2019;22:47:00;2294;sem vítima;125;BR-040/RJ;Sul;Capotamento;1;;;;;;;;;;1;;;;
17/08/2019;23:26:00;2296;sem vítima;773;BR-040/MG;Sul;Choque - Objeto Fixo;1;;;;;;;;;;1;;;;
17/08/2019;23:24:00;2298;sem vítima;61;BR-040/RJ;Norte;Derrapagem;;;;1;;;;;;;1;;;;
18/08/2019;23:24:00;2302;sem vítima;61;BR-040/RJ;Norte;Choque - Objeto Fixo;1;;;;;;;;;;1;;;;
18/08/2019;03:39:00;2311;com vítima;120;BR-040/RJ;Norte;Colisão Traseira;;;;1;;1;;;;;1;1;1;;
18/08/2019;13:52:00;2361;sem vítima;119;BR-040/RJ;Norte;Queda de Moto;;;;1;;;;;;;1;;;;
18/08/2019;23:00:00;2427;com vítima;109;BR-040/RJ;Norte;Colisão Lateral;;;;1;;1;;;;;1;2;;;
19/08/2019;07:03:00;2452;sem vítima;812;BR-040/MG;Norte;Atropelamento - Animal;1;;;;;;;;;;1;;;;
19/08/2019;09:48:00;2477;sem vítima;84;BR-040/RJ;Sul;Colisão Traseira;1;;1;;;;;;;;2;;;;
19/08/2019;14:41:00;2514;sem vítima;92;BR-040/RJ;Sul;Choque - Objeto Fixo;1;;;;;;;;;;1;;;;
19/08/2019;14:46:00;2516;sem vítima;113;BR-040/RJ;Sul;Choque - Objeto Fixo;1;;;;;;;;;;1;;;;
19/08/2019;15:26:00;2522;com vítima;90;BR-040/RJ;Sul;Choque - Objeto Fixo;1;;;;;;;;;;0;2;;;
19/08/2019;15:49:00;2524;com vítima;100;BR-040/RJ;Sul;Capotamento;1;;;;;;;;;;0;2;;;
19/08/2019;16:15:00;2526;sem vítima;86;BR-040/RJ;Norte;Choque - Objeto Fixo;1;;;;;;;;;;1;;;;
19/08/2019;16:27:00;2530;sem vítima;84;BR-040/RJ;Sul;Choque - Objeto Fixo;1;;;;;;;;;;1;;;;
19/08/2019;19:00:00;2561;com vítima;70;BR-040/RJ;Norte;Colisão Traseira;1;;;1;;;;;;;1;;1;;
19/08/2019;22:17:00;2581;com vítima;124;BR-040/RJ;Norte;Queda de Moto;;;;1;;;;;;;0;1;;;
20/08/2019;05:07:00;2599;sem vítima;113;BR-040/RJ;Norte;Choque - Objeto Fixo;1;;;;;;;;;;1;;;;
20/08/2019;06:09:00;2605;sem vítima;75;BR-040/RJ;Sul;Choque - Objeto Fixo;1;;;;;;;;;;1;;;;
20/08/2019;06:52:00;2606;sem vítima;84;BR-040/RJ;Norte;Choque - Objeto Fixo;1;;;;;;;;;;1;;;;
20/08/2019;07:11:00;2608;sem vítima;92;BR-040/RJ;Sul;Choque - Objeto Fixo;1;;;;;;;;;;1;;;;
20/08/2019;08:19:00;2620;sem vítima;91;BR-040/RJ;Norte;Choque - Objeto Fixo;1;;;;;;;;;;1;;;;
20/08/2019;10:40:00;2637;com vítima;805;BR-040/MG;Sul;Colisão Traseira;;;2;;;;;;;;1;;1;;
20/08/2019;12:56:00;2649;sem vítima;94;BR-040/RJ;Sul;Choque - Objeto Fixo;1;;;;;;;;;;1;;;;
20/08/2019;13:00:00;2651;sem vítima;80;BR-040/RJ;Norte;Choque - Objeto Fixo;1;;;;;;;;;;1;;;;
20/08/2019;13:29:00;2655;com vítima;91;BR-040/RJ;Sul;Capotamento;1;;;;;;;;;;0;2;;;
20/08/2019;19:55:00;2698;sem vítima;86;BR-040/RJ;Sul;Choque - Objeto Fixo;1;;;;;;;;;;1;;;;
20/08/2019;20:19:00;2699;com vítima;100;BR-040/RJ;Sul;Queda de Moto;;;;1;;;;;;;0;1;;;
20/08/2019;21:06:00;2704;com vítima;102;BR-040/RJ;Norte;Colisão Traseira;1;;1;;;;;;;;0;2;;;
20/08/2019;23:41:00;2718;sem vítima;826;BR-040/MG;Norte;Choque - Objeto Fixo;;;1;;;;;;;;1;;;;
21/08/2019;00:31:00;2723;com vítima;52;BR-040/RJ;Sul;Colisão Traseira;;;2;;;1;;;;;0;1;2;;
21/08/2019;01:01:00;2725;com vítima;90;BR-040/RJ;Norte;Derrapagem;1;;;;;;;;;;0;2;;;
21/08/2019;06:29:00;2738;sem vítima;93;BR-040/RJ;Sul;Choque - Objeto Fixo;1;;;;;;;;;;1;;;;
21/08/2019;07:03:00;2743;com vítima;91;BR-040/RJ;Sul;Choque - Objeto Fixo;1;;;;;;;;;;0;1;;;
21/08/2019;07:12:00;2744;sem vítima;91;BR-040/RJ;Norte;Choque - Objeto Fixo;1;;;;;;;;;;1;;;;
21/08/2019;07:20:00;2746;sem vítima;92;BR-040/RJ;Sul;Choque - Objeto Fixo;1;;;;;;;;;;1;;;;
21/08/2019;10:27:00;2759;sem vítima;92;BR-040/RJ;Sul;Choque - Objeto Fixo;1;;;;;;;;;;1;;;;
21/08/2019;11:26:00;2764;sem vítima;92;BR-040/RJ;Sul;Choque - Objeto Fixo;1;;;;;;;;;;1;;;;
21/08/2019;16:09:00;2791;com vítima;121;BR-040/RJ;Sul;Choque - Objeto Fixo;1;;;;;;;;;;0;1;;;
21/08/2019;16:26:00;2793;com vítima;105;BR-040/RJ;Norte;Atropelamento - Pedestre;1;;;;;1;;;;;1;1;;;
21/08/2019;18:56:00;2817;sem vítima;92;BR-040/RJ;Norte;Choque - Objeto Fixo;1;;;;;;;;;;1;;;;
21/08/2019;22:31:00;2842;com vítima;54;BR-040/RJ;Norte;Queda de Moto;;;;1;;;;;;;0;1;;;
22/08/2019;07:27:00;2868;sem vítima;31;BR-040/RJ;Norte;Choque - Objeto Fixo;1;;;;;;;;;;1;;;;
22/08/2019;11:16:00;2899;sem vítima;75;BR-040/RJ;Sul;Choque - Objeto Fixo;1;;;;;;;;;;1;;;;
22/08/2019;12:33:00;2911;sem vítima;91;BR-040/RJ;Norte;Choque - Objeto Fixo;1;;;;;;;;;;1;;;;
22/08/2019;13:01:00;2920;sem vítima;93;BR-040/RJ;Norte;Choque - Objeto Fixo;1;;;;;;;;;;1;;;;
22/08/2019;14:04:00;2922;sem vítima;13;BR-040/RJ;Norte;Choque - Objeto Fixo;1;;;;;;;;;;1;;;;
22/08/2019;14:25:00;2923;sem vítima;92;BR-040/RJ;Sul;Choque - Objeto Fixo;1;;;;;;;;;;1;;;;