data;horario;n_da_ocorrencia;tipo_de_ocorrencia;km;trecho;sentido;tipo_de_acidente;automovel;bicicleta;caminhao;moto;onibus;outros;tracao_animal;transporte_de_cargas_especiais;trator_maquinas;utilitarios;ilesos;levemente_feridos;moderadamente_feridos;gravemente_feridos;mortos
22/08/2019;14:28:00;2924;sem vítima;93;BR-040/RJ;Norte;Choque - Objeto Fixo;1;;;;;;;;;;1;;;;
22/08/2019;14:51:00;2927;com vítima;91;BR-040/RJ;Norte;Choque - Objeto Fixo;1;;;;;;;;;;0;1;;;
22/08/2019;15:02:00;2930;sem vítima;94;BR-040/RJ;Sul;Choque - Objeto Fixo;1;;;;;;;;;;1;;;;
22/08/2019;15:29:00;2934;com vítima;92;BR-040/RJ;Sul;Capotamento;1;;;;;;;;;;0;4;;;
22/08/2019;15:42:00;2936;sem vítima;93;BR-040/RJ;Sul;Choque - Objeto Fixo;1;;;;;;;;;;1;;;;
22/08/2019;18:12:00;2957;sem vítima;91;BR-040/RJ;Norte;Choque - Objeto Fixo;1;;;;;;;;;;1;;;;
22/08/2019;23:13:00;2981;sem vítima;113;BR-040/RJ;Sul;Derrapagem;1;;;;;;;;;;1;;;;
23/08/2019;06:03:00;3002;sem vítima;56;BR-040/RJ;Sul;Choque - Objeto Fixo;1;;;;;;;;;;1;;;;
23/08/2019;10:30:00;3036;sem vítima;787;BR-040/MG;Norte;Choque - Objeto Fixo;1;;;;;;;;;;1;;;;
23/08/2019;12:13:00;3048;sem vítima;123;BR-040/RJ;Sul;Colisão Lateral;1;;1;;;;;;;;2;;;;
23/08/2019;13:08:00;3055;sem vítima;90;BR-040/RJ;Norte;Colisão Traseira;1;;;;;1;;;;;2;;;;
23/08/2019;14:28:00;3064;sem vítima;124;BR-040/RJ;Sul;Colisão Lateral;1;;1;;;;;;;;2;;;;
23/08/2019;17:06:00;3089;sem vítima;92;BR-040/RJ;Sul;Choque - Objeto Fixo;1;;;;;;;;;;1;;;;
23/08/2019;17:27:00;3093;sem vítima;90;BR-040/RJ;Sul;Choque - Objeto Fixo;1;;;;;;;;;;1;;;;
23/08/2019;17:37:00;3096;com vítima;93;BR-040/RJ;Sul;Choque - Objeto Fixo;1;;;;;;;;;;0;2;;;
23/08/2019;17:46:00;3099;sem vítima;39;BR-040/RJ;Norte;Choque - Objeto Fixo;1;;;;;;;;;;1;;;;
23/08/2019;17:52:00;3101;sem vítima;91;BR-040/RJ;Norte;Choque - Objeto Fixo;1;;;;;;;;;;1;;;;
23/08/2019;17:56:00;3102;com vítima;811;BR-040/MG;Norte;Capotamento;1;;;;;;;;;;0;2;;;
23/08/2019;18:32:00;3108;sem vítima;93;BR-040/RJ;Norte;Choque - Objeto Fixo;1;;;;;;;;;;1;;;;
23/08/2019;18:40:00;3109;sem vítima;93;BR-040/RJ;Norte;Choque - Objeto Fixo;1;;;;;;;;;;1;;;;
23/08/2019;18:47:00;3110;com vítima;94;BR-040/RJ;Sul;Choque - Objeto Fixo;1;;;;;;;;;;0;1;;;
23/08/2019;19:15:00;3112;sem vítima;92;BR-040/RJ;Sul;Choque - Objeto Fixo;1;;;;;;;;;;1;;;;
23/08/2019;19:20:00;3113;com vítima;5;BR-040/RJ;Norte;Choque - Objeto Fixo;1;;;;;;;;;;0;;1;;
23/08/2019;19:24:00;3115;com vítima;110;BR-040/RJ;Norte;Colisão Lateral;;1;;;1;;;;;;1;1;;;
23/08/2019;22:16:00;3128;com vítima;105;BR-040/RJ;Norte;Colisão Frontal;2;;;;;;;;;;1;2;;;
24/08/2019;01:28:00;3141;sem vítima;42;BR-040/RJ;Norte;Choque - Objeto Fixo;;;1;;;;;;;;1;;;;
24/08/2019;02:22:00;3142;sem vítima;23;BR-040/RJ;Sul;Atropelamento - Animal;1;;;;;;;;;;1;;;;
24/08/2019;02:58:00;3144;com vítima;112;BR-040/RJ;Sul;Capotamento;1;;;;;;;;;;0;;1;1;
24/08/2019;03:32:00;3145;sem vítima;105;BR-040/RJ;Sul;Choque - Objeto Fixo;;;1;;;;;;;;1;;;;
24/08/2019;05:58:00;3151;sem vítima;791;BR-040/MG;Sul;Choque - Objeto Fixo;1;;;;;;;;;;1;;;;
24/08/2019;10:35:00;3167;com vítima;105;BR-040/RJ;Norte;Atropelamento - Pedestre;1;;;;;1;;;;;1;;1;;
24/08/2019;11:02:00;3172;sem vítima;90;BR-040/RJ;Norte;Colisão Traseira;2;;;;;;;;;;2;;;;
24/08/2019;11:30:00;3176;sem vítima;90;BR-040/RJ;Norte;Colisão Traseira;1;;;;;1;;;;;2;;;;
24/08/2019;13:00:00;3182;sem vítima;816;BR-040/MG;Sul;Colisão Traseira;2;;;;;;;;;;2;;;;
24/08/2019;16:15:00;3215;com vítima;84;BR-040/RJ;Sul;Queda de Moto;;;;1;;;;;;;0;2;;;
24/08/2019;19:32:00;3237;sem vítima;120;BR-040/RJ;Norte;Choque - Objeto Fixo;1;;;;;;;;;;1;;;;
25/08/2019;01:04:00;3252;com vítima;75;BR-040/RJ;Sul;Derrapagem;1;;;;;;;;;;0;2;;;
25/08/2019;04:48:00;3258;sem vítima;112;BR-040/RJ;Norte;Choque - Objeto Fixo;1;;;;;;;;;;1;;;;
25/08/2019;15:03:00;3296;sem vítima;105;BR-040/RJ;Norte;Colisão Frontal;2;;;;;;;;;;2;;;;
25/08/2019;15:23:00;3300;com vítima;120;BR-040/RJ;Sul;Colisão Traseira;1;;;1;;;;;;;1;;;1;
25/08/2019;17:21:00;3312;sem vítima;82;BR-040/RJ;Sul;Choque - Objeto Fixo;1;;;;;;;;;;1;;;;
25/08/2019;17:32:00;3314;sem vítima;87;BR-040/RJ;Norte;Choque - Objeto Fixo;1;;;;;;;;;;1;;;;
25/08/2019;17:46:00;3318;sem vítima;25;BR-040/RJ;Norte;Choque - Objeto Fixo;1;;;;;;;;;;1;;;;
25/08/2019;18:24:00;3325;sem vítima;93;BR-040/RJ;Sul;Choque - Objeto Fixo;1;;;;;;;;;;1;;;;
25/08/2019;18:34:00;3326;com vítima;108;BR-040/RJ;Norte;Choque - Objeto Fixo;1;;;;;1;;;;;1;3;;;
25/08/2019;18:40:00;3327;com vítima;83;BR-040/RJ;Sul;Queda de Moto;;;;1;;;;;;;0;2;;;
25/08/2019;18:38:00;3328;sem vítima;124;BR-040/RJ;Sul;Colisão Lateral;1;;;;1;;;;;;2;;;;
26/08/2019;04:07:00;3368;sem vítima;824;BR-040/MG;Sul;Atropelamento - Animal;1;;;;;;;;;;1;;;;
26/08/2019;08:22:00;3390;com vítima;112;BR-040/RJ;Sul;Colisão Lateral;1;;;1;;;;;;;1;;1;;
26/08/2019;14:47:00;3427;com vítima;787;BR-040/MG;Norte;Tombamento;;;1;;;1;;;;;1;1;;;
26/08/2019;16:21:00;3439;sem vítima;108;BR-040/RJ;Norte;Colisão Lateral;1;;;;;1;;;;;2;;;;
26/08/2019;17:04:00;3447;sem vítima;90;BR-040/RJ;Norte;Colisão Lateral;1;;;;;1;;;;;2;;;;
26/08/2019;17:58:00;3452;sem vítima;109;BR-040/RJ;Sul;Choque - Objeto Fixo;1;;;;;;;;;;1;;;;
27/08/2019;18:22:00;3574;sem vítima;110;BR-040/RJ;Norte;Engavetamento;4;;;;;;;;;;4;;;;
27/08/2019;18:35:00;3577;com vítima;113;BR-040/RJ;Norte;Engavetamento;3;;;;;;;;;;0;4;;;
27/08/2019;19:28:00;3585;com vítima;113;BR-040/RJ;Norte;Engavetamento;3;;;;;;;;;;0;4;1;;
27/08/2019;20:03:00;3590;sem vítima;102;BR-040/RJ;Sul;Colisão Lateral;2;;;;;;;;;;2;;;;
28/08/2019;06:02:00;3617;sem vítima;98;BR-040/RJ;Sul;Choque - Objeto Fixo;1;;;;;;;;;;1;;;;
28/08/2019;09:20:00;3631;sem vítima;123;BR-040/RJ;Sul;Colisão Lateral;1;;1;;;;;;;;2;;;;
28/08/2019;12:52:00;3647;sem vítima;109;BR-040/RJ;Norte;Colisão Traseira;1;;;;;1;;;;;2;;;;
29/08/2019;07:10:00;3733;com vítima;80;BR-040/RJ;Sul;Tombamento;;;1;;;1;;;;;1;;1;;
29/08/2019;19:21:00;3836;sem vítima;117;BR-040/RJ;Norte;Choque - Objeto Fixo;1;;;;;;;;;;1;;;;
29/08/2019;22:09:00;3848;com vítima;104;BR-040/RJ;Norte;Atropelamento - Pedestre;1;1;;;;;;;;;1;;1;;
30/08/2019;00:39:00;3857;sem vítima;93;BR-040/RJ;Sul;Colisão Traseira;;;2;;;;;;;;2;;;;
30/08/2019;00:49:00;3860;sem vítima;800;BR-040/MG;Sul;Colisão Traseira;;;2;;;;;;;;2;;;;
30/08/2019;01:02:00;3861;com vítima;822;BR-040/MG;Norte;Colisão Traseira;;;2;;;;;;;;1;1;;;
30/08/2019;07:49:00;3882;com vítima;122;BR-040/RJ;Sul;Engavetamento;2;;;1;;;;;;;2;;1;;
30/08/2019;08:16:00;3887;sem vítima;89;BR-040/RJ;Norte;Colisão Traseira;1;;1;;;;;;;;2;;;;
30/08/2019;15:35:00;3946;com vítima;104;BR-040/RJ;Norte;Colisão Traseira;1;1;;;;;;;;;1;1;;;
30/08/2019;16:04:00;3953;com vítima;96;BR-040/RJ;Sul;Choque - Objeto Fixo;1;;;;;;;;;;0;1;;;
30/08/2019;16:41:00;3960;com vítima;80;BR-040/RJ;Sul;Colisão Traseira;1;;;1;;;;;;;0;2;;;
30/08/2019;17:09:00;3968;sem vítima;118;BR-040/RJ;Norte;Colisão Traseira;2;;;;;;;;;;2;;;;
30/08/2019;19:33:00;3983;sem vítima;108;BR-040/RJ;Norte;Queda de Moto;;;;1;;;;;;;1;;;;
31/08/2019;03:15:00;4025;sem vítima;76;BR-040/RJ;Sul;Choque - Objeto Fixo;1;;;;;;;;;;1;;;;
31/08/2019;08:26:00;4052;com vítima;91;BR-040/RJ;Norte;Queda de Moto;;;;1;;;;;;;0;1;;;
31/08/2019;08:44:00;4057;sem vítima;93;BR-040/RJ;Norte;Queda de Moto;;;;1;;;;;;;1;;;;
31/08/2019;12:59:00;4103;com vítima;45;BR-040/RJ;Sul;Colisão Traseira;;;;1;;1;;;;;1;1;;;
31/08/2019;21:41:00;4193;com vítima;120;BR-040/RJ;Norte;Colisão Transversal;2;;;;;;;;;;1;1;;;
01/09/2019;10:26:00;39;sem vítima;84;BR-040/RJ;Sul;Queda de Moto;;;;1;;;;;;;1;;;;
01/09/2019;13:04:00;51;sem vítima;108;BR-040/RJ;Norte;Colisão Traseira;1;;;1;;;;;;;2;;;;
01/09/2019;14:27:00;56;com vítima;84;BR-040/RJ;Sul;Queda de Moto;;;;1;;;;;;;0;2;;;
01/09/2019;15:43:00;67;com vítima;85;BR-040/RJ;Sul;Queda de Moto;;;;1;;;;;;;0;1;;;
01/09/2019;16:36:00;78;sem vítima;23;BR-040/RJ;Norte;Choque - Objeto Fixo;1;;;;;;;;;;1;;;;
01/09/2019;18:48:00;89;sem vítima;50;BR-040/RJ;Norte;Choque - Objeto Fixo;1;;;;;;;;;;1;;;;
01/09/2019;19:19:00;92;com vítima;775;BR-040/MG;Norte;Atropelamento - Animal;1;;;;;;;;;;0;1;;;
01/09/2019;19:19:00;93;com vítima;775;BR-040/MG;Norte;Atropelamento - Animal;1;;;;;;;;;;0;2;;;
01/09/2019;19:19:00;94;com vítima;775;BR-040/MG;Norte;Atropelamento - Animal;1;;;;;;;;;;0;1;;;
01/09/2019;19:53:00;98;sem vítima;98;BR-040/RJ;Norte;Choque - Objeto Fixo;1;;;;;;;;;;1;;;;
01/09/2019;20:27:00;102;com vítima;115;BR-040/RJ;Sul;Queda de Moto;;;;1;;;;;;;0;1;;;
01/09/2019;20:44:00;103;com vítima;93;BR-040/RJ;Sul;Choque - Objeto Fixo;1;;;;;;;;;;0;3;;;
01/09/2019;20:54:00;105;sem vítima;91;BR-040/RJ;Norte;Choque - Objeto Fixo;1;;;;;;;;;;1;;;;
01/09/2019;21:11:00;106;sem vítima;121;BR-040/RJ;Sul;Choque - Objeto Fixo;1;;;;;;;;;;1;;;;
01/09/2019;22:41:00;112;com vítima;62;BR-040/RJ;Sul;Choque - Objeto Fixo;1;;;;;;;;;;0;1;;;
01/09/2019;23:34:00;118;sem vítima;113;BR-040/RJ;Sul;Choque - Objeto Fixo;2;;;;;;;;;;2;;;;
02/09/2019;00:46:00;123;sem vítima;113;BR-040/RJ;Sul;Derrapagem;1;;;;;;;;;;1;;;;
02/09/2019;04:08:00;138;sem vítima;113;BR-040/RJ;Sul;Choque - Objeto Fixo;1;;;;;;;;;;1;;;;
02/09/2019;05:34:00;147;sem vítima;113;BR-040/RJ;Norte;Choque - Objeto Fixo;2;;;;;;;;;;2;;;;
02/09/2019;05:51:00;149;sem vítima;85;BR-040/RJ;Norte;Choque - Objeto Fixo;1;;;;;;;;;;1;;;;
02/09/2019;06:11:00;151;com vítima;34;BR-040/RJ;Norte;Choque - Objeto Fixo;1;;;;;;;;;;0;1;;;
02/09/2019;06:41:00;155;sem vítima;52;BR-040/RJ;Norte;Choque - Objeto Fixo;1;;;;;;;;;;1;;;;
02/09/2019;07:54:00;160;com vítima;92;BR-040/RJ;Sul;Choque - Objeto Fixo;1;;;;;;;;;;0;1;;;
02/09/2019;07:59:00;163;com vítima;122;BR-040/RJ;Sul;Colisão Lateral;;;1;1;;;;;;;1;;1;;
02/09/2019;08:02:00;165;com vítima;91;BR-040/RJ;Norte;Queda de Moto;;;;1;;;;;;;0;1;;;
02/09/2019;08:09:00;168;com vítima;91;BR-040/RJ;Norte;Choque - Objeto Fixo;1;;;;;;;;;;0;3;;;
02/09/2019;08:10:00;169;com vítima;91;BR-040/RJ;Sul;Choque - Objeto Fixo;1;;;;;;;;;;0;1;;;
02/09/2019;08:31:00;176;sem vítima;84;BR-040/RJ;Norte;Choque - Objeto Fixo;1;;;;;;;;;;1;;;;
02/09/2019;08:59:00;183;sem vítima;74;BR-040/RJ;Norte;Choque - Objeto Fixo;1;;;;;;;;;;1;;;;
02/09/2019;10:36:00;197;sem vítima;808;BR-040/MG;Norte;Choque - Objeto Fixo;1;;;;;;;;;;1;;;;
02/09/2019;11:37:00;206;sem vítima;92;BR-040/RJ;Sul;Choque - Objeto Fixo;1;;;;;;;;;;1;;;;
02/09/2019;12:38:00;219;com vítima;120;BR-040/RJ;Norte;Colisão Lateral;1;1;;;;;;;;;1;1;;;
02/09/2019;12:48:00;220;sem vítima;116;BR-040/RJ;Sul;Colisão Traseira;2;;;;;;;;;;2;;;;
02/09/2019;16:34:00;256;sem vítima;68;BR-040/RJ;Norte;Choque - Objeto Fixo;1;;;;;;;;;;1;;;;
02/09/2019;20:10:00;281;sem vítima;77;BR-040/RJ;Sul;Choque - Objeto Fixo;1;;;;;;;;;;1;;;;
03/09/2019;14:32:00;352;sem vítima;90;BR-040/RJ;Sul;Choque - Objeto Fixo;;;1;;;;;;;;1;;;;
03/09/2019;19:16:00;392;sem vítima;820;BR-040/MG;Sul;Choque - Objeto Fixo;1;;;;;;;;;;1;;;;
04/09/2019;10:39:00;472;com vítima;122;BR-040/RJ;Sul;Colisão Traseira;1;;1;;;;;;;;1;;1;;
04/09/2019;11:30:00;475;com vítima;796;BR-040/MG;Sul;Capotamento;1;;;;;;;;;;0;1;;;
04/09/2019;15:42:00;501;com vítima;96;BR-040/RJ;Sul;Tombamento;;;1;;;;;;;;0;1;;;
04/09/2019;16:33:00;511;sem vítima;111;BR-040/RJ;Norte;Engavetamento;4;;;;;;;;;;4;;;;
04/09/2019;17:15:00;519;com vítima;111;BR-040/RJ;Norte;Queda de Moto;;;;1;;;;;;;0;1;;;
04/09/2019;18:33:00;523;sem vítima;91;BR-040/RJ;Norte;Choque - Objeto Fixo;1;;;;;;;;;;1;;;;
04/09/2019;19:11:00;530;sem vítima;90;BR-040/RJ;Norte;Choque - Objeto Fixo;1;;;;;;;;;;1;;;;
04/09/2019;19:22:00;534;sem vítima;112;BR-040/RJ;Norte;Colisão Lateral;1;;;1;;;;;;;2;;;;
04/09/2019;20:08:00;540;sem vítima;92;BR-040/RJ;Sul;Choque - Objeto Fixo;1;;;;;;;;;;1;;;;
05/09/2019;06:31:00;569;sem vítima;95;BR-040/RJ;Norte;Queda de Moto;;;;1;;;;;;;1;;;;
05/09/2019;06:58:00;570;sem vítima;74;BR-040/RJ;Norte;Capotamento;1;;;;;;;;;;1;;;;
05/09/2019;07:25:00;574;sem vítima;92;BR-040/RJ;Sul;Choque - Objeto Fixo;1;;;;;;;;;;1;;;;
05/09/2019;07:39:00;576;com vítima;119;BR-040/RJ;Sul;Colisão Traseira;;;2;;;;;;;;1;3;;;
05/09/2019;07:51:00;578;sem vítima;92;BR-040/RJ;Sul;Colisão Traseira;2;;;;;;;;;;2;;;;
05/09/2019;09:39:00;603;sem vítima;84;BR-040/RJ;Norte;Choque - Objeto Fixo;1;;;;;;;;;;1;;;;
05/09/2019;10:43:00;612;sem vítima;92;BR-040/RJ;Sul;Choque - Objeto Fixo;1;;;;;;;;;;1;;;;
05/09/2019;11:00:00;614;com vítima;119;BR-040/RJ;Sul;Colisão Traseira;;;1;1;;;;;;;1;;;1;
05/09/2019;12:12:00;624;sem vítima;94;BR-040/RJ;Sul;Choque - Objeto Fixo;1;;;;;;;;;;1;;;;
05/09/2019;12:12:00;625;sem vítima;94;BR-040/RJ;Sul;Choque - Objeto Fixo;1;;;;;;;;;;1;;;;
05/09/2019;13:02:00;629;sem vítima;90;BR-040/RJ;Sul;Choque - Objeto Fixo;1;;;;;;;;;;1;;;;
05/09/2019;13:44:00;633;sem vítima;91;BR-040/RJ;Norte;Choque - Objeto Fixo;1;;;;;;;;;;1;;;;
05/09/2019;13:46:00;634;com vítima;93;BR-040/RJ;Sul;Choque - Objeto Fixo;1;;;;;;;;;;0;1;;;
05/09/2019;14:32:00;635;com vítima;118;BR-040/RJ;Sul;Queda de Moto;;;;1;;;;;;;0;1;;;
05/09/2019;14:55:00;636;sem vítima;93;BR-040/RJ;Norte;Choque - Objeto Fixo;1;;;;;;;;;;1;;;;
05/09/2019;15:10:00;640;com vítima;92;BR-040/RJ;Sul;Choque - Objeto Fixo;1;;;;;;;;;;0;1;;;
05/09/2019;15:21:00;645;sem vítima;84;BR-040/RJ;Norte;Queda de Moto;;;;1;;;;;;;1;;;;
05/09/2019;16:28:00;653;sem vítima;84;BR-040/RJ;Norte;Choque - Objeto Fixo;1;;;;;;;;;;1;;;;
05/09/2019;16:37:00;657;sem vítima;92;BR-040/RJ;Sul;Choque - Objeto Fixo;1;;;;;;;;;;1;;;;
05/09/2019;18:21:00;677;com vítima;789;BR-040/MG;Sul;Atropelamento - Animal;;;;1;;;;;;;0;;1;;
05/09/2019;18:26:00;678;sem vítima;96;BR-040/RJ;Sul;Choque - Objeto Fixo;;;1;;;;;;;;1;;;;
05/09/2019;18:21:00;682;sem vítima;789;BR-040/MG;Sul;Atropelamento - Animal;1;;;;;;;;;;1;;;;
05/09/2019;18:21:00;683;sem vítima;789;BR-040/MG;Sul;Atropelamento - Animal;1;;;;;;;;;;1;;;;
05/09/2019;19:32:00;688;com vítima;118;BR-040/RJ;Sul;Colisão Lateral;1;;;1;;;;;;;1;;;1;
05/09/2019;19:52:00;695;com vítima;38;BR-040/RJ;Norte;Capotamento;1;;;;;;;;;;0;;1;;
06/09/2019;03:47:00;726;com vítima;113;BR-040/RJ;Sul;Tombamento;1;;;;;;;;;;0;;1;;
06/09/2019;04:46:00;729;sem vítima;113;BR-040/RJ;Sul;Choque - Objeto Fixo;1;;;;;;;;;;1;;;;
06/09/2019;04:50:00;730;com vítima;113;BR-040/RJ;Sul;Choque - Objeto Fixo;1;;;;;;;;;;0;1;;;
06/09/2019;04:59:00;731;com vítima;113;BR-040/RJ;Norte;Choque - Objeto Fixo;1;;;;;;;;;;0;2;1;;1
06/09/2019;05:25:00;733;sem vítima;113;BR-040/RJ;Norte;Colisão Traseira;1;;;;1;;;;;;2;;;;
06/09/2019;08:13:00;745;sem vítima;87;BR-040/RJ;Sul;Choque - Objeto Fixo;;;1;;;;;;;;1;;;;
06/09/2019;10:33:00;764;sem vítima;86;BR-040/RJ;Sul;Choque - Objeto Fixo;1;;;;;;;;;;1;;;;
06/09/2019;11:32:00;774;sem vítima;86;BR-040/RJ;Norte;Choque - Objeto Fixo;1;;;;;;;;;;1;;;;
06/09/2019;11:35:00;775;sem vítima;92;BR-040/RJ;Sul;Choque - Objeto Fixo;1;;;;;;;;;;1;;;;
06/09/2019;12:47:00;786;com vítima;91;BR-040/RJ;Norte;Choque - Objeto Fixo;1;;;;;;;;;;0;1;1;;
06/09/2019;13:29:00;793;com vítima;799;BR-040/MG;Norte;Colisão Traseira;2;;;;;;;;;;0;3;1;;
06/09/2019;13:32:00;794;sem vítima;84;BR-040/RJ;Norte;Choque - Objeto Fixo;1;;;;;;;;;;1;;;;
06/09/2019;16:40:00;816;com vítima;805;BR-040/MG;Sul;Queda de Moto;;;;1;;;;;;;0;1;;;
06/09/2019;20:02:00;836;sem vítima;116;BR-040/RJ;Sul;Colisão Traseira;2;;;;;;;;;;2;;;;
06/09/2019;20:02:00;837;com vítima;97;BR-040/RJ;Sul;Tombamento;1;;;;;;;;;;0;4;;;
06/09/2019;20:56:00;842;sem vítima;85;BR-040/RJ;Sul;Choque - Objeto Fixo;1;;;;;;;;;;1;;;;
07/09/2019;01:16:00;863;sem vítima;123;BR-040/RJ;Sul;Choque - Objeto Fixo;1;;;;;;;;;;1;;;;
07/09/2019;05:16:00;882;sem vítima;85;BR-040/RJ;Norte;Choque - Objeto Fixo;1;;;;;;;;;;1;;;;
07/09/2019;07:13:00;892;com vítima;121;BR-040/RJ;Sul;Choque - Objeto Fixo;;;;1;;;;;;;0;;;1;
07/09/2019;08:33:00;905;sem vítima;95;BR-040/RJ;Norte;Choque - Objeto Fixo;1;;;;;;;;;;1;;;;
07/09/2019;08:40:00;907;com vítima;45;BR-040/RJ;Norte;Colisão Lateral;1;;;1;;;;;;;0;2;;;
07/09/2019;08:55:00;909;sem vítima;89;BR-040/RJ;Sul;Choque - Objeto Fixo;1;;;;;;;;;;1;;;;
07/09/2019;09:10:00;910;sem vítima;773;BR-040/MG;Sul;Colisão Lateral;2;;;;;;;;;;2;;;;
07/09/2019;11:10:00;924;com vítima;104;BR-040/RJ;Norte;Colisão Traseira;1;;;;1;;;;;;1;2;;;
07/09/2019;13:34:00;944;sem vítima;104;BR-040/RJ;Norte;Colisão Lateral;2;;;;;;;;;;2;;;;
07/09/2019;15:24:00;957;com vítima;116;BR-040/RJ;Norte;Engavetamento;1;;1;;1;;;;;;2;;1;;
07/09/2019;17:01:00;967;com vítima;104;BR-040/RJ;Norte;Colisão Traseira;1;1;;;;;;;;;1;;1;;
07/09/2019;20:59:00;996;com vítima;808;BR-040/MG;Norte;Colisão Traseira;2;;;;;;;;;;1;4;;;
07/09/2019;23:49:00;1015;com vítima;115;BR-040/RJ;Sul;Atropelamento - Pedestre;1;;;;;1;;;;;1;;;;1
08/09/2019;05:05:00;1026;com vítima;105;BR-040/RJ;Norte;Choque - Objeto Fixo;1;;;;;;;;;;0;2;;;
08/09/2019;08:14:00;1038;sem vítima;68;BR-040/RJ;Sul;Choque - Objeto Fixo;1;;;;;;;;;;1;;;;
08/09/2019;11:33:00;1059;com vítima;81;BR-040/RJ;Sul;Queda de Moto;;;;1;;;;;;;0;;2;;
08/09/2019;18:19:00;1122;com vítima;113;BR-040/RJ;Sul;Choque - Objeto Fixo;;;;;1;;;;;;0;2;1;;
08/09/2019;19:18:00;1130;com vítima;102;BR-040/RJ;Norte;Colisão Lateral;1;;;1;;1;;;;;1;2;;;
09/09/2019;01:51:00;1162;sem vítima;63;BR-040/RJ;Sul;Choque - Objeto Fixo;1;;;;;;;;;;1;;;;
09/09/2019;13:04:00;1238;com vítima;65;BR-040/RJ;Sul;Colisão Transversal;2;;;;;;;;;;0;3;2;;
09/09/2019;13:24:00;1242;com vítima;93;BR-040/RJ;Norte;Queda de Moto;;;;1;;;;;;;0;1;;;
09/09/2019;17:59:00;1283;com vítima;108;BR-040/RJ;Sul;Colisão Lateral;1;;1;;;;;;;;1;1;;;
09/09/2019;20:29:00;1303;sem vítima;107;BR-040/RJ;Norte;Colisão Traseira;2;;;;;;;;;;2;;;;
09/09/2019;23:17:00;1316;sem vítima;113;BR-040/RJ;Norte;Colisão Traseira;2;;;;;;;;;;2;;;;
10/09/2019;01:14:00;1322;sem vítima;826;BR-040/MG;Norte;Choque - Objeto Fixo;;;1;;;;;;;;1;;;;
10/09/2019;15:23:00;1407;sem vítima;98;BR-040/RJ;Norte;Colisão Traseira;2;;;;;;;;;;2;;;;
10/09/2019;16:50:00;1421;sem vítima;109;BR-040/RJ;Sul;Colisão Traseira;1;;;1;;;;;;;2;;;;
11/09/2019;06:00:00;1482;sem vítima;95;BR-040/RJ;Sul;Choque - Objeto Fixo;1;;;;;;;;;;1;;;;
11/09/2019;07:50:00;1489;com vítima;103;BR-040/RJ;Norte;Atropelamento - Pedestre;;;;;1;1;;;;;1;;1;;
11/09/2019;10:32:00;1508;sem vítima;90;BR-040/RJ;Norte;Colisão Traseira;2;;;;;;;;;;2;;;;
11/09/2019;12:47:00;1526;sem vítima;92;BR-040/RJ;Norte;Choque - Objeto Fixo;1;;;;;;;;;;1;;;;
11/09/2019;14:51:00;1542;com vítima;93;BR-040/RJ;Sul;Queda de Moto;;;;1;;;;;;;0;2;;;
11/09/2019;19:34:00;1593;sem vítima;70;BR-040/RJ;Norte;Colisão Traseira;2;;;;;;;;;;2;;;;
12/09/2019;13:03:00;1695;com vítima;17;BR-040/RJ;Sul;Capotamento;1;;;;;;;;;;0;;;1;
12/09/2019;19:18:00;1768;sem vítima;30;BR-040/RJ;Sul;Choque - Objeto Fixo;1;;;;;;;;;;1;;;;
12/09/2019;20:30:00;1777;com vítima;46;BR-040/RJ;Norte;Choque - Objeto Fixo;1;;;;;;;;;;0;1;;;
12/09/2019;23:37:00;1794;com vítima;39;BR-040/RJ;Sul;Colisão Traseira;;;2;;;;;;;;0;2;;;
13/09/2019;06:07:00;1814;sem vítima;92;BR-040/RJ;Sul;Choque - Objeto Fixo;1;;;;;;;;;;1;;;;
13/09/2019;06:51:00;1817;sem vítima;93;BR-040/RJ;Sul;Derrapagem;1;;;;;;;;;;1;;;;
13/09/2019;07:59:00;1828;sem vítima;94;BR-040/RJ;Sul;Choque - Objeto Fixo;1;;;;;;;;;;1;;;;
13/09/2019;08:08:00;1830;com vítima;114;BR-040/RJ;Norte;Queda de Moto;;;;1;;;;;;;0;1;;;
13/09/2019;08:14:00;1832;sem vítima;92;BR-040/RJ;Sul;Choque - Objeto Fixo;1;;;;;;;;;;1;;;;
13/09/2019;08:25:00;1833;com vítima;92;BR-040/RJ;Sul;Choque - Objeto Fixo;1;;;;;;;;;;0;2;;;
13/09/2019;08:56:00;1836;com vítima;120;BR-040/RJ;Sul;Colisão Traseira;;;1;1;;;;;;;1;1;1;;
13/09/2019;11:15:00;1851;com vítima;113;BR-040/RJ;Sul;Colisão Traseira;2;;;;;;;;;;0;2;;;
13/09/2019;16:40:00;1894;sem vítima;92;BR-040/RJ;Norte;Choque - Objeto Fixo;1;;;;;;;;;;1;;;;
13/09/2019;16:54:00;1897;sem vítima;112;BR-040/RJ;Norte;Engavetamento;3;;;;;;;;;;3;;;;
13/09/2019;16:56:00;1899;sem vítima;93;BR-040/RJ;Sul;Choque - Objeto Fixo;1;;;;;;;;;;1;;;;
13/09/2019;17:41:00;1908;sem vítima;77;BR-040/RJ;Sul;Capotamento;1;;;;;;;;;;1;;;;