data;horario;n_da_ocorrencia;tipo_de_ocorrencia;km;trecho;sentido;tipo_de_acidente;automovel;bicicleta;caminhao;moto;onibus;outros;tracao_animal;transporte_de_cargas_especiais;trator_maquinas;utilitarios;ilesos;levemente_feridos;moderadamente_feridos;gravemente_feridos;mortos
13/09/2019;19:14:00;1923;sem vítima;82;BR-040/RJ;Sul;Colisão Traseira;1;;1;;;;;;;;2;;;;
13/09/2019;21:04:00;1941;sem vítima;92;BR-040/RJ;Sul;Choque - Objeto Fixo;1;;;;;;;;;;1;;;;
13/09/2019;22:58:00;1950;com vítima;51;BR-040/RJ;Sul;Capotamento;1;;;;;;;;;;0;3;;;
14/09/2019;05:13:00;1969;sem vítima;90;BR-040/RJ;Sul;Choque - Objeto Fixo;1;;;;;;;;;;1;;;;
14/09/2019;06:42:00;1975;sem vítima;91;BR-040/RJ;Sul;Choque - Objeto Fixo;1;;;;;;;;;;1;;;;
14/09/2019;07:18:00;1979;sem vítima;78;BR-040/RJ;Sul;Derrapagem;1;;;;;;;;;;1;;;;
14/09/2019;08:07:00;1988;com vítima;70;BR-040/RJ;Norte;Choque - Objeto Fixo;1;;;;;;;;;;0;1;1;;
14/09/2019;16:31:00;2046;sem vítima;91;BR-040/RJ;Sul;Choque - Objeto Fixo;1;;;;;;;;;;1;;;;
14/09/2019;16:40:00;2049;sem vítima;78;BR-040/RJ;Sul;Choque - Objeto Fixo;1;;;;;;;;;;1;;;;
14/09/2019;17:19:00;2056;sem vítima;77;BR-040/RJ;Sul;Choque - Objeto Fixo;1;;;;;;;;;;1;;;;
14/09/2019;17:58:00;2069;sem vítima;94;BR-040/RJ;Sul;Choque - Objeto Fixo;1;;;;;;;;;;1;;;;
14/09/2019;19:13:00;2076;com vítima;59;BR-040/RJ;Norte;Capotamento;1;;;;;;;;;;0;1;1;;
14/09/2019;19:39:00;2080;com vítima;93;BR-040/RJ;Sul;Capotamento;1;;;;;;;;;;0;1;1;;
14/09/2019;20:02:00;2083;sem vítima;81;BR-040/RJ;Norte;Colisão Lateral;2;;;;;;;;;;2;;;;
14/09/2019;20:19:00;2088;sem vítima;92;BR-040/RJ;Sul;Choque - Objeto Fixo;1;;;;;;;;;;1;;;;
15/09/2019;01:24:00;2117;sem vítima;79;BR-040/RJ;Sul;Choque - Objeto Fixo;1;;;;;;;;;;1;;;;
15/09/2019;02:02:00;2119;sem vítima;84;BR-040/RJ;Sul;Choque - Objeto Fixo;1;;;;;;;;;;1;;;;
15/09/2019;05:30:00;2124;com vítima;122;BR-040/RJ;Norte;Capotamento;2;;;;;;;;;;0;5;;;
15/09/2019;07:46:00;2134;com vítima;786;BR-040/MG;Norte;Capotamento;1;;;;;;;;;;0;1;;;
15/09/2019;08:40:00;2138;com vítima;788;BR-040/MG;Norte;Choque - Objeto Fixo;1;;;;;;;;;;0;2;;;
15/09/2019;11:21:00;2151;com vítima;102;BR-040/RJ;Sul;Choque - Objeto Fixo;1;;;;;;;;;;0;1;;;
15/09/2019;14:25:00;2169;com vítima;105;BR-040/RJ;Norte;Colisão Lateral;1;;;1;;;;;;;1;2;;;
15/09/2019;17:58:00;2212;sem vítima;123;BR-040/RJ;Sul;Colisão Lateral;1;;1;;;;;;;;2;;;;
16/09/2019;05:36:00;2266;com vítima;116;BR-040/RJ;Sul;Capotamento;2;;1;;;;;;;;2;4;;;
16/09/2019;05:58:00;2270;sem vítima;116;BR-040/RJ;Sul;Colisão Traseira;2;;;;;;;;;;2;;;;
16/09/2019;06:55:00;2279;com vítima;111;BR-040/RJ;Sul;Engavetamento;4;;;;;;;;;;1;4;;;
16/09/2019;07:25:00;2282;com vítima;110;BR-040/RJ;Sul;Atropelamento - Pedestre;;;;;;2;;;;;1;;1;;
16/09/2019;09:12:00;2303;com vítima;121;BR-040/RJ;Sul;Colisão Traseira;1;;1;;;;;;;;1;;1;;
16/09/2019;11:19:00;2322;sem vítima;92;BR-040/RJ;Norte;Choque - Objeto Fixo;1;;;;;;;;;;1;;;;
16/09/2019;16:21:00;2359;sem vítima;114;BR-040/RJ;Norte;Colisão Traseira;2;;;;;;;;;;2;;;;
17/09/2019;00:20:00;2391;sem vítima;72;BR-040/RJ;Norte;Queda de Moto;;;;1;;;;;;;1;;;;
17/09/2019;07:20:00;2414;sem vítima;117;BR-040/RJ;Norte;Colisão Traseira;2;;;;;;;;;;2;;;;
17/09/2019;10:05:00;2430;com vítima;114;BR-040/RJ;Norte;Capotamento;1;;;;;;;;;;0;1;;;
17/09/2019;11:22:00;2442;sem vítima;91;BR-040/RJ;Norte;Colisão Traseira;2;;;;;;;;;;2;;;;
17/09/2019;18:14:00;2490;com vítima;62;BR-040/RJ;Norte;Queda de Moto;;;;1;;;;;;;0;1;;;
17/09/2019;19:17:00;2499;sem vítima;68;BR-040/RJ;Norte;Choque - Objeto Fixo;1;;;;;;;;;;1;;;;
18/09/2019;00:05:00;2520;sem vítima;120;BR-040/RJ;Sul;Capotamento;1;;;;;;;;;;1;;;;
18/09/2019;00:29:00;2521;sem vítima;36;BR-040/RJ;Norte;Choque - Objeto Fixo;1;;;;;;;;;;1;;;;
18/09/2019;01:15:00;2525;sem vítima;800;BR-040/MG;Sul;Choque - Objeto Fixo;1;;;;;;;;;;1;;;;
18/09/2019;05:25:00;2537;com vítima;782;BR-040/MG;Norte;Atropelamento - Animal;2;;;;;;;;;;0;2;;;
18/09/2019;08:08:00;2559;sem vítima;113;BR-040/RJ;Sul;Engavetamento;3;;;;;;;;;;3;;;;
18/09/2019;10:12:00;2576;sem vítima;119;BR-040/RJ;Norte;Colisão Lateral;1;;;;1;;;;;;2;;;;
18/09/2019;11:53:00;2587;sem vítima;120;BR-040/RJ;Sul;Colisão Lateral;2;;;;;;;;;;2;;;;
18/09/2019;14:57:00;2624;com vítima;110;BR-040/RJ;Norte;Engavetamento;1;;;2;;;;;;;2;;1;1;
18/09/2019;22:46:00;2671;com vítima;800;BR-040/MG;Sul;Atropelamento - Animal;1;;;;;;;;;;0;1;;;
18/09/2019;22:59:00;2673;sem vítima;801;BR-040/MG;Sul;Atropelamento - Animal;1;;;;;;;;;;1;;;;
18/09/2019;23:23:00;2674;sem vítima;800;BR-040/MG;Sul;Atropelamento - Animal;1;;;;;;;;;;1;;;;
18/09/2019;23:32:00;2675;sem vítima;119;BR-040/RJ;Norte;Engavetamento;1;;;;2;;;;;;3;;;;
19/09/2019;00:05:00;2678;com vítima;802;BR-040/MG;Sul;Atropelamento - Animal;;;1;;;;;;;;0;1;;;
19/09/2019;07:41:00;2709;sem vítima;124;BR-040/RJ;Sul;Engavetamento;1;;;2;;;;;;;3;;;;
19/09/2019;12:56:00;2762;com vítima;105;BR-040/RJ;Norte;Colisão Frontal;1;;;1;;;;;;;1;1;;;
19/09/2019;15:59:00;2794;com vítima;86;BR-040/RJ;Norte;Choque - Objeto Fixo;1;;;;;;;;;;0;2;;;
19/09/2019;17:59:00;2810;com vítima;819;BR-040/MG;Norte;Queda de Moto;;;;1;;;;;;;0;2;;;
19/09/2019;19:26:00;2826;sem vítima;113;BR-040/RJ;Norte;Colisão Traseira;1;;;;;1;;;;;2;;;;
19/09/2019;19:33:00;2828;com vítima;790;BR-040/MG;Norte;Engavetamento;2;;1;;;;;;;;1;3;;;
20/09/2019;04:10:00;2872;sem vítima;42;BR-040/RJ;Sul;Colisão Traseira;1;;;;;1;;;;;2;;;;
20/09/2019;06:58:00;2884;com vítima;99;BR-040/RJ;Sul;Colisão Lateral;2;;;;;;;;;;0;1;1;;
20/09/2019;08:30:00;2896;com vítima;75;BR-040/RJ;Sul;Colisão Traseira;1;;1;;;;;;;;1;1;;;
20/09/2019;14:08:00;2947;com vítima;804;BR-040/MG;Norte;Colisão Traseira;;;2;;;;;;;;1;;;1;
20/09/2019;20:24:00;3017;sem vítima;816;BR-040/MG;Norte;Colisão Traseira;2;;;;;;;;;;2;;;;
20/09/2019;23:08:00;3032;com vítima;109;BR-040/RJ;Norte;Tombamento;;;1;;;;;;;;0;1;;;
21/09/2019;01:38:00;3044;sem vítima;780;BR-040/MG;Sul;Capotamento;1;;;;;;;;;;1;;;;
21/09/2019;05:25:00;3061;com vítima;113;BR-040/RJ;Sul;Choque - Objeto Fixo;1;;;;;;;;;;0;;1;;
21/09/2019;06:14:00;3063;com vítima;112;BR-040/RJ;Sul;Colisão Lateral;1;;;1;;;;;;;1;;1;;
21/09/2019;08:44:00;3077;sem vítima;91;BR-040/RJ;Norte;Choque - Objeto Fixo;1;;;;;;;;;;1;;;;
21/09/2019;08:52:00;3078;sem vítima;84;BR-040/RJ;Norte;Derrapagem;1;;;;;;;;;;1;;;;
21/09/2019;10:06:00;3086;com vítima;108;BR-040/RJ;Norte;Queda de Moto;;;;1;;;;;;;0;;1;;
21/09/2019;10:14:00;3089;sem vítima;92;BR-040/RJ;Sul;Derrapagem;1;;;;;;;;;;1;;;;
21/09/2019;10:39:00;3093;com vítima;84;BR-040/RJ;Sul;Choque - Objeto Fixo;1;;;;;;;;;;0;1;;;
21/09/2019;10:57:00;3096;sem vítima;92;BR-040/RJ;Sul;Derrapagem;1;;;;;;;;;;1;;;;
21/09/2019;11:35:00;3101;sem vítima;104;BR-040/RJ;Sul;Colisão Traseira;2;;;;;;;;;;2;;;;
21/09/2019;12:27:00;3104;sem vítima;84;BR-040/RJ;Norte;Derrapagem;1;;;;;;;;;;1;;;;
21/09/2019;13:17:00;3108;sem vítima;92;BR-040/RJ;Sul;Choque - Objeto Fixo;1;;;;;;;;;;1;;;;
21/09/2019;13:52:00;3113;sem vítima;85;BR-040/RJ;Sul;Choque - Objeto Fixo;1;;;;;;;;;;1;;;;
21/09/2019;14:41:00;3118;sem vítima;93;BR-040/RJ;Sul;Choque - Objeto Fixo;1;;;;;;;;;;1;;;;
21/09/2019;15:31:00;3125;com vítima;93;BR-040/RJ;Sul;Choque - Objeto Fixo;1;;;;;;;;;;0;2;;;
21/09/2019;15:53:00;3129;com vítima;74;BR-040/RJ;Norte;Capotamento;1;;;;;;;;;;0;1;;;
21/09/2019;16:11:00;3133;sem vítima;92;BR-040/RJ;Sul;Choque - Objeto Fixo;1;;;;;;;;;;1;;;;
21/09/2019;16:28:00;3137;sem vítima;91;BR-040/RJ;Norte;Choque - Objeto Fixo;1;;;;;;;;;;1;;;;
21/09/2019;17:37:00;3146;sem vítima;78;BR-040/RJ;Sul;Choque - Objeto Fixo;1;;;;;;;;;;1;;;;
21/09/2019;18:41:00;3150;sem vítima;85;BR-040/RJ;Norte;Queda de Moto;;;;1;;;;;;;1;;;;
21/09/2019;20:25:00;3164;sem vítima;92;BR-040/RJ;Sul;Choque - Objeto Fixo;1;;;;;;;;;;1;;;;
21/09/2019;21:08:00;3167;sem vítima;93;BR-040/RJ;Norte;Choque - Objeto Fixo;1;;;;;;;;;;1;;;;
21/09/2019;23:24:00;3173;com vítima;93;BR-040/RJ;Sul;Capotamento;1;;;;;;;;;;0;2;;;
22/09/2019;05:10:00;3181;com vítima;113;BR-040/RJ;Sul;Choque - Objeto Fixo;1;;;;;;;;;;0;;1;;
22/09/2019;06:00:00;3186;sem vítima;98;BR-040/RJ;Norte;Choque - Objeto Fixo;1;;;;;;;;;;1;;;;
22/09/2019;06:06:00;3188;sem vítima;90;BR-040/RJ;Sul;Choque - Objeto Fixo;1;;;;;;;;;;1;;;;
22/09/2019;06:09:00;3189;com vítima;93;BR-040/RJ;Sul;Capotamento;1;;;;;;;;;;0;1;;;
22/09/2019;08:39:00;3201;sem vítima;78;BR-040/RJ;Sul;Choque - Objeto Fixo;1;;;;;;;;;;1;;;;
22/09/2019;09:26:00;3210;com vítima;94;BR-040/RJ;Sul;Capotamento;1;;;;;;;;;;0;1;;;
22/09/2019;09:52:00;3215;com vítima;94;BR-040/RJ;Sul;Colisão Lateral;1;;;;;;;;;;0;3;;;
22/09/2019;10:04:00;3217;sem vítima;90;BR-040/RJ;Norte;Choque - Objeto Fixo;1;;;;;;;;;;1;;;;
22/09/2019;10:32:00;3219;sem vítima;77;BR-040/RJ;Sul;Choque - Objeto Fixo;1;;;;;;;;;;1;;;;
22/09/2019;10:33:00;3220;sem vítima;77;BR-040/RJ;Sul;Choque - Objeto Fixo;1;;;;;;;;;;1;;;;
22/09/2019;10:38:00;3222;sem vítima;91;BR-040/RJ;Norte;Capotamento;1;;;;;;;;;;1;;;;
22/09/2019;10:52:00;3225;sem vítima;93;BR-040/RJ;Sul;Choque - Objeto Fixo;1;;;;;;;;;;1;;;;
22/09/2019;12:01:00;3231;sem vítima;90;BR-040/RJ;Sul;Choque - Objeto Fixo;1;;;;;;;;;;1;;;;
22/09/2019;12:00:00;3232;sem vítima;116;BR-040/RJ;Norte;Choque - Objeto Fixo;1;;;;;;;;;;1;;;;
22/09/2019;12:07:00;3233;sem vítima;93;BR-040/RJ;Sul;Choque - Objeto Fixo;1;;;;;;;;;;1;;;;
22/09/2019;12:13:00;3234;sem vítima;82;BR-040/RJ;Sul;Choque - Objeto Fixo;1;;;;;;;;;;1;;;;
22/09/2019;13:28:00;3239;sem vítima;94;BR-040/RJ;Sul;Colisão Traseira;2;;;;;;;;;;2;;;;
22/09/2019;13:35:00;3241;sem vítima;82;BR-040/RJ;Sul;Choque - Objeto Fixo;1;;;;;;;;;;1;;;;
22/09/2019;14:08:00;3244;sem vítima;92;BR-040/RJ;Sul;Choque - Objeto Fixo;1;;;;;;;;;;1;;;;
22/09/2019;14:13:00;3245;sem vítima;777;BR-040/MG;Sul;Capotamento;1;;;;;;;;;;1;;;;
22/09/2019;14:43:00;3246;sem vítima;93;BR-040/RJ;Norte;Choque - Objeto Fixo;1;;;;;;;;;;1;;;;
22/09/2019;14:27:00;3247;sem vítima;84;BR-040/RJ;Norte;Choque - Objeto Fixo;1;;;;;;;;;;1;;;;
22/09/2019;15:03:00;3252;sem vítima;93;BR-040/RJ;Sul;Capotamento;1;;;;;;;;;;1;;;;
22/09/2019;15:41:00;3256;com vítima;800;BR-040/MG;Sul;Capotamento;1;;;;;;;;;;0;;3;;
22/09/2019;15:08:00;3260;sem vítima;799;BR-040/MG;Sul;Choque - Objeto Fixo;1;;;;;;;;;;1;;;;
22/09/2019;16:50:00;3269;sem vítima;94;BR-040/RJ;Sul;Colisão Lateral;1;;;;;1;;;;;2;;;;
22/09/2019;16:52:00;3270;com vítima;91;BR-040/RJ;Sul;Capotamento;1;;;;;;;;;;0;1;;;
22/09/2019;17:17:00;3276;com vítima;97;BR-040/RJ;Sul;Choque - Objeto Fixo;1;;;;;;;;;;0;2;;;
22/09/2019;17:45:00;3281;sem vítima;826;BR-040/MG;Norte;Choque - Objeto Fixo;1;;;;;;;;;;1;;;;
22/09/2019;17:56:00;3283;sem vítima;92;BR-040/RJ;Norte;Derrapagem;1;;;;;;;;;;1;;;;
22/09/2019;18:25:00;3287;sem vítima;119;BR-040/RJ;Sul;Choque - Objeto Fixo;1;;;;;;;;;;1;;;;
22/09/2019;18:35:00;3291;sem vítima;120;BR-040/RJ;Norte;Choque - Objeto Fixo;1;;;;;;;;;;1;;;;
22/09/2019;19:56:00;3301;sem vítima;78;BR-040/RJ;Sul;Choque - Objeto Fixo;1;;;;;;;;;;1;;;;
22/09/2019;22:14:00;3320;sem vítima;93;BR-040/RJ;Sul;Choque - Objeto Fixo;1;;;;;;;;;;1;;;;
22/09/2019;22:35:00;3321;com vítima;92;BR-040/RJ;Sul;Capotamento;1;;;;;;;;;;0;5;;;
23/09/2019;01:36:00;3333;sem vítima;113;BR-040/RJ;Norte;Choque - Objeto Fixo;1;;;;;;;;;;1;;;;
23/09/2019;03:05:00;3335;sem vítima;97;BR-040/RJ;Sul;Choque - Objeto Fixo;1;;;;;;;;;;1;;;;
23/09/2019;03:54:00;3336;sem vítima;54;BR-040/RJ;Norte;Choque - Objeto Fixo;1;;;;;;;;;;1;;;;
23/09/2019;06:10:00;3344;sem vítima;94;BR-040/RJ;Sul;Choque - Objeto Fixo;1;;;;;;;;;;1;;;;
23/09/2019;06:35:00;3347;sem vítima;75;BR-040/RJ;Sul;Choque - Objeto Fixo;1;;;;;;;;;;1;;;;
23/09/2019;06:41:00;3348;sem vítima;94;BR-040/RJ;Sul;Choque - Objeto Fixo;1;;;;;;;;;;1;;;;
23/09/2019;06:56:00;3351;sem vítima;109;BR-040/RJ;Sul;Colisão Traseira;2;;;;;;;;;;2;;;;
23/09/2019;07:45:00;3355;com vítima;787;BR-040/MG;Sul;Queda de Moto;;;;1;;;;;;;0;1;;;
23/09/2019;15:38:00;3421;com vítima;91;BR-040/RJ;Sul;Capotamento;1;;;;;;;;;;0;1;1;;
23/09/2019;16:17:00;3425;com vítima;105;BR-040/RJ;Norte;Colisão Lateral;1;;;1;;;;;;;1;1;;;
23/09/2019;19:23:00;3449;sem vítima;101;BR-040/RJ;Sul;Colisão Lateral;1;;1;;;;;;;;2;;;;
24/09/2019;06:30:00;3487;sem vítima;91;BR-040/RJ;Norte;Choque - Objeto Fixo;1;;;;;;;;;;1;;;;
24/09/2019;09:20:00;3515;com vítima;26;BR-040/RJ;Norte;Capotamento;1;;;;;;;;;;0;1;;;
25/09/2019;07:02:00;3613;com vítima;74;BR-040/RJ;Norte;Capotamento;1;;;;;;;;;;0;1;1;;
25/09/2019;07:11:00;3615;sem vítima;92;BR-040/RJ;Sul;Capotamento;1;;;;;;;;;;1;;;;
25/09/2019;07:30:00;3617;com vítima;9;BR-040/RJ;Norte;Choque - Objeto Fixo;1;;;;;;;;;;0;;1;;
25/09/2019;08:59:00;3630;sem vítima;121;BR-040/RJ;Sul;Colisão Traseira;1;;;1;;;;;;;2;;;;
25/09/2019;09:31:00;3633;sem vítima;92;BR-040/RJ;Norte;Choque - Objeto Fixo;1;;;;;;;;;;1;;;;
25/09/2019;09:33:00;3634;sem vítima;75;BR-040/RJ;Sul;Choque - Objeto Fixo;1;;;;;;;;;;1;;;;
25/09/2019;10:21:00;3643;sem vítima;77;BR-040/RJ;Sul;Capotamento;1;;;;;;;;;;1;;;;
25/09/2019;15:06:00;3674;sem vítima;96;BR-040/RJ;Sul;Choque - Objeto Fixo;1;;;;;;;;;;1;;;;
25/09/2019;16:42:00;3688;com vítima;65;BR-040/RJ;Sul;Colisão Transversal;2;;;;;;;;;;0;2;;;
25/09/2019;16:50:00;3689;sem vítima;92;BR-040/RJ;Sul;Choque - Objeto Fixo;1;;;;;;;;;;1;;;;
25/09/2019;17:24:00;3696;com vítima;93;BR-040/RJ;Sul;Choque - Objeto Fixo;1;;;;;;;;;;0;2;;;
25/09/2019;20:40:00;3712;com vítima;77;BR-040/RJ;Sul;Capotamento;1;;;;;;;;;;0;3;;;
25/09/2019;22:01:00;3723;com vítima;87;BR-040/RJ;Norte;Choque - Objeto Fixo;1;;;;;;;;;;0;1;3;;
26/09/2019;04:25:00;3735;com vítima;115;BR-040/RJ;Sul;Colisão Traseira;;;2;;;;;;;;1;1;;;
26/09/2019;05:20:00;3741;sem vítima;124;BR-040/RJ;Sul;Choque - Objeto Fixo;1;;;;;;;;;;1;;;;
26/09/2019;09:10:00;3767;sem vítima;93;BR-040/RJ;Norte;Choque - Objeto Fixo;1;;;;;;;;;;1;;;;
26/09/2019;09:21:00;3769;sem vítima;93;BR-040/RJ;Sul;Choque - Objeto Fixo;1;;;;;;;;;;1;;;;
26/09/2019;09:33:00;3772;sem vítima;121;BR-040/RJ;Sul;Colisão Traseira;2;;;;;;;;;;2;;;;
26/09/2019;10:05:00;3779;sem vítima;122;BR-040/RJ;Sul;Choque - Objeto Fixo;;;;;1;;;;;;1;;;;
26/09/2019;10:08:00;3781;sem vítima;93;BR-040/RJ;Sul;Choque - Objeto Fixo;1;;;;;;;;;;1;;;;
26/09/2019;10:15:00;3784;sem vítima;84;BR-040/RJ;Norte;Choque - Objeto Fixo;1;;;;;;;;;;1;;;;
26/09/2019;10:36:00;3787;com vítima;19;BR-040/RJ;Sul;Choque - Objeto Fixo;1;;;;;;;;;;0;2;;;
26/09/2019;10:52:00;3792;sem vítima;76;BR-040/RJ;Sul;Choque - Objeto Fixo;1;;;;;;;;;;1;;;;
26/09/2019;11:57:00;3798;sem vítima;91;BR-040/RJ;Norte;Choque - Objeto Fixo;1;;;;;;;;;;1;;;;
26/09/2019;12:02:00;3800;com vítima;78;BR-040/RJ;Sul;Capotamento;1;;;;;;;;;;0;1;;;
26/09/2019;12:40:00;3808;sem vítima;7;BR-040/RJ;Sul;Choque - Objeto Fixo;1;;;;;;;;;;1;;;;
26/09/2019;12:59:00;3809;sem vítima;94;BR-040/RJ;Sul;Choque - Objeto Fixo;1;;;;;;;;;;1;;;;
26/09/2019;13:18:00;3811;sem vítima;801;BR-040/MG;Norte;Choque - Objeto Fixo;1;;;;;;;;;;1;;;;
26/09/2019;13:20:00;3812;sem vítima;33;BR-040/RJ;Norte;Choque - Objeto Fixo;1;;;;;;;;;;1;;;;
26/09/2019;12:12:00;3813;com vítima;77;BR-040/RJ;Sul;Choque - Objeto Fixo;1;;;;;;;;;;0;1;;;
26/09/2019;13:53:00;3818;sem vítima;813;BR-040/MG;Norte;Choque - Objeto Fixo;1;;;;;;;;;;1;;;;
26/09/2019;13:59:00;3820;sem vítima;91;BR-040/RJ;Norte;Choque - Objeto Fixo;1;;;;;;;;;;1;;;;
26/09/2019;13:55:00;3822;sem vítima;96;BR-040/RJ;Sul;Choque - Objeto Fixo;;;1;;;;;;;;1;;;;
26/09/2019;14:10:00;3823;sem vítima;92;BR-040/RJ;Sul;Choque - Objeto Fixo;1;;;;;;;;;;1;;;;
26/09/2019;14:59:00;3825;com vítima;1;BR-040/RJ;Norte;Choque - Objeto Fixo;1;;;;;;;;;;0;1;;;
26/09/2019;15:56:00;3831;com vítima;54;BR-040/RJ;Norte;Choque - Objeto Fixo;;;1;;;;;;;;0;1;;;
26/09/2019;15:52:00;3833;com vítima;39;BR-040/RJ;Norte;Colisão Lateral;1;;;;;;;;;;0;1;;;
26/09/2019;16:32:00;3838;sem vítima;93;BR-040/RJ;Sul;Choque - Objeto Fixo;1;;;;;;;;;;1;;;;
26/09/2019;16:54:00;3843;sem vítima;92;BR-040/RJ;Sul;Choque - Objeto Fixo;1;;;;;;;;;;1;;;;
26/09/2019;17:21:00;3847;com vítima;56;BR-040/RJ;Norte;Choque - Objeto Fixo;1;;;;;;;;;;0;1;;;
26/09/2019;17:39:00;3854;com vítima;92;BR-040/RJ;Sul;Choque - Objeto Fixo;1;;;;;;;;;;0;2;;;
26/09/2019;19:01:00;3871;com vítima;90;BR-040/RJ;Norte;Capotamento;1;;;;;;;;;;0;1;;;
26/09/2019;20:05:00;3877;com vítima;104;BR-040/RJ;Norte;Colisão Lateral;;;;1;;1;;;;;1;;1;;
26/09/2019;20:18:00;3879;com vítima;783;BR-040/MG;Norte;Capotamento;1;;;;;;;;;;0;1;;;
26/09/2019;23:17:00;3898;sem vítima;98;BR-040/RJ;Norte;Choque - Objeto Fixo;1;;;;;;;;;;1;;;;
27/09/2019;05:07:00;3911;com vítima;118;BR-040/RJ;Sul;Capotamento;1;;1;;;;;;;;1;1;;;
27/09/2019;05:45:00;3916;com vítima;117;BR-040/RJ;Sul;Colisão Traseira;;;;1;;1;;;;;1;1;;;
27/09/2019;06:20:00;3921;sem vítima;828;BR-040/MG;Norte;Choque - Objeto Fixo;1;;;;;;;;;;1;;;;
27/09/2019;06:31:00;3922;com vítima;111;BR-040/RJ;Sul;Colisão Traseira;1;;;1;;;;;;;1;1;;;
27/09/2019;06:02:00;3927;sem vítima;117;BR-040/RJ;Sul;Engavetamento;4;;;;;;;;;;4;;;;
27/09/2019;07:59:00;3942;sem vítima;104;BR-040/RJ;Norte;Colisão Transversal;2;;;;;;;;;;2;;;;
27/09/2019;13:52:00;3993;sem vítima;825;BR-040/MG;Sul;Tombamento;1;;;;;;;;;;1;;;;
27/09/2019;19:39:00;4042;sem vítima;92;BR-040/RJ;Sul;Choque - Objeto Fixo;1;;;;;;;;;;1;;;;
28/09/2019;03:16:00;4084;sem vítima;828;BR-040/MG;Norte;Choque - Objeto Fixo;1;;;;;;;;;;1;;;;
28/09/2019;04:48:00;4087;sem vítima;66;BR-040/RJ;Norte;Choque - Objeto Fixo;1;;;;;;;;;;1;;;;
28/09/2019;05:04:00;4088;sem vítima;121;BR-040/RJ;Norte;Choque - Objeto Fixo;1;;;;;;;;;;1;;;;
28/09/2019;05:55:00;4091;com vítima;90;BR-040/RJ;Sul;Choque - Objeto Fixo;1;;;;;;;;;;0;2;2;;1
28/09/2019;07:55:00;4101;sem vítima;124;BR-040/RJ;Norte;Choque - Objeto Fixo;1;;;;;;;;;;1;;;;
28/09/2019;09:18:00;4106;sem vítima;787;BR-040/MG;Norte;Choque - Objeto Fixo;1;;;;;;;;;;1;;;;
28/09/2019;09:21:00;4107;com vítima;77;BR-040/RJ;Sul;Choque - Objeto Fixo;1;;;;;;;;;;0;5;;;
28/09/2019;11:19:00;4116;sem vítima;75;BR-040/RJ;Sul;Choque - Objeto Fixo;1;;;;;;;;;;1;;;;
28/09/2019;11:33:00;4118;sem vítima;91;BR-040/RJ;Norte;Choque - Objeto Fixo;1;;;;;;;;;;1;;;;
28/09/2019;11:45:00;4119;sem vítima;84;BR-040/RJ;Norte;Choque - Objeto Fixo;1;;;;;;;;;;1;;;;
28/09/2019;12:20:00;4124;sem vítima;84;BR-040/RJ;Norte;Choque - Objeto Fixo;1;;;;;;;;;;1;;;;
28/09/2019;15:50:00;4142;com vítima;89;BR-040/RJ;Norte;Choque - Objeto Fixo;1;;;;;;;;;;0;1;;;
28/09/2019;15:51:00;4143;sem vítima;94;BR-040/RJ;Sul;Choque - Objeto Fixo;1;;;;;;;;;;1;;;;
28/09/2019;16:15:00;4147;sem vítima;94;BR-040/RJ;Sul;Choque - Objeto Fixo;1;;;;;;;;;;1;;;;
28/09/2019;16:39:00;4150;com vítima;92;BR-040/RJ;Sul;Tombamento;1;;;;;;;;;;0;1;;;
28/09/2019;16:47:00;4153;com vítima;93;BR-040/RJ;Sul;Choque - Objeto Fixo;1;;;;;;;;;;0;4;;;
28/09/2019;18:59:00;4162;com vítima;784;BR-040/MG;Norte;Atropelamento - Animal;;;;1;;;;;;;0;1;;;
29/09/2019;03:43:00;4192;com vítima;102;BR-040/RJ;Sul;Colisão Lateral;1;;;1;;;;;;;1;1;;;
29/09/2019;14:40:00;4244;sem vítima;90;BR-040/RJ;Sul;Choque - Objeto Fixo;1;;;;;;;;;;1;;;;
29/09/2019;14:51:00;4246;sem vítima;105;BR-040/RJ;Sul;Colisão Traseira;2;;;;;;;;;;2;;;;
29/09/2019;16:12:00;4256;sem vítima;93;BR-040/RJ;Sul;Choque - Objeto Fixo;1;;;;;;;;;;1;;;;
29/09/2019;16:56:00;4260;sem vítima;92;BR-040/RJ;Norte;Choque - Objeto Fixo;1;;;;;;;;;;1;;;;
29/09/2019;17:01:00;4261;com vítima;104;BR-040/RJ;Norte;Queda de Moto;;;;1;;;;;;;0;1;;;
29/09/2019;17:41:00;4266;sem vítima;92;BR-040/RJ;Sul;Choque - Objeto Fixo;1;;;;;;;;;;1;;;;
29/09/2019;21:30:00;4291;com vítima;91;BR-040/RJ;Sul;Capotamento;1;;;;;;;;;;0;2;;;
29/09/2019;21:24:00;4292;sem vítima;108;BR-040/RJ;Norte;Choque - Objeto Fixo;1;;;;;;;;;;1;;;;
29/09/2019;22:31:00;4298;sem vítima;90;BR-040/RJ;Sul;Derrapagem;1;;;;;;;;;;1;;;;
30/09/2019;01:37:00;4309;sem vítima;60;BR-040/RJ;Sul;Derrapagem;1;;;;;;;;;;1;;;;
30/09/2019;05:52:00;4325;sem vítima;94;BR-040/RJ;Sul;Choque - Objeto Fixo;1;;;;;;;;;;1;;;;