data;horario;n_da_ocorrencia;tipo_de_ocorrencia;km;trecho;sentido;tipo_de_acidente;automovel;bicicleta;caminhao;moto;onibus;outros;tracao_animal;transporte_de_cargas_especiais;trator_maquinas;utilitarios;ilesos;levemente_feridos;moderadamente_feridos;gravemente_feridos;mortos
26/10/2019;23:33:00;3658;sem vítima;77;BR-040/RJ;Sul;Choque - Objeto Fixo;1;;;;;;;;;;1;;;;
26/10/2019;23:41:00;3659;sem vítima;93;BR-040/RJ;Norte;Choque - Objeto Fixo;;;1;;;;;;;;1;;;;
27/10/2019;01:38:00;3664;sem vítima;101;BR-040/RJ;Sul;Queda de Moto;;;;1;;;;;;;1;;;;
27/10/2019;05:02:00;3671;sem vítima;75;BR-040/RJ;Sul;Derrapagem;1;;;;;;;;;;1;;;;
27/10/2019;06:23:00;3676;com vítima;96;BR-040/RJ;Sul;Colisão Lateral;;;;;2;;;;;;1;3;4;3;1
27/10/2019;09:14:00;3687;com vítima;74;BR-040/RJ;Norte;Queda de Moto;;;;1;;;;;;;0;1;;;
27/10/2019;13:56:00;3721;sem vítima;90;BR-040/RJ;Norte;Choque - Objeto Fixo;1;;;;;;;;;;1;;;;
27/10/2019;14:25:00;3724;com vítima;76;BR-040/RJ;Sul;Queda de Moto;;;;1;;;;;;;0;;1;;
28/10/2019;01:16:00;3798;sem vítima;119;BR-040/RJ;Sul;Colisão Traseira;1;;;;1;;;;;;2;;;;
28/10/2019;06:50:00;3817;sem vítima;90;BR-040/RJ;Norte;Choque - Objeto Fixo;1;;;;;;;;;;1;;;;
28/10/2019;07:30:00;3822;sem vítima;82;BR-040/RJ;Sul;Colisão Traseira;1;;1;;;;;;;;2;;;;
28/10/2019;09:04:00;3836;sem vítima;90;BR-040/RJ;Norte;Choque - Objeto Fixo;1;;;;;;;;;;1;;;;
28/10/2019;14:29:00;3884;sem vítima;2;BR-040/RJ;Sul;Saída de Pista;1;;;;;;;;;;1;;;;
28/10/2019;14:32:00;3886;com vítima;5;BR-040/RJ;Sul;Choque - Objeto Fixo;1;;;;;;;;;;0;2;;;
28/10/2019;14:35:00;3887;com vítima;824;BR-040/MG;Sul;Choque - Objeto Fixo;1;;;;;;;;;;0;1;;;
28/10/2019;14:59:00;3888;com vítima;13;BR-040/RJ;Sul;Choque - Objeto Fixo;1;;;;;;;;;;0;2;;;
28/10/2019;15:00:00;3891;sem vítima;5;BR-040/RJ;Norte;Choque - Objeto Fixo;1;;;;;;;;;;1;;;;
28/10/2019;20:44:00;3932;com vítima;43;BR-040/RJ;Norte;Tombamento;;;1;;;1;;;;;1;1;;;
29/10/2019;04:28:00;3951;com vítima;109;BR-040/RJ;Sul;Queda de Moto;;;1;1;;;;;;;1;;1;;
29/10/2019;05:56:00;3957;com vítima;777;BR-040/MG;Sul;Capotamento;1;;;;;;;;;;0;1;;;
29/10/2019;07:54:00;3969;com vítima;113;BR-040/RJ;Norte;Capotamento;1;;;;;;;;;;0;1;;;
29/10/2019;08:13:00;3973;com vítima;109;BR-040/RJ;Sul;Colisão Traseira;1;;;1;;1;;;;;2;1;;;
29/10/2019;21:29:00;4077;com vítima;114;BR-040/RJ;Norte;Colisão Traseira;;;;1;;1;;;;;1;1;;;
29/10/2019;22:25:00;4082;sem vítima;123;BR-040/RJ;Norte;Choque - Objeto Fixo;1;;;;;;;;;;1;;;;
29/10/2019;22:48:00;4087;sem vítima;94;BR-040/RJ;Norte;Choque - Objeto Fixo;1;;;;;;;;;;1;;;;
30/10/2019;00:03:00;4092;sem vítima;77;BR-040/RJ;Norte;Choque - Objeto Fixo;1;;;;;;;;;;1;;;;
30/10/2019;04:39:00;4107;com vítima;107;BR-040/RJ;Norte;Atropelamento - Animal;;;;1;;;;;;;0;1;;;
30/10/2019;09:12:00;4138;com vítima;121;BR-040/RJ;Sul;Queda de Moto;;;;1;;;;;;;0;1;;;
30/10/2019;10:48:00;4152;sem vítima;84;BR-040/RJ;Norte;Choque - Objeto Fixo;1;;;;;;;;;;1;;;;
31/10/2019;06:08:00;4250;com vítima;121;BR-040/RJ;Sul;Engavetamento;2;;;2;;;;;;;2;;3;;
31/10/2019;11:36:00;4290;sem vítima;105;BR-040/RJ;Norte;Colisão Lateral;1;;;;1;;;;;;2;;;;
31/10/2019;11:45:00;4291;sem vítima;87;BR-040/RJ;Sul;Saída de Pista;1;;;;;;;;;;1;;;;
31/10/2019;16:18:00;4315;sem vítima;92;BR-040/RJ;Sul;Choque - Objeto Fixo;1;;;;;;;;;;1;;;;
31/10/2019;16:27:00;4317;sem vítima;92;BR-040/RJ;Norte;Choque - Objeto Fixo;1;;;;;;;;;;1;;;;
31/10/2019;16:30:00;4319;sem vítima;93;BR-040/RJ;Sul;Choque - Objeto Fixo;1;;;;;;;;;;1;;;;
31/10/2019;16:38:00;4321;sem vítima;92;BR-040/RJ;Sul;Choque - Objeto Fixo;1;;;;;;;;;;1;;;;
31/10/2019;17:36:00;4328;sem vítima;97;BR-040/RJ;Sul;Choque - Objeto Fixo;1;;;;;;;;;;1;;;;
31/10/2019;17:52:00;4333;sem vítima;10;BR-040/RJ;Sul;Choque - Objeto Fixo;1;;;;;;;;;;1;;;;
31/10/2019;20:30:00;4355;sem vítima;62;BR-040/RJ;Norte;Colisão Lateral;1;;1;;;;;;;;2;;;;
01/11/2019;02:13:00;7;com vítima;94;BR-040/RJ;Sul;Queda de Moto;;;;1;;;;;;;0;1;;1;
01/11/2019;11:58:00;67;com vítima;102;BR-040/RJ;Norte;Colisão Traseira;;1;1;;;;;;;;1;;1;;
01/11/2019;14:09:00;83;sem vítima;108;BR-040/RJ;Norte;Choque - Objeto Fixo;1;;;;;;;;;;1;;;;
01/11/2019;14:51:00;91;com vítima;18;BR-040/RJ;Norte;Tombamento;1;;;;;;;;;;1;2;;;
01/11/2019;15:34:00;97;sem vítima;13;BR-040/RJ;Norte;Choque - Objeto Fixo;1;;;;;;;;;;1;;;;
01/11/2019;16:00:00;100;sem vítima;84;BR-040/RJ;Sul;Choque - Objeto Fixo;1;;;;;;;;;;1;;;;
01/11/2019;17:36:00;124;com vítima;22;BR-040/RJ;Sul;Capotamento;1;;;;;;;;;;0;3;;;
01/11/2019;17:46:00;126;com vítima;92;BR-040/RJ;Sul;Choque - Objeto Fixo;1;;;;;;;;;;0;1;;;
01/11/2019;18:31:00;135;com vítima;123;BR-040/RJ;Sul;Colisão Lateral;1;;;1;;;;;;;1;1;;;
01/11/2019;18:53:00;142;sem vítima;82;BR-040/RJ;Sul;Choque - Objeto Fixo;;;;;;;;;;1;1;;;;
01/11/2019;19:41:00;150;sem vítima;15;BR-040/RJ;Norte;Choque - Objeto Fixo;1;;;;;;;;;;1;;;;
02/11/2019;02:25:00;178;sem vítima;117;BR-040/RJ;Norte;Choque - Objeto Fixo;1;;;;;;;;;;1;;;;
02/11/2019;02:59:00;180;com vítima;30;BR-040/RJ;Norte;Queda de Moto;;;;1;;;;;;;0;;1;;
02/11/2019;03:13:00;181;com vítima;94;BR-040/RJ;Sul;Choque - Objeto Fixo;;;1;;;;;;;;0;2;;;
02/11/2019;05:16:00;183;com vítima;85;BR-040/RJ;Sul;Queda de Moto;;;;1;;;;;;;0;;1;;
02/11/2019;06:08:00;186;sem vítima;109;BR-040/RJ;Norte;Choque - Objeto Fixo;1;;;;;;;;;;1;;;;
02/11/2019;06:16:00;187;com vítima;45;BR-040/RJ;Norte;Atropelamento - Pedestre;1;;;;;1;;;;;1;;;1;
02/11/2019;06:28:00;188;com vítima;824;BR-040/MG;Sul;Choque - Objeto Fixo;1;;;;;;;;;;0;1;1;;
02/11/2019;07:04:00;189;com vítima;16;BR-040/RJ;Norte;Choque - Objeto Fixo;1;;;;;;;;;;0;1;;;
02/11/2019;09:30:00;197;com vítima;123;BR-040/RJ;Norte;Colisão Traseira;1;;1;;;;;;;;1;4;;;
02/11/2019;14:08:00;221;sem vítima;88;BR-040/RJ;Norte;Engavetamento;2;;;;;1;;;;;3;;;;
03/11/2019;05:15:00;286;com vítima;68;BR-040/RJ;Sul;Queda de Moto;;;;1;;;;;;;0;1;;;
03/11/2019;07:50:00;295;sem vítima;83;BR-040/RJ;Norte;Choque - Objeto Fixo;1;;;;;;;;;;1;;;;
03/11/2019;09:22:00;301;com vítima;109;BR-040/RJ;Norte;Capotamento;2;;;;;;;;;;1;1;;;
03/11/2019;09:43:00;303;sem vítima;78;BR-040/RJ;Norte;Engavetamento;3;;;;;;;;;;3;;;;
03/11/2019;15:25:00;337;com vítima;119;BR-040/RJ;Norte;Choque - Objeto Fixo;1;;;;1;;;;;;0;8;;;
03/11/2019;17:01:00;355;sem vítima;123;BR-040/RJ;Sul;Colisão Traseira;2;;;;;;;;;;2;;;;
03/11/2019;17:19:00;360;com vítima;110;BR-040/RJ;Sul;Engavetamento;3;;;;;;;;;;2;2;;;
03/11/2019;18:48:00;373;sem vítima;120;BR-040/RJ;Sul;Colisão Lateral;1;;;;;1;;;;;2;;;;
03/11/2019;20:02:00;384;sem vítima;109;BR-040/RJ;Sul;Colisão Traseira;2;;;;;;;;;;2;;;;
03/11/2019;21:46:00;395;com vítima;98;BR-040/RJ;Sul;Capotamento;1;;1;;;;;;;;1;1;;;
04/11/2019;08:28:00;427;sem vítima;78;BR-040/RJ;Norte;Colisão Traseira;2;;;;;;;;;;2;;;;
04/11/2019;08:31:00;428;com vítima;91;BR-040/RJ;Sul;Tombamento;;;1;;;;;;;;0;2;;;
04/11/2019;11:02:00;451;com vítima;109;BR-040/RJ;Sul;Colisão Traseira;1;;1;;;;;;;;1;2;;;
04/11/2019;13:01:00;468;sem vítima;66;BR-040/RJ;Sul;Choque - Objeto Fixo;1;;;;;;;;;;1;;;;
04/11/2019;13:28:00;469;com vítima;123;BR-040/RJ;Sul;Colisão Traseira;1;;1;;;;;;;;0;3;;;
04/11/2019;14:23:00;476;com vítima;117;BR-040/RJ;Norte;Choque - Objeto Fixo;1;;;;;;;;;;0;2;;;
05/11/2019;04:29:00;546;com vítima;96;BR-040/RJ;Sul;Tombamento;;;1;;;;;;;;0;1;;;
05/11/2019;05:10:00;551;sem vítima;115;BR-040/RJ;Norte;Colisão Traseira;2;;;;;;;;;;2;;;;
05/11/2019;07:15:00;565;com vítima;120;BR-040/RJ;Sul;Colisão Lateral;1;;;1;;;;;;;1;2;;;
05/11/2019;07:20:00;567;com vítima;122;BR-040/RJ;Sul;Queda de Moto;;;;2;;;;;;;1;1;;;
05/11/2019;08:04:00;572;sem vítima;84;BR-040/RJ;Norte;Colisão Traseira;2;;;;;;;;;;2;;;;
05/11/2019;08:30:00;578;sem vítima;98;BR-040/RJ;Norte;Colisão Lateral;1;;;;1;;;;;;2;;;;
05/11/2019;16:06:00;644;sem vítima;121;BR-040/RJ;Norte;Queda de Moto;;;;1;;1;;;;;2;;;;
05/11/2019;16:11:00;645;sem vítima;90;BR-040/RJ;Norte;Queda de Moto;;;;1;;;;;;;1;;;;
05/11/2019;17:51:00;659;sem vítima;21;BR-040/RJ;Sul;Choque - Objeto Fixo;1;;;;;;;;;;1;;;;
05/11/2019;19:19:00;672;com vítima;122;BR-040/RJ;Norte;Atropelamento - Pedestre;1;;;;;1;;;;;1;1;;;
06/11/2019;06:27:00;716;com vítima;61;BR-040/RJ;Sul;Capotamento;1;;;;;;;;;;0;3;;;
06/11/2019;09:13:00;744;com vítima;105;BR-040/RJ;Norte;Atropelamento - Pedestre;1;;;;;1;;;;;1;;1;;
06/11/2019;12:20:00;776;sem vítima;93;BR-040/RJ;Sul;Choque - Objeto Fixo;1;;;;;;;;;;1;;;;
06/11/2019;13:15:00;785;sem vítima;94;BR-040/RJ;Sul;Choque - Objeto Fixo;1;;;;;;;;;;1;;;;
06/11/2019;15:17:00;798;sem vítima;89;BR-040/RJ;Sul;Choque - Objeto Fixo;1;;;;;;;;;;1;;;;
06/11/2019;15:47:00;802;sem vítima;92;BR-040/RJ;Sul;Choque - Objeto Fixo;1;;;;;;;;;;1;;;;
06/11/2019;16:53:00;813;com vítima;92;BR-040/RJ;Sul;Queda de Moto;;;;1;;;;;;;0;1;1;;
06/11/2019;17:00:00;815;sem vítima;93;BR-040/RJ;Sul;Choque - Objeto Fixo;1;;;;;;;;;;1;;;;
06/11/2019;17:17:00;816;com vítima;90;BR-040/RJ;Norte;Capotamento;1;;;;;;;;;;0;3;;;
06/11/2019;18:15:00;821;sem vítima;118;BR-040/RJ;Norte;Colisão Lateral;1;;1;;;;;;;;2;;;;
06/11/2019;18:21:00;822;sem vítima;111;BR-040/RJ;Norte;Engavetamento;5;;;;;;;;;;5;;;;
06/11/2019;22:10:00;834;sem vítima;91;BR-040/RJ;Sul;Tombamento;1;;;;;;;;;;1;;;;
06/11/2019;22:11:00;835;sem vítima;114;BR-040/RJ;Norte;Choque - Objeto Fixo;1;;;;;;;;;;1;;;;
07/11/2019;03:23:00;852;sem vítima;85;BR-040/RJ;Sul;Choque - Objeto Fixo;1;;;;;;;;;;1;;;;
07/11/2019;04:50:00;855;sem vítima;90;BR-040/RJ;Sul;Saída de Pista;1;;;;;;;;;;1;;;;
07/11/2019;05:37:00;859;sem vítima;86;BR-040/RJ;Sul;Choque - Objeto Fixo;1;;;;;;;;;;1;;;;
07/11/2019;06:11:00;861;sem vítima;93;BR-040/RJ;Norte;Choque - Objeto Fixo;1;;;;;;;;;;1;;;;
07/11/2019;07:13:00;870;sem vítima;121;BR-040/RJ;Sul;Engavetamento;1;;2;;;;;;;;3;;;;
07/11/2019;10:07:00;894;sem vítima;22;BR-040/RJ;Sul;Choque - Objeto Fixo;1;;;;;;;;;;1;;;;
07/11/2019;11:19:00;902;sem vítima;31;BR-040/RJ;Norte;Choque - Objeto Fixo;;;1;;;;;;;;1;;;;
07/11/2019;16:24:00;940;com vítima;119;BR-040/RJ;Norte;Engavetamento;5;;;;;;;;;;4;1;;;
07/11/2019;17:15:00;946;sem vítima;120;BR-040/RJ;Norte;Colisão Lateral;1;;1;;;;;;;;2;;;;
07/11/2019;18:12:00;955;sem vítima;790;BR-040/MG;Sul;Choque - Objeto Fixo;1;;;;;;;;;;1;;;;
07/11/2019;19:12:00;964;sem vítima;105;BR-040/RJ;Norte;Colisão Lateral;1;;1;;;;;;;;2;;;;
07/11/2019;19:42:00;968;sem vítima;89;BR-040/RJ;Sul;Choque - Objeto Fixo;;;1;;;;;;;;1;;;;
07/11/2019;23:30:00;987;com vítima;784;BR-040/MG;Norte;Choque - Objeto Fixo;1;;;;;;;;;;0;2;;;
08/11/2019;05:40:00;1006;com vítima;107;BR-040/RJ;Norte;Colisão Traseira;1;;;;1;;;;;;1;1;;;
08/11/2019;07:37:00;1015;sem vítima;95;BR-040/RJ;Sul;Choque - Objeto Fixo;1;;;;;;;;;;1;;;;
08/11/2019;07:45:00;1017;sem vítima;113;BR-040/RJ;Sul;Colisão Lateral;1;;;;1;;;;;;2;;;;
08/11/2019;10:44:00;1034;com vítima;56;BR-040/RJ;Sul;Colisão Traseira;1;;;1;;;;;;;0;1;1;;
08/11/2019;16:10:00;1084;sem vítima;113;BR-040/RJ;Sul;Choque - Objeto Fixo;;;1;;;;;;;;1;;;;
08/11/2019;16:41:00;1090;sem vítima;93;BR-040/RJ;Sul;Choque - Objeto Fixo;1;;;;;;;;;;1;;;;
08/11/2019;17:33:00;1098;sem vítima;90;BR-040/RJ;Sul;Choque - Objeto Fixo;1;;;;;;;;;;1;;;;
08/11/2019;17:25:00;1101;sem vítima;74;BR-040/RJ;Sul;Choque - Objeto Fixo;1;;;;;;;;;;1;;;;
08/11/2019;18:34:00;1103;com vítima;115;BR-040/RJ;Norte;Colisão Lateral;2;;;;;;;;;;0;2;;;
08/11/2019;19:36:00;1108;com vítima;53;BR-040/RJ;Norte;Colisão Traseira;1;;;1;;;;;;;0;1;2;;
08/11/2019;19:37:00;1109;com vítima;124;BR-040/RJ;Norte;Colisão Traseira;2;;;;;;;;;;0;4;;;
08/11/2019;19:45:00;1110;sem vítima;113;BR-040/RJ;Sul;Colisão Traseira;1;;;;;1;;;;;2;;;;
08/11/2019;20:40:00;1114;com vítima;115;BR-040/RJ;Norte;Colisão Traseira;2;;;;;;;;;;0;4;1;;
08/11/2019;21:05:00;1116;sem vítima;5;BR-040/RJ;Sul;Colisão Lateral;2;;;;;;;;;;2;;;;
09/11/2019;08:19:00;1166;sem vítima;117;BR-040/RJ;Sul;Choque - Objeto Fixo;1;;;;;;;;;;1;;;;
09/11/2019;14:05:00;1196;sem vítima;93;BR-040/RJ;Norte;Colisão Traseira;1;;;;;1;;;;;2;;;;
09/11/2019;14:50:00;1205;sem vítima;84;BR-040/RJ;Norte;Choque - Objeto Fixo;1;;;;;;;;;;1;;;;
09/11/2019;14:55:00;1206;com vítima;92;BR-040/RJ;Sul;Choque - Objeto Fixo;1;;;;;;;;;;0;2;;;
09/11/2019;14:57:00;1207;sem vítima;84;BR-040/RJ;Norte;Choque - Objeto Fixo;1;;;;;;;;;;1;;;;
09/11/2019;15:06:00;1208;sem vítima;787;BR-040/MG;Norte;Choque - Objeto Fixo;1;;;;;;;;;;1;;;;
09/11/2019;15:19:00;1209;sem vítima;86;BR-040/RJ;Norte;Choque - Objeto Fixo;1;;;;;;;;;;1;;;;
09/11/2019;15:24:00;1210;com vítima;30;BR-040/RJ;Norte;Queda de Moto;;;;1;;;;;;;0;2;;;
09/11/2019;15:30:00;1212;sem vítima;25;BR-040/RJ;Norte;Choque - Objeto Fixo;1;;;;;;;;;;1;;;;
09/11/2019;15:45:00;1214;sem vítima;84;BR-040/RJ;Sul;Choque - Objeto Fixo;1;;;;;;;;;;1;;;;
09/11/2019;15:45:00;1220;sem vítima;84;BR-040/RJ;Sul;Choque - Objeto Fixo;1;;;;;;;;;;1;;;;
09/11/2019;16:55:00;1223;sem vítima;93;BR-040/RJ;Sul;Choque - Objeto Fixo;1;;;;;;;;;;1;;;;
09/11/2019;17:38:00;1227;sem vítima;30;BR-040/RJ;Norte;Choque - Objeto Fixo;1;;;;;;;;;;1;;;;
09/11/2019;17:59:00;1230;sem vítima;92;BR-040/RJ;Norte;Choque - Objeto Fixo;1;;;;;;;;;;1;;;;
09/11/2019;18:01:00;1232;sem vítima;67;BR-040/RJ;Norte;Choque - Objeto Fixo;1;;;;;;;;;;1;;;;
09/11/2019;19:00:00;1238;sem vítima;5;BR-040/RJ;Norte;Choque - Objeto Fixo;1;;;;;;;;;;1;;;;
09/11/2019;20:42:00;1245;sem vítima;828;BR-040/MG;Norte;Choque - Objeto Fixo;1;;;;;;;;;;1;;;;
10/11/2019;01:19:00;1260;sem vítima;90;BR-040/RJ;Sul;Choque - Objeto Fixo;1;;;;;;;;;;1;;;;
10/11/2019;03:50:00;1266;sem vítima;92;BR-040/RJ;Sul;Choque - Objeto Fixo;1;;;;;1;;;;;2;;;;
10/11/2019;05:11:00;1268;com vítima;779;BR-040/MG;Norte;Choque - Objeto Fixo;1;;;;;;;;;;0;3;;;
10/11/2019;10:56:00;1289;sem vítima;105;BR-040/RJ;Norte;Colisão Traseira;2;;;;;;;;;;2;;;;
10/11/2019;18:13:00;1330;com vítima;93;BR-040/RJ;Sul;Capotamento;1;;;;;;;;;;0;1;;;
10/11/2019;18:46:00;1335;sem vítima;84;BR-040/RJ;Norte;Colisão Lateral;1;;;;1;;;;;;2;;;;
10/11/2019;20:34:00;1344;com vítima;118;BR-040/RJ;Sul;Colisão Frontal;2;;;;;;;;;;0;2;;;
11/11/2019;04:59:00;1361;sem vítima;98;BR-040/RJ;Norte;Choque - Objeto Fixo;1;;;;;;;;;;1;;;;
11/11/2019;07:17:00;1370;sem vítima;112;BR-040/RJ;Sul;Colisão Lateral;1;;1;;;;;;;;2;;;;
11/11/2019;10:32:00;1399;sem vítima;87;BR-040/RJ;Norte;Choque - Objeto Fixo;1;;;;;;;;;;1;;;;
11/11/2019;12:21:00;1410;sem vítima;91;BR-040/RJ;Norte;Tombamento;1;;;;;;;;;;1;;;;
11/11/2019;14:07:00;1421;sem vítima;77;BR-040/RJ;Norte;Choque - Objeto Fixo;1;;;;;;;;;;1;;;;
11/11/2019;15:11:00;1428;sem vítima;93;BR-040/RJ;Sul;Choque - Objeto Fixo;1;;;;;;;;;;1;;;;
11/11/2019;15:22:00;1431;com vítima;93;BR-040/RJ;Sul;Choque - Objeto Fixo;1;;;;;;;;;;0;4;;;
11/11/2019;16:14:00;1433;com vítima;91;BR-040/RJ;Sul;Saída de Pista;1;;;;;;;;;;0;1;;;
11/11/2019;17:11:00;1439;com vítima;77;BR-040/RJ;Sul;Capotamento;1;;;;;;;;;;0;1;;;
11/11/2019;21:24:00;1460;sem vítima;79;BR-040/RJ;Sul;Choque - Objeto Fixo;1;;;;;;;;;;1;;;;
11/11/2019;23:44:00;1467;sem vítima;124;BR-040/RJ;Norte;Derrapagem;1;;;;;;;;;;1;;;;
12/11/2019;01:33:00;1471;sem vítima;89;BR-040/RJ;Sul;Choque - Objeto Fixo;;;1;;;;;;;;1;;;;
12/11/2019;05:14:00;1478;sem vítima;78;BR-040/RJ;Sul;Choque - Objeto Fixo;1;;;;;;;;;;1;;;;
12/11/2019;06:45:00;1485;com vítima;90;BR-040/RJ;Sul;Choque - Objeto Fixo;1;;;;;;;;;;0;2;;;
12/11/2019;07:25:00;1489;sem vítima;101;BR-040/RJ;Norte;Engavetamento;3;;;;;;;;;;3;;;;
12/11/2019;07:28:00;1490;sem vítima;98;BR-040/RJ;Norte;Choque - Objeto Fixo;1;;;;;;;;;;1;;;;
12/11/2019;07:36:00;1492;sem vítima;77;BR-040/RJ;Sul;Choque - Objeto Fixo;1;;;;;;;;;;1;;;;
12/11/2019;08:03:00;1498;sem vítima;92;BR-040/RJ;Sul;Choque - Objeto Fixo;1;;;;;;;;;;1;;;;
12/11/2019;08:38:00;1503;sem vítima;67;BR-040/RJ;Norte;Choque - Objeto Fixo;1;;;;;;;;;;1;;;;
12/11/2019;09:07:00;1505;sem vítima;92;BR-040/RJ;Sul;Choque - Objeto Fixo;1;;;;;;;;;;1;;;;
12/11/2019;13:23:00;1538;sem vítima;52;BR-040/RJ;Norte;Choque - Objeto Fixo;;;1;;;;;;;;1;;;;
12/11/2019;13:58:00;1544;com vítima;90;BR-040/RJ;Sul;Choque - Objeto Fixo;1;;;;;;;;;;0;2;;;
12/11/2019;14:09:00;1547;sem vítima;92;BR-040/RJ;Sul;Choque - Objeto Fixo;1;;;;;;;;;;1;;;;
12/11/2019;15:11:00;1556;com vítima;827;BR-040/MG;Sul;Choque - Objeto Fixo;1;;;;;;;;;;0;5;;;
12/11/2019;15:17:00;1557;sem vítima;93;BR-040/RJ;Sul;Capotamento;1;;;;;;;;;;1;;;;
12/11/2019;15:30:00;1560;sem vítima;92;BR-040/RJ;Sul;Choque - Objeto Fixo;1;;;;;;;;;;1;;;;
12/11/2019;16:26:00;1565;com vítima;94;BR-040/RJ;Sul;Choque - Objeto Fixo;1;;;;;;;;;;0;1;1;;
12/11/2019;16:37:00;1566;com vítima;94;BR-040/RJ;Sul;Choque - Objeto Fixo;1;;;;;;;;;;0;1;;;
12/11/2019;17:04:00;1570;sem vítima;43;BR-040/RJ;Norte;Choque - Objeto Fixo;1;;;;;;;;;;1;;;;
12/11/2019;17:05:00;1571;com vítima;75;BR-040/RJ;Sul;Saída de Pista;1;;;;;;;;;;0;4;;;
12/11/2019;17:29:00;1574;sem vítima;31;BR-040/RJ;Norte;Choque - Objeto Fixo;1;;;;;;;;;;1;;;;
12/11/2019;17:53:00;1579;sem vítima;97;BR-040/RJ;Sul;Choque - Objeto Fixo;1;;;;;;;;;;1;;;;
12/11/2019;18:10:00;1584;sem vítima;828;BR-040/MG;Norte;Choque - Objeto Fixo;1;;;;;;;;;;1;;;;
12/11/2019;19:07:00;1587;sem vítima;123;BR-040/RJ;Norte;Colisão Lateral;1;;1;;;;;;;;2;;;;
12/11/2019;19:05:00;1588;sem vítima;106;BR-040/RJ;Norte;Engavetamento;3;;;;;;;;;;3;;;;
12/11/2019;19:32:00;1591;sem vítima;104;BR-040/RJ;Norte;Choque - Objeto Fixo;1;;;;;;;;;;1;;;;
13/11/2019;01:59:00;1617;sem vítima;77;BR-040/RJ;Sul;Choque - Objeto Fixo;1;;;;;;;;;;1;;;;
13/11/2019;05:41:00;1633;com vítima;92;BR-040/RJ;Sul;Capotamento;1;;;;;;;;;;0;1;;;
13/11/2019;09:56:00;1666;com vítima;84;BR-040/RJ;Sul;Choque - Objeto Fixo;1;;;;;;;;;;0;1;;;
13/11/2019;12:50:00;1686;sem vítima;96;BR-040/RJ;Norte;Choque - Objeto Fixo;1;;;;;;;;;;1;;;;
13/11/2019;13:39:00;1694;sem vítima;123;BR-040/RJ;Sul;Engavetamento;3;;1;;;;;;;;4;;;;
13/11/2019;14:19:00;1699;sem vítima;81;BR-040/RJ;Norte;Colisão Lateral;1;;1;;;;;;;;2;;;;
13/11/2019;14:44:00;1703;sem vítima;20;BR-040/RJ;Norte;Colisão Traseira;1;;;;;1;;;;;2;;;;
13/11/2019;15:14:00;1711;com vítima;787;BR-040/MG;Norte;Choque - Objeto Fixo;1;;;;;;;;;;0;1;;;
13/11/2019;16:24:00;1719;sem vítima;110;BR-040/RJ;Norte;Colisão Traseira;1;;;1;;;;;;;2;;;;
13/11/2019;17:10:00;1727;com vítima;111;BR-040/RJ;Norte;Queda de Moto;;;;1;;;;;;;0;1;;;
13/11/2019;17:33:00;1731;com vítima;122;BR-040/RJ;Norte;Queda de Moto;;;;1;;;;;;;1;1;;;
13/11/2019;21:10:00;1752;sem vítima;104;BR-040/RJ;Norte;Choque - Objeto Fixo;1;;;;;;;;;;1;;;;
14/11/2019;00:23:00;1766;com vítima;102;BR-040/RJ;Norte;Colisão Lateral;1;;2;;;;;;;;2;1;;;
14/11/2019;05:46:00;1787;com vítima;38;BR-040/RJ;Sul;Choque - Objeto Fixo;1;;;;;;;;;;0;4;;;
14/11/2019;07:31:00;1797;sem vítima;17;BR-040/RJ;Norte;Colisão Lateral;1;;1;;;;;;;;2;;;;
14/11/2019;08:19:00;1807;sem vítima;123;BR-040/RJ;Sul;Colisão Traseira;1;;1;;;;;;;;2;;;;
14/11/2019;11:35:00;1833;com vítima;92;BR-040/RJ;Sul;Choque - Objeto Fixo;1;;;;;;;;;;0;2;;;
14/11/2019;11:47:00;1835;com vítima;93;BR-040/RJ;Sul;Choque - Objeto Fixo;1;;;;;;;;;;0;2;;;
14/11/2019;12:29:00;1841;sem vítima;816;BR-040/MG;Norte;Choque - Objeto Fixo;1;;;;;;;;;;1;;;;
14/11/2019;13:39:00;1851;sem vítima;93;BR-040/RJ;Sul;Capotamento;1;;;;;;;;;;1;;;;
14/11/2019;14:49:00;1863;sem vítima;43;BR-040/RJ;Sul;Choque - Objeto Fixo;;;1;;;;;;;;1;;;;
14/11/2019;14:52:00;1864;sem vítima;93;BR-040/RJ;Norte;Choque - Objeto Fixo;1;;;;;;;;;;1;;;;
14/11/2019;14:55:00;1869;sem vítima;94;BR-040/RJ;Sul;Saída de Pista;1;;;;;;;;;;1;;;;
14/11/2019;15:17:00;1874;com vítima;58;BR-040/RJ;Norte;Colisão Lateral;2;;;;;;;;;;0;5;;;
14/11/2019;15:54:00;1879;sem vítima;92;BR-040/RJ;Sul;Choque - Objeto Fixo;1;;;;;;;;;;1;;;;
14/11/2019;16:11:00;1882;com vítima;827;BR-040/MG;Norte;Capotamento;1;;;;;;;;;;0;2;;;
14/11/2019;16:30:00;1886;com vítima;90;BR-040/RJ;Sul;Capotamento;1;;;;;;;;;;0;2;;;
14/11/2019;16:25:00;1887;sem vítima;93;BR-040/RJ;Sul;Choque - Objeto Fixo;1;;;;;;;;;;1;;;;