data;horario;n_da_ocorrencia;tipo_de_ocorrencia;km;trecho;sentido;tipo_de_acidente;automovel;bicicleta;caminhao;moto;onibus;outros;tracao_animal;transporte_de_cargas_especiais;trator_maquinas;utilitarios;ilesos;levemente_feridos;moderadamente_feridos;gravemente_feridos;mortos
28/11/2019;15:18:00;3850;com vítima;121;BR-040/RJ;Norte;Colisão Lateral;1;;;;1;;;;;;1;2;;;
28/11/2019;15:31:00;3852;com vítima;93;BR-040/RJ;Sul;Capotamento;1;;;;;;;;;;0;1;;;
28/11/2019;16:43:00;3856;sem vítima;92;BR-040/RJ;Sul;Choque - Objeto Fixo;1;;;;;;;;;;1;;;;
28/11/2019;17:32:00;3863;com vítima;1;BR-040/RJ;Norte;Choque - Objeto Fixo;1;;;;;;;;;;0;1;;;
28/11/2019;17:44:00;3868;sem vítima;96;BR-040/RJ;Sul;Choque - Objeto Fixo;1;;;;;;;;;;1;;;;
28/11/2019;17:45:00;3869;sem vítima;101;BR-040/RJ;Norte;Colisão Lateral;1;;;;1;;;;;;2;;;;
28/11/2019;17:50:00;3870;sem vítima;117;BR-040/RJ;Sul;Queda de Moto;;;;1;;;;;;;1;;;;
28/11/2019;17:52:00;3871;sem vítima;30;BR-040/RJ;Norte;Choque - Objeto Fixo;1;;;;;;;;;;1;;;;
28/11/2019;19:00:00;3874;sem vítima;85;BR-040/RJ;Norte;Choque - Objeto Fixo;1;;;;;;;;;;1;;;;
28/11/2019;19:44:00;3878;sem vítima;114;BR-040/RJ;Norte;Saída de Pista;1;;;;;;;;;;1;;;;
28/11/2019;19:57:00;3881;sem vítima;98;BR-040/RJ;Norte;Choque - Objeto Fixo;1;;;;;;;;;;1;;;;
28/11/2019;20:25:00;3886;sem vítima;105;BR-040/RJ;Norte;Colisão Lateral;1;;;;1;;;;;;2;;;;
28/11/2019;21:05:00;3889;com vítima;50;BR-040/RJ;Sul;Queda de Moto;;;;1;;;;;;;0;;1;;
29/11/2019;00:40:00;3899;sem vítima;113;BR-040/RJ;Norte;Choque - Objeto Fixo;1;;;;;;;;;;1;;;;
29/11/2019;08:14:00;3927;com vítima;109;BR-040/RJ;Sul;Queda de Moto;;;;1;;1;;;;;1;1;;;
29/11/2019;08:30:00;3932;sem vítima;104;BR-040/RJ;Norte;Choque - Objeto Fixo;1;;;;;;;;;;1;;;;
29/11/2019;08:24:00;3936;sem vítima;72;BR-040/RJ;Norte;Choque - Objeto Fixo;1;;;;;;;;;;1;;;;
29/11/2019;09:03:00;3938;sem vítima;94;BR-040/RJ;Sul;Choque - Objeto Fixo;1;;;;;;;;;;1;;;;
29/11/2019;09:21:00;3940;sem vítima;84;BR-040/RJ;Norte;Choque - Objeto Fixo;1;;;;;;;;;;1;;;;
29/11/2019;09:29:00;3942;sem vítima;93;BR-040/RJ;Sul;Choque - Objeto Fixo;1;;;;;;;;;;1;;;;
29/11/2019;09:37:00;3944;sem vítima;93;BR-040/RJ;Sul;Choque - Objeto Fixo;1;;;;;;;;;;1;;;;
29/11/2019;13:04:00;3967;sem vítima;94;BR-040/RJ;Sul;Choque - Objeto Fixo;1;;;;;;;;;;1;;;;
29/11/2019;14:25:00;3986;sem vítima;90;BR-040/RJ;Norte;Queda de Moto;;;;1;;;;;;;1;;;;
29/11/2019;17:05:00;3999;sem vítima;119;BR-040/RJ;Sul;Colisão Lateral;2;;;;;;;;;;2;;;;
29/11/2019;17:41:00;4001;sem vítima;118;BR-040/RJ;Norte;Choque - Objeto Fixo;1;;;;;;;;;;1;;;;
29/11/2019;21:22:00;4022;com vítima;93;BR-040/RJ;Sul;Capotamento;1;;;;;;;;;;0;1;;;
29/11/2019;23:25:00;4033;sem vítima;90;BR-040/RJ;Norte;Choque - Objeto Fixo;1;;;;;;;;;;1;;;;
30/11/2019;01:11:00;4041;sem vítima;115;BR-040/RJ;Norte;Atropelamento - Animal;1;;;;;;;;;;1;;;;
30/11/2019;06:25:00;4055;sem vítima;124;BR-040/RJ;Sul;Choque - Objeto Fixo;1;;;;;;;;;;1;;;;
30/11/2019;06:42:00;4056;com vítima;123;BR-040/RJ;Sul;Capotamento;2;;;;;;;;;;1;1;;;
30/11/2019;09:06:00;4068;com vítima;120;BR-040/RJ;Sul;Colisão Lateral;1;;;1;;;;;;;1;2;;;
30/11/2019;11:15:00;4089;com vítima;47;BR-040/RJ;Norte;Colisão Traseira;;;1;1;;;;;;;1;;;1;
30/11/2019;12:18:00;4095;sem vítima;22;BR-040/RJ;Sul;Colisão Traseira;2;;;;;;;;;;2;;;;
30/11/2019;14:31:00;4104;com vítima;79;BR-040/RJ;Sul;Choque - Objeto Fixo;;;;1;;;;;;;0;1;;;
30/11/2019;15:11:00;4114;com vítima;110;BR-040/RJ;Norte;Colisão Traseira;2;;;;;;;;;;1;1;;;
30/11/2019;18:26:00;4141;sem vítima;119;BR-040/RJ;Norte;Choque - Objeto Fixo;1;;;;;;;;;;1;;;;
30/11/2019;21:59:00;4166;sem vítima;124;BR-040/RJ;Norte;Choque - Objeto Fixo;1;;;;;;;;;;1;;;;
01/12/2019;02:00:00;9;com vítima;121;BR-040/RJ;Sul;Colisão Lateral;2;;;;;1;;;;;1;4;;;
01/12/2019;02:40:00;11;sem vítima;104;BR-040/RJ;Norte;Colisão Lateral;2;;;;;;;;;;2;;;;
01/12/2019;04:51:00;13;com vítima;24;BR-040/RJ;Sul;Capotamento;1;;;;;;;;;;0;2;;;
01/12/2019;07:14:00;19;sem vítima;84;BR-040/RJ;Sul;Engavetamento;3;;;;;;;;;;3;;;;
01/12/2019;13:34:00;61;com vítima;91;BR-040/RJ;Sul;Saída de Pista;1;;;;;;;;;;0;;1;;
01/12/2019;14:13:00;67;sem vítima;78;BR-040/RJ;Norte;Choque - Objeto Fixo;1;;;;;;;;;;1;;;;
01/12/2019;14:55:00;73;sem vítima;92;BR-040/RJ;Norte;Choque - Objeto Fixo;1;;;;;;;;;;1;;;;
01/12/2019;14:59:00;75;sem vítima;84;BR-040/RJ;Sul;Choque - Objeto Fixo;1;;;;;;;;;;1;;;;
01/12/2019;15:31:00;81;sem vítima;14;BR-040/RJ;Norte;Choque - Objeto Fixo;1;;;;;;;;;;1;;;;
01/12/2019;15:38:00;82;sem vítima;84;BR-040/RJ;Norte;Choque - Objeto Fixo;1;;;;;;;;;;1;;;;
01/12/2019;16:03:00;85;com vítima;35;BR-040/RJ;Norte;Capotamento;1;;;;;;;;;;0;1;1;;
01/12/2019;16:16:00;86;sem vítima;90;BR-040/RJ;Sul;Choque - Objeto Fixo;1;;;;;;;;;;1;;;;
01/12/2019;16:23:00;87;sem vítima;93;BR-040/RJ;Sul;Choque - Objeto Fixo;1;;;;;;;;;;1;;;;
01/12/2019;16:25:00;88;sem vítima;92;BR-040/RJ;Sul;Choque - Objeto Fixo;1;;;;;;;;;;1;;;;
01/12/2019;16:47:00;93;com vítima;91;BR-040/RJ;Sul;Capotamento;1;;;;;;;;;;0;4;;;
01/12/2019;17:35:00;102;sem vítima;777;BR-040/MG;Sul;Choque - Objeto Fixo;1;;;;;;;;;;1;;;;
01/12/2019;16:12:00;104;sem vítima;90;BR-040/RJ;Sul;Saída de Pista;1;;;;;;;;;;1;;;;
01/12/2019;19:55:00;121;com vítima;84;BR-040/RJ;Sul;Choque - Objeto Fixo;1;;;;;;;;;;0;1;;;
01/12/2019;21:03:00;130;sem vítima;90;BR-040/RJ;Sul;Choque - Objeto Fixo;1;;;;;;;;;;1;;;;
01/12/2019;21:27:00;134;sem vítima;82;BR-040/RJ;Sul;Choque - Objeto Fixo;1;;;;;;;;;;1;;;;
02/12/2019;05:48:00;168;sem vítima;93;BR-040/RJ;Sul;Choque - Objeto Fixo;1;;;;;;;;;;1;;;;
02/12/2019;06:15:00;171;sem vítima;90;BR-040/RJ;Sul;Choque - Objeto Fixo;1;;;;;;;;;;1;;;;
02/12/2019;06:17:00;172;sem vítima;22;BR-040/RJ;Norte;Choque - Objeto Fixo;;;1;;;;;;;;1;;;;
02/12/2019;06:39:00;174;com vítima;784;BR-040/MG;Norte;Colisão Lateral;1;;;1;;;;;;;1;1;;;
02/12/2019;07:40:00;180;sem vítima;74;BR-040/RJ;Sul;Choque - Objeto Fixo;1;;;;;;;;;;1;;;;
02/12/2019;09:42:00;199;sem vítima;97;BR-040/RJ;Sul;Colisão Traseira;2;;;;;;;;;;2;;;;
02/12/2019;10:09:00;204;sem vítima;45;BR-040/RJ;Sul;Choque - Objeto Fixo;1;;;;;;;;;;1;;;;
02/12/2019;11:53:00;217;sem vítima;97;BR-040/RJ;Sul;Choque - Objeto Fixo;1;;;;;;;;;;1;;;;
02/12/2019;11:45:00;219;sem vítima;822;BR-040/MG;Norte;Choque - Objeto Fixo;1;;;;;;;;;;1;;;;
02/12/2019;12:27:00;226;sem vítima;14;BR-040/RJ;Sul;Choque - Objeto Fixo;1;;;;;;;;;;1;;;;
02/12/2019;16:50:00;249;sem vítima;94;BR-040/RJ;Sul;Choque - Objeto Fixo;1;;;;;;;;;;1;;;;
02/12/2019;17:15:00;255;sem vítima;71;BR-040/RJ;Norte;Choque - Objeto Fixo;1;;;;;;;;;;1;;;;
02/12/2019;18:30:00;265;sem vítima;112;BR-040/RJ;Norte;Colisão Traseira;2;;;;;;;;;;2;;;;
02/12/2019;21:50:00;285;com vítima;92;BR-040/RJ;Sul;Tombamento;1;;;;;;;;;;0;2;;;
03/12/2019;05:39:00;309;com vítima;82;BR-040/RJ;Sul;Choque - Objeto Fixo;1;;;;;;;;;;0;1;;;
03/12/2019;05:48:00;312;com vítima;115;BR-040/RJ;Norte;Colisão Lateral;1;;;1;;;;;;;1;;1;1;
03/12/2019;09:32:00;337;com vítima;780;BR-040/MG;Sul;Tombamento;;;1;;;;;;;;0;1;;;
03/12/2019;17:20:00;396;sem vítima;92;BR-040/RJ;Sul;Choque - Objeto Fixo;1;;;;;;;;;;1;;;;
03/12/2019;17:27:00;397;sem vítima;90;BR-040/RJ;Sul;Saída de Pista;1;;;;;;;;;;1;;;;
03/12/2019;18:25:00;405;com vítima;72;BR-040/RJ;Norte;Colisão Lateral;2;;;;;;;;;;1;;1;;
03/12/2019;20:20:00;428;sem vítima;84;BR-040/RJ;Norte;Colisão Lateral;;;2;;;;;;;;2;;;;
03/12/2019;21:51:00;434;com vítima;32;BR-040/RJ;Norte;Atropelamento - Pedestre;1;;;;;1;;;;;0;2;;;1
04/12/2019;06:04:00;457;sem vítima;80;BR-040/RJ;Sul;Choque - Objeto Fixo;1;;;;;;;;;;1;;;;
04/12/2019;07:42:00;464;com vítima;121;BR-040/RJ;Sul;Queda de Moto;;;;1;;;;;;;0;2;;;
04/12/2019;08:46:00;470;com vítima;123;BR-040/RJ;Sul;Colisão Lateral;;;;1;1;;;;;;1;1;;;
04/12/2019;10:21:00;482;sem vítima;119;BR-040/RJ;Norte;Engavetamento;2;;1;;;;;;;;3;;;;
04/12/2019;11:44:00;491;com vítima;62;BR-040/RJ;Sul;Colisão Lateral;1;;;1;;;;;;;1;1;;;
04/12/2019;12:28:00;501;sem vítima;119;BR-040/RJ;Norte;Colisão Lateral;1;;1;;;;;;;;2;;;;
04/12/2019;14:24:00;509;sem vítima;111;BR-040/RJ;Sul;Colisão Traseira;1;;;;1;;;;;;2;;;;
04/12/2019;14:42:00;514;sem vítima;118;BR-040/RJ;Norte;Colisão Traseira;2;;;;;;;;;;2;;;;
04/12/2019;15:50:00;525;sem vítima;87;BR-040/RJ;Norte;Colisão Lateral;1;;;;;1;;;;;2;;;;
04/12/2019;17:20:00;542;sem vítima;117;BR-040/RJ;Norte;Colisão Lateral;1;;1;;;;;;;;2;;;;
04/12/2019;18:01:00;549;com vítima;122;BR-040/RJ;Norte;Colisão Lateral;2;;;1;;;;;;;2;1;;;
04/12/2019;19:45:00;562;com vítima;112;BR-040/RJ;Norte;Queda de Moto;;;;1;;;;;;;0;2;;;
04/12/2019;20:14:00;566;com vítima;107;BR-040/RJ;Norte;Colisão Traseira;2;;;;;;;;;;0;4;1;;
05/12/2019;07:56:00;604;sem vítima;73;BR-040/RJ;Norte;Choque - Objeto Fixo;1;;;;;;;;;;1;;;;
05/12/2019;10:03:00;618;sem vítima;123;BR-040/RJ;Norte;Colisão Lateral;2;;;;;;;;;;2;;;;
05/12/2019;10:33:00;621;com vítima;118;BR-040/RJ;Norte;Colisão Lateral;1;;;1;;;;;;;1;1;;;
05/12/2019;13:56:00;652;sem vítima;75;BR-040/RJ;Norte;Choque - Objeto Fixo;1;;;;;;;;;;1;;;;
05/12/2019;15:19:00;658;sem vítima;109;BR-040/RJ;Norte;Colisão Traseira;2;;;;;;;;;;2;;;;
05/12/2019;16:17:00;667;com vítima;4;BR-040/RJ;Sul;Capotamento;1;;;;;;;;;;0;1;;;
05/12/2019;16:53:00;674;sem vítima;13;BR-040/RJ;Sul;Choque - Objeto Fixo;;;1;;;;;;;;1;;;;
05/12/2019;17:02:00;675;sem vítima;79;BR-040/RJ;Norte;Saída de Pista;;;1;;;1;;;;;2;;;;
05/12/2019;17:30:00;679;sem vítima;12;BR-040/RJ;Norte;Choque - Objeto Fixo;1;;;;;;;;;;1;;;;
05/12/2019;17:47:00;682;com vítima;12;BR-040/RJ;Norte;Choque - Objeto Fixo;1;;;;;;;;;;0;5;;;
05/12/2019;19:27:00;695;sem vítima;74;BR-040/RJ;Norte;Colisão Transversal;2;;;;;;;;;;2;;;;
05/12/2019;19:59:00;701;sem vítima;114;BR-040/RJ;Norte;Choque - Objeto Fixo;1;;;;;;;;;;1;;;;
05/12/2019;20:56:00;706;sem vítima;90;BR-040/RJ;Norte;Derrapagem;;;;1;;;;;;;1;;;;
05/12/2019;23:11:00;718;com vítima;783;BR-040/MG;Norte;Saída de Pista;;;1;;;;;;;;0;1;;;
06/12/2019;06:45:00;742;sem vítima;114;BR-040/RJ;Sul;Engavetamento;3;;;;;;;;;;3;;;;
06/12/2019;08:00:00;750;sem vítima;90;BR-040/RJ;Sul;Choque - Objeto Fixo;1;;;;;;;;;;1;;;;
06/12/2019;09:10:00;758;sem vítima;91;BR-040/RJ;Norte;Choque - Objeto Fixo;1;;;;;;;;;;1;;;;
06/12/2019;10:08:00;768;sem vítima;92;BR-040/RJ;Sul;Choque - Objeto Fixo;1;;;;;;;;;;1;;;;
06/12/2019;11:23:00;776;sem vítima;93;BR-040/RJ;Sul;Choque - Objeto Fixo;1;;;;;;;;;;1;;;;
06/12/2019;11:45:00;777;sem vítima;88;BR-040/RJ;Sul;Choque - Objeto Fixo;1;;;;;;;;;;1;;;;
06/12/2019;12:00:00;779;sem vítima;73;BR-040/RJ;Norte;Choque - Objeto Fixo;1;;;;;;;;;;1;;;;
06/12/2019;12:16:00;781;sem vítima;31;BR-040/RJ;Norte;Choque - Objeto Fixo;1;;;;;;;;;;1;;;;
06/12/2019;12:32:00;782;sem vítima;56;BR-040/RJ;Sul;Choque - Objeto Fixo;1;;;;;;;;;;1;;;;
06/12/2019;12:52:00;785;sem vítima;89;BR-040/RJ;Norte;Colisão Lateral;1;;1;;;;;;;;2;;;;
06/12/2019;14:26:00;799;com vítima;31;BR-040/RJ;Sul;Choque - Objeto Fixo;;;1;;;1;;;;;1;1;;;
06/12/2019;14:05:00;800;sem vítima;43;BR-040/RJ;Norte;Choque - Objeto Fixo;1;;;;;;;;;;1;;;;
06/12/2019;14:50:00;803;sem vítima;34;BR-040/RJ;Sul;Choque - Objeto Fixo;1;;;;;;;;;;1;;;;
06/12/2019;15:38:00;812;com vítima;810;BR-040/MG;Norte;Colisão Frontal;2;;;;;;;;;;0;5;;;
06/12/2019;16:03:00;816;sem vítima;77;BR-040/RJ;Norte;Engavetamento;2;;1;;;;;;;;3;;;;
06/12/2019;16:05:00;817;sem vítima;90;BR-040/RJ;Sul;Choque - Objeto Fixo;1;;;;;;;;;;1;;;;
06/12/2019;16:10:00;819;sem vítima;21;BR-040/RJ;Norte;Choque - Objeto Fixo;;;1;;;;;;;;1;;;;
06/12/2019;16:18:00;820;sem vítima;93;BR-040/RJ;Sul;Choque - Objeto Fixo;1;;;;;;;;;;1;;;;
06/12/2019;14:28:00;821;com vítima;31;BR-040/RJ;Norte;Capotamento;1;;;;;;;;;;0;4;;;
06/12/2019;16:32:00;822;sem vítima;1;BR-040/RJ;Norte;Choque - Objeto Fixo;1;;;;;;;;;;1;;;;
06/12/2019;17:21:00;828;sem vítima;114;BR-040/RJ;Norte;Colisão Traseira;1;;;;;1;;;;;2;;;;
06/12/2019;17:05:00;829;sem vítima;1;BR-040/RJ;Norte;Choque - Objeto Fixo;1;;;;;;;;;;1;;;;
06/12/2019;18:28:00;837;sem vítima;22;BR-040/RJ;Norte;Saída de Pista;1;;;;;;;;;;1;;;;
06/12/2019;21:02:00;851;com vítima;98;BR-040/RJ;Norte;Saída de Pista;1;;;;;;;;;;0;2;;;
06/12/2019;21:06:00;854;sem vítima;93;BR-040/RJ;Sul;Choque - Objeto Fixo;1;;;;;1;;;;;2;;;;
06/12/2019;16:55:00;856;sem vítima;810;BR-040/MG;Norte;Colisão Lateral;1;;;;1;;;;;;2;;;;
06/12/2019;21:46:00;859;com vítima;81;BR-040/RJ;Norte;Atropelamento - Pedestre;1;;;;;1;;;;;1;;;;1
06/12/2019;23:14:00;867;sem vítima;810;BR-040/MG;Norte;Choque - Objeto Fixo;1;;;;;;;;;;1;;;;
07/12/2019;05:31:00;881;com vítima;98;BR-040/RJ;Sul;Capotamento;1;;;;;;;;;;0;1;1;;
07/12/2019;06:44:00;883;sem vítima;96;BR-040/RJ;Norte;Choque - Objeto Fixo;1;;;;;;;;;;1;;;;
07/12/2019;06:51:00;885;com vítima;97;BR-040/RJ;Sul;Queda de Moto;;;;1;;;;;;;0;1;;;
07/12/2019;09:47:00;906;sem vítima;122;BR-040/RJ;Norte;Colisão Traseira;1;;;;1;;;;;;2;;;;
07/12/2019;11:01:00;912;sem vítima;802;BR-040/MG;Sul;Colisão Traseira;2;;;;;;;;;;2;;;;
07/12/2019;13:55:00;938;sem vítima;58;BR-040/RJ;Sul;Choque - Objeto Fixo;1;;;;;;;;;;1;;;;
07/12/2019;16:43:00;958;sem vítima;123;BR-040/RJ;Norte;Colisão Traseira;2;;;;;;;;;;2;;;;
07/12/2019;18:23:00;968;com vítima;119;BR-040/RJ;Norte;Colisão Traseira;;;;1;;1;;;;;1;;1;;
07/12/2019;22:44:00;991;sem vítima;113;BR-040/RJ;Sul;Colisão Traseira;1;;;;1;;;;;;2;;;;
08/12/2019;00:44:00;998;com vítima;119;BR-040/RJ;Sul;Colisão Frontal;2;;;;;;;;;;3;1;2;;
08/12/2019;01:33:00;1001;sem vítima;109;BR-040/RJ;Norte;Choque - Objeto Fixo;1;;;;;;;;;;1;;;;
08/12/2019;07:04:00;1022;sem vítima;822;BR-040/MG;Norte;Choque - Objeto Fixo;1;;;;;;;;;;1;;;;
08/12/2019;08:11:00;1029;sem vítima;112;BR-040/RJ;Norte;Choque - Objeto Fixo;1;;;;;;;;;;1;;;;
08/12/2019;08:46:00;1031;sem vítima;84;BR-040/RJ;Sul;Choque - Objeto Fixo;1;;;;;;;;;;1;;;;
08/12/2019;13:07:00;1065;com vítima;47;BR-040/RJ;Sul;Queda de Moto;;;;1;;;;;;;0;;;1;
08/12/2019;13:28:00;1067;sem vítima;122;BR-040/RJ;Sul;Engavetamento;3;;;;;;;;;;3;;;;
08/12/2019;20:19:00;1117;com vítima;78;BR-040/RJ;Sul;Capotamento;1;;;;;;;;;;0;;1;;
08/12/2019;20:52:00;1119;com vítima;105;BR-040/RJ;Norte;Choque - Objeto Fixo;1;;;;;;;;;;0;1;;;
08/12/2019;22:19:00;1128;sem vítima;45;BR-040/RJ;Norte;Choque - Objeto Fixo;;;1;;;;;;;;1;;;;
09/12/2019;08:47:00;1157;com vítima;2;BR-040/RJ;Norte;Choque - Objeto Fixo;1;;;;;;;;;;0;2;;;
09/12/2019;15:16:00;1215;sem vítima;120;BR-040/RJ;Sul;Colisão Lateral;1;;1;;;;;;;;2;;;;
09/12/2019;15:26:00;1219;com vítima;117;BR-040/RJ;Sul;Colisão Traseira;1;;1;;;;;;;;1;1;;;
09/12/2019;17:57:00;1243;com vítima;79;BR-040/RJ;Sul;Choque - Objeto Fixo;1;;;;;;;;;;0;3;2;;
09/12/2019;18:53:00;1247;com vítima;116;BR-040/RJ;Norte;Queda de Moto;;;;1;;;;;;;0;1;;;
09/12/2019;22:48:00;1260;sem vítima;801;BR-040/MG;Norte;Colisão Traseira;2;;;;;;;;;;2;;;;
10/12/2019;00:10:00;1268;sem vítima;109;BR-040/RJ;Norte;Queda de Moto;;;;1;;;;;;;1;;;;
10/12/2019;02:44:00;1276;sem vítima;97;BR-040/RJ;Sul;Choque - Objeto Fixo;;;1;;;;;;;;1;;;;
10/12/2019;06:16:00;1285;com vítima;122;BR-040/RJ;Norte;Capotamento;1;;;;;;;;;;0;2;;;
10/12/2019;06:30:00;1287;sem vítima;828;BR-040/MG;Sul;Choque - Objeto Fixo;1;;;;;;;;;;1;;;;
10/12/2019;06:58:00;1289;sem vítima;13;BR-040/RJ;Norte;Choque - Objeto Fixo;1;;;;;;;;;;1;;;;
10/12/2019;08:32:00;1295;com vítima;84;BR-040/RJ;Sul;Tombamento;;;1;;;;;;;;0;1;;;
10/12/2019;09:03:00;1299;com vítima;92;BR-040/RJ;Sul;Choque - Objeto Fixo;1;;;;;;;;;;0;1;;;
10/12/2019;09:23:00;1301;sem vítima;92;BR-040/RJ;Sul;Choque - Objeto Fixo;1;;;;;;;;;;1;;;;
10/12/2019;09:28:00;1302;sem vítima;84;BR-040/RJ;Sul;Colisão Traseira;2;;;;;;;;;;2;;;;
10/12/2019;12:49:00;1325;sem vítima;93;BR-040/RJ;Sul;Choque - Objeto Fixo;1;;;;;;;;;;1;;;;
10/12/2019;13:18:00;1327;sem vítima;92;BR-040/RJ;Sul;Choque - Objeto Fixo;1;;;;;;;;;;1;;;;
10/12/2019;14:08:00;1329;sem vítima;93;BR-040/RJ;Sul;Choque - Objeto Fixo;1;;;;;;;;;;1;;;;
10/12/2019;16:10:00;1338;sem vítima;92;BR-040/RJ;Sul;Choque - Objeto Fixo;1;;;;;;;;;;1;;;;
10/12/2019;16:14:00;1339;com vítima;13;BR-040/RJ;Norte;Capotamento;1;;;;;;;;;;0;2;;;
10/12/2019;16:33:00;1342;sem vítima;31;BR-040/RJ;Norte;Choque - Objeto Fixo;1;;;;;;;;;;1;;;;
10/12/2019;17:21:00;1347;sem vítima;123;BR-040/RJ;Sul;Colisão Lateral;1;;1;;;;;;;;2;;;;
10/12/2019;18:04:00;1352;sem vítima;93;BR-040/RJ;Sul;Choque - Objeto Fixo;1;;;;;;;;;;1;;;;
10/12/2019;19:22:00;1364;sem vítima;86;BR-040/RJ;Norte;Choque - Objeto Fixo;1;;;;;;;;;;1;;;;
11/12/2019;07:15:00;1406;sem vítima;84;BR-040/RJ;Norte;Choque - Objeto Fixo;1;;;;;;;;;;1;;;;
11/12/2019;07:32:00;1408;sem vítima;104;BR-040/RJ;Sul;Choque - Objeto Fixo;1;;;;;;;;;;1;;;;
11/12/2019;08:28:00;1414;sem vítima;780;BR-040/MG;Norte;Choque - Objeto Fixo;1;;;;;;;;;;1;;;;
11/12/2019;09:44:00;1422;sem vítima;796;BR-040/MG;Sul;Choque - Objeto Fixo;1;;;;;;;;;;1;;;;
11/12/2019;09:43:00;1426;sem vítima;77;BR-040/RJ;Sul;Choque - Objeto Fixo;1;;;;;;;;;;1;;;;
11/12/2019;10:44:00;1436;sem vítima;93;BR-040/RJ;Sul;Choque - Objeto Fixo;1;;;;;;;;;;1;;;;
11/12/2019;12:18:00;1447;sem vítima;82;BR-040/RJ;Sul;Choque - Objeto Fixo;1;;;;;;;;;;1;;;;
11/12/2019;12:18:00;1448;sem vítima;77;BR-040/RJ;Sul;Choque - Objeto Fixo;1;;;;;;;;;;1;;;;
11/12/2019;12:36:00;1451;sem vítima;85;BR-040/RJ;Norte;Choque - Objeto Fixo;1;;;;;;;;;;1;;;;
11/12/2019;13:10:00;1460;com vítima;73;BR-040/RJ;Norte;Tombamento;;;1;;;;;;;;0;;1;;
11/12/2019;14:45:00;1469;sem vítima;18;BR-040/RJ;Sul;Choque - Objeto Fixo;1;;;;;;;;;;1;;;;
11/12/2019;15:46:00;1474;sem vítima;788;BR-040/MG;Norte;Capotamento;1;;;;;;;;;;1;;;;
11/12/2019;18:29:00;1493;com vítima;38;BR-040/RJ;Norte;Capotamento;1;;;;;;;;;;0;;;1;
11/12/2019;20:19:00;1500;sem vítima;93;BR-040/RJ;Sul;Choque - Objeto Fixo;1;;;;;;;;;;1;;;;
11/12/2019;15:35:00;1511;sem vítima;73;BR-040/RJ;Norte;Engavetamento;3;;;;;;;;;;3;;;;
12/12/2019;05:12:00;1532;com vítima;109;BR-040/RJ;Sul;Colisão Traseira;1;;;;1;;;;;;1;;1;;
12/12/2019;07:31:00;1542;com vítima;122;BR-040/RJ;Sul;Queda de Moto;;;1;1;;;;;;;1;1;;;
12/12/2019;10:22:00;1565;sem vítima;92;BR-040/RJ;Sul;Choque - Objeto Fixo;1;;;;;;;;;;1;;;;
12/12/2019;12:37:00;1585;com vítima;34;BR-040/RJ;Sul;Choque - Objeto Fixo;1;;;;;;;;;;0;2;;;
12/12/2019;13:49:00;1592;sem vítima;94;BR-040/RJ;Sul;Choque - Objeto Fixo;1;;;;;;;;;;1;;;;
12/12/2019;15:05:00;1603;com vítima;793;BR-040/MG;Sul;Queda de Moto;;;;1;;;;;;;0;1;;;
12/12/2019;16:11:00;1610;com vítima;84;BR-040/RJ;Sul;Choque - Objeto Fixo;1;;;;;;;;;;0;1;;;
12/12/2019;16:12:00;1611;sem vítima;94;BR-040/RJ;Sul;Choque - Objeto Fixo;1;;;;;;;;;;1;;;;
12/12/2019;16:49:00;1618;sem vítima;90;BR-040/RJ;Sul;Choque - Objeto Fixo;1;;;;;;;;;;1;;;;
12/12/2019;17:41:00;1625;sem vítima;84;BR-040/RJ;Norte;Choque - Objeto Fixo;1;;;;;;;;;;1;;;;
12/12/2019;18:18:00;1630;sem vítima;91;BR-040/RJ;Norte;Choque - Objeto Fixo;1;;;;;;;;;;1;;;;
12/12/2019;18:29:00;1633;sem vítima;1;BR-040/RJ;Norte;Choque - Objeto Fixo;1;;;;;;;;;;1;;;;
13/12/2019;07:53:00;1692;com vítima;123;BR-040/RJ;Sul;Colisão Traseira;1;;;1;;;;;;;1;1;;;
13/12/2019;11:23:00;1721;sem vítima;109;BR-040/RJ;Norte;Colisão Traseira;2;;;;;;;;;;2;;;;
13/12/2019;12:11:00;1731;sem vítima;88;BR-040/RJ;Norte;Choque - Objeto Fixo;1;;;;;;;;;;1;;;;
13/12/2019;13:03:00;1742;com vítima;806;BR-040/MG;Sul;Choque - Objeto Fixo;1;;;;;;;;;;0;2;;;
13/12/2019;16:10:00;1783;sem vítima;111;BR-040/RJ;Norte;Colisão Traseira;2;;;;;;;;;;2;;;;
13/12/2019;16:18:00;1786;com vítima;112;BR-040/RJ;Norte;Colisão Lateral;1;;;1;;;;;;;1;1;;;
13/12/2019;16:27:00;1789;sem vítima;113;BR-040/RJ;Norte;Colisão Traseira;2;;;;;;;;;;2;;;;
13/12/2019;19:01:00;1812;com vítima;120;BR-040/RJ;Norte;Colisão Lateral;1;;;1;;;;;;;0;1;1;;
13/12/2019;20:42:00;1824;com vítima;121;BR-040/RJ;Norte;Colisão Traseira;;;;1;;1;;;;;1;;1;;
13/12/2019;22:24:00;1833;com vítima;118;BR-040/RJ;Norte;Colisão Lateral;1;;;1;1;;;;;;2;1;;;
13/12/2019;22:58:00;1837;com vítima;50;BR-040/RJ;Norte;Colisão Traseira;2;;;;;;;;;;0;3;;;