data;horario;n_da_ocorrencia;tipo_de_ocorrencia;km;trecho;sentido;tipo_de_acidente;automovel;bicicleta;caminhao;moto;onibus;outros;tracao_animal;transporte_de_cargas_especiais;trator_maquinas;utilitarios;ilesos;levemente_feridos;moderadamente_feridos;gravemente_feridos;mortos
14/12/2019;06:26:00;1865;sem vítima;94;BR-040/RJ;Sul;Choque - Objeto Fixo;1;;;;;;;;;;1;;;;
14/12/2019;06:48:00;1867;sem vítima;84;BR-040/RJ;Norte;Colisão Lateral;1;;1;;;;;;;;2;;;;
14/12/2019;06:48:00;1868;sem vítima;94;BR-040/RJ;Sul;Choque - Objeto Fixo;1;;;;;;;;;;1;;;;
14/12/2019;07:06:00;1869;sem vítima;118;BR-040/RJ;Sul;Colisão Traseira;1;;;;;1;;;;;2;;;;
14/12/2019;07:20:00;1872;sem vítima;94;BR-040/RJ;Sul;Choque - Objeto Fixo;1;;;;;;;;;;1;;;;
14/12/2019;07:34:00;1876;sem vítima;94;BR-040/RJ;Sul;Choque - Objeto Fixo;1;;;;;;;;;;1;;;;
14/12/2019;15:07:00;1940;sem vítima;75;BR-040/RJ;Sul;Choque - Objeto Fixo;1;;;;;;;;;;1;;;;
14/12/2019;16:56:00;1960;com vítima;38;BR-040/RJ;Norte;Saída de Pista;1;;;;;;;;;;0;3;;;
14/12/2019;18:26:00;1976;sem vítima;91;BR-040/RJ;Norte;Choque - Objeto Fixo;1;;;;;;;;;;1;;;;
14/12/2019;19:39:00;1984;sem vítima;91;BR-040/RJ;Norte;Choque - Objeto Fixo;1;;;;;;;;;;1;;;;
14/12/2019;20:51:00;1995;com vítima;102;BR-040/RJ;Sul;Colisão Frontal;;1;;;;1;;;;;1;1;;;
15/12/2019;00:49:00;2008;sem vítima;118;BR-040/RJ;Sul;Colisão Lateral;2;;;;;;;;;;2;;;;
15/12/2019;05:29:00;2015;sem vítima;89;BR-040/RJ;Norte;Choque - Objeto Fixo;1;;;;;;;;;;1;;;;
15/12/2019;05:30:00;2017;sem vítima;112;BR-040/RJ;Norte;Choque - Objeto Fixo;1;;;;;1;;;;;2;;;;
15/12/2019;08:40:00;2031;com vítima;52;BR-040/RJ;Sul;Colisão Lateral;2;;;;;;;;;;0;3;;;
15/12/2019;08:58:00;2033;sem vítima;124;BR-040/RJ;Sul;Engavetamento;3;;;;;;;;;;3;;;;
15/12/2019;09:05:00;2036;sem vítima;72;BR-040/RJ;Norte;Choque - Objeto Fixo;1;;;;;;;;;;1;;;;
15/12/2019;09:52:00;2048;sem vítima;95;BR-040/RJ;Norte;Choque - Objeto Fixo;1;;;;;;;;;;1;;;;
15/12/2019;10:52:00;2050;sem vítima;92;BR-040/RJ;Norte;Queda de Moto;;;;1;;;;;;;1;;;;
15/12/2019;11:14:00;2053;com vítima;90;BR-040/RJ;Norte;Queda de Moto;;;;1;;;;;;;0;1;;;
15/12/2019;11:51:00;2060;com vítima;787;BR-040/MG;Norte;Queda de Moto;;;;1;;;;;;;0;1;;;
15/12/2019;12:35:00;2063;com vítima;791;BR-040/MG;Sul;Saída de Pista;1;;;;;;;;;;0;6;;;
15/12/2019;12:58:00;2066;sem vítima;120;BR-040/RJ;Norte;Colisão Traseira;1;;;;;1;;;;;2;;;;
15/12/2019;14:13:00;2078;com vítima;791;BR-040/MG;Sul;Colisão Lateral;1;;1;;;;;;;;1;1;;;
15/12/2019;19:48:00;2134;sem vítima;109;BR-040/RJ;Sul;Colisão Traseira;1;;;;;1;;;;;2;;;;
15/12/2019;20:24:00;2140;sem vítima;113;BR-040/RJ;Sul;Saída de Pista;1;;;;;;;;;;1;;;;
15/12/2019;21:30:00;2149;sem vítima;66;BR-040/RJ;Norte;Colisão Traseira;1;;1;;;;;;;;2;;;;
15/12/2019;21:57:00;2153;com vítima;108;BR-040/RJ;Norte;Choque - Objeto Fixo;1;;;;;;;;;;0;1;;;
15/12/2019;23:42:00;2169;sem vítima;120;BR-040/RJ;Sul;Colisão Traseira;2;;;;;;;;;;2;;;;
16/12/2019;02:49:00;2182;com vítima;102;BR-040/RJ;Norte;Capotamento;1;;;;;;;;;;0;1;;;
16/12/2019;06:45:00;2196;com vítima;121;BR-040/RJ;Sul;Colisão Lateral;1;;;1;;;;;;;1;1;1;;
16/12/2019;06:50:00;2198;sem vítima;824;BR-040/MG;Norte;Choque - Objeto Fixo;1;;;;;;;;;;1;;;;
16/12/2019;07:20:00;2203;sem vítima;828;BR-040/MG;Sul;Choque - Objeto Fixo;1;;;;;;;;;;1;;;;
16/12/2019;09:20:00;2218;sem vítima;109;BR-040/RJ;Sul;Colisão Traseira;2;;;;;;;;;;2;;;;
16/12/2019;09:57:00;2229;com vítima;777;BR-040/MG;Sul;Colisão Lateral;2;;;;;;;;;;0;4;;;
16/12/2019;11:04:00;2240;com vítima;113;BR-040/RJ;Sul;Colisão Lateral;1;;;1;;;;;;;0;1;1;;
16/12/2019;13:47:00;2263;com vítima;77;BR-040/RJ;Norte;Colisão Lateral;1;;1;;;;;;;;0;2;;;
16/12/2019;15:19:00;2275;com vítima;95;BR-040/RJ;Sul;Tombamento;1;;1;;;;;;;;1;3;1;;
16/12/2019;20:02:00;2315;com vítima;110;BR-040/RJ;Norte;Engavetamento;3;;;;;;;;;;1;2;;;
16/12/2019;20:56:00;2325;com vítima;820;BR-040/MG;Norte;Colisão Traseira;;;2;;;;;;;;1;2;;;
16/12/2019;23:00:00;2333;com vítima;116;BR-040/RJ;Norte;Colisão Traseira;2;;;;;;;;;;0;1;2;;
17/12/2019;09:00:00;2387;sem vítima;70;BR-040/RJ;Norte;Choque - Objeto Fixo;1;;;;;;;;;;1;;;;
17/12/2019;12:41:00;2431;sem vítima;122;BR-040/RJ;Sul;Colisão Traseira;;;2;;;;;;;;2;;;;
17/12/2019;14:28:00;2446;sem vítima;61;BR-040/RJ;Norte;Choque - Objeto Fixo;1;;;;;;;;;;1;;;;
17/12/2019;21:38:00;2509;com vítima;787;BR-040/MG;Norte;Saída de Pista;1;;;;;;;;;;0;;;;1
18/12/2019;09:38:00;2555;sem vítima;123;BR-040/RJ;Sul;Colisão Lateral;1;;1;;;;;;;;2;;;;
18/12/2019;11:51:00;2581;sem vítima;805;BR-040/MG;Norte;Colisão Lateral;2;;;;;;;;;;2;;;;
18/12/2019;11:55:00;2583;sem vítima;113;BR-040/RJ;Sul;Engavetamento;3;;;;;;;;;;3;;;;
18/12/2019;12:05:00;2584;com vítima;121;BR-040/RJ;Norte;Colisão Traseira;1;;1;;;;;;;;1;2;;;
18/12/2019;14:47:00;2607;sem vítima;99;BR-040/RJ;Norte;Choque - Objeto Fixo;1;;;;;;;;;;1;;;;
18/12/2019;14:57:00;2608;sem vítima;32;BR-040/RJ;Sul;Choque - Objeto Fixo;1;;;;;;;;;;1;;;;
18/12/2019;15:04:00;2609;sem vítima;94;BR-040/RJ;Sul;Choque - Objeto Fixo;1;;;;;;;;;;1;;;;
18/12/2019;15:01:00;2610;sem vítima;93;BR-040/RJ;Sul;Choque - Objeto Fixo;1;;;;;;;;;;1;;;;
18/12/2019;15:37:00;2613;sem vítima;93;BR-040/RJ;Norte;Choque - Objeto Fixo;1;;;;;;;;;;1;;;;
18/12/2019;16:15:00;2621;com vítima;90;BR-040/RJ;Sul;Saída de Pista;1;;;;;;;;;;0;2;;;
18/12/2019;16:38:00;2623;sem vítima;87;BR-040/RJ;Norte;Choque - Objeto Fixo;1;;;;;;;;;;1;;;;
18/12/2019;16:45:00;2625;sem vítima;122;BR-040/RJ;Sul;Engavetamento;2;;;;;1;;;;;3;;;;
18/12/2019;17:36:00;2633;sem vítima;72;BR-040/RJ;Norte;Choque - Objeto Fixo;1;;;;;;;;;;1;;;;
18/12/2019;17:46:00;2634;com vítima;112;BR-040/RJ;Norte;Colisão Lateral;;;1;1;;;;;;;1;1;;;
18/12/2019;19:21:00;2647;sem vítima;109;BR-040/RJ;Norte;Colisão Lateral;1;;1;;;;;;;;2;;;;
19/12/2019;00:12:00;2675;com vítima;787;BR-040/MG;Norte;Saída de Pista;;;1;;;;;;;;0;1;;;
19/12/2019;02:09:00;2679;sem vítima;92;BR-040/RJ;Norte;Choque - Objeto Fixo;1;;;;;;;;;;1;;;;
19/12/2019;07:06:00;2697;com vítima;104;BR-040/RJ;Sul;Atropelamento - Pedestre;1;;1;;1;1;;;;;3;;;;1
19/12/2019;07:36:00;2701;com vítima;84;BR-040/RJ;Sul;Colisão Traseira;;;2;;;;;;;;0;3;;;
19/12/2019;08:27:00;2708;sem vítima;91;BR-040/RJ;Norte;Choque - Objeto Fixo;1;;;;;;;;;;1;;;;
19/12/2019;09:11:00;2713;sem vítima;88;BR-040/RJ;Norte;Choque - Objeto Fixo;1;;;;;;;;;;1;;;;
19/12/2019;14:37:00;2741;sem vítima;91;BR-040/RJ;Sul;Saída de Pista;1;;;;;;;;;;1;;;;
19/12/2019;14:55:00;2745;sem vítima;83;BR-040/RJ;Sul;Saída de Pista;;;1;;;;;;;;1;;;;
19/12/2019;17:17:00;2768;sem vítima;782;BR-040/MG;Norte;Choque - Objeto Fixo;1;;;;;;;;;;1;;;;
19/12/2019;23:38:00;2806;sem vítima;86;BR-040/RJ;Sul;Choque - Objeto Fixo;1;;;;;;;;;;1;;;;
20/12/2019;02:29:00;2820;com vítima;83;BR-040/RJ;Sul;Colisão Traseira;;;2;;;;;;;;0;2;;;
20/12/2019;06:46:00;2844;com vítima;117;BR-040/RJ;Norte;Colisão Traseira;3;;;;;;;;;;1;2;;;
20/12/2019;07:55:00;2858;com vítima;111;BR-040/RJ;Sul;Queda de Moto;;;;1;;;;;;;0;;1;;
20/12/2019;08:15:00;2865;sem vítima;91;BR-040/RJ;Norte;Choque - Objeto Fixo;1;;;;;;;;;;1;;;;
20/12/2019;08:40:00;2869;sem vítima;116;BR-040/RJ;Norte;Colisão Lateral;1;;1;;;;;;;;2;;;;
20/12/2019;09:15:00;2880;com vítima;119;BR-040/RJ;Sul;Queda de Moto;;;;1;;;;;;;0;;1;;
20/12/2019;09:23:00;2896;sem vítima;91;BR-040/RJ;Norte;Choque - Objeto Fixo;1;;;;;;;;;;1;;;;
20/12/2019;10:51:00;2900;sem vítima;122;BR-040/RJ;Sul;Colisão Traseira;1;;;;;1;;;;;2;;;;
20/12/2019;12:21:00;2913;sem vítima;92;BR-040/RJ;Norte;Queda de Moto;;;;1;;;;;;;1;;;;
20/12/2019;14:13:00;2923;sem vítima;94;BR-040/RJ;Norte;Capotamento;1;;;;;;;;;;1;;;;
20/12/2019;15:06:00;2933;com vítima;120;BR-040/RJ;Sul;Queda de Moto;;;;1;;;;;;;0;;2;;
20/12/2019;16:27:00;2950;sem vítima;97;BR-040/RJ;Norte;Queda de Moto;;;;1;;;;;;;1;;;;
20/12/2019;17:44:00;2969;sem vítima;109;BR-040/RJ;Norte;Engavetamento;3;;;;;;;;;;3;;;;
20/12/2019;17:48:00;2970;com vítima;62;BR-040/RJ;Norte;Colisão Traseira;;;;1;;1;;;;;1;;2;;
20/12/2019;20:23:00;2995;sem vítima;31;BR-040/RJ;Norte;Choque - Objeto Fixo;1;;;;;;;;;;1;;;;
20/12/2019;21:18:00;3005;sem vítima;1;BR-040/RJ;Norte;Saída de Pista;1;;;;;;;;;;1;;;;
20/12/2019;21:53:00;3007;sem vítima;120;BR-040/RJ;Norte;Choque - Objeto Fixo;2;;;;;;;;;;2;;;;
21/12/2019;00:35:00;3024;sem vítima;4;BR-040/RJ;Sul;Choque - Objeto Fixo;1;;;;;;;;;;1;;;;
21/12/2019;03:32:00;3032;sem vítima;121;BR-040/RJ;Norte;Choque - Objeto Fixo;1;;;;;;;;;;1;;;;
21/12/2019;06:26:00;3044;sem vítima;79;BR-040/RJ;Sul;Choque - Objeto Fixo;1;;;;;;;;;;1;;;;
21/12/2019;07:27:00;3047;sem vítima;807;BR-040/MG;Sul;Capotamento;1;;;;;;;;;;1;;;;
21/12/2019;09:23:00;3069;sem vítima;824;BR-040/MG;Norte;Choque - Objeto Fixo;1;;;;;;;;;;1;;;;
21/12/2019;09:34:00;3072;com vítima;111;BR-040/RJ;Sul;Colisão Transversal;1;1;;;;;;;;;1;;;1;
21/12/2019;10:14:00;3083;com vítima;91;BR-040/RJ;Norte;Queda de Moto;;;;1;;1;;;;;1;1;;;
21/12/2019;11:06:00;3092;sem vítima;21;BR-040/RJ;Norte;Tombamento;;;1;;;;;;;;1;;;;
21/12/2019;12:40:00;3107;com vítima;108;BR-040/RJ;Norte;Tombamento;;;1;;;;;;;;0;1;;;
21/12/2019;14:08:00;3119;sem vítima;120;BR-040/RJ;Norte;Colisão Traseira;1;;;1;;;;;;;2;;;;
21/12/2019;17:40:00;3156;sem vítima;78;BR-040/RJ;Sul;Choque - Objeto Fixo;1;;;;;;;;;;1;;;;
21/12/2019;18:08:00;3158;sem vítima;111;BR-040/RJ;Norte;Colisão Traseira;1;;;;;1;;;;;2;;;;
22/12/2019;00:38:00;3196;sem vítima;114;BR-040/RJ;Sul;Choque - Objeto Fixo;1;;;;;;;;;;1;;;;
22/12/2019;05:03:00;3202;com vítima;94;BR-040/RJ;Sul;Choque - Objeto Fixo;;;1;;;;;;;;0;;2;;
22/12/2019;08:48:00;3222;sem vítima;121;BR-040/RJ;Norte;Colisão Lateral;1;;;;1;;;;;;2;;;;
22/12/2019;09:29:00;3224;sem vítima;77;BR-040/RJ;Sul;Capotamento;1;;;;;;;;;;1;;;;
22/12/2019;12:57:00;3261;sem vítima;118;BR-040/RJ;Norte;Colisão Traseira;1;;;;;;;;;;1;;;;
22/12/2019;13:00:00;3262;sem vítima;794;BR-040/MG;Norte;Choque - Objeto Fixo;1;;;;;;;;;;1;;;;
22/12/2019;13:28:00;3267;com vítima;119;BR-040/RJ;Sul;Queda de Moto;;;;1;;;;;;;0;2;;;
22/12/2019;14:43:00;3281;com vítima;68;BR-040/RJ;Norte;Choque - Objeto Fixo;1;;;;;;;;;;0;1;;;
22/12/2019;15:00:00;3282;sem vítima;93;BR-040/RJ;Sul;Saída de Pista;1;;;;;;;;;;1;;;;
22/12/2019;15:17:00;3284;sem vítima;74;BR-040/RJ;Norte;Choque - Objeto Fixo;1;;;;;;;;;;1;;;;
22/12/2019;14:43:00;3286;sem vítima;68;BR-040/RJ;Norte;Choque - Objeto Fixo;1;;;;;;;;;;1;;;;
22/12/2019;15:35:00;3288;sem vítima;101;BR-040/RJ;Norte;Colisão Transversal;1;;;1;;;;;;;2;;;;
22/12/2019;16:00:00;3294;sem vítima;1;BR-040/RJ;Norte;Choque - Objeto Fixo;1;;;;;;;;;;1;;;;
22/12/2019;17:18:00;3305;com vítima;91;BR-040/RJ;Norte;Queda de Moto;;;;1;;;;;;;1;;1;;
22/12/2019;17:31:00;3307;sem vítima;112;BR-040/RJ;Sul;Capotamento;1;;;;;;;;;;1;;;;
22/12/2019;18:00:00;3321;sem vítima;82;BR-040/RJ;Sul;Choque - Objeto Fixo;1;;;;;;;;;;1;;;;
22/12/2019;21:39:00;3335;sem vítima;822;BR-040/MG;Sul;Colisão Traseira;1;;;;;1;;;;;2;;;;
22/12/2019;22:11:00;3339;sem vítima;43;BR-040/RJ;Sul;Choque - Objeto Fixo;1;;;;;;;;;;1;;;;
23/12/2019;00:48:00;3360;sem vítima;18;BR-040/RJ;Sul;Choque - Objeto Fixo;;;1;;;;;;;;1;;;;
23/12/2019;02:30:00;3364;sem vítima;113;BR-040/RJ;Norte;Choque - Objeto Fixo;1;;;;;;;;;;1;;;;
23/12/2019;04:15:00;3368;sem vítima;78;BR-040/RJ;Sul;Choque - Objeto Fixo;1;;;;;;;;;;1;;;;
23/12/2019;05:25:00;3370;sem vítima;799;BR-040/MG;Sul;Choque - Objeto Fixo;1;;;;;;;;;;1;;;;
23/12/2019;05:34:00;3371;sem vítima;113;BR-040/RJ;Sul;Saída de Pista;;;1;;;;;;;;1;;;;
23/12/2019;12:16:00;3418;sem vítima;70;BR-040/RJ;Norte;Choque - Objeto Fixo;;;1;;;;;;;;1;;;;
23/12/2019;13:44:00;3428;sem vítima;78;BR-040/RJ;Sul;Choque - Objeto Fixo;1;;;;;;;;;;1;;;;
23/12/2019;14:45:00;3437;sem vítima;84;BR-040/RJ;Norte;Colisão Lateral;1;;1;;;;;;;;2;;;;
23/12/2019;14:45:00;3440;sem vítima;53;BR-040/RJ;Sul;Choque - Objeto Fixo;1;;;;;;;;;;1;;;;
23/12/2019;15:22:00;3442;com vítima;93;BR-040/RJ;Sul;Choque - Objeto Fixo;;;1;;;;;;;;0;1;;;
23/12/2019;15:22:00;3443;sem vítima;5;BR-040/RJ;Norte;Choque - Objeto Fixo;1;;;;;;;;;;1;;;;
23/12/2019;15:33:00;3446;com vítima;5;BR-040/RJ;Norte;Capotamento;1;;;;;;;;;;0;5;;;
23/12/2019;15:35:00;3447;sem vítima;84;BR-040/RJ;Sul;Choque - Objeto Fixo;1;;;;;;;;;;1;;;;
23/12/2019;15:52:00;3449;sem vítima;84;BR-040/RJ;Sul;Choque - Objeto Fixo;1;;;;;;;;;;1;;;;
23/12/2019;16:43:00;3456;sem vítima;92;BR-040/RJ;Norte;Choque - Objeto Fixo;1;;;;;;;;;;1;;;;
23/12/2019;16:56:00;3458;com vítima;786;BR-040/MG;Norte;Colisão Traseira;2;;;;;;;;;;0;1;1;;
23/12/2019;17:02:00;3459;sem vítima;84;BR-040/RJ;Norte;Choque - Objeto Fixo;1;;;;;;;;;;1;;;;
23/12/2019;17:41:00;3468;sem vítima;111;BR-040/RJ;Norte;Engavetamento;3;;;;;;;;;;3;;;;
23/12/2019;17:53:00;3469;sem vítima;2;BR-040/RJ;Sul;Choque - Objeto Fixo;1;;;;;;;;;;1;;;;
23/12/2019;18:24:00;3474;com vítima;824;BR-040/MG;Sul;Choque - Objeto Fixo;1;;;;;;;;;;0;1;;;
23/12/2019;21:34:00;3495;sem vítima;85;BR-040/RJ;Norte;Colisão Traseira;1;;;;;1;;;;;2;;;;
24/12/2019;03:56:00;3529;sem vítima;815;BR-040/MG;Sul;Choque - Objeto Fixo;1;;;;;;;;;;1;;;;
24/12/2019;05:00:00;3532;com vítima;69;BR-040/RJ;Sul;Saída de Pista;1;;;;;;;;;;0;4;;;
24/12/2019;07:00:00;3540;sem vítima;85;BR-040/RJ;Norte;Choque - Objeto Fixo;1;;;;;;;;;;1;;;;
24/12/2019;12:09:00;3567;sem vítima;92;BR-040/RJ;Sul;Choque - Objeto Fixo;1;;;;;;;;;;1;;;;
24/12/2019;12:14:00;3570;sem vítima;88;BR-040/RJ;Norte;Choque - Objeto Fixo;1;;;;;;;;;;1;;;;
24/12/2019;12:41:00;3577;sem vítima;92;BR-040/RJ;Sul;Choque - Objeto Fixo;1;;;;;;;;;;1;;;;
24/12/2019;13:06:00;3579;sem vítima;82;BR-040/RJ;Sul;Choque - Objeto Fixo;1;;;;;;;;;;1;;;;
24/12/2019;13:14:00;3580;sem vítima;114;BR-040/RJ;Norte;Colisão Traseira;2;;;;;;;;;;2;;;;
24/12/2019;13:26:00;3581;sem vítima;86;BR-040/RJ;Norte;Choque - Objeto Fixo;1;;;;;;;;;;1;;;;
24/12/2019;14:26:00;3587;sem vítima;78;BR-040/RJ;Sul;Saída de Pista;1;;;;;;;;;;1;;;;
24/12/2019;15:23:00;3592;sem vítima;92;BR-040/RJ;Norte;Choque - Objeto Fixo;1;;;;;;;;;;1;;;;
24/12/2019;16:09:00;3600;com vítima;93;BR-040/RJ;Sul;Capotamento;1;;;;;;;;;;0;4;;;
24/12/2019;16:17:00;3603;com vítima;38;BR-040/RJ;Norte;Choque - Objeto Fixo;1;;;;;;;;;;0;3;;;
24/12/2019;16:37:00;3607;com vítima;823;BR-040/MG;Sul;Choque - Objeto Fixo;1;;;;;;;;;;0;2;;;
24/12/2019;17:43:00;3614;sem vítima;81;BR-040/RJ;Sul;Choque - Objeto Fixo;1;;;;;;;;;;1;;;;
24/12/2019;17:46:00;3615;sem vítima;25;BR-040/RJ;Sul;Choque - Objeto Fixo;1;;;;;1;;;;;2;;;;
24/12/2019;18:55:00;3625;com vítima;82;BR-040/RJ;Sul;Choque - Objeto Fixo;1;;;;;;;;;;0;4;1;;
24/12/2019;18:58:00;3626;sem vítima;77;BR-040/RJ;Sul;Choque - Objeto Fixo;1;;;;;;;;;;1;;;;
24/12/2019;19:45:00;3630;com vítima;52;BR-040/RJ;Norte;Saída de Pista;1;;;;;;;;;;0;1;1;;
25/12/2019;04:45:00;3660;sem vítima;98;BR-040/RJ;Norte;Choque - Objeto Fixo;1;;;;;;;;;;1;;;;
25/12/2019;05:29:00;3662;sem vítima;102;BR-040/RJ;Norte;Choque - Objeto Fixo;1;;;;;;;;;;1;;;;
25/12/2019;06:55:00;3665;sem vítima;113;BR-040/RJ;Sul;Choque - Objeto Fixo;1;;;;;;;;;;1;;;;
25/12/2019;20:42:00;3764;sem vítima;112;BR-040/RJ;Norte;Choque - Objeto Fixo;1;;;;;;;;;;1;;;;
26/12/2019;02:54:00;3785;com vítima;782;BR-040/MG;Norte;Atropelamento - Animal;1;;;;;;;;;;1;;2;;
26/12/2019;04:40:00;3790;sem vítima;70;BR-040/RJ;Sul;Choque - Objeto Fixo;;;;;1;;;;;;1;;;;
26/12/2019;05:01:00;3792;sem vítima;121;BR-040/RJ;Norte;Choque - Objeto Fixo;2;;;;;;;;;;2;;;;
26/12/2019;09:37:00;3830;sem vítima;87;BR-040/RJ;Norte;Colisão Traseira;2;;;;;;;;;;2;;;;
26/12/2019;11:44:00;3848;sem vítima;111;BR-040/RJ;Sul;Colisão Traseira;2;;;;;;;;;;2;;;;
26/12/2019;12:36:00;3859;sem vítima;123;BR-040/RJ;Norte;Colisão Traseira;2;;;;;;;;;;2;;;;
26/12/2019;13:32:00;3870;sem vítima;123;BR-040/RJ;Sul;Engavetamento;3;;;;;;;;;;3;;;;
27/12/2019;14:59:00;4044;com vítima;92;BR-040/RJ;Sul;Queda de Moto;;;;1;;;;;;;0;1;;;
27/12/2019;20:18:00;4092;com vítima;113;BR-040/RJ;Norte;Engavetamento;1;;;;;2;;;;;2;1;;;
27/12/2019;21:24:00;4098;com vítima;105;BR-040/RJ;Norte;Atropelamento - Pedestre;;;;;;2;;;;;1;1;;;
28/12/2019;02:55:00;4116;sem vítima;21;BR-040/RJ;Sul;Colisão Traseira;2;;;;;;;;;;2;;;;
28/12/2019;03:18:00;4118;sem vítima;84;BR-040/RJ;Sul;Choque - Objeto Fixo;1;;;;;;;;;;1;;;;
28/12/2019;14:16:00;4198;sem vítima;85;BR-040/RJ;Sul;Choque - Objeto Fixo;1;;;;;;;;;;1;;;;
28/12/2019;14:58:00;4201;sem vítima;84;BR-040/RJ;Sul;Engavetamento;3;;;;;;;;;;3;;;;
28/12/2019;15:03:00;4211;com vítima;84;BR-040/RJ;Sul;Engavetamento;2;;1;;;;;;;;0;9;;;
28/12/2019;17:43:00;4229;sem vítima;113;BR-040/RJ;Sul;Choque - Objeto Fixo;1;;;;;;;;;;1;;;;
29/12/2019;03:28:00;4268;com vítima;124;BR-040/RJ;Sul;Capotamento;1;;;;;;;;;;0;;;;1
29/12/2019;06:33:00;4278;sem vítima;109;BR-040/RJ;Sul;Colisão Lateral;1;;1;;;;;;;;2;;;;
29/12/2019;08:29:00;4288;com vítima;74;BR-040/RJ;Sul;Queda de Moto;;;;1;;;;;;;0;;1;;
29/12/2019;14:17:00;4338;com vítima;780;BR-040/MG;Sul;Choque - Objeto Fixo;1;;;;;;;;;;0;;1;;
29/12/2019;17:23:00;4363;sem vítima;85;BR-040/RJ;Sul;Choque - Objeto Fixo;1;;;;;;;;;;1;;;;
29/12/2019;17:23:00;4366;sem vítima;85;BR-040/RJ;Sul;Choque - Objeto Fixo;1;;;;;;;;;;1;;;;
29/12/2019;18:21:00;4375;sem vítima;43;BR-040/RJ;Norte;Choque - Objeto Fixo;1;;;;;;;;;;1;;;;
29/12/2019;18:30:00;4377;sem vítima;87;BR-040/RJ;Sul;Choque - Objeto Fixo;1;;;;;;;;;;1;;;;
30/12/2019;04:33:00;4408;com vítima;123;BR-040/RJ;Sul;Colisão Lateral;1;;;1;;;;;;;0;1;1;;
30/12/2019;04:40:00;4410;sem vítima;117;BR-040/RJ;Norte;Choque - Objeto Fixo;1;;;;;;;;;;1;;;;
30/12/2019;11:22:00;4450;sem vítima;111;BR-040/RJ;Norte;Colisão Traseira;2;;;;;;;;;;2;;;;
30/12/2019;14:01:00;4473;sem vítima;39;BR-040/RJ;Norte;Tombamento;;;1;;;;;;;;1;;;;
30/12/2019;15:35:00;4479;sem vítima;84;BR-040/RJ;Sul;Queda de Moto;;;;1;;;;;;;1;;;;
30/12/2019;16:21:00;4484;sem vítima;117;BR-040/RJ;Norte;Colisão Traseira;2;;;;;;;;;;2;;;;
30/12/2019;17:32:00;4494;sem vítima;84;BR-040/RJ;Sul;Choque - Objeto Fixo;1;;;;;;;;;;1;;;;
30/12/2019;17:40:00;4496;sem vítima;85;BR-040/RJ;Sul;Choque - Objeto Fixo;1;;;;;;;;;;1;;;;
30/12/2019;17:55:00;4501;sem vítima;84;BR-040/RJ;Norte;Choque - Objeto Fixo;1;;;;;;;;;;1;;;;
30/12/2019;18:18:00;4505;sem vítima;91;BR-040/RJ;Norte;Colisão Traseira;1;;;;;1;;;;;2;;;;
30/12/2019;18:36:00;4506;sem vítima;80;BR-040/RJ;Sul;Choque - Objeto Fixo;1;;;;;;;;;;1;;;;
31/12/2019;04:02:00;4537;com vítima;32;BR-040/RJ;Sul;Queda de Moto;;;;1;;;;;;;0;2;;;
31/12/2019;09:24:00;4562;com vítima;108;BR-040/RJ;Sul;Queda de Moto;;;;1;;;;;;;0;1;;;
31/12/2019;11:05:00;4571;com vítima;776;BR-040/MG;Sul;Queda de Moto;;;;1;;;;;;;0;1;1;;
31/12/2019;12:19:00;4578;com vítima;80;BR-040/RJ;Sul;Tombamento;;;1;;;;;;;;0;;1;;
31/12/2019;13:13:00;4585;com vítima;51;BR-040/RJ;Sul;Choque - Objeto Fixo;1;;;;;;;;;;0;;1;;
31/12/2019;18:53:00;4617;sem vítima;39;BR-040/RJ;Sul;Choque - Objeto Fixo;1;;;;;;;;;;1;;;;
01/01/2020;11:36:00;38;sem vítima;39;BR-040/RJ;Sul;Choque - Objeto Fixo;1;;;;;;;;;;1;;;;
01/01/2020;14:16:00;63;sem vítima;120;BR-040/RJ;Norte;Queda de Moto;;;;1;;;;;;;1;;;;
01/01/2020;15:10:00;74;com vítima;96;BR-040/RJ;Sul;Saída de Pista;1;;;;;;;;;;0;4;;;
01/01/2020;15:29:00;78;com vítima;780;BR-040/MG;Norte;Queda de Moto;;;;1;;;;;;;0;;2;;
01/01/2020;15:44:00;83;com vítima;111;BR-040/RJ;Sul;Colisão Traseira;1;;;1;;;;;;;1;1;;;
01/01/2020;16:58:00;96;sem vítima;93;BR-040/RJ;Sul;Saída de Pista;1;;;;;;;;;;1;;;;
01/01/2020;17:19:00;103;sem vítima;78;BR-040/RJ;Norte;Choque - Objeto Fixo;1;;;;;;;;;;1;;;;
01/01/2020;18:26:00;113;com vítima;810;BR-040/MG;Norte;Queda de Moto;;;;1;;;;;;;0;1;1;;
02/01/2020;10:33:00;239;sem vítima;773;BR-040/MG;Sul;Colisão Lateral;1;;;;;1;;;;;2;;;;
02/01/2020;13:06:00;263;sem vítima;109;BR-040/RJ;Norte;Choque - Objeto Fixo;1;;;;;;;;;;1;;;;
02/01/2020;13:33:00;265;com vítima;785;BR-040/MG;Norte;Saída de Pista;1;;;;;;;;;;0;4;;;
02/01/2020;13:51:00;267;sem vítima;782;BR-040/MG;Norte;Choque - Objeto Fixo;1;;;;;;;;;;1;;;;