data;horario;n_da_ocorrencia;tipo_de_ocorrencia;km;trecho;sentido;tipo_de_acidente;automovel;bicicleta;caminhao;moto;onibus;outros;tracao_animal;transporte_de_cargas_especiais;trator_maquinas;utilitarios;ilesos;levemente_feridos;moderadamente_feridos;gravemente_feridos;mortos
11/02/2020;14:09:00;1444;sem vítima;119;BR-040/RJ;Sul;Colisão Traseira;1;;;;1;;;;;;2;;;;
11/02/2020;14:26:00;1447;sem vítima;93;BR-040/RJ;Sul;Saída de Pista;1;;;;;;;;;;1;;;;
11/02/2020;14:47:00;1449;com vítima;780;BR-040/MG;Sul;Tombamento;;;1;;;1;;;;;1;1;;;
11/02/2020;15:57:00;1455;sem vítima;93;BR-040/RJ;Sul;Choque - Objeto Fixo;1;;;;;;;;;;1;;;;
12/02/2020;05:37:00;1513;sem vítima;34;BR-040/RJ;Sul;Choque - Objeto Fixo;;;1;;;;;;;;1;;;;
12/02/2020;08:23:00;1530;sem vítima;92;BR-040/RJ;Norte;Choque - Objeto Fixo;1;;;;;;;;;;1;;;;
12/02/2020;08:42:00;1536;com vítima;92;BR-040/RJ;Sul;Capotamento;1;;;;;;;;;;0;1;;;
12/02/2020;08:54:00;1538;sem vítima;82;BR-040/RJ;Sul;Choque - Objeto Fixo;1;;;;;;;;;;1;;;;
12/02/2020;10:27:00;1551;sem vítima;95;BR-040/RJ;Sul;Choque - Objeto Fixo;1;;;;;;;;;;1;;;;
12/02/2020;14:14:00;1584;sem vítima;62;BR-040/RJ;Sul;Choque - Objeto Fixo;1;;;;;;;;;;1;;;;
12/02/2020;16:53:00;1601;sem vítima;787;BR-040/MG;Norte;Choque - Objeto Fixo;1;;;;;;;;;;1;;;;
12/02/2020;18:19:00;1606;sem vítima;122;BR-040/RJ;Norte;Colisão Traseira;1;;1;;;;;;;;2;;;;
12/02/2020;19:52:00;1617;sem vítima;82;BR-040/RJ;Sul;Choque - Objeto Fixo;1;;;;;;;;;;1;;;;
12/02/2020;22:48:00;1640;com vítima;123;BR-040/RJ;Sul;Queda de Moto;;;;1;;;;;;;0;2;;;
13/02/2020;06:02:00;1667;sem vítima;92;BR-040/RJ;Sul;Choque - Objeto Fixo;1;;;;;;;;;;1;;;;
13/02/2020;06:44:00;1669;sem vítima;55;BR-040/RJ;Norte;Colisão Transversal;1;;1;;;;;;;;2;;;;
13/02/2020;06:51:00;1670;sem vítima;87;BR-040/RJ;Sul;Choque - Objeto Fixo;;;1;;;;;;;;1;;;;
13/02/2020;11:17:00;1716;sem vítima;89;BR-040/RJ;Norte;Choque - Objeto Fixo;1;;;;;;;;;;1;;;;
13/02/2020;12:37:00;1723;com vítima;43;BR-040/RJ;Norte;Capotamento;1;;;;;;;;;;0;4;;;
13/02/2020;13:41:00;1729;com vítima;39;BR-040/RJ;Sul;Choque - Objeto Fixo;1;;;;;;;;;;0;1;;;
13/02/2020;14:49:00;1737;sem vítima;85;BR-040/RJ;Norte;Choque - Objeto Fixo;1;;;;;;;;;;1;;;;
13/02/2020;15:07:00;1739;com vítima;6;BR-040/RJ;Sul;Tombamento;;;1;;;;;;;;0;5;;;
13/02/2020;17:07:00;1750;sem vítima;90;BR-040/RJ;Sul;Saída de Pista;1;;;;;;;;;;1;;;;
13/02/2020;20:48:00;1769;sem vítima;82;BR-040/RJ;Sul;Choque - Objeto Fixo;1;;;;;;;;;;1;;;;
13/02/2020;21:06:00;1771;com vítima;91;BR-040/RJ;Sul;Saída de Pista;1;;;;;;;;;;0;3;;;
14/02/2020;00:25:00;1788;com vítima;113;BR-040/RJ;Norte;Queda de Moto;;;;1;;;;;;;0;;1;;
14/02/2020;06:25:00;1804;com vítima;810;BR-040/MG;Sul;Colisão Lateral;1;;1;;;;;;;;1;1;;;
14/02/2020;08:32:00;1816;sem vítima;32;BR-040/RJ;Norte;Choque - Objeto Fixo;1;;;;;;;;;;1;;;;
14/02/2020;09:31:00;1824;sem vítima;43;BR-040/RJ;Norte;Choque - Objeto Fixo;1;;;;;;;;;;1;;;;
14/02/2020;16:13:00;1876;com vítima;111;BR-040/RJ;Sul;Queda de Moto;;;;1;;;;;;;0;2;;;
14/02/2020;19:30:00;1907;com vítima;113;BR-040/RJ;Norte;Choque - Objeto Fixo;1;;1;;;;;;;;1;1;;;
14/02/2020;20:44:00;1915;sem vítima;83;BR-040/RJ;Sul;Choque - Objeto Fixo;1;;;;;;;;;;1;;;;
15/02/2020;06:42:00;1947;sem vítima;84;BR-040/RJ;Sul;Choque - Objeto Fixo;1;;;;;;;;;;1;;;;
15/02/2020;07:49:00;1959;com vítima;104;BR-040/RJ;Sul;Choque - Objeto Fixo;1;;;;;;;;;;0;1;2;;
15/02/2020;07:59:00;1961;sem vítima;84;BR-040/RJ;Norte;Colisão Lateral;1;;1;;;;;;;;2;;;;
15/02/2020;08:18:00;1965;sem vítima;810;BR-040/MG;Norte;Colisão Lateral;1;;;;;1;;;;;2;;;;
15/02/2020;09:11:00;1967;com vítima;84;BR-040/RJ;Sul;Choque - Objeto Fixo;;;1;;;;;;;;0;1;;;
15/02/2020;09:54:00;1972;com vítima;84;BR-040/RJ;Norte;Choque - Objeto Fixo;1;;;;;;;;;;0;2;;;
15/02/2020;15:02:00;2009;sem vítima;121;BR-040/RJ;Sul;Colisão Traseira;1;;1;;;;;;;;2;;;;
15/02/2020;15:43:00;2013;com vítima;84;BR-040/RJ;Sul;Choque - Objeto Fixo;1;;;;;;;;;;0;3;;;
16/02/2020;00:15:00;2063;com vítima;55;BR-040/RJ;Sul;Colisão Traseira;2;;;;;;;;;;0;4;;;
16/02/2020;05:40:00;2071;com vítima;123;BR-040/RJ;Sul;Queda de Moto;;;;1;;;;;;;0;1;;;
16/02/2020;07:22:00;2077;com vítima;121;BR-040/RJ;Norte;Queda de Moto;;;;1;;;;;;;0;;1;;
16/02/2020;15:43:00;2124;sem vítima;85;BR-040/RJ;Sul;Choque - Objeto Fixo;1;;;;;;;;;;1;;;;
16/02/2020;16:10:00;2127;com vítima;111;BR-040/RJ;Norte;Capotamento;1;;;;;;;;;;0;2;;;
16/02/2020;16:24:00;2131;sem vítima;803;BR-040/MG;Norte;Choque - Objeto Fixo;1;;;;;;;;;;1;;;;
16/02/2020;16:33:00;2133;sem vítima;1;BR-040/RJ;Norte;Choque - Objeto Fixo;1;;;;;;;;;;1;;;;
16/02/2020;18:07:00;2142;sem vítima;3;BR-040/RJ;Norte;Choque - Objeto Fixo;1;;;;;;;;;;1;;;;
16/02/2020;20:01:00;2162;sem vítima;111;BR-040/RJ;Norte;Colisão Traseira;2;;;;;;;;;;2;;;;
16/02/2020;21:36:00;2170;sem vítima;84;BR-040/RJ;Sul;Choque - Objeto Fixo;1;;;;;;;;;;1;;;;
16/02/2020;21:45:00;2171;com vítima;84;BR-040/RJ;Sul;Capotamento;1;;;;;;;;;;0;4;;;
16/02/2020;22:56:00;2180;sem vítima;64;BR-040/RJ;Sul;Choque - Objeto Fixo;1;;;;;;;;;;1;;;;
17/02/2020;09:05:00;2212;sem vítima;121;BR-040/RJ;Sul;Colisão Lateral;;;2;;;;;;;;2;;;;
17/02/2020;11:57:00;2241;sem vítima;118;BR-040/RJ;Norte;Colisão Lateral;2;;1;1;;;;;;;4;;;;
17/02/2020;13:48:00;2253;com vítima;84;BR-040/RJ;Sul;Queda de Moto;;;;1;;;;;;;0;1;;;
17/02/2020;14:06:00;2256;com vítima;113;BR-040/RJ;Norte;Colisão Traseira;;;;;2;;;;;;1;1;;;
17/02/2020;14:30:00;2258;sem vítima;113;BR-040/RJ;Sul;Colisão Traseira;;;2;;;;;;;;2;;;;
17/02/2020;16:48:00;2273;com vítima;109;BR-040/RJ;Norte;Colisão Lateral;1;;1;;;;;;;;1;4;;;
18/02/2020;16:54:00;2418;sem vítima;108;BR-040/RJ;Sul;Colisão Frontal;2;;;;;;;;;;2;;;;
18/02/2020;19:10:00;2434;com vítima;111;BR-040/RJ;Norte;Engavetamento;1;;2;;;;;;;;2;3;;;
18/02/2020;20:52:00;2444;com vítima;111;BR-040/RJ;Sul;Colisão Traseira;2;;;;;;;;;;0;2;;;
19/02/2020;02:21:00;2465;com vítima;122;BR-040/RJ;Sul;Capotamento;1;;;;;;;;;;0;2;;;
19/02/2020;09:39:00;2506;sem vítima;105;BR-040/RJ;Norte;Colisão Lateral;1;;;;;1;;;;;2;;;;
19/02/2020;10:54:00;2514;sem vítima;111;BR-040/RJ;Norte;Choque - Objeto Fixo;1;;;;;;;;;;1;;;;
19/02/2020;13:30:00;2531;sem vítima;84;BR-040/RJ;Sul;Choque - Objeto Fixo;1;;;;;;;;;;1;;;;
19/02/2020;15:37:00;2547;sem vítima;113;BR-040/RJ;Norte;Choque - Objeto Fixo;1;;;;;;;;;;1;;;;
19/02/2020;16:40:00;2553;com vítima;114;BR-040/RJ;Norte;Queda de Moto;;;;1;;;;;;;0;;1;;
19/02/2020;18:50:00;2571;sem vítima;81;BR-040/RJ;Norte;Saída de Pista;1;;;;;;;;;;1;;;;
20/02/2020;07:35:00;2624;sem vítima;60;BR-040/RJ;Norte;Choque - Objeto Fixo;1;;;;;;;;;;1;;;;
20/02/2020;08:05:00;2628;sem vítima;111;BR-040/RJ;Norte;Colisão Traseira;2;;1;;;;;;;;3;;;;
20/02/2020;09:21:00;2638;sem vítima;89;BR-040/RJ;Norte;Engavetamento;4;;;;;;;;;;4;;;;
20/02/2020;11:09:00;2652;sem vítima;116;BR-040/RJ;Norte;Colisão Lateral;;;2;;;;;;;;2;;;;
20/02/2020;11:10:00;2653;sem vítima;803;BR-040/MG;Sul;Colisão Traseira;2;;;;;;;;;;2;;;;
20/02/2020;16:33:00;2698;sem vítima;12;BR-040/RJ;Norte;Choque - Objeto Fixo;1;;;;;;;;;;1;;;;
20/02/2020;19:46:00;2720;sem vítima;113;BR-040/RJ;Sul;Choque - Objeto Fixo;1;;;;;;;;;;1;;;;
20/02/2020;23:16:00;2732;sem vítima;782;BR-040/MG;Sul;Atropelamento - Animal;;;1;;;;;;;;1;;;;
20/02/2020;23:49:00;2736;com vítima;105;BR-040/RJ;Norte;Colisão Frontal;2;;;;;;;;;;0;4;;;
21/02/2020;02:48:00;2741;com vítima;122;BR-040/RJ;Sul;Choque - Objeto Fixo;;;1;;;;;;;;0;;;1;
21/02/2020;03:14:00;2743;sem vítima;79;BR-040/RJ;Sul;Choque - Objeto Fixo;1;;;;;;;;;;1;;;;
21/02/2020;03:15:00;2744;com vítima;2;BR-040/RJ;Sul;Capotamento;1;;;;;;;;;;0;1;;;
21/02/2020;08:49:00;2774;sem vítima;104;BR-040/RJ;Sul;Colisão Lateral;2;;;;;;;;;;2;;;;
21/02/2020;11:57:00;2810;sem vítima;112;BR-040/RJ;Norte;Colisão Frontal;2;;;;;;;;;;2;;;;
21/02/2020;13:02:00;2821;com vítima;94;BR-040/RJ;Sul;Tombamento;;;1;;;;;;;;0;;;1;
21/02/2020;15:55:00;2843;com vítima;119;BR-040/RJ;Norte;Colisão Lateral;;;2;2;;;;;;;2;2;2;;
21/02/2020;18:31:00;2866;sem vítima;92;BR-040/RJ;Norte;Choque - Objeto Fixo;1;;;;;;;;;;1;;;;
21/02/2020;18:36:00;2867;sem vítima;85;BR-040/RJ;Norte;Choque - Objeto Fixo;1;;;;;;;;;;1;;;;
21/02/2020;18:47:00;2871;com vítima;6;BR-040/RJ;Sul;Colisão Lateral;2;;;;;;;;;;1;;1;;
21/02/2020;19:10:00;2875;com vítima;91;BR-040/RJ;Sul;Capotamento;1;;;;;;;;;;0;1;;;
21/02/2020;20:52:00;2881;com vítima;118;BR-040/RJ;Norte;Atropelamento - Pedestre;;;;;;2;;;;;1;;;;1
21/02/2020;21:07:00;2882;sem vítima;91;BR-040/RJ;Norte;Choque - Objeto Fixo;1;;;;;;;;;;1;;;;
21/02/2020;21:31:00;2885;sem vítima;96;BR-040/RJ;Norte;Choque - Objeto Fixo;1;;;;;;;;;;1;;;;
21/02/2020;23:00:00;2902;sem vítima;94;BR-040/RJ;Sul;Choque - Objeto Fixo;1;;;;;;;;;;1;;;;
21/02/2020;23:00:00;2903;sem vítima;93;BR-040/RJ;Sul;Choque - Objeto Fixo;1;;;;;;;;;;1;;;;
22/02/2020;01:17:00;2919;sem vítima;825;BR-040/MG;Sul;Choque - Objeto Fixo;1;;;;;;;;;;1;;;;
22/02/2020;02:09:00;2925;com vítima;84;BR-040/RJ;Sul;Choque - Objeto Fixo;1;;;;;;;;;;0;5;;;
22/02/2020;08:22:00;2958;sem vítima;92;BR-040/RJ;Sul;Choque - Objeto Fixo;1;;;;;;;;;;1;;;;
22/02/2020;08:49:00;2965;com vítima;51;BR-040/RJ;Norte;Choque - Objeto Fixo;1;;;;;;;;;;0;1;;;
22/02/2020;08:53:00;2967;sem vítima;92;BR-040/RJ;Sul;Choque - Objeto Fixo;1;;;;;;;;;;1;;;;
22/02/2020;09:02:00;2972;sem vítima;78;BR-040/RJ;Sul;Choque - Objeto Fixo;1;;;;;;;;;;1;;;;
22/02/2020;09:20:00;2973;sem vítima;93;BR-040/RJ;Norte;Choque - Objeto Fixo;1;;;;;;;;;;1;;;;
22/02/2020;09:24:00;2974;sem vítima;84;BR-040/RJ;Sul;Choque - Objeto Fixo;1;;;;;;;;;;1;;;;
22/02/2020;09:43:00;2975;com vítima;21;BR-040/RJ;Norte;Choque - Objeto Fixo;1;;;;;;;;;;0;3;;;
22/02/2020;11:24:00;2993;sem vítima;30;BR-040/RJ;Sul;Choque - Objeto Fixo;1;;;;;;;;;;1;;;;
22/02/2020;19:05:00;3053;com vítima;790;BR-040/MG;Norte;Queda de Moto;;;;1;;;;;;;0;1;;;
22/02/2020;20:44:00;3062;sem vítima;19;BR-040/RJ;Sul;Choque - Objeto Fixo;1;;;;;;;;;;1;;;;
22/02/2020;20:48:00;3066;sem vítima;62;BR-040/RJ;Norte;Colisão Lateral;2;;;;;;;;;;2;;;;
23/02/2020;04:52:00;3091;com vítima;79;BR-040/RJ;Sul;Choque - Objeto Fixo;;;;;1;;;;;;0;4;;;
23/02/2020;06:35:00;3096;sem vítima;78;BR-040/RJ;Sul;Choque - Objeto Fixo;1;;;;;;;;;;1;;;;
23/02/2020;06:42:00;3097;sem vítima;90;BR-040/RJ;Norte;Choque - Objeto Fixo;1;;;;;;;;;;1;;;;
23/02/2020;06:55:00;3099;com vítima;78;BR-040/RJ;Sul;Capotamento;1;;;;;;;;;;0;1;;;
23/02/2020;08:33:00;3110;sem vítima;77;BR-040/RJ;Sul;Choque - Objeto Fixo;1;;;;;;;;;;1;;;;
23/02/2020;08:45:00;3111;sem vítima;90;BR-040/RJ;Sul;Capotamento;1;;;;;;;;;;1;;;;
23/02/2020;09:45:00;3116;sem vítima;92;BR-040/RJ;Sul;Choque - Objeto Fixo;1;;;;;;;;;;1;;;;
23/02/2020;16:03:00;3153;com vítima;35;BR-040/RJ;Sul;Choque - Objeto Fixo;1;;;;;;;;;;0;2;;;
23/02/2020;17:24:00;3163;com vítima;59;BR-040/RJ;Norte;Queda de Moto;;;;1;;;;;;;0;1;;;
23/02/2020;17:25:00;3165;com vítima;93;BR-040/RJ;Sul;Capotamento;1;;;;;;;;;;0;4;;;
23/02/2020;17:40:00;3169;sem vítima;11;BR-040/RJ;Sul;Choque - Objeto Fixo;1;;;;;;;;;;1;;;;
23/02/2020;20:59:00;3185;com vítima;82;BR-040/RJ;Sul;Tombamento;;;1;;;1;;;;;1;;1;;
24/02/2020;09:36:00;3220;sem vítima;121;BR-040/RJ;Sul;Choque - Objeto Fixo;1;;;;;;;;;;1;;;;
24/02/2020;10:28:00;3225;sem vítima;83;BR-040/RJ;Norte;Queda de Moto;;;;1;;;;;;;1;;;;
24/02/2020;10:20:00;3228;sem vítima;780;BR-040/MG;Sul;Colisão Lateral;2;;;;;;;;;;2;;;;
24/02/2020;11:27:00;3231;sem vítima;22;BR-040/RJ;Sul;Derrapagem;1;;;;;;;;;;1;;;;
24/02/2020;12:55:00;3242;sem vítima;93;BR-040/RJ;Sul;Saída de Pista;1;;;;;;;;;;1;;;;
24/02/2020;15:00:00;3249;com vítima;0;BR-040/RJ;Norte;Capotamento;1;;;;;;;;;;0;1;;;
24/02/2020;17:22:00;3259;sem vítima;91;BR-040/RJ;Norte;Choque - Objeto Fixo;1;;;;;;;;;;1;;;;
24/02/2020;18:48:00;3264;com vítima;108;BR-040/RJ;Norte;Colisão Frontal;1;1;;;;;;;;;1;;1;;
24/02/2020;19:11:00;3269;sem vítima;26;BR-040/RJ;Norte;Choque - Objeto Fixo;1;;;;;;;;;;1;;;;
24/02/2020;21:13:00;3278;sem vítima;1;BR-040/RJ;Norte;Saída de Pista;1;;;;;;;;;;1;;;;
25/02/2020;01:47:00;3286;sem vítima;788;BR-040/MG;Sul;Atropelamento - Animal;1;;;;;;;;;;1;;;;
25/02/2020;12:59:00;3324;sem vítima;111;BR-040/RJ;Norte;Choque - Objeto Fixo;1;;;;;;;;;;1;;;;
25/02/2020;15:40:00;3341;sem vítima;91;BR-040/RJ;Norte;Choque - Objeto Fixo;1;;;;;;;;;;1;;;;
25/02/2020;18:12:00;3365;sem vítima;109;BR-040/RJ;Sul;Colisão Traseira;1;;;1;;;;;;;2;;;;
25/02/2020;18:34:00;3366;sem vítima;100;BR-040/RJ;Norte;Choque - Objeto Fixo;1;;;;;;;;;;1;;;;
25/02/2020;18:53:00;3371;sem vítima;91;BR-040/RJ;Norte;Choque - Objeto Fixo;1;;;;;;;;;;1;;;;
25/02/2020;19:14:00;3373;sem vítima;113;BR-040/RJ;Sul;Engavetamento;3;;;;;;;;;;3;;;;
25/02/2020;20:03:00;3378;sem vítima;93;BR-040/RJ;Sul;Saída de Pista;1;;;;;;;;;;1;;;;
25/02/2020;21:00:00;3382;sem vítima;113;BR-040/RJ;Sul;Choque - Objeto Fixo;1;;;;;;;;;;1;;;;
25/02/2020;22:39:00;3387;com vítima;790;BR-040/MG;Sul;Choque - Objeto Fixo;1;;;;;;;;;;0;1;;;
25/02/2020;23:10:00;3392;sem vítima;91;BR-040/RJ;Norte;Choque - Objeto Fixo;1;;;;;;;;;;1;;;;
25/02/2020;23:46:00;3395;sem vítima;121;BR-040/RJ;Norte;Colisão Lateral;;;;;2;;;;;;2;;;;
26/02/2020;00:47:00;3399;sem vítima;81;BR-040/RJ;Sul;Capotamento;1;;;;;;;;;;1;;;;
26/02/2020;03:56:00;3408;sem vítima;82;BR-040/RJ;Norte;Choque - Objeto Fixo;1;;;;;;;;;;1;;;;
26/02/2020;04:36:00;3410;com vítima;63;BR-040/RJ;Norte;Queda de Moto;;;;1;;;;;;;0;2;;;
26/02/2020;04:43:00;3411;sem vítima;113;BR-040/RJ;Norte;Choque - Objeto Fixo;1;;;;;;;;;;1;;;;
26/02/2020;04:59:00;3412;sem vítima;810;BR-040/MG;Norte;Choque - Objeto Fixo;1;;;;;;;;;;1;;;;
26/02/2020;06:08:00;3415;sem vítima;93;BR-040/RJ;Sul;Choque - Objeto Fixo;1;;;;;;;;;;1;;;;
26/02/2020;07:13:00;3421;com vítima;806;BR-040/MG;Sul;Colisão Traseira;1;;1;;;;;;;;1;2;;;
26/02/2020;08:20:00;3429;sem vítima;85;BR-040/RJ;Norte;Choque - Objeto Fixo;1;;;;;;;;;;1;;;;
26/02/2020;08:33:00;3432;sem vítima;4;BR-040/RJ;Norte;Choque - Objeto Fixo;1;;;;;;;;;;1;;;;
26/02/2020;08:49:00;3437;sem vítima;38;BR-040/RJ;Norte;Choque - Objeto Fixo;1;;;;;;;;;;1;;;;
26/02/2020;09:07:00;3442;sem vítima;84;BR-040/RJ;Norte;Choque - Objeto Fixo;1;;;;;;;;;;1;;;;
26/02/2020;10:15:00;3456;sem vítima;115;BR-040/RJ;Norte;Choque - Objeto Fixo;1;;;;;;;;;;1;;;;
26/02/2020;10:12:00;3458;sem vítima;90;BR-040/RJ;Norte;Choque - Objeto Fixo;1;;;;;;;;;;1;;;;
26/02/2020;13:24:00;3483;com vítima;24;BR-040/RJ;Sul;Choque - Objeto Fixo;1;;;;;;;;;;0;5;;;
26/02/2020;14:11:00;3496;sem vítima;122;BR-040/RJ;Sul;Colisão Traseira;2;;;;;;;;;;2;;;;
26/02/2020;15:28:00;3506;com vítima;109;BR-040/RJ;Sul;Engavetamento;2;;1;;;;;;;;2;2;;;
26/02/2020;16:04:00;3517;sem vítima;111;BR-040/RJ;Sul;Colisão Lateral;1;;1;;;;;;;;2;;;;
26/02/2020;17:34:00;3532;sem vítima;78;BR-040/RJ;Sul;Choque - Objeto Fixo;1;;;;;;;;;;1;;;;
26/02/2020;18:44:00;3545;sem vítima;123;BR-040/RJ;Sul;Choque - Objeto Fixo;1;;;;;;;;;;1;;;;
26/02/2020;23:02:00;3565;sem vítima;116;BR-040/RJ;Sul;Derrapagem;1;;;;;;;;;;1;;;;
27/02/2020;09:17:00;3603;sem vítima;8;BR-040/RJ;Norte;Choque - Objeto Fixo;1;;;;;;;;;;1;;;;
27/02/2020;09:35:00;3606;sem vítima;86;BR-040/RJ;Sul;Choque - Objeto Fixo;1;;;;;;;;;;1;;;;
27/02/2020;09:37:00;3607;sem vítima;92;BR-040/RJ;Sul;Choque - Objeto Fixo;1;;;;;;;;;;1;;;;
27/02/2020;10:42:00;3613;sem vítima;99;BR-040/RJ;Norte;Colisão Lateral;1;;1;;;;;;;;2;;;;
27/02/2020;11:29:00;3622;sem vítima;78;BR-040/RJ;Sul;Choque - Objeto Fixo;1;;;;;;;;;;1;;;;
27/02/2020;11:36:00;3623;sem vítima;90;BR-040/RJ;Sul;Choque - Objeto Fixo;1;;;;;;;;;;1;;;;
27/02/2020;11:41:00;3625;sem vítima;93;BR-040/RJ;Norte;Choque - Objeto Fixo;1;;;;;;;;;;1;;;;
27/02/2020;13:47:00;3638;sem vítima;78;BR-040/RJ;Sul;Choque - Objeto Fixo;1;;;;;;;;;;1;;;;
27/02/2020;17:27:00;3658;sem vítima;31;BR-040/RJ;Norte;Choque - Objeto Fixo;;;1;;;;;;;;1;;;;
28/02/2020;05:59:00;3710;com vítima;78;BR-040/RJ;Sul;Capotamento;1;;;;;;;;;;0;;1;;
28/02/2020;08:31:00;3720;sem vítima;91;BR-040/RJ;Sul;Choque - Objeto Fixo;1;;;;;;;;;;1;;;;
28/02/2020;08:45:00;3724;com vítima;34;BR-040/RJ;Norte;Tombamento;;;1;;;2;;;;;2;1;;;
28/02/2020;08:53:00;3725;com vítima;816;BR-040/MG;Sul;Colisão Traseira;2;;;;;;;;;;0;4;;;
28/02/2020;09:26:00;3727;com vítima;34;BR-040/RJ;Norte;Engavetamento;3;;;;;;;;;;2;1;;;
28/02/2020;11:41:00;3744;sem vítima;85;BR-040/RJ;Sul;Choque - Objeto Fixo;1;;;;;;;;;;1;;;;
28/02/2020;12:35:00;3753;sem vítima;100;BR-040/RJ;Norte;Choque - Objeto Fixo;1;;;;;;;;;;1;;;;
28/02/2020;12:46:00;3755;sem vítima;92;BR-040/RJ;Sul;Choque - Objeto Fixo;1;;;;;;;;;;1;;;;
28/02/2020;12:51:00;3756;sem vítima;93;BR-040/RJ;Sul;Choque - Objeto Fixo;1;;;;;;;;;;1;;;;
28/02/2020;13:30:00;3760;sem vítima;77;BR-040/RJ;Sul;Choque - Objeto Fixo;1;;;;;;;;;;1;;;;
28/02/2020;13:38:00;3761;sem vítima;87;BR-040/RJ;Sul;Choque - Objeto Fixo;1;;;;;;;;;;1;;;;
28/02/2020;14:18:00;3763;com vítima;94;BR-040/RJ;Sul;Choque - Objeto Fixo;1;;;;;;;;;;0;1;;;
28/02/2020;14:20:00;3764;sem vítima;84;BR-040/RJ;Norte;Choque - Objeto Fixo;1;;;;;;;;;;1;;;;
28/02/2020;15:14:00;3771;sem vítima;92;BR-040/RJ;Sul;Choque - Objeto Fixo;1;;;;;;;;;;1;;;;
28/02/2020;15:22:00;3774;com vítima;90;BR-040/RJ;Sul;Capotamento;1;;;;;;;;;;0;1;;;
28/02/2020;20:05:00;3803;sem vítima;787;BR-040/MG;Norte;Choque - Objeto Fixo;1;;;;;;;;;;1;;;;
28/02/2020;20:23:00;3806;com vítima;784;BR-040/MG;Norte;Colisão Lateral;;;1;1;;;;;;;1;1;;;
28/02/2020;21:49:00;3813;sem vítima;44;BR-040/RJ;Norte;Choque - Objeto Fixo;1;;;;;;;;;;1;;;;
29/02/2020;00:06:00;3819;sem vítima;92;BR-040/RJ;Sul;Choque - Objeto Fixo;1;;;;;;;;;;1;;;;
29/02/2020;00:37:00;3822;com vítima;31;BR-040/RJ;Norte;Saída de Pista;;;1;;;;;;;;0;1;;;
29/02/2020;03:24:00;3829;com vítima;9;BR-040/RJ;Norte;Choque - Objeto Fixo;1;;;;;;;;;;0;2;;;
29/02/2020;05:16:00;3837;com vítima;119;BR-040/RJ;Norte;Colisão Traseira;3;;;;;;;;;;2;1;1;;
29/02/2020;11:07:00;3868;sem vítima;84;BR-040/RJ;Norte;Choque - Objeto Fixo;1;;;;;;;;;;1;;;;
29/02/2020;15:05:00;3885;sem vítima;93;BR-040/RJ;Norte;Choque - Objeto Fixo;1;;;;;;;;;;1;;;;
29/02/2020;15:49:00;3891;sem vítima;92;BR-040/RJ;Sul;Choque - Objeto Fixo;1;;;;;;;;;;1;;;;
01/03/2020;01:13:00;9;com vítima;786;BR-040/MG;Sul;Capotamento;1;;;;;;;;;;0;2;;;
01/03/2020;01:13:00;10;sem vítima;786;BR-040/MG;Norte;Capotamento;1;;;;;;;;;;1;;;;
01/03/2020;06:13:00;31;com vítima;62;BR-040/RJ;Sul;Choque - Objeto Fixo;1;;;;;;;;;;0;1;;;
01/03/2020;06:44:00;37;sem vítima;825;BR-040/MG;Sul;Choque - Objeto Fixo;1;;;;;;;;;;1;;;;
01/03/2020;07:07:00;40;sem vítima;43;BR-040/RJ;Sul;Choque - Objeto Fixo;1;;;;;;;;;;1;;;;
01/03/2020;07:26:00;44;com vítima;109;BR-040/RJ;Norte;Engavetamento;2;;;;;;;;;;1;1;;;
01/03/2020;07:48:00;46;sem vítima;92;BR-040/RJ;Norte;Choque - Objeto Fixo;1;;;;;;;;;;1;;;;
01/03/2020;08:22:00;51;com vítima;78;BR-040/RJ;Sul;Capotamento;1;;;;;;;;;;0;2;1;;
01/03/2020;08:40:00;62;sem vítima;109;BR-040/RJ;Norte;Colisão Traseira;1;;1;;;;;;;;2;;;;
01/03/2020;09:14:00;63;com vítima;93;BR-040/RJ;Sul;Choque - Objeto Fixo;1;;;;;;;;;;0;5;;;
01/03/2020;09:22:00;65;sem vítima;84;BR-040/RJ;Sul;Choque - Objeto Fixo;1;;;;;;;;;;1;;;;
01/03/2020;11:22:00;75;sem vítima;73;BR-040/RJ;Sul;Saída de Pista;;;1;;;;;;;;1;;;;
01/03/2020;11:38:00;76;sem vítima;85;BR-040/RJ;Sul;Choque - Objeto Fixo;1;;;;;;;;;;1;;;;
01/03/2020;12:06:00;77;sem vítima;86;BR-040/RJ;Sul;Choque - Objeto Fixo;1;;;;;;;;;;1;;;;
01/03/2020;13:52:00;87;com vítima;120;BR-040/RJ;Norte;Colisão Traseira;2;;;;;;;;;;0;3;;;
01/03/2020;14:06:00;89;sem vítima;93;BR-040/RJ;Sul;Choque - Objeto Fixo;1;;;;;;;;;;1;;;;
01/03/2020;14:44:00;93;sem vítima;38;BR-040/RJ;Norte;Choque - Objeto Fixo;1;;;;;;;;;;1;;;;
01/03/2020;15:41:00;97;com vítima;93;BR-040/RJ;Sul;Atropelamento - Pedestre;2;;;;;1;;;;;0;1;4;;
01/03/2020;16:33:00;108;com vítima;92;BR-040/RJ;Sul;Capotamento;1;;;;;;;;;;0;1;;;
01/03/2020;16:39:00;110;sem vítima;122;BR-040/RJ;Norte;Colisão Traseira;2;;;;;;;;;;2;;;;