data;horario;n_da_ocorrencia;tipo_de_ocorrencia;km;trecho;sentido;tipo_de_acidente;automovel;bicicleta;caminhao;moto;onibus;outros;tracao_animal;transporte_de_cargas_especiais;trator_maquinas;utilitarios;ilesos;levemente_feridos;moderadamente_feridos;gravemente_feridos;mortos
01/04/2020;18:21:00;48;com vítima;109;BR-040/RJ;Norte;Colisão Traseira;1;;;1;;;;;;;1;;1;;
02/04/2020;03:25:00;66;sem vítima;792;BR-040/MG;Sul;Objeto lançado contra veículo;;;1;;;;;;;;1;;;;
02/04/2020;06:50:00;74;sem vítima;68;BR-040/RJ;Sul;Colisão Traseira;;;2;;;;;;;;2;;;;
02/04/2020;15:01:00;104;sem vítima;65;BR-040/RJ;Norte;Colisão Lateral;1;;;;;1;;;;;2;;;;
02/04/2020;16:08:00;110;sem vítima;109;BR-040/RJ;Norte;Colisão Lateral;1;;;1;;;;;;;2;;;;
03/04/2020;08:28:00;162;sem vítima;29;BR-040/RJ;Norte;Choque - Objeto Fixo;1;;;;;;;;;;1;;;;
03/04/2020;10:45:00;171;sem vítima;120;BR-040/RJ;Sul;Engavetamento;2;;1;;;;;;;;3;;;;
03/04/2020;15:17:00;190;sem vítima;106;BR-040/RJ;Norte;Choque - Objeto Fixo;1;;;;;;;;;;1;;;;
03/04/2020;20:38:00;209;sem vítima;93;BR-040/RJ;Sul;Choque - Objeto Fixo;1;;;;;;;;;;1;;;;
04/04/2020;05:30:00;224;com vítima;785;BR-040/MG;Sul;Choque - Objeto Fixo;1;;;;;;;;;;0;4;;;
04/04/2020;07:13:00;228;com vítima;102;BR-040/RJ;Norte;Colisão Transversal;1;;;1;;;;;;;1;1;;;
04/04/2020;13:30:00;249;com vítima;39;BR-040/RJ;Norte;Colisão Lateral;1;;;1;;;;;;;1;1;;;
04/04/2020;14:49:00;254;sem vítima;777;BR-040/MG;Norte;Choque - Objeto Fixo;2;;;;;;;;;;2;;;;
04/04/2020;22:07:00;279;com vítima;773;BR-040/MG;Sul;Choque - Objeto Fixo;1;;;;;;;;;;0;1;;;
05/04/2020;08:40:00;295;com vítima;22;BR-040/RJ;Norte;Queda de Moto;;;;1;;;;;;;0;;2;;
05/04/2020;10:57:00;300;com vítima;0;BR-040/RJ;Sul;Queda de Moto;;;;1;;;;;;;0;;;;1
05/04/2020;13:08:00;304;com vítima;118;BR-040/RJ;Norte;Choque - Objeto Fixo;1;;;;;;;;;;0;2;2;;1
06/04/2020;08:54:00;351;sem vítima;73;BR-040/RJ;Sul;Saída de Pista;1;;;;;;;;;;1;;;;
06/04/2020;12:47:00;369;sem vítima;776;BR-040/MG;Sul;Choque - Objeto Fixo;1;;;;;;;;;;1;;;;
06/04/2020;15:41:00;379;com vítima;54;BR-040/RJ;Norte;Colisão Traseira;2;;;;;;;;;;0;3;;;
06/04/2020;17:04:00;389;sem vítima;84;BR-040/RJ;Sul;Choque - Objeto Fixo;1;;;;;;;;;;1;;;;
06/04/2020;23:11:00;407;sem vítima;820;BR-040/MG;Norte;Choque - Objeto Fixo;1;;;;;;;;;;1;;;;
07/04/2020;08:25:00;423;com vítima;124;BR-040/RJ;Sul;Colisão Frontal;;;1;1;;;;;;;1;1;;;
07/04/2020;11:20:00;433;com vítima;72;BR-040/RJ;Norte;Choque - Objeto Fixo;1;;1;;;;;;;;1;1;;;
07/04/2020;12:52:00;442;com vítima;101;BR-040/RJ;Sul;Queda de Moto;;;;;;1;;;;;0;2;;;
07/04/2020;15:26:00;450;com vítima;786;BR-040/MG;Norte;Choque - Objeto Fixo;1;;;;;;;;;;0;1;;;
07/04/2020;15:36:00;451;com vítima;109;BR-040/RJ;Norte;Colisão Lateral;1;;1;;;;;;;;1;2;;;
07/04/2020;17:36:00;459;sem vítima;94;BR-040/RJ;Sul;Choque - Objeto Fixo;;;1;;;;;;;;1;;;;
07/04/2020;17:41:00;460;sem vítima;93;BR-040/RJ;Norte;Choque - Objeto Fixo;1;;;;;;;;;;1;;;;
07/04/2020;17:48:00;462;com vítima;93;BR-040/RJ;Sul;Capotamento;1;;;;;;;;;;0;1;;;
07/04/2020;18:10:00;463;sem vítima;94;BR-040/RJ;Sul;Choque - Objeto Fixo;1;;;;;;;;;;1;;;;
07/04/2020;20:41:00;472;sem vítima;96;BR-040/RJ;Sul;Choque - Objeto Fixo;1;;;;;;;;;;1;;;;
08/04/2020;09:44:00;503;com vítima;92;BR-040/RJ;Norte;Queda de Moto;;;;1;;;;;;;0;1;1;;
08/04/2020;09:58:00;506;sem vítima;92;BR-040/RJ;Sul;Choque - Objeto Fixo;1;;;;;;;;;;1;;;;
08/04/2020;11:19:00;511;sem vítima;90;BR-040/RJ;Sul;Choque - Objeto Fixo;1;;;;;;;;;;1;;;;
08/04/2020;12:10:00;513;sem vítima;58;BR-040/RJ;Sul;Colisão Lateral;1;;1;;;;;;;;2;;;;
08/04/2020;12:43:00;515;com vítima;18;BR-040/RJ;Sul;Tombamento;;;1;;;1;;;;;1;;1;;
08/04/2020;13:07:00;517;sem vítima;84;BR-040/RJ;Sul;Choque - Objeto Fixo;1;;;;;;;;;;1;;;;
08/04/2020;13:49:00;518;sem vítima;83;BR-040/RJ;Sul;Choque - Objeto Fixo;1;;;;;;;;;;1;;;;
08/04/2020;15:33:00;528;com vítima;93;BR-040/RJ;Sul;Capotamento;1;;;;;;;;;;0;1;;;
09/04/2020;03:19:00;561;com vítima;116;BR-040/RJ;Sul;Colisão Traseira;2;;;;;;;;;;0;1;2;;1
09/04/2020;06:40:00;566;sem vítima;104;BR-040/RJ;Sul;Colisão Lateral;1;;;;;1;;;;;2;;;;
09/04/2020;09:35:00;573;sem vítima;94;BR-040/RJ;Sul;Choque - Objeto Fixo;1;;;;;;;;;;1;;;;
09/04/2020;09:59:00;575;sem vítima;85;BR-040/RJ;Sul;Choque - Objeto Fixo;1;;;;;;;;;;1;;;;
09/04/2020;10:02:00;576;sem vítima;92;BR-040/RJ;Norte;Choque - Objeto Fixo;1;;;;;;;;;;1;;;;
09/04/2020;10:19:00;578;sem vítima;90;BR-040/RJ;Norte;Choque - Objeto Fixo;1;;;;;;;;;;1;;;;
10/04/2020;09:00:00;639;sem vítima;93;BR-040/RJ;Norte;Choque - Objeto Fixo;1;;;;;;;;;;1;;;;
10/04/2020;14:43:00;662;com vítima;98;BR-040/RJ;Sul;Capotamento;1;;;;;;;;;;0;4;;;
10/04/2020;17:42:00;675;sem vítima;93;BR-040/RJ;Sul;Choque - Objeto Fixo;1;;;;;;;;;;1;;;;
10/04/2020;18:24:00;678;sem vítima;78;BR-040/RJ;Sul;Choque - Objeto Fixo;1;;;;;;;;;;1;;;;
10/04/2020;19:55:00;684;sem vítima;94;BR-040/RJ;Sul;Choque - Objeto Fixo;1;;;;;;;;;;1;;;;
10/04/2020;22:10:00;689;com vítima;93;BR-040/RJ;Norte;Choque - Objeto Fixo;1;;;;;;;;;;0;2;;;
11/04/2020;10:22:00;718;com vítima;823;BR-040/MG;Sul;Choque - Objeto Fixo;1;;;;;;;;;;0;1;;;
11/04/2020;10:54:00;719;sem vítima;37;BR-040/RJ;Norte;Choque - Objeto Fixo;1;;;;;;;;;;1;;;;
11/04/2020;15:07:00;736;com vítima;118;BR-040/RJ;Sul;Queda de Moto;;;;1;;;;;;;0;2;;;
11/04/2020;15:47:00;740;sem vítima;93;BR-040/RJ;Norte;Choque - Objeto Fixo;1;;;;;;;;;;1;;;;
11/04/2020;16:02:00;742;sem vítima;72;BR-040/RJ;Norte;Choque - Objeto Fixo;1;;;;;;;;;;1;;;;
11/04/2020;16:27:00;745;com vítima;115;BR-040/RJ;Norte;Capotamento;1;;;;;;;;;;0;2;;;
11/04/2020;21:58:00;763;sem vítima;84;BR-040/RJ;Norte;Choque - Objeto Fixo;1;;;;;;;;;;1;;;;
12/04/2020;06:18:00;776;sem vítima;817;BR-040/MG;Norte;Choque - Objeto Fixo;1;;;;;;;;;;1;;;;
12/04/2020;09:30:00;783;sem vítima;83;BR-040/RJ;Sul;Saída de Pista;1;;;;;;;;;;1;;;;
12/04/2020;15:36:00;806;com vítima;85;BR-040/RJ;Sul;Queda de Moto;;;;1;;;;;;;0;2;;;
12/04/2020;17:15:00;814;com vítima;112;BR-040/RJ;Sul;Colisão Transversal;1;;;;;;;;;;0;3;;;
12/04/2020;20:19:00;826;com vítima;112;BR-040/RJ;Norte;Queda de Moto;;;;1;;;;;;;0;;1;;
13/04/2020;07:00:00;848;sem vítima;94;BR-040/RJ;Norte;Choque - Objeto Fixo;1;;;;;;;;;;1;;;;
13/04/2020;15:30:00;881;sem vítima;122;BR-040/RJ;Sul;Choque - Objeto Fixo;1;;;;;;;;;;1;;;;
14/04/2020;07:02:00;911;com vítima;96;BR-040/RJ;Sul;Queda de Moto;;;;1;;;;;;;0;1;;;
14/04/2020;07:50:00;915;com vítima;120;BR-040/RJ;Sul;Engavetamento;2;;1;;;;;;;;2;1;1;;
14/04/2020;11:04:00;932;com vítima;108;BR-040/RJ;Norte;Tombamento;1;;1;;;;;;;;1;;1;;
14/04/2020;12:55:00;938;sem vítima;114;BR-040/RJ;Norte;Choque - Objeto Fixo;;;1;;;1;;;;;2;;;;
14/04/2020;15:35:00;947;com vítima;52;BR-040/RJ;Norte;Choque - Objeto Fixo;1;;;;;;;;;;0;;1;;
15/04/2020;07:10:00;993;sem vítima;45;BR-040/RJ;Norte;Colisão Traseira;;;1;;;1;;;;;2;;;;
15/04/2020;14:20:00;1014;com vítima;4;BR-040/RJ;Sul;Capotamento;1;;;;;;;;;;0;1;;;
16/04/2020;07:05:00;1060;com vítima;101;BR-040/RJ;Norte;Colisão Frontal;;;;2;;;;;;;1;1;;;
16/04/2020;14:14:00;1086;sem vítima;94;BR-040/RJ;Sul;Capotamento;1;;;;;;;;;;1;;;;
16/04/2020;15:29:00;1091;com vítima;795;BR-040/MG;Norte;Choque - Objeto Fixo;1;;;;;1;;;;;1;3;;;
17/04/2020;07:41:00;1140;com vítima;90;BR-040/RJ;Sul;Choque - Objeto Fixo;1;;;;;;;;;;0;2;;;
17/04/2020;07:58:00;1142;sem vítima;91;BR-040/RJ;Norte;Choque - Objeto Fixo;1;;;;;;;;;;1;;;;
17/04/2020;11:50:00;1151;com vítima;82;BR-040/RJ;Sul;Choque - Objeto Fixo;1;;;;;;;;;;0;1;1;;
17/04/2020;11:55:00;1152;com vítima;107;BR-040/RJ;Norte;Engavetamento;2;;1;;;;;;;;2;1;;;
17/04/2020;12:23:00;1155;com vítima;108;BR-040/RJ;Norte;Tombamento;;;1;;;1;;;;;1;1;;;
17/04/2020;17:03:00;1168;sem vítima;111;BR-040/RJ;Norte;Colisão Lateral;1;;;;;1;;;;;2;;;;
17/04/2020;18:45:00;1181;sem vítima;112;BR-040/RJ;Norte;Colisão Traseira;2;;;;;;;;;;2;;;;
17/04/2020;19:39:00;1187;sem vítima;22;BR-040/RJ;Norte;Colisão Lateral;1;;1;;;;;;;;2;;;;
18/04/2020;00:50:00;1201;com vítima;109;BR-040/RJ;Sul;Capotamento;1;;;;;1;;;;;1;1;;;
18/04/2020;11:35:00;1225;com vítima;799;BR-040/MG;Norte;Queda de Moto;;;;1;;;;;;;0;;1;;
18/04/2020;11:48:00;1227;com vítima;43;BR-040/RJ;Norte;Capotamento;1;;;;;;;;;;0;1;;;
18/04/2020;12:13:00;1230;sem vítima;120;BR-040/RJ;Norte;Colisão Traseira;2;;;;;;;;;;2;;;;
18/04/2020;17:37:00;1253;com vítima;103;BR-040/RJ;Norte;Choque - Objeto Fixo;1;;;;;;;;;;0;1;;;
19/04/2020;08:55:00;1282;com vítima;99;BR-040/RJ;Norte;Queda de Moto;;;;1;;;;;;;0;1;;;
19/04/2020;16:18:00;1306;sem vítima;109;BR-040/RJ;Sul;Capotamento;1;;;;;;;;;;1;;;;
19/04/2020;18:15:00;1313;com vítima;6;BR-040/RJ;Sul;Colisão Lateral;1;;;1;;;;;;;1;1;;;
19/04/2020;18:27:00;1316;sem vítima;73;BR-040/RJ;Sul;Choque - Objeto Fixo;1;;;;;;;;;;1;;;;
19/04/2020;21:05:00;1327;com vítima;115;BR-040/RJ;Sul;Choque - Objeto Fixo;1;;;;;;;;;;0;1;;;
20/04/2020;16:57:00;1386;sem vítima;123;BR-040/RJ;Norte;Colisão Lateral;2;;;;;;;;;;2;;;;
20/04/2020;18:49:00;1397;sem vítima;97;BR-040/RJ;Norte;Choque - Objeto Fixo;1;;;;;;;;;;1;;;;
20/04/2020;19:15:00;1404;sem vítima;92;BR-040/RJ;Norte;Choque - Objeto Fixo;1;;;;;;;;;;1;;;;
21/04/2020;16:21:00;1463;com vítima;92;BR-040/RJ;Norte;Queda de Moto;;;;1;;;;;;;0;2;;;
21/04/2020;19:10:00;1473;sem vítima;784;BR-040/MG;Norte;Colisão Traseira;1;;;;;1;;;;;2;;;;
21/04/2020;23:00:00;1480;sem vítima;108;BR-040/RJ;Norte;Saída de Pista;1;;;;;;;;;;1;;;;
22/04/2020;16:38:00;1541;sem vítima;83;BR-040/RJ;Norte;Colisão Lateral;1;;1;;;;;;;;2;;;;
23/04/2020;19:20:00;1641;sem vítima;123;BR-040/RJ;Sul;Colisão Traseira;2;;;;;;;;;;2;;;;
24/04/2020;02:34:00;1650;sem vítima;93;BR-040/RJ;Sul;Choque - Objeto Fixo;1;;;;;;;;;;1;;;;
24/04/2020;09:22:00;1672;sem vítima;111;BR-040/RJ;Sul;Colisão Traseira;2;;;;;;;;;;2;;;;
24/04/2020;22:20:00;1728;com vítima;123;BR-040/RJ;Sul;Atropelamento - Pedestre;;;;;;2;;;;;1;;;;1
25/04/2020;15:30:00;1767;com vítima;84;BR-040/RJ;Sul;Queda de Moto;;;;1;;;;;;;0;;1;;
25/04/2020;15:46:00;1769;com vítima;828;BR-040/MG;Sul;Queda de Moto;;;;1;;;;;;;0;1;;;
25/04/2020;19:28:00;1785;sem vítima;106;BR-040/RJ;Sul;Choque - Objeto Fixo;;;1;;;;;;;;1;;;;
25/04/2020;22:18:00;1793;sem vítima;91;BR-040/RJ;Sul;Choque - Objeto Fixo;1;;;;;;;;;;1;;;;
26/04/2020;06:31:00;1802;sem vítima;35;BR-040/RJ;Sul;Choque - Objeto Fixo;1;;;;;;;;;;1;;;;
26/04/2020;11:06:00;1821;sem vítima;51;BR-040/RJ;Sul;Capotamento;1;;;;;;;;;;1;;;;
26/04/2020;20:24:00;1854;sem vítima;53;BR-040/RJ;Norte;Choque - Objeto Fixo;1;;;;;;;;;;1;;;;
27/04/2020;01:54:00;1866;sem vítima;92;BR-040/RJ;Sul;Derrapagem;1;;;;;;;;;;1;;;;
27/04/2020;05:19:00;1873;com vítima;85;BR-040/RJ;Sul;Choque - Objeto Fixo;1;;;;;;;;;;0;1;;;
27/04/2020;08:10:00;1885;com vítima;820;BR-040/MG;Sul;Tombamento;;;1;;;;;;;;0;1;;;
27/04/2020;08:26:00;1887;sem vítima;799;BR-040/MG;Sul;Choque - Objeto Fixo;1;;;;;;;;;;1;;;;
27/04/2020;12:11:00;1897;sem vítima;89;BR-040/RJ;Sul;Queda de Moto;;;;1;;;;;;;1;;;;
27/04/2020;20:47:00;1932;sem vítima;112;BR-040/RJ;Norte;Choque - Objeto Fixo;1;;;;;;;;;;1;;;;
28/04/2020;22:42:00;2017;sem vítima;122;BR-040/RJ;Sul;Colisão Traseira;2;;;;;;;;;;2;;;;
29/04/2020;05:50:00;2031;com vítima;119;BR-040/RJ;Sul;Colisão Traseira;1;;;1;;;;;;;1;;1;;
29/04/2020;15:47:00;2082;sem vítima;96;BR-040/RJ;Norte;Tombamento;;;1;;;1;;;;;2;;;;
30/04/2020;06:00:00;2122;com vítima;109;BR-040/RJ;Sul;Colisão Traseira;2;;;;;;;;;;1;1;;;
30/04/2020;07:19:00;2128;com vítima;122;BR-040/RJ;Sul;Queda de Moto;1;;;1;;;;;;;1;1;;;
30/04/2020;07:24:00;2129;sem vítima;89;BR-040/RJ;Norte;Choque - Objeto Fixo;;;1;;;;;;;;1;;;;
30/04/2020;07:42:00;2134;sem vítima;804;BR-040/MG;Norte;Colisão Traseira;1;;1;;;;;;;;2;;;;
30/04/2020;10:15:00;2153;sem vítima;109;BR-040/RJ;Norte;Engavetamento;4;;;;;;;;;;4;;;;
30/04/2020;11:41:00;2158;com vítima;82;BR-040/RJ;Norte;Colisão Traseira;1;;1;;;;;;;;0;2;;;
30/04/2020;23:54:00;2225;sem vítima;121;BR-040/RJ;Norte;Choque - Objeto Fixo;1;;;;;;;;;;1;;;;
01/05/2020;00:08:00;2;com vítima;60;BR-040/RJ;Sul;Queda de Moto;;;;1;;;;;;;0;;;1;
01/05/2020;01:09:00;6;sem vítima;78;BR-040/RJ;Norte;Choque - Objeto Fixo;1;;;;;;;;;;1;;;;
02/05/2020;12:14:00;83;com vítima;114;BR-040/RJ;Norte;Colisão Traseira;1;;;1;;;;;;;1;2;;;
02/05/2020;15:36:00;99;sem vítima;84;BR-040/RJ;Sul;Choque - Objeto Fixo;1;;;;;;;;;;1;;;;
02/05/2020;15:32:00;102;sem vítima;85;BR-040/RJ;Sul;Choque - Objeto Fixo;1;;;;;;;;;;1;;;;
02/05/2020;17:56:00;115;com vítima;58;BR-040/RJ;Sul;Queda de Moto;;;;1;;;;;;;0;;1;;
02/05/2020;19:03:00;121;com vítima;110;BR-040/RJ;Sul;Capotamento;1;;;;;;;;;;0;1;;;
02/05/2020;19:50:00;124;sem vítima;81;BR-040/RJ;Norte;Choque - Objeto Fixo;1;;;;;;;;;;1;;;;
03/05/2020;13:17:00;155;com vítima;84;BR-040/RJ;Norte;Choque - Objeto Fixo;1;;;;;;;;;;0;1;;;
03/05/2020;15:25:00;163;sem vítima;101;BR-040/RJ;Sul;Choque - Objeto Fixo;1;;;;;;;;;;1;;;;
03/05/2020;21:00:00;188;sem vítima;776;BR-040/MG;Sul;Atropelamento - Animal;;;1;;;;;;;;1;;;;
04/05/2020;08:51:00;214;com vítima;119;BR-040/RJ;Sul;Colisão Lateral;2;;;;;;;;;;0;3;;;
04/05/2020;15:15:00;239;sem vítima;108;BR-040/RJ;Norte;Colisão Lateral;1;;;;;;;;;1;2;;;;
05/05/2020;11:54:00;300;com vítima;90;BR-040/RJ;Sul;Choque - Objeto Fixo;1;;;;;;;;;;0;2;;;
05/05/2020;15:56:00;321;com vítima;108;BR-040/RJ;Sul;Colisão Lateral;2;;;;;;;;;;0;1;;;1
06/05/2020;05:54:00;370;sem vítima;113;BR-040/RJ;Sul;Saída de Pista;1;;;;;;;;;;1;;;;
06/05/2020;09:34:00;391;sem vítima;119;BR-040/RJ;Sul;Tombamento;1;;;;;;;;;;1;;;;
06/05/2020;13:57:00;412;com vítima;86;BR-040/RJ;Sul;Tombamento;;;1;;;;;;;;0;2;;;
06/05/2020;19:55:00;438;sem vítima;825;BR-040/MG;Sul;Choque - Objeto Fixo;1;;;;;;;;;;1;;;;
06/05/2020;23:04:00;443;sem vítima;13;BR-040/RJ;Norte;Choque - Objeto Fixo;1;;;;;;;;;;1;;;;
07/05/2020;04:26:00;451;com vítima;109;BR-040/RJ;Norte;Tombamento;1;;;;;;;;;;0;1;;;
07/05/2020;04:57:00;452;sem vítima;108;BR-040/RJ;Norte;Choque - Objeto Fixo;1;;;;;;;;;;1;;;;
07/05/2020;06:17:00;456;sem vítima;75;BR-040/RJ;Sul;Choque - Objeto Fixo;1;;;;;;;;;;1;;;;
07/05/2020;07:19:00;461;com vítima;105;BR-040/RJ;Norte;Colisão Traseira;2;;;;;;;;;;1;2;;;
07/05/2020;07:23:00;462;sem vítima;121;BR-040/RJ;Norte;Colisão Lateral;;;2;;;;;;;;2;;;;
07/05/2020;08:36:00;466;sem vítima;93;BR-040/RJ;Norte;Choque - Objeto Fixo;1;;;;;;;;;;1;;;;
07/05/2020;08:53:00;468;sem vítima;93;BR-040/RJ;Sul;Choque - Objeto Fixo;1;;;;;;;;;;1;;;;
07/05/2020;10:15:00;473;sem vítima;90;BR-040/RJ;Sul;Choque - Objeto Fixo;1;;;;;;;;;;1;;;;
07/05/2020;16:03:00;496;sem vítima;96;BR-040/RJ;Sul;Queda de Moto;;;;1;;;;;;;1;;;;
07/05/2020;16:37:00;499;sem vítima;810;BR-040/MG;Norte;Choque - Objeto Fixo;1;;;;;;;;;;1;;;;
07/05/2020;17:24:00;503;com vítima;73;BR-040/RJ;Norte;Capotamento;1;;;;;;;;;;0;1;;;
07/05/2020;20:35:00;516;sem vítima;787;BR-040/MG;Norte;Atropelamento - Animal;1;;;;;;;;;;1;;;;
07/05/2020;22:18:00;519;sem vítima;94;BR-040/RJ;Sul;Choque - Objeto Fixo;;;1;;;;;;;;1;;;;
08/05/2020;07:13:00;534;sem vítima;122;BR-040/RJ;Sul;Colisão Traseira;1;;;;;1;;;;;2;;;;
08/05/2020;09:18:00;545;com vítima;108;BR-040/RJ;Norte;Tombamento;;;1;;;1;;;;;1;2;;;
08/05/2020;13:42:00;560;sem vítima;799;BR-040/MG;Sul;Colisão Traseira;2;;;;;;;;;;2;;;;
08/05/2020;16:43:00;576;sem vítima;113;BR-040/RJ;Norte;Engavetamento;1;;;;;2;;;;;3;;;;
08/05/2020;17:35:00;585;com vítima;69;BR-040/RJ;Sul;Capotamento;1;;;;;;;;;;0;3;;;
08/05/2020;19:16:00;595;sem vítima;78;BR-040/RJ;Sul;Choque - Objeto Fixo;1;;;;;;;;;;1;;;;
08/05/2020;20:01:00;598;com vítima;114;BR-040/RJ;Sul;Colisão Traseira;1;;;1;;;;;;;1;1;;1;
08/05/2020;20:31:00;600;com vítima;78;BR-040/RJ;Norte;Capotamento;1;;;;;;;;;;0;1;;;
08/05/2020;20:59:00;603;com vítima;108;BR-040/RJ;Norte;Queda de Moto;;;;1;;;;;;;0;1;;;
08/05/2020;22:57:00;608;com vítima;105;BR-040/RJ;Sul;Colisão Traseira;2;;;;;;;;;;1;1;;;
08/05/2020;22:58:00;609;sem vítima;78;BR-040/RJ;Sul;Choque - Objeto Fixo;1;;;;;;;;;;1;;;;
09/05/2020;01:15:00;616;sem vítima;122;BR-040/RJ;Norte;Colisão Traseira;1;;1;;;;;;;;2;;;;
09/05/2020;09:06:00;638;com vítima;120;BR-040/RJ;Sul;Capotamento;2;;;;;;;;;;1;1;;;
09/05/2020;10:20:00;645;sem vítima;801;BR-040/MG;Norte;Choque - Objeto Fixo;1;;;;;;;;;;1;;;;
09/05/2020;15:09:00;669;sem vítima;92;BR-040/RJ;Norte;Choque - Objeto Fixo;1;;;;;;;;;;1;;;;
09/05/2020;16:03:00;673;com vítima;30;BR-040/RJ;Sul;Queda de Moto;;;;1;;;;;;;0;1;;;
11/05/2020;17:25:00;825;sem vítima;108;BR-040/RJ;Norte;Colisão Lateral;2;;;;;;;;;;2;;;;
11/05/2020;17:28:00;827;com vítima;111;BR-040/RJ;Norte;Choque - Objeto Fixo;1;;;;;;;;;;0;1;;;
11/05/2020;17:44:00;829;com vítima;36;BR-040/RJ;Norte;Choque - Objeto Fixo;1;;;;;;;;;;0;1;;;1
11/05/2020;20:14:00;837;sem vítima;85;BR-040/RJ;Sul;Queda de Moto;;;;1;;;;;;;1;;;;
12/05/2020;06:48:00;859;sem vítima;804;BR-040/MG;Norte;Colisão Lateral;;;1;;;;;;;1;2;;;;
12/05/2020;15:28:00;904;sem vítima;105;BR-040/RJ;Norte;Choque - Objeto Fixo;1;;;;;;;;;;1;;;;
12/05/2020;17:20:00;913;com vítima;81;BR-040/RJ;Norte;Saída de Pista;1;;;;;;;;;;0;;1;;
12/05/2020;18:38:00;924;com vítima;44;BR-040/RJ;Norte;Queda de Moto;;;;1;;;;;;;0;;1;;
12/05/2020;21:25:00;934;com vítima;110;BR-040/RJ;Sul;Colisão Traseira;;1;;;;1;;;;;1;1;;;
13/05/2020;04:00:00;944;com vítima;124;BR-040/RJ;Norte;Colisão Traseira;;;;1;;1;;;;;1;;;;1
13/05/2020;18:34:00;1002;com vítima;92;BR-040/RJ;Norte;Colisão Lateral;;;1;1;;1;;;;;2;1;;;
13/05/2020;23:59:00;1017;com vítima;105;BR-040/RJ;Norte;Choque - Objeto Fixo;1;;;;;;;;;;0;1;;;
14/05/2020;14:03:00;1053;com vítima;124;BR-040/RJ;Sul;Colisão Traseira;1;;;1;;;;;;;1;1;;;
14/05/2020;17:41:00;1068;sem vítima;117;BR-040/RJ;Norte;Engavetamento;3;;;;;;;;;;3;;;;
14/05/2020;17:54:00;1070;sem vítima;116;BR-040/RJ;Norte;Engavetamento;6;;;;;;;;;;6;;;;
14/05/2020;18:51:00;1076;sem vítima;91;BR-040/RJ;Norte;Choque - Objeto Fixo;1;;;;;;;;;;1;;;;
15/05/2020;00:31:00;1085;sem vítima;54;BR-040/RJ;Sul;Choque - Objeto Fixo;;;1;;;;;;;;1;;;;
15/05/2020;07:28:00;1092;sem vítima;105;BR-040/RJ;Norte;Colisão Transversal;2;;;;;1;;;;;3;;;;
15/05/2020;07:53:00;1096;sem vítima;799;BR-040/MG;Sul;Saída de Pista;1;;;;;;;;;;1;;;;
15/05/2020;09:18:00;1103;sem vítima;13;BR-040/RJ;Sul;Choque - Objeto Fixo;1;;;;;;;;;;1;;;;
15/05/2020;09:34:00;1105;com vítima;19;BR-040/RJ;Norte;Saída de Pista;1;;;;;;;;;;0;4;;;
15/05/2020;11:12:00;1112;com vítima;91;BR-040/RJ;Sul;Choque - Objeto Fixo;1;;;;;;;;;;0;2;;;
15/05/2020;11:21:00;1114;com vítima;91;BR-040/RJ;Sul;Choque - Objeto Fixo;1;;;;;;;;;;0;2;;;
15/05/2020;11:35:00;1115;sem vítima;84;BR-040/RJ;Sul;Choque - Objeto Fixo;1;;;;;;;;;;1;;;;
15/05/2020;12:51:00;1122;sem vítima;94;BR-040/RJ;Sul;Choque - Objeto Fixo;1;;;;;;;;;;1;;;;
15/05/2020;12:55:00;1124;sem vítima;92;BR-040/RJ;Norte;Choque - Objeto Fixo;1;;;;;;;;;;1;;;;
15/05/2020;12:40:00;1125;sem vítima;91;BR-040/RJ;Sul;Colisão Lateral;2;;;;;;;;;;2;;;;
15/05/2020;14:51:00;1130;sem vítima;31;BR-040/RJ;Sul;Choque - Objeto Fixo;1;;;;;;;;;;1;;;;
15/05/2020;15:07:00;1135;sem vítima;100;BR-040/RJ;Norte;Choque - Objeto Fixo;1;;;;;;;;;;1;;;;
15/05/2020;15:35:00;1136;sem vítima;101;BR-040/RJ;Sul;Colisão Traseira;1;;1;;;;;;;;2;;;;
15/05/2020;16:37:00;1141;sem vítima;81;BR-040/RJ;Sul;Choque - Objeto Fixo;1;;;;;;;;;;1;;;;
15/05/2020;16:54:00;1142;com vítima;105;BR-040/RJ;Norte;Queda de Moto;;;;1;;;;;;;0;2;;;
15/05/2020;18:23:00;1147;sem vítima;124;BR-040/RJ;Sul;Colisão Lateral;2;;;;;;;;;;2;;;;
15/05/2020;20:04:00;1156;com vítima;820;BR-040/MG;Norte;Colisão Traseira;;;2;;;;;;;;0;2;;;
17/05/2020;12:23:00;1264;com vítima;120;BR-040/RJ;Sul;Colisão Lateral;;2;;;1;;;;;;1;2;;;
17/05/2020;12:35:00;1265;sem vítima;98;BR-040/RJ;Sul;Choque - Objeto Fixo;1;;;;;;;;;;1;;;;
17/05/2020;20:20:00;1297;sem vítima;49;BR-040/RJ;Norte;Atropelamento - Animal;1;;;;;;;;;;1;;;;
18/05/2020;06:28:00;1321;sem vítima;113;BR-040/RJ;Sul;Engavetamento;3;;;;;;;;;;3;;;;
18/05/2020;08:23:00;1329;sem vítima;111;BR-040/RJ;Sul;Colisão Traseira;2;;;;;;;;;;2;;;;