data;horario;n_da_ocorrencia;tipo_de_ocorrencia;km;trecho;sentido;tipo_de_acidente;automovel;bicicleta;caminhao;moto;onibus;outros;tracao_animal;transporte_de_cargas_especiais;trator_maquinas;utilitarios;ilesos;levemente_feridos;moderadamente_feridos;gravemente_feridos;mortos
18/05/2020;10:34:00;1343;sem vítima;793;BR-040/MG;Sul;Choque - Objeto Fixo;1;;;;;;;;;;1;;;;
18/05/2020;12:48:00;1354;sem vítima;77;BR-040/RJ;Norte;Colisão Traseira;2;;;;;;;;;;2;;;;
18/05/2020;15:34:00;1370;sem vítima;105;BR-040/RJ;Norte;Colisão Lateral;;;3;;;;;;;;3;;;;
18/05/2020;16:50:00;1379;com vítima;105;BR-040/RJ;Norte;Colisão Transversal;;1;;1;;;;;;;1;1;;;
19/05/2020;09:52:00;1415;sem vítima;83;BR-040/RJ;Norte;Choque - Objeto Fixo;;;1;;;;;;;;1;;;;
19/05/2020;13:20:00;1435;com vítima;93;BR-040/RJ;Sul;Queda de Moto;;;;1;;;;;;;0;1;;;
20/05/2020;07:53:00;1483;sem vítima;804;BR-040/MG;Sul;Queda de Moto;;;;1;;;;;;;1;;;;
20/05/2020;17:12:00;1529;sem vítima;89;BR-040/RJ;Sul;Choque - Objeto Fixo;;;1;;;;;;;;1;;;;
21/05/2020;08:06:00;1568;sem vítima;86;BR-040/RJ;Norte;Colisão Lateral;1;;1;;;;;;;;2;;;;
21/05/2020;21:43:00;1632;com vítima;796;BR-040/MG;Norte;Atropelamento - Pedestre;;;1;;;1;;;;;1;;;;1
21/05/2020;23:23:00;1637;sem vítima;114;BR-040/RJ;Norte;Saída de Pista;1;;;;;;;;;;1;;;;
22/05/2020;01:25:00;1638;sem vítima;113;BR-040/RJ;Norte;Choque - Objeto Fixo;1;;;;;;;;;;1;;;;
22/05/2020;11:15:00;1663;com vítima;813;BR-040/MG;Norte;Colisão Traseira;1;;1;;;;;;;;1;1;;;
22/05/2020;14:10:00;1677;sem vítima;64;BR-040/RJ;Sul;Colisão Traseira;2;;;;;;;;;;2;;;;
22/05/2020;14:44:00;1679;sem vítima;92;BR-040/RJ;Norte;Colisão Traseira;2;;;;;;;;;;2;;;;
22/05/2020;23:56:00;1727;com vítima;105;BR-040/RJ;Norte;Choque - Objeto Fixo;1;;;;;;;;;;0;2;1;;
23/05/2020;16:01:00;1790;com vítima;116;BR-040/RJ;Sul;Engavetamento;1;;;2;;;;;;;1;;3;;
23/05/2020;23:14:00;1813;com vítima;111;BR-040/RJ;Norte;Choque - Objeto Fixo;1;;;;;;;;;;0;1;;;
24/05/2020;09:49:00;1836;sem vítima;79;BR-040/RJ;Sul;Choque - Objeto Fixo;1;;;;;;;;;;1;;;;
24/05/2020;11:09:00;1841;sem vítima;84;BR-040/RJ;Norte;Choque - Objeto Fixo;1;;;;;;;;;;1;;;;
24/05/2020;12:58:00;1850;com vítima;786;BR-040/MG;Norte;Choque - Objeto Fixo;1;;;;;;;;;;0;3;1;;
24/05/2020;12:58:00;1851;sem vítima;93;BR-040/RJ;Sul;Choque - Objeto Fixo;1;;;;;;;;;;1;;;;
24/05/2020;13:00:00;1852;com vítima;43;BR-040/RJ;Sul;Capotamento;1;;;;;;;;;;0;2;;;
24/05/2020;14:39:00;1861;sem vítima;94;BR-040/RJ;Sul;Choque - Objeto Fixo;1;;;;;;;;;;1;;;;
24/05/2020;14:51:00;1862;sem vítima;94;BR-040/RJ;Sul;Choque - Objeto Fixo;1;;;;;;;;;;1;;;;
24/05/2020;15:37:00;1867;com vítima;32;BR-040/RJ;Norte;Capotamento;1;;;;;;;;;;0;1;;;
24/05/2020;16:22:00;1870;sem vítima;97;BR-040/RJ;Sul;Choque - Objeto Fixo;1;;;;;;;;;;1;;;;
24/05/2020;16:27:00;1871;com vítima;799;BR-040/MG;Norte;Choque - Objeto Fixo;1;;;;;;;;;;0;3;1;;
24/05/2020;16:51:00;1875;sem vítima;93;BR-040/RJ;Sul;Choque - Objeto Fixo;1;;;;;;;;;;1;;;;
24/05/2020;18:07:00;1881;com vítima;104;BR-040/RJ;Norte;Atropelamento - Pedestre;;;;;;2;;;;;1;;;;1
24/05/2020;19:19:00;1887;sem vítima;110;BR-040/RJ;Sul;Colisão Lateral;2;;;;;;;;;;2;;;;
24/05/2020;20:29:00;1888;sem vítima;77;BR-040/RJ;Sul;Choque - Objeto Fixo;1;;;;;;;;;;1;;;;
24/05/2020;22:04:00;1891;sem vítima;84;BR-040/RJ;Norte;Choque - Objeto Fixo;1;;;;;;;;;;1;;;;
24/05/2020;22:58:00;1893;sem vítima;794;BR-040/MG;Norte;Choque - Objeto Fixo;1;;;;;;;;;;1;;;;
25/05/2020;07:58:00;1913;com vítima;118;BR-040/RJ;Norte;Colisão Traseira;1;;;1;;;;;;;2;;2;;
25/05/2020;17:29:00;1966;sem vítima;111;BR-040/RJ;Norte;Engavetamento;3;;;;;;;;;;3;;;;
26/05/2020;07:45:00;1996;sem vítima;784;BR-040/MG;Sul;Choque - Objeto Fixo;1;;;;;;;;;;1;;;;
26/05/2020;10:08:00;2009;sem vítima;125;BR-040/RJ;Sul;Colisão Lateral;2;;;;;;;;;;2;;;;
26/05/2020;10:49:00;2014;com vítima;112;BR-040/RJ;Norte;Atropelamento - Pedestre;1;;;;;1;;;;;1;;;;1
26/05/2020;11:01:00;2016;com vítima;112;BR-040/RJ;Sul;Engavetamento;2;;1;;;;;;;;2;2;;;
26/05/2020;16:34:00;2039;com vítima;112;BR-040/RJ;Norte;Engavetamento;3;;;1;;;;;;;2;3;;;
26/05/2020;20:11:00;2057;sem vítima;123;BR-040/RJ;Norte;Choque - Objeto Fixo;1;;;;;;;;;;1;;;;
26/05/2020;20:55:00;2059;com vítima;117;BR-040/RJ;Sul;Colisão Traseira;2;;;;;;;;;;1;1;;;
27/05/2020;08:38:00;2084;sem vítima;105;BR-040/RJ;Sul;Colisão Traseira;2;;;;;;;;;;2;;;;
27/05/2020;10:31:00;2098;com vítima;98;BR-040/RJ;Sul;Capotamento;1;;;;;;;;;;0;;2;;
27/05/2020;18:45:00;2143;sem vítima;113;BR-040/RJ;Sul;Choque - Objeto Fixo;1;;;;;;;;;;1;;;;
28/05/2020;09:41:00;2183;sem vítima;84;BR-040/RJ;Norte;Choque - Objeto Fixo;;;1;;;;;;;;1;;;;
28/05/2020;16:29:00;2215;sem vítima;53;BR-040/RJ;Norte;Choque - Objeto Fixo;1;;;;;;;;;;1;;;;
28/05/2020;19:36:00;2234;sem vítima;71;BR-040/RJ;Sul;Colisão Lateral;1;;1;;;;;;;;2;;;;
29/05/2020;06:55:00;2255;com vítima;78;BR-040/RJ;Sul;Capotamento;1;;;;;;;;;;0;3;;;
29/05/2020;12:10:00;2287;com vítima;119;BR-040/RJ;Sul;Capotamento;1;;;1;;;;;;;1;1;;;
29/05/2020;14:20:00;2300;com vítima;77;BR-040/RJ;Sul;Capotamento;1;;;;;;;;;;0;4;;;
29/05/2020;15:50:00;2310;sem vítima;21;BR-040/RJ;Norte;Choque - Objeto Fixo;1;;;;;;;;;;1;;;;
29/05/2020;16:04:00;2312;com vítima;78;BR-040/RJ;Sul;Capotamento;1;;;;;;;;;;0;2;;;
29/05/2020;18:46:00;2335;com vítima;121;BR-040/RJ;Norte;Colisão Lateral;;;;1;;1;;;;;1;1;;;
29/05/2020;19:16:00;2340;sem vítima;77;BR-040/RJ;Sul;Choque - Objeto Fixo;1;;;;;;;;;;1;;;;
29/05/2020;19:20:00;2341;com vítima;41;BR-040/RJ;Norte;Colisão Lateral;1;;1;;;;;;;;0;5;;;
29/05/2020;19:41:00;2345;com vítima;79;BR-040/RJ;Sul;Saída de Pista;1;;;;;;;;;;0;1;;;
29/05/2020;21:53:00;2357;com vítima;105;BR-040/RJ;Norte;Colisão Lateral;;1;;1;;;;;;;0;1;;1;
30/05/2020;09:51:00;2382;com vítima;96;BR-040/RJ;Sul;Queda de Moto;;;;1;;;;;;;0;1;;;
30/05/2020;15:51:00;2412;com vítima;124;BR-040/RJ;Norte;Atropelamento - Pedestre;2;1;;;;;;;;;2;;1;;
30/05/2020;16:56:00;2423;sem vítima;13;BR-040/RJ;Norte;Saída de Pista;1;;;;;;;;;;1;;;;
30/05/2020;18:59:00;2434;com vítima;117;BR-040/RJ;Sul;Capotamento;;;;;;1;;;;1;1;2;;;
30/05/2020;18:40:00;2435;sem vítima;54;BR-040/RJ;Norte;Atropelamento - Animal;1;;;;;;;;;;1;;;;
31/05/2020;00:30:00;2447;sem vítima;77;BR-040/RJ;Sul;Choque - Objeto Fixo;1;;;;;;;;;;1;;;;
31/05/2020;02:36:00;2450;com vítima;112;BR-040/RJ;Sul;Queda de Moto;;;;1;;;;;;;0;;2;;
31/05/2020;03:07:00;2453;sem vítima;115;BR-040/RJ;Sul;Choque - Objeto Fixo;1;;;;;;;;;;1;;;;
31/05/2020;04:18:00;2457;sem vítima;4;BR-040/RJ;Norte;Choque - Objeto Fixo;;;1;;;;;;;;1;;;;
31/05/2020;06:24:00;2460;sem vítima;26;BR-040/RJ;Sul;Choque - Objeto Fixo;1;;;;;;;;;;1;;;;
31/05/2020;08:19:00;2462;com vítima;84;BR-040/RJ;Sul;Capotamento;1;;;;;;;;;;0;1;;;
31/05/2020;11:32:00;2473;com vítima;799;BR-040/MG;Norte;Tombamento;1;;;;;;;;;;0;1;;;
31/05/2020;14:03:00;2481;sem vítima;122;BR-040/RJ;Norte;Choque - Objeto Fixo;1;;;;;;;;;;1;;;;
31/05/2020;14:25:00;2482;com vítima;119;BR-040/RJ;Norte;Colisão Lateral;1;;;1;;;;;;;1;1;;;
31/05/2020;14:43:00;2483;com vítima;795;BR-040/MG;Sul;Colisão Traseira;1;;1;;;;;;;;1;;1;;
31/05/2020;16:53:00;2494;com vítima;122;BR-040/RJ;Sul;Capotamento;1;;;;;;;;;;0;;1;;
31/05/2020;22:42:00;2511;com vítima;802;BR-040/MG;Sul;Atropelamento - Animal;;;;1;;;;;;;0;1;;;
31/05/2020;22:57:00;2512;sem vítima;799;BR-040/MG;Sul;Atropelamento - Animal;;;1;;;;;;;;1;;;;
02/06/2020;04:11:00;101;com vítima;87;BR-040/RJ;Sul;Tombamento;;;1;;;;;;;;0;1;;;
02/06/2020;09:05:00;122;com vítima;93;BR-040/RJ;Sul;Tombamento;;;1;;;;;;;;0;;1;;
02/06/2020;15:40:00;151;sem vítima;113;BR-040/RJ;Norte;Choque - Objeto Fixo;1;;;;;;;;;;1;;;;
03/06/2020;12:18:00;207;sem vítima;104;BR-040/RJ;Norte;Colisão Traseira;1;;1;;;;;;;;2;;;;
03/06/2020;12:10:00;214;com vítima;64;BR-040/RJ;Norte;Atropelamento - Pedestre;1;;;;;1;;;;;1;1;;;
03/06/2020;17:41:00;253;sem vítima;109;BR-040/RJ;Sul;Choque - Objeto Fixo;1;;;;;;;;;;1;;;;
03/06/2020;18:28:00;257;sem vítima;85;BR-040/RJ;Norte;Choque - Objeto Fixo;1;;;;;;;;;;1;;;;
03/06/2020;19:16:00;261;com vítima;805;BR-040/MG;Sul;Colisão Lateral;2;;;;;;;;;;0;3;;;
03/06/2020;20:24:00;263;sem vítima;85;BR-040/RJ;Norte;Choque - Objeto Fixo;1;;;;;;;;;;1;;;;
04/06/2020;21:26:00;362;com vítima;96;BR-040/RJ;Sul;Saída de Pista;;;1;;;;;;;;0;2;;;
05/06/2020;02:09:00;373;sem vítima;113;BR-040/RJ;Norte;Choque - Objeto Fixo;1;;;;;;;;;;1;;;;
05/06/2020;18:15:00;431;sem vítima;61;BR-040/RJ;Sul;Derrapagem;;;1;;;;;;;;1;;;;
05/06/2020;19:09:00;436;com vítima;110;BR-040/RJ;Norte;Colisão Traseira;1;;;1;;;;;;;1;1;;;
05/06/2020;19:18:00;438;sem vítima;111;BR-040/RJ;Norte;Engavetamento;3;;;;;;;;;;3;;;;
06/06/2020;04:09:00;468;sem vítima;810;BR-040/MG;Sul;Choque - Objeto Fixo;1;;;;;;;;;;1;;;;
06/06/2020;05:38:00;471;com vítima;24;BR-040/RJ;Sul;Choque - Objeto Fixo;1;;;;;;;;;;0;2;1;;
06/06/2020;08:50:00;489;com vítima;17;BR-040/RJ;Sul;Capotamento;1;;;;;;;;;;0;5;;;
06/06/2020;11:24:00;503;sem vítima;93;BR-040/RJ;Norte;Colisão Lateral;;;1;;1;;;;;;2;;;;
06/06/2020;12:42:00;511;sem vítima;118;BR-040/RJ;Norte;Colisão Traseira;2;;;;;;;;;;2;;;;
06/06/2020;15:40:00;527;com vítima;115;BR-040/RJ;Sul;Queda de Moto;1;;;1;;;;;;;1;1;;;
06/06/2020;21:17:00;555;com vítima;118;BR-040/RJ;Sul;Capotamento;1;;;;;;;;;;0;;1;;
07/06/2020;00:20:00;562;sem vítima;75;BR-040/RJ;Norte;Saída de Pista;1;;;;;;;;;;1;;;;
07/06/2020;05:30:00;569;com vítima;118;BR-040/RJ;Sul;Colisão Lateral;2;;;;;;;;;;1;1;;;
07/06/2020;09:48:00;581;sem vítima;93;BR-040/RJ;Sul;Choque - Objeto Fixo;1;;;;;;;;;;1;;;;
07/06/2020;09:49:00;582;sem vítima;84;BR-040/RJ;Norte;Choque - Objeto Fixo;1;;;;;;;;;;1;;;;
07/06/2020;12:05:00;593;sem vítima;827;BR-040/MG;Sul;Choque - Objeto Fixo;1;;;;;;;;;;1;;;;
07/06/2020;12:35:00;598;sem vítima;78;BR-040/RJ;Sul;Choque - Objeto Fixo;1;;;;;;;;;;1;;;;
07/06/2020;12:46:00;599;com vítima;100;BR-040/RJ;Sul;Colisão Traseira;;1;;1;;;;;;;0;3;;;
07/06/2020;12:58:00;601;sem vítima;21;BR-040/RJ;Norte;Tombamento;;;1;;;;;;;;1;;;;
07/06/2020;13:14:00;602;sem vítima;24;BR-040/RJ;Sul;Choque - Objeto Fixo;1;;;;;;;;;;1;;;;
07/06/2020;15:41:00;605;sem vítima;89;BR-040/RJ;Sul;Choque - Objeto Fixo;;;1;;;;;;;;1;;;;
07/06/2020;16:39:00;607;com vítima;113;BR-040/RJ;Norte;Choque - Objeto Fixo;1;;;;;;;;;;0;1;;;
07/06/2020;18:07:00;616;sem vítima;99;BR-040/RJ;Sul;Choque - Objeto Fixo;1;;;;;;;;;;1;;;;
07/06/2020;22:24:00;633;com vítima;92;BR-040/RJ;Norte;Queda de Moto;;;;1;;;;;;;0;1;;;
08/06/2020;10:37:00;675;sem vítima;794;BR-040/MG;Norte;Choque - Objeto Fixo;1;;;;;;;;;;1;;;;
08/06/2020;14:59:00;690;sem vítima;83;BR-040/RJ;Norte;Choque - Objeto Fixo;1;;1;;;;;;;;2;;;;
09/06/2020;10:10:00;751;com vítima;98;BR-040/RJ;Norte;Choque - Objeto Fixo;1;;;;;;;;;;0;;2;;
09/06/2020;10:58:00;754;sem vítima;114;BR-040/RJ;Sul;Colisão Traseira;2;;;;;;;;;;2;;;;
09/06/2020;11:01:00;755;com vítima;109;BR-040/RJ;Sul;Engavetamento;4;;;;;;;;;;3;1;;;
09/06/2020;10:58:00;757;sem vítima;114;BR-040/RJ;Sul;Colisão Traseira;2;;;;;;;;;;2;;;;
09/06/2020;14:40:00;767;com vítima;779;BR-040/MG;Norte;Colisão Traseira;;;2;;;;;;;;1;;1;;
09/06/2020;15:27:00;772;com vítima;108;BR-040/RJ;Sul;Colisão Lateral;;1;;;;1;;;;;1;;1;1;
09/06/2020;18:15:00;791;sem vítima;123;BR-040/RJ;Norte;Colisão Traseira;2;;;;;;;;;;2;;;;
09/06/2020;22:44:00;805;sem vítima;47;BR-040/RJ;Norte;Saída de Pista;1;;;;;;;;;;1;;;;
10/06/2020;07:10:00;822;sem vítima;111;BR-040/RJ;Sul;Engavetamento;7;;;;;;;;;;7;;;;
10/06/2020;13:32:00;860;com vítima;107;BR-040/RJ;Sul;Colisão Lateral;;;;1;;;;;;;0;1;;;
11/06/2020;07:59:00;918;com vítima;46;BR-040/RJ;Sul;Colisão Transversal;2;;;;;;;;;;0;2;1;;
11/06/2020;13:25:00;933;sem vítima;120;BR-040/RJ;Sul;Choque - Objeto Fixo;1;;;;;;;;;;1;;;;
11/06/2020;22:58:00;980;com vítima;121;BR-040/RJ;Norte;Colisão Traseira;;;;1;;1;;;;;1;1;;;
12/06/2020;02:50:00;986;com vítima;51;BR-040/RJ;Norte;Capotamento;1;;;;;;;;;;0;1;;;
12/06/2020;02:53:00;987;sem vítima;810;BR-040/MG;Norte;Choque - Objeto Fixo;;;1;;;;;;;;1;;;;
12/06/2020;12:53:00;1026;com vítima;71;BR-040/RJ;Sul;Queda de Moto;;;;1;;;;;;;0;;2;;
12/06/2020;16:02:00;1046;sem vítima;104;BR-040/RJ;Norte;Colisão Lateral;1;;1;;;;;;;;2;;;;
13/06/2020;01:44:00;1086;sem vítima;92;BR-040/RJ;Sul;Saída de Pista;1;;;;;;;;;;1;;;;
13/06/2020;21:00:00;1152;sem vítima;102;BR-040/RJ;Sul;Saída de Pista;1;;;;;;;;;;1;;;;
14/06/2020;04:41:00;1171;com vítima;111;BR-040/RJ;Sul;Capotamento;1;;;;;;;;;;0;1;;;
14/06/2020;08:44:00;1178;sem vítima;93;BR-040/RJ;Sul;Choque - Objeto Fixo;1;;;;;;;;;;1;;;;
14/06/2020;09:43:00;1182;sem vítima;90;BR-040/RJ;Sul;Capotamento;1;;;;;;;;;;1;;;;
14/06/2020;10:10:00;1185;sem vítima;93;BR-040/RJ;Norte;Choque - Objeto Fixo;1;;;;;;;;;;1;;;;
14/06/2020;10:38:00;1189;com vítima;92;BR-040/RJ;Norte;Queda de Moto;;;;1;;;;;;;0;2;;;
14/06/2020;11:26:00;1192;sem vítima;92;BR-040/RJ;Sul;Choque - Objeto Fixo;1;;;;;;;;;;1;;;;
14/06/2020;12:16:00;1199;sem vítima;55;BR-040/RJ;Norte;Colisão Lateral;2;;;;;;;;;;2;;;;
14/06/2020;12:29:00;1201;sem vítima;109;BR-040/RJ;Norte;Choque - Objeto Fixo;1;;;;;;;;;;1;;;;
14/06/2020;13:58:00;1206;sem vítima;94;BR-040/RJ;Sul;Choque - Objeto Fixo;1;;;;;;;;;;1;;;;
14/06/2020;14:01:00;1207;com vítima;90;BR-040/RJ;Sul;Saída de Pista;1;;;;;;;;;;0;;1;;
14/06/2020;14:47:00;1210;sem vítima;93;BR-040/RJ;Sul;Choque - Objeto Fixo;1;;;;;;;;;;1;;;;
14/06/2020;15:09:00;1213;sem vítima;96;BR-040/RJ;Sul;Choque - Objeto Fixo;1;;;;;;;;;;1;;;;
14/06/2020;15:21:00;1214;com vítima;124;BR-040/RJ;Sul;Colisão Lateral;1;;;1;;;;;;;0;3;;;
14/06/2020;15:28:00;1216;sem vítima;93;BR-040/RJ;Sul;Choque - Objeto Fixo;1;;;;;;;;;;1;;;;
14/06/2020;15:52:00;1218;com vítima;91;BR-040/RJ;Sul;Saída de Pista;1;;;;;;;;;;0;2;;;
14/06/2020;16:59:00;1225;sem vítima;61;BR-040/RJ;Sul;Colisão Lateral;1;;1;;;;;;;;2;;;;
14/06/2020;18:21:00;1231;sem vítima;82;BR-040/RJ;Sul;Choque - Objeto Fixo;1;;;;;;;;;;1;;;;
14/06/2020;19:02:00;1232;sem vítima;92;BR-040/RJ;Sul;Capotamento;1;;;;;;;;;;1;;;;
14/06/2020;19:40:00;1238;sem vítima;92;BR-040/RJ;Sul;Choque - Objeto Fixo;1;;;;;;;;;;1;;;;
14/06/2020;19:56:00;1239;sem vítima;93;BR-040/RJ;Sul;Choque - Objeto Fixo;1;;;;;;;;;;1;;;;
14/06/2020;20:54:00;1243;sem vítima;92;BR-040/RJ;Sul;Choque - Objeto Fixo;1;;;;;;;;;;1;;;;
14/06/2020;21:15:00;1245;com vítima;90;BR-040/RJ;Sul;Saída de Pista;1;;;;;;;;;;0;2;;;
14/06/2020;21:26:00;1246;sem vítima;76;BR-040/RJ;Sul;Choque - Objeto Fixo;1;;;;;;;;;;1;;;;
14/06/2020;22:42:00;1252;com vítima;786;BR-040/MG;Norte;Choque - Objeto Fixo;1;;;;;;;;;;0;2;;;
15/06/2020;09:00:00;1282;sem vítima;93;BR-040/RJ;Sul;Capotamento;1;;;;;;;;;;1;;;;
15/06/2020;09:17:00;1286;sem vítima;95;BR-040/RJ;Sul;Choque - Objeto Fixo;1;;;;;;;;;;1;;;;
15/06/2020;09:24:00;1287;sem vítima;92;BR-040/RJ;Sul;Saída de Pista;1;;;;;;;;;;1;;;;
15/06/2020;10:26:00;1289;sem vítima;100;BR-040/RJ;Norte;Choque - Objeto Fixo;1;;;;;;;;;;1;;;;
15/06/2020;12:14:00;1299;com vítima;123;BR-040/RJ;Sul;Queda de Moto;;;;1;;;;;;;0;2;;;
15/06/2020;12:38:00;1304;sem vítima;93;BR-040/RJ;Sul;Choque - Objeto Fixo;1;;;;;;;;;;1;;;;
15/06/2020;13:52:00;1309;sem vítima;93;BR-040/RJ;Sul;Choque - Objeto Fixo;1;;;;;;;;;;1;;;;
15/06/2020;15:17:00;1315;sem vítima;92;BR-040/RJ;Sul;Choque - Objeto Fixo;1;;;;;;;;;;1;;;;
15/06/2020;16:53:00;1318;sem vítima;92;BR-040/RJ;Sul;Choque - Objeto Fixo;1;;;;;;;;;;1;;;;
15/06/2020;18:26:00;1323;com vítima;111;BR-040/RJ;Sul;Engavetamento;3;;;;;;;;;;0;3;;;
16/06/2020;06:41:00;1336;com vítima;31;BR-040/RJ;Sul;Colisão Lateral;1;;1;;;;;;;;0;2;;;
16/06/2020;08:02:00;1344;sem vítima;85;BR-040/RJ;Norte;Choque - Objeto Fixo;1;;;;;;;;;;1;;;;
16/06/2020;18:09:00;1401;sem vítima;92;BR-040/RJ;Sul;Choque - Objeto Fixo;1;;;;;;;;;;1;;;;
16/06/2020;20:10:00;1405;com vítima;112;BR-040/RJ;Norte;Capotamento;1;;;;;;;;;;0;3;;;
17/06/2020;13:08:00;1448;com vítima;65;BR-040/RJ;Norte;Colisão Traseira;2;;;;;;;;;;0;2;;;
17/06/2020;15:25:00;1454;sem vítima;102;BR-040/RJ;Sul;Colisão Traseira;2;;;;;;;;;;2;;;;
17/06/2020;17:38:00;1475;sem vítima;116;BR-040/RJ;Norte;Queda de Moto;;;;1;;;;;;;1;;;;
18/06/2020;05:22:00;1497;sem vítima;39;BR-040/RJ;Norte;Choque - Objeto Fixo;1;;;;;;;;;;1;;;;
18/06/2020;08:04:00;1505;com vítima;51;BR-040/RJ;Norte;Choque - Objeto Fixo;2;;;;;;;;;;0;4;;;
18/06/2020;11:26:00;1520;sem vítima;88;BR-040/RJ;Sul;Choque - Objeto Fixo;;;1;;;;;;;;1;;;;
18/06/2020;13:32:00;1531;sem vítima;816;BR-040/MG;Norte;Choque - Objeto Fixo;1;;;;;;;;;;1;;;;
18/06/2020;18:02:00;1563;sem vítima;799;BR-040/MG;Norte;Choque - Objeto Fixo;1;;;;;;;;;;1;;;;
19/06/2020;05:19:00;1595;sem vítima;819;BR-040/MG;Sul;Choque - Objeto Fixo;1;;;;;;;;;;1;;;;
19/06/2020;15:27:00;1632;com vítima;113;BR-040/RJ;Norte;Colisão Lateral;;;1;1;;;;;;;1;1;;;
19/06/2020;18:26:00;1645;com vítima;803;BR-040/MG;Norte;Colisão Traseira;1;;;;;1;;;;;1;1;;;
20/06/2020;04:57:00;1677;sem vítima;78;BR-040/RJ;Sul;Choque - Objeto Fixo;1;;;;;;;;;;1;;;;
20/06/2020;06:00:00;1678;sem vítima;84;BR-040/RJ;Norte;Choque - Objeto Fixo;1;;;;;;;;;;1;;;;
21/06/2020;05:05:00;1767;sem vítima;112;BR-040/RJ;Sul;Choque - Objeto Fixo;1;;;;;;;;;;1;;;;
21/06/2020;05:58:00;1769;com vítima;117;BR-040/RJ;Sul;Queda de Moto;;;;1;;;;;;;1;1;;;
21/06/2020;11:09:00;1780;com vítima;77;BR-040/RJ;Sul;Saída de Pista;1;;;;;;;;;;0;2;;;
21/06/2020;15:50:00;1811;com vítima;104;BR-040/RJ;Sul;Colisão Frontal;1;1;;;;;;;;;1;1;;;
21/06/2020;16:15:00;1818;com vítima;72;BR-040/RJ;Sul;Choque - Objeto Fixo;1;;;;;;;;;;0;1;;;
21/06/2020;19:29:00;1828;sem vítima;84;BR-040/RJ;Norte;Choque - Objeto Fixo;1;;;;;;;;;;1;;;;
22/06/2020;09:45:00;1874;sem vítima;92;BR-040/RJ;Norte;Choque - Objeto Fixo;1;;;;;;;;;;1;;;;
22/06/2020;10:52:00;1880;com vítima;77;BR-040/RJ;Sul;Capotamento;1;;;;;;;;;;0;3;;;
22/06/2020;14:39:00;1899;sem vítima;92;BR-040/RJ;Sul;Choque - Objeto Fixo;1;;;;;;;;;;1;;;;
22/06/2020;16:52:00;1911;sem vítima;109;BR-040/RJ;Sul;Engavetamento;3;;;;;;;;;;3;;;;
22/06/2020;17:45:00;1922;sem vítima;14;BR-040/RJ;Norte;Choque - Objeto Fixo;1;;;;;;;;;;1;;;;
22/06/2020;19:00:00;1926;com vítima;65;BR-040/RJ;Sul;Colisão Lateral;;;;2;;;;;;;1;1;;;
22/06/2020;21:07:00;1931;com vítima;96;BR-040/RJ;Norte;Tombamento;;;1;;;;;;;;0;2;;;
23/06/2020;14:17:00;1983;com vítima;90;BR-040/RJ;Sul;Colisão Traseira;2;;1;;;;;;;;2;;1;;
23/06/2020;15:15:00;1990;sem vítima;124;BR-040/RJ;Norte;Choque - Objeto Fixo;1;;;;;;;;;;1;;;;
24/06/2020;02:28:00;2025;sem vítima;111;BR-040/RJ;Sul;Choque - Objeto Fixo;1;;;;;;;;;;1;;;;
24/06/2020;07:04:00;2038;sem vítima;115;BR-040/RJ;Sul;Engavetamento;3;;;;;;;;;;3;;;;
24/06/2020;08:13:00;2045;com vítima;111;BR-040/RJ;Sul;Colisão Traseira;1;;;1;;;;;;;1;2;;;
24/06/2020;09:24:00;2056;com vítima;116;BR-040/RJ;Norte;Capotamento;1;;;;;;;;;;0;1;;;
24/06/2020;12:47:00;2085;com vítima;91;BR-040/RJ;Norte;Queda de Moto;1;;;;;;;;;;0;1;;;
24/06/2020;15:58:00;2103;sem vítima;115;BR-040/RJ;Norte;Choque - Objeto Fixo;1;;;;;;;;;;1;;;;
24/06/2020;17:35:00;2113;sem vítima;113;BR-040/RJ;Norte;Choque - Objeto Fixo;1;;;;;;;;;;1;;;;
24/06/2020;21:54:00;2124;sem vítima;85;BR-040/RJ;Norte;Choque - Objeto Fixo;1;;;;;;;;;;1;;;;
24/06/2020;22:25:00;2125;sem vítima;61;BR-040/RJ;Norte;Choque - Objeto Fixo;1;;;;;;;;;;1;;;;
25/06/2020;04:59:00;2137;sem vítima;92;BR-040/RJ;Norte;Choque - Objeto Fixo;1;;;;;;;;;;1;;;;
25/06/2020;18:41:00;2206;sem vítima;117;BR-040/RJ;Norte;Engavetamento;3;;;;;;;;;;3;;;;
26/06/2020;07:39:00;2243;sem vítima;109;BR-040/RJ;Sul;Choque - Objeto Fixo;1;;;;;;;;;;1;;;;
26/06/2020;09:14:00;2251;sem vítima;122;BR-040/RJ;Sul;Colisão Traseira;1;;1;;;;;;;;2;;;;
26/06/2020;17:44:00;2292;sem vítima;113;BR-040/RJ;Norte;Colisão Traseira;2;;;;;;;;;;2;;;;
26/06/2020;22:17:00;2312;com vítima;53;BR-040/RJ;Sul;Choque - Objeto Fixo;1;;;;;;;;;;0;1;;;
26/06/2020;23:57:00;2319;com vítima;55;BR-040/RJ;Norte;Choque - Objeto Fixo;1;;;;;;;;;;0;;1;;
27/06/2020;05:31:00;2336;com vítima;792;BR-040/MG;Norte;Capotamento;1;;;;;;;;;;0;1;;;