data;horario;n_da_ocorrencia;tipo_de_ocorrencia;km;trecho;sentido;tipo_de_acidente;automovel;bicicleta;caminhao;moto;onibus;outros;tracao_animal;transporte_de_cargas_especiais;trator_maquinas;utilitarios;ilesos;levemente_feridos;moderadamente_feridos;gravemente_feridos;mortos
27/06/2020;07:17:00;2343;sem vítima;803;BR-040/MG;Norte;Tombamento;;;1;;;1;;;;;2;;;;
27/06/2020;08:16:00;2347;com vítima;809;BR-040/MG;Norte;Choque - Objeto Fixo;1;;;;;;;;;;0;2;;;
27/06/2020;10:03:00;2354;sem vítima;119;BR-040/RJ;Norte;Colisão Traseira;2;;;;;;;;;;2;;;;
27/06/2020;11:12:00;2358;com vítima;59;BR-040/RJ;Norte;Colisão Traseira;1;;;1;;;;;;;1;;2;;
27/06/2020;12:27:00;2363;sem vítima;119;BR-040/RJ;Norte;Engavetamento;3;;;;;;;;;;3;;;;
27/06/2020;13:39:00;2369;com vítima;104;BR-040/RJ;Norte;Colisão Lateral;1;1;;;;;;;;;1;1;;;
27/06/2020;15:30:00;2383;com vítima;802;BR-040/MG;Sul;Colisão Traseira;2;;;;;;;;;;0;7;;;
27/06/2020;16:03:00;2390;sem vítima;109;BR-040/RJ;Norte;Choque - Objeto Fixo;1;;;;;;;;;;1;;;;
27/06/2020;16:49:00;2394;sem vítima;117;BR-040/RJ;Norte;Colisão Traseira;2;;;;;;;;;;2;;;;
27/06/2020;17:08:00;2396;sem vítima;88;BR-040/RJ;Sul;Choque - Objeto Fixo;1;;;;;;;;;;1;;;;
28/06/2020;00:53:00;2421;com vítima;103;BR-040/RJ;Norte;Capotamento;1;;;;;;;;;;0;3;1;;
28/06/2020;05:16:00;2426;com vítima;120;BR-040/RJ;Sul;Queda de Moto;;;;1;;;;;;;0;;1;;1
28/06/2020;05:34:00;2427;com vítima;113;BR-040/RJ;Sul;Choque - Objeto Fixo;1;;;;;;;;;;0;;1;;
28/06/2020;10:18:00;2448;sem vítima;84;BR-040/RJ;Sul;Choque - Objeto Fixo;1;;;;;;;;;;1;;;;
28/06/2020;17:30:00;2488;sem vítima;113;BR-040/RJ;Sul;Choque - Objeto Fixo;1;;;;;;;;;;1;;;;
28/06/2020;17:58:00;2492;sem vítima;85;BR-040/RJ;Norte;Choque - Objeto Fixo;1;;;;;;;;;;1;;;;
28/06/2020;20:13:00;2501;sem vítima;110;BR-040/RJ;Sul;Choque - Objeto Fixo;1;;;;;;;;;;1;;;;
29/06/2020;06:54:00;2518;sem vítima;85;BR-040/RJ;Norte;Derrapagem;1;;;;;;;;;;1;;;;
29/06/2020;07:21:00;2521;sem vítima;90;BR-040/RJ;Sul;Choque - Objeto Fixo;1;;;;;;;;;;1;;;;
29/06/2020;07:24:00;2522;sem vítima;82;BR-040/RJ;Sul;Choque - Objeto Fixo;1;;;;;;;;;;1;;;;
29/06/2020;07:44:00;2524;sem vítima;54;BR-040/RJ;Norte;Choque - Objeto Fixo;1;;;;;1;;;;;2;;;;
29/06/2020;07:47:00;2526;com vítima;104;BR-040/RJ;Sul;Queda de Moto;;;;1;;;;;;;0;1;;;
29/06/2020;07:50:00;2527;sem vítima;123;BR-040/RJ;Sul;Colisão Lateral;1;;1;;;;;;;;2;;;;
29/06/2020;08:02:00;2529;com vítima;91;BR-040/RJ;Sul;Derrapagem;1;;;;;;;;;;0;3;;;
29/06/2020;11:19:00;2542;sem vítima;111;BR-040/RJ;Sul;Engavetamento;3;;;;;;;;;;3;;;;
29/06/2020;15:42:00;2564;sem vítima;124;BR-040/RJ;Sul;Colisão Traseira;1;;1;;;;;;;;2;;;;
29/06/2020;18:27:00;2578;com vítima;119;BR-040/RJ;Sul;Atropelamento - Pedestre;1;;;;;1;;;;;1;;1;;
29/06/2020;19:22:00;2586;sem vítima;124;BR-040/RJ;Norte;Colisão Traseira;2;;1;;;;;;;;3;;;;
30/06/2020;07:15:00;2617;com vítima;77;BR-040/RJ;Sul;Saída de Pista;1;;;;;;;;;;0;2;;;
30/06/2020;11:00:00;2631;com vítima;105;BR-040/RJ;Norte;Colisão Lateral;1;1;;;;;;;;;1;;;1;
30/06/2020;13:00:00;2638;sem vítima;816;BR-040/MG;Sul;Choque - Objeto Fixo;;;1;;;;;;;;1;;;;
30/06/2020;14:33:00;2641;sem vítima;94;BR-040/RJ;Norte;Engavetamento;3;;;;;;;;;;3;;;;
01/07/2020;09:07:00;36;com vítima;122;BR-040/RJ;Sul;Queda de Moto;1;;;1;;;;;;;1;1;;;
01/07/2020;10:23:00;44;sem vítima;117;BR-040/RJ;Norte;Colisão Traseira;2;;;;;;;;;;2;;;;
01/07/2020;13:14:00;53;com vítima;114;BR-040/RJ;Norte;Queda de Moto;;;;1;;;;;;;0;1;;;
02/07/2020;04:32:00;105;com vítima;113;BR-040/RJ;Norte;Choque - Objeto Fixo;1;;;;;;;;;;0;1;;;
02/07/2020;11:04:00;132;com vítima;62;BR-040/RJ;Sul;Colisão Lateral;1;;;;1;;;;;;0;1;1;;
02/07/2020;13:00:00;142;com vítima;118;BR-040/RJ;Norte;Queda de Moto;;;;1;;;;;;;0;1;;;
02/07/2020;16:26:00;155;sem vítima;55;BR-040/RJ;Norte;Choque - Objeto Fixo;1;;;;;;;;;;1;;;;
02/07/2020;18:04:00;164;com vítima;113;BR-040/RJ;Norte;Colisão Lateral;1;;;1;;;;;;;0;2;;;
02/07/2020;22:42:00;183;com vítima;118;BR-040/RJ;Norte;Engavetamento;1;;;;;2;;;;;2;2;;;
03/07/2020;06:35:00;191;sem vítima;803;BR-040/MG;Norte;Colisão Traseira;1;;1;;;;;;;;2;;;;
03/07/2020;06:38:00;192;sem vítima;85;BR-040/RJ;Norte;Choque - Objeto Fixo;1;;;;;;;;;;1;;;;
03/07/2020;12:07:00;214;sem vítima;1;BR-040/RJ;Norte;Choque - Objeto Fixo;1;;;;;;;;;;1;;;;
03/07/2020;16:40:00;249;com vítima;58;BR-040/RJ;Norte;Atropelamento - Pedestre;2;;1;;;1;;;;;2;1;;;1
03/07/2020;17:05:00;250;sem vítima;96;BR-040/RJ;Sul;Choque - Objeto Fixo;1;;;;;;;;;;1;;;;
03/07/2020;17:07:00;253;com vítima;109;BR-040/RJ;Sul;Colisão Lateral;;1;1;;;;;;;;1;;1;;
03/07/2020;17:14:00;254;sem vítima;81;BR-040/RJ;Sul;Choque - Objeto Fixo;1;;;;;;;;;;1;;;;
03/07/2020;17:42:00;258;com vítima;121;BR-040/RJ;Norte;Colisão Traseira;2;;;;;;;;;;1;2;;;
03/07/2020;18:51:00;267;sem vítima;87;BR-040/RJ;Norte;Choque - Objeto Fixo;1;;;;;;;;;;1;;;;
03/07/2020;19:15:00;271;com vítima;114;BR-040/RJ;Norte;Colisão Traseira;1;1;;;;;;;;;1;1;;;
03/07/2020;19:31:00;274;sem vítima;91;BR-040/RJ;Norte;Choque - Objeto Fixo;1;;;;;;;;;;1;;;;
03/07/2020;20:18:00;279;sem vítima;88;BR-040/RJ;Norte;Choque - Objeto Fixo;1;;;;;;;;;;1;;;;
03/07/2020;21:20:00;281;sem vítima;783;BR-040/MG;Norte;Choque - Objeto Fixo;1;;;;;;;;;;1;;;;
04/07/2020;10:40:00;317;com vítima;120;BR-040/RJ;Sul;Queda de Moto;;;;1;;;;;;;0;2;;;
04/07/2020;16:23:00;346;sem vítima;101;BR-040/RJ;Norte;Colisão Lateral;1;;1;;;;;;;;2;;;;
04/07/2020;17:55:00;359;sem vítima;15;BR-040/RJ;Norte;Engavetamento;1;;2;;;;;;;;3;;;;
04/07/2020;18:55:00;365;com vítima;111;BR-040/RJ;Sul;Choque - Objeto Fixo;1;;;;;;;;;;0;1;;;
04/07/2020;22:46:00;381;com vítima;117;BR-040/RJ;Norte;Colisão Traseira;2;;;;;;;;;;0;3;;;
05/07/2020;03:02:00;387;sem vítima;812;BR-040/MG;Norte;Atropelamento - Animal;1;;;;;;;;;;1;;;;
05/07/2020;07:49:00;394;sem vítima;109;BR-040/RJ;Norte;Choque - Objeto Fixo;1;;;;;;;;;;1;;;;
05/07/2020;07:56:00;395;sem vítima;78;BR-040/RJ;Sul;Capotamento;1;;;;;;;;;;1;;;;
05/07/2020;12:29:00;415;sem vítima;78;BR-040/RJ;Sul;Choque - Objeto Fixo;1;;;;;;;;;;1;;;;
05/07/2020;20:13:00;459;com vítima;96;BR-040/RJ;Sul;Choque - Objeto Fixo;;;1;;;1;;;;;1;1;;;
06/07/2020;01:05:00;469;com vítima;100;BR-040/RJ;Sul;Queda de Moto;;;;1;;;;;;;0;1;1;;
06/07/2020;01:34:00;470;sem vítima;103;BR-040/RJ;Sul;Saída de Pista;1;;;;;;;;;;1;;;;
06/07/2020;08:10:00;485;com vítima;46;BR-040/RJ;Norte;Colisão Traseira;2;;;;;;;;;;0;5;;;
06/07/2020;15:17:00;528;com vítima;84;BR-040/RJ;Norte;Queda de Moto;;;;1;;;;;;;0;2;;;
06/07/2020;15:41:00;531;com vítima;117;BR-040/RJ;Sul;Colisão Traseira;2;1;;;;;;;;;2;1;;;
06/07/2020;21:42:00;561;com vítima;72;BR-040/RJ;Norte;Choque - Objeto Fixo;;;1;;;;;;;;0;1;;1;
07/07/2020;16:13:00;634;com vítima;90;BR-040/RJ;Norte;Colisão Lateral;1;;1;;;;;;;;1;1;;;
08/07/2020;01:43:00;669;sem vítima;121;BR-040/RJ;Sul;Choque - Objeto Fixo;1;;;;;;;;;;1;;;;
08/07/2020;07:35:00;682;com vítima;113;BR-040/RJ;Sul;Colisão Lateral;1;;1;;;;;;;;1;1;;;
08/07/2020;11:26:00;707;sem vítima;45;BR-040/RJ;Sul;Colisão Traseira;2;;;;;;;;;;2;;;;
08/07/2020;12:22:00;716;com vítima;105;BR-040/RJ;Norte;Colisão Lateral;1;;;1;;;;;;;1;1;;;
08/07/2020;14:22:00;729;sem vítima;120;BR-040/RJ;Norte;Colisão Lateral;1;;1;;;;;;;;2;;;;
08/07/2020;14:40:00;732;com vítima;53;BR-040/RJ;Sul;Atropelamento - Pedestre;1;;;;;1;;;;;0;2;1;;
08/07/2020;17:37:00;755;com vítima;123;BR-040/RJ;Norte;Queda de Moto;;;;1;;;;;;;0;1;;;
08/07/2020;19:15:00;768;sem vítima;116;BR-040/RJ;Norte;Engavetamento;2;;1;;;;;;;;3;;;;
08/07/2020;19:32:00;771;sem vítima;118;BR-040/RJ;Norte;Colisão Lateral;1;;;1;;;;;;;2;;;;
08/07/2020;22:00:00;784;com vítima;78;BR-040/RJ;Sul;Choque - Objeto Fixo;1;;;;;;;;;;0;1;;;
09/07/2020;08:25:00;810;sem vítima;102;BR-040/RJ;Sul;Colisão Traseira;;;2;;;;;;;;2;;;;
09/07/2020;17:16:00;859;sem vítima;88;BR-040/RJ;Norte;Choque - Objeto Fixo;1;;;;;;;;;;1;;;;
09/07/2020;17:19:00;860;sem vítima;112;BR-040/RJ;Norte;Colisão Traseira;2;;;;;;;;;;2;;;;
09/07/2020;21:02:00;886;sem vítima;93;BR-040/RJ;Sul;Choque - Objeto Fixo;1;;;;;;;;;;1;;;;
09/07/2020;21:47:00;890;sem vítima;91;BR-040/RJ;Norte;Choque - Objeto Fixo;1;;;;;;;;;;1;;;;
10/07/2020;05:10:00;912;com vítima;113;BR-040/RJ;Norte;Capotamento;1;;;;;;;;;;0;2;1;1;
10/07/2020;06:19:00;917;com vítima;124;BR-040/RJ;Norte;Colisão Lateral;2;;;;;;;;;;1;1;1;;
10/07/2020;06:35:00;918;sem vítima;92;BR-040/RJ;Sul;Choque - Objeto Fixo;1;;;;;;;;;;1;;;;
10/07/2020;08:06:00;930;sem vítima;86;BR-040/RJ;Norte;Choque - Objeto Fixo;1;;;;;;;;;;1;;;;
10/07/2020;08:37:00;932;com vítima;88;BR-040/RJ;Norte;Choque - Objeto Fixo;1;;;;;;;;;;0;1;;;
10/07/2020;08:37:00;935;com vítima;88;BR-040/RJ;Norte;Choque - Objeto Fixo;1;;;;;;;;;;0;1;;;
10/07/2020;17:36:00;995;com vítima;75;BR-040/RJ;Norte;Colisão Frontal;2;;;;;;;;;;0;2;1;;
10/07/2020;20:00:00;1009;sem vítima;111;BR-040/RJ;Norte;Colisão Traseira;3;;;;;;;;;;3;;;;
10/07/2020;21:37:00;1014;com vítima;79;BR-040/RJ;Sul;Choque - Objeto Fixo;1;;;;;;;;;;0;1;1;;
11/07/2020;01:31:00;1019;sem vítima;121;BR-040/RJ;Sul;Colisão Lateral;2;;;;;;;;;;2;;;;
11/07/2020;11:06:00;1047;sem vítima;123;BR-040/RJ;Sul;Colisão Traseira;1;;;;;1;;;;;2;;;;
11/07/2020;11:26:00;1050;com vítima;31;BR-040/RJ;Sul;Queda de Moto;;;;1;;;;;;;0;;;1;
11/07/2020;19:12:00;1097;com vítima;113;BR-040/RJ;Norte;Engavetamento;4;;;;;;;;;;0;6;2;;
12/07/2020;02:12:00;1117;com vítima;112;BR-040/RJ;Sul;Capotamento;1;;;;;;;;;;0;;1;;
12/07/2020;04:11:00;1120;com vítima;105;BR-040/RJ;Sul;Choque - Objeto Fixo;1;;;;;;;;;;0;3;;;
12/07/2020;04:29:00;1121;sem vítima;781;BR-040/MG;Norte;Choque - Objeto Fixo;1;;;;;;;;;;1;;;;
12/07/2020;16:24:00;1169;com vítima;75;BR-040/RJ;Sul;Colisão Traseira;2;;;;;;;;;;0;6;;;
13/07/2020;00:02:00;1197;com vítima;105;BR-040/RJ;Norte;Capotamento;1;;;;;;;;;;0;4;;;
13/07/2020;07:51:00;1215;com vítima;108;BR-040/RJ;Sul;Colisão Traseira;1;;;1;;;;;;;1;2;;;
13/07/2020;08:26:00;1219;sem vítima;777;BR-040/MG;Sul;Colisão Lateral;1;1;;;;;;;;;2;;;;
13/07/2020;09:34:00;1227;com vítima;101;BR-040/RJ;Norte;Engavetamento;3;;;;1;;;;;;3;1;;;
13/07/2020;12:10:00;1243;com vítima;92;BR-040/RJ;Sul;Queda de Moto;;;;1;;;;;;;0;1;;;
13/07/2020;13:42:00;1253;sem vítima;799;BR-040/MG;Sul;Choque - Objeto Fixo;1;;;;;;;;;;1;;;;
13/07/2020;15:33:00;1264;com vítima;119;BR-040/RJ;Sul;Queda de Moto;;;;1;;;;;;;0;1;;;
13/07/2020;15:40:00;1266;com vítima;21;BR-040/RJ;Norte;Tombamento;;;1;;;;;;;;0;1;;;
13/07/2020;18:44:00;1288;com vítima;91;BR-040/RJ;Norte;Queda de Moto;;;;1;;;;;;;0;1;;;
14/07/2020;06:59:00;1327;sem vítima;120;BR-040/RJ;Sul;Colisão Lateral;1;;;1;;;;;;;2;;;;
14/07/2020;07:49:00;1335;com vítima;114;BR-040/RJ;Sul;Colisão Traseira;1;;1;;;;;;;;1;1;;;
14/07/2020;12:08:00;1349;sem vítima;780;BR-040/MG;Sul;Choque - Objeto Fixo;2;;;;;;;;;;2;;;;
14/07/2020;14:27:00;1357;sem vítima;108;BR-040/RJ;Norte;Choque - Objeto Fixo;1;;;;;;;;;;1;;;;
14/07/2020;16:12:00;1369;sem vítima;0;BR-040/RJ;Sul;Choque - Objeto Fixo;1;;;;;;;;;;1;;;;
14/07/2020;18:46:00;1378;sem vítima;117;BR-040/RJ;Sul;Choque - Objeto Fixo;1;;;;;;;;;;1;;;;
14/07/2020;18:51:00;1381;sem vítima;92;BR-040/RJ;Norte;Choque - Objeto Fixo;1;;;;;1;;;;;2;;;;
14/07/2020;19:28:00;1387;sem vítima;86;BR-040/RJ;Norte;Choque - Objeto Fixo;1;;;;;;;;;;1;;;;
14/07/2020;20:46:00;1393;sem vítima;91;BR-040/RJ;Sul;Choque - Objeto Fixo;1;;;;;;;;;;1;;;;
15/07/2020;06:29:00;1413;sem vítima;94;BR-040/RJ;Sul;Choque - Objeto Fixo;1;;;;;;;;;;1;;;;
15/07/2020;06:35:00;1414;sem vítima;109;BR-040/RJ;Sul;Engavetamento;4;;;;;;;;;;4;;;;
15/07/2020;06:46:00;1415;sem vítima;7;BR-040/RJ;Sul;Choque - Objeto Fixo;1;;;;;;;;;;1;;;;
15/07/2020;06:58:00;1417;com vítima;801;BR-040/MG;Norte;Choque - Objeto Fixo;1;;;;;;;;;;0;4;;;
15/07/2020;07:37:00;1420;sem vítima;72;BR-040/RJ;Norte;Choque - Objeto Fixo;1;;;;;;;;;;1;;;;
15/07/2020;10:02:00;1435;sem vítima;85;BR-040/RJ;Norte;Choque - Objeto Fixo;1;;;;;;;;;;1;;;;
15/07/2020;10:18:00;1439;com vítima;784;BR-040/MG;Norte;Capotamento;1;;;;;;;;;;0;2;;;
15/07/2020;10:47:00;1442;sem vítima;91;BR-040/RJ;Norte;Choque - Objeto Fixo;1;;;;;;;;;;1;;;;
15/07/2020;12:46:00;1450;sem vítima;92;BR-040/RJ;Sul;Choque - Objeto Fixo;1;;;;;;;;;;1;;;;
15/07/2020;15:25:00;1460;sem vítima;78;BR-040/RJ;Sul;Choque - Objeto Fixo;1;;;;;;;;;;1;;;;
15/07/2020;15:47:00;1466;sem vítima;84;BR-040/RJ;Sul;Choque - Objeto Fixo;1;;;;;;;;;;1;;;;
15/07/2020;17:23:00;1475;sem vítima;93;BR-040/RJ;Sul;Choque - Objeto Fixo;1;;;;;;;;;;1;;;;
15/07/2020;17:30:00;1476;com vítima;804;BR-040/MG;Sul;Colisão Traseira;1;;;1;;;;;;;1;2;;;
15/07/2020;18:46:00;1482;sem vítima;117;BR-040/RJ;Norte;Engavetamento;3;;;;;;;;;;3;;;;
15/07/2020;20:38:00;1485;sem vítima;114;BR-040/RJ;Sul;Colisão Traseira;2;;;;;;;;;;2;;;;
16/07/2020;03:10:00;1502;com vítima;93;BR-040/RJ;Sul;Saída de Pista;;;1;;;;;;;;0;1;1;;
16/07/2020;05:05:00;1506;sem vítima;125;BR-040/RJ;Norte;Colisão Lateral;2;;;;;;;;;;2;;;;
16/07/2020;07:34:00;1514;sem vítima;84;BR-040/RJ;Norte;Choque - Objeto Fixo;1;;;;;;;;;;1;;;;
16/07/2020;08:47:00;1521;sem vítima;104;BR-040/RJ;Norte;Choque - Objeto Fixo;1;;;;;;;;;;1;;;;
16/07/2020;18:01:00;1579;sem vítima;122;BR-040/RJ;Norte;Colisão Traseira;1;;;;;1;;;;;2;;;;
16/07/2020;20:18:00;1588;com vítima;54;BR-040/RJ;Norte;Queda de Moto;;;;1;;;;;;;0;;2;;
17/07/2020;06:47:00;1620;com vítima;121;BR-040/RJ;Sul;Engavetamento;4;;;;;;;;;;1;4;;;
17/07/2020;07:07:00;1625;com vítima;122;BR-040/RJ;Sul;Colisão Lateral;1;;;1;;;;;;;1;1;;;
17/07/2020;07:34:00;1630;com vítima;784;BR-040/MG;Sul;Queda de Moto;;;;1;;;;;;;0;1;;;
17/07/2020;07:34:00;1631;com vítima;122;BR-040/RJ;Sul;Queda de Moto;;;;1;;;;;;;0;1;;;
17/07/2020;11:53:00;1647;com vítima;104;BR-040/RJ;Norte;Colisão Transversal;1;;1;;;;;;;;1;1;;;
17/07/2020;18:32:00;1689;sem vítima;110;BR-040/RJ;Norte;Colisão Traseira;2;;;;;;;;;;2;;;;
17/07/2020;22:35:00;1705;com vítima;80;BR-040/RJ;Sul;Queda de Moto;;;;1;;;;;;;0;;1;;
17/07/2020;22:45:00;1706;sem vítima;111;BR-040/RJ;Sul;Colisão Traseira;2;;;;;;;;;;2;;;;
18/07/2020;07:46:00;1726;com vítima;783;BR-040/MG;Norte;Capotamento;1;;;;;;;;;;0;2;;;
18/07/2020;15:43:00;1773;sem vítima;112;BR-040/RJ;Norte;Colisão Traseira;2;;;;;;;;;;2;;;;
18/07/2020;18:59:00;1790;sem vítima;84;BR-040/RJ;Sul;Choque - Objeto Fixo;1;;;;;;;;;;1;;;;
18/07/2020;21:09:00;1801;sem vítima;116;BR-040/RJ;Norte;Colisão Traseira;1;;;;;1;;;;;2;;;;
19/07/2020;06:15:00;1815;sem vítima;784;BR-040/MG;Norte;Choque - Objeto Fixo;1;;;;;;;;;;1;;;;
19/07/2020;09:55:00;1825;sem vítima;112;BR-040/RJ;Norte;Choque - Objeto Fixo;1;;;;;;;;;;1;;;;
19/07/2020;11:45:00;1835;com vítima;99;BR-040/RJ;Sul;Queda de Moto;;;;1;;;;;;;0;;2;;
19/07/2020;20:46:00;1889;com vítima;105;BR-040/RJ;Sul;Atropelamento - Pedestre;1;;;;;1;;;;;1;;;1;
19/07/2020;21:24:00;1890;sem vítima;87;BR-040/RJ;Norte;Choque - Objeto Fixo;1;;;;;;;;;;1;;;;
20/07/2020;19:28:00;1990;com vítima;79;BR-040/RJ;Sul;Choque - Objeto Fixo;1;;;;;;;;;;0;5;;;
21/07/2020;01:29:00;2008;com vítima;114;BR-040/RJ;Norte;Capotamento;1;;;;;;;;;;0;4;;;
21/07/2020;04:51:00;2014;com vítima;73;BR-040/RJ;Sul;Colisão Traseira;1;;1;;;;;;;;0;2;1;;1
21/07/2020;09:33:00;2035;sem vítima;13;BR-040/RJ;Sul;Choque - Objeto Fixo;1;;;;;;;;;;1;;;;
21/07/2020;09:56:00;2037;sem vítima;77;BR-040/RJ;Sul;Choque - Objeto Fixo;1;;;;;;;;;;1;;;;
21/07/2020;11:29:00;2046;sem vítima;123;BR-040/RJ;Sul;Colisão Traseira;2;;;;;;;;;;2;;;;
21/07/2020;12:09:00;2050;sem vítima;85;BR-040/RJ;Sul;Colisão Lateral;1;;1;;;;;;;;2;;;;
21/07/2020;12:47:00;2058;com vítima;109;BR-040/RJ;Sul;Engavetamento;2;;;1;;;;;;;2;1;;;
21/07/2020;15:54:00;2079;com vítima;39;BR-040/RJ;Sul;Capotamento;1;;;;;;;;;;0;;1;;
22/07/2020;05:53:00;2138;sem vítima;114;BR-040/RJ;Norte;Colisão Traseira;1;;1;;;;;;;;2;;;;
22/07/2020;07:08:00;2148;sem vítima;117;BR-040/RJ;Norte;Colisão Lateral;1;;;1;;;;;;;2;;;;
22/07/2020;09:39:00;2158;sem vítima;87;BR-040/RJ;Norte;Choque - Objeto Fixo;1;;;;;;;;;;1;;;;
22/07/2020;16:06:00;2203;com vítima;84;BR-040/RJ;Norte;Capotamento;1;;;;;;;;;;0;1;;;
22/07/2020;16:19:00;2205;sem vítima;122;BR-040/RJ;Norte;Colisão Traseira;2;;;;;;;;;;2;;;;
22/07/2020;16:50:00;2211;sem vítima;25;BR-040/RJ;Norte;Atropelamento - Animal;1;;;;;;;;;;1;;;;
22/07/2020;18:19:00;2222;com vítima;93;BR-040/RJ;Sul;Choque - Objeto Fixo;1;;;;;;;;;;0;1;;;
22/07/2020;19:18:00;2231;com vítima;83;BR-040/RJ;Norte;Choque - Objeto Fixo;1;;;;;;;;;;0;2;;;
23/07/2020;01:33:00;2257;sem vítima;111;BR-040/RJ;Sul;Choque - Objeto Fixo;1;;;;;;;;;;1;;;;
23/07/2020;06:53:00;2273;sem vítima;124;BR-040/RJ;Sul;Colisão Traseira;2;;;;;;;;;;2;;;;
23/07/2020;13:05:00;2307;com vítima;7;BR-040/RJ;Norte;Colisão Frontal;2;;;;;;;;;;0;3;;;
23/07/2020;20:55:00;2339;sem vítima;104;BR-040/RJ;Norte;Colisão Transversal;;1;;1;;;;;;;2;;;;
24/07/2020;08:19:00;2365;com vítima;110;BR-040/RJ;Sul;Colisão Lateral;1;;;1;;;;;;;1;1;;;
24/07/2020;10:49:00;2376;sem vítima;105;BR-040/RJ;Norte;Colisão Traseira;2;;;;;;;;;;2;;;;
24/07/2020;15:47:00;2410;com vítima;102;BR-040/RJ;Norte;Queda de Moto;;;;1;;;;;;;0;2;;;
24/07/2020;18:57:00;2431;com vítima;122;BR-040/RJ;Norte;Queda de Moto;;;;1;;;;;;;0;1;;;
24/07/2020;22:12:00;2444;com vítima;103;BR-040/RJ;Norte;Capotamento;3;;;;;;;;;;1;3;;;
24/07/2020;23:32:00;2448;sem vítima;784;BR-040/MG;Norte;Atropelamento - Animal;1;;;;;;;;;;1;;;;
25/07/2020;05:18:00;2456;sem vítima;118;BR-040/RJ;Sul;Colisão Lateral;2;;;;;;;;;;2;;;;
25/07/2020;06:49:00;2461;com vítima;119;BR-040/RJ;Sul;Queda de Moto;;;;1;;;;;;;0;1;;;
25/07/2020;07:55:00;2467;com vítima;123;BR-040/RJ;Norte;Colisão Lateral;1;1;;;;;;;;;1;1;;;
25/07/2020;16:51:00;2519;sem vítima;118;BR-040/RJ;Norte;Choque - Objeto Fixo;1;;;;;;;;;;1;;;;
25/07/2020;21:45:00;2540;com vítima;117;BR-040/RJ;Norte;Capotamento;1;;1;;;;;;;;1;1;;;
26/07/2020;01:05:00;2551;sem vítima;62;BR-040/RJ;Sul;Choque - Objeto Fixo;1;;;;;;;;;;1;;;;
26/07/2020;04:53:00;2559;sem vítima;66;BR-040/RJ;Sul;Atropelamento - Animal;1;;;;;;;;;;1;;;;
26/07/2020;07:49:00;2569;sem vítima;78;BR-040/RJ;Sul;Choque - Objeto Fixo;1;;;;;;;;;;1;;;;
26/07/2020;17:42:00;2626;com vítima;110;BR-040/RJ;Sul;Colisão Traseira;1;;;1;;;;;;;1;1;;;
27/07/2020;05:47:00;2675;com vítima;115;BR-040/RJ;Norte;Colisão Traseira;1;;1;;;;;;;;1;;1;;
27/07/2020;05:58:00;2677;sem vítima;116;BR-040/RJ;Sul;Engavetamento;7;;;;;;;;;;7;;;;
27/07/2020;08:35:00;2695;sem vítima;113;BR-040/RJ;Sul;Engavetamento;3;;;;;;;;;;3;;;;
27/07/2020;09:08:00;2698;sem vítima;113;BR-040/RJ;Norte;Choque - Objeto Fixo;1;;;;;;;;;;1;;;;
27/07/2020;09:29:00;2705;sem vítima;123;BR-040/RJ;Sul;Colisão Lateral;1;;1;;;;;;;;2;;;;
27/07/2020;12:18:00;2724;com vítima;122;BR-040/RJ;Sul;Engavetamento;3;;;;;;;;;;1;2;;;
27/07/2020;17:57:00;2763;sem vítima;105;BR-040/RJ;Sul;Colisão Traseira;1;;;;;1;;;;;2;;;;
28/07/2020;01:15:00;2792;com vítima;63;BR-040/RJ;Sul;Capotamento;1;;;;;;;;;;0;1;;;
28/07/2020;12:45:00;2829;sem vítima;780;BR-040/MG;Norte;Colisão Traseira;2;;;;;;;;;;2;;;;
28/07/2020;14:33:00;2835;sem vítima;92;BR-040/RJ;Norte;Colisão Traseira;1;;;;;1;;;;;2;;;;
28/07/2020;18:30:00;2861;com vítima;122;BR-040/RJ;Sul;Colisão Traseira;1;;;;1;;;;;;1;1;;;
28/07/2020;21:51:00;2880;com vítima;24;BR-040/RJ;Norte;Tombamento;;;1;;;1;;;;;1;1;;;
29/07/2020;06:21:00;2898;com vítima;97;BR-040/RJ;Sul;Tombamento;;;1;;;1;;;;;1;;;;1
29/07/2020;07:26:00;2906;sem vítima;120;BR-040/RJ;Norte;Colisão Traseira;1;;1;;;;;;;;2;;;;
29/07/2020;07:52:00;2909;sem vítima;96;BR-040/RJ;Norte;Tombamento;1;;;;;;;;;;1;;;;
29/07/2020;08:38:00;2913;sem vítima;82;BR-040/RJ;Sul;Choque - Objeto Fixo;1;;;;;;;;;;1;;;;
29/07/2020;09:24:00;2922;sem vítima;112;BR-040/RJ;Sul;Engavetamento;4;;;;;;;;;;4;;;;
29/07/2020;11:27:00;2935;sem vítima;87;BR-040/RJ;Norte;Colisão Traseira;1;;;;;;;;;;1;;;;
29/07/2020;11:27:00;2936;sem vítima;87;BR-040/RJ;Norte;Choque - Objeto Fixo;1;;;;;;;;;;1;;;;