data;horario;n_da_ocorrencia;tipo_de_ocorrencia;km;trecho;sentido;tipo_de_acidente;automovel;bicicleta;caminhao;moto;onibus;outros;tracao_animal;transporte_de_cargas_especiais;trator_maquinas;utilitarios;ilesos;levemente_feridos;moderadamente_feridos;gravemente_feridos;mortos
22/08/2020;13:32:00;2480;AC02 - Acidente com VITIMA;75;BR-040/RJ;RJ;Choque - Objeto Fixo;1;;;;;;;;;;0;2;;;
22/08/2020;14:26:00;2489;AC03 - Acidente sem VITIMA;90;BR-040/RJ;RJ;Choque - Objeto Fixo;1;;;;;;;;;;1;;;;
22/08/2020;16:46:00;2510;AC02 - Acidente com VITIMA;69;BR-040/RJ;JF;Capotamento;1;;;;;;;;;;0;1;;;
22/08/2020;17:28:00;2514;AC03 - Acidente sem VITIMA;95;BR-040/RJ;RJ;Choque - Objeto Fixo;1;;;;;;;;;;1;;;;
22/08/2020;19:45:00;2527;AC03 - Acidente sem VITIMA;92;BR-040/RJ;RJ;Choque - Objeto Fixo;1;;;;;;;;;;1;;;;
23/08/2020;05:33:00;2549;AC03 - Acidente sem VITIMA;57;BR-040/RJ;RJ;Choque - Objeto Fixo;1;;;;;;;;;;1;;;;
23/08/2020;06:19:00;2551;AC03 - Acidente sem VITIMA;77;BR-040/RJ;RJ;Capotamento;1;;;;;;;;;;1;;;;
23/08/2020;06:33:00;2553;AC04 - Atropelamento;122;BR-040/RJ;JF;Colisão Traseira;2;;;1;;;;;;;2;;;1;
23/08/2020;22:05:00;2627;AC03 - Acidente sem VITIMA;105;BR-040/RJ;JF;Choque - Objeto Fixo;2;;;;;;;;;;2;;;;
23/08/2020;23:37:00;2632;AC02 - Acidente com VITIMA;93;BR-040/RJ;RJ;Tombamento;;;1;;;1;;;;;1;1;;;
24/08/2020;01:13:00;2637;AC01 - Acidente com VITIMA FATAL;112;BR-040/RJ;JF;Queda de Moto;;;;1;;;;;;;0;;;;1
24/08/2020;03:48:00;2645;AC02 - Acidente com VITIMA;115;BR-040/RJ;RJ;Saída de Pista;1;;;;;;;;;;0;2;;;
24/08/2020;07:47:00;2659;AC02 - Acidente com VITIMA;113;BR-040/RJ;RJ;Colisão Traseira;1;1;;;;;;;;;1;1;;;
24/08/2020;08:19:00;2662;AC03 - Acidente sem VITIMA;72;BR-040/RJ;JF;Choque - Objeto Fixo;1;;;;;;;;;;1;;;;
24/08/2020;17:55:00;2721;AC02 - Acidente com VITIMA;116;BR-040/RJ;RJ;Queda de Moto;;;;1;;;;;;;0;;1;1;
24/08/2020;22:49:00;2741;AC03 - Acidente sem VITIMA;90;BR-040/RJ;RJ;Saída de Pista;1;;;;;;;;;;1;;;;
24/08/2020;23:51:00;2747;AC03 - Acidente sem VITIMA;775;BR-040/MG;JF;Atropelamento - Animal;1;;;;;;;;;;1;;;;
24/08/2020;23:56:00;2748;AC03 - Acidente sem VITIMA;775;BR-040/MG;JF;Atropelamento - Animal;1;;;;;;;;;;1;;;;
25/08/2020;01:54:00;2750;AC03 - Acidente sem VITIMA;97;BR-040/RJ;RJ;Choque - Objeto Fixo;1;;;;;;;;;;1;;;;
25/08/2020;05:50:00;2757;AC03 - Acidente sem VITIMA;99;BR-040/RJ;JF;Choque - Objeto Fixo;;;1;;;;;;;;1;;;;
25/08/2020;11:46:00;2790;AC02 - Acidente com VITIMA;124;BR-040/RJ;JF;Colisão Lateral;1;;1;;;;;;;;1;3;;;
25/08/2020;12:00:00;2796;AC03 - Acidente sem VITIMA;124;BR-040/RJ;RJ;Colisão Traseira;1;;1;;;;;;;;2;;;;
26/08/2020;19:29:00;2941;AC03 - Acidente sem VITIMA;798;BR-040/MG;RJ;Colisão Traseira;1;;;;;1;;;;;2;;;;
27/08/2020;07:45:00;2977;AC02 - Acidente com VITIMA;119;BR-040/RJ;RJ;Colisão Traseira;1;;;1;;;;;;;1;;1;;
27/08/2020;08:59:00;2990;AC02 - Acidente com VITIMA;122;BR-040/RJ;RJ;Colisão Traseira;1;;;1;;;;;;;1;1;;;
27/08/2020;10:46:00;3002;AC03 - Acidente sem VITIMA;781;BR-040/MG;RJ;Choque - Objeto Fixo;;;1;;;;;;;;1;;;;
27/08/2020;13:13:00;3015;AC03 - Acidente sem VITIMA;97;BR-040/RJ;JF;Colisão Transversal;2;;;;;;;;;;2;;;;
27/08/2020;15:53:00;3040;AC02 - Acidente com VITIMA;83;BR-040/RJ;JF;Choque - Objeto Fixo;1;;;;;;;;;;0;4;;;
28/08/2020;05:51:00;3092;AC02 - Acidente com VITIMA;815;BR-040/MG;RJ;Colisão Traseira;;;;2;;;;;;;1;;1;;
28/08/2020;06:07:00;3094;AC02 - Acidente com VITIMA;123;BR-040/RJ;RJ;Colisão Lateral;2;;;1;;;;;;;2;;1;;
28/08/2020;07:47:00;3105;AC02 - Acidente com VITIMA;821;BR-040/MG;JF;Tombamento;;;1;;;;;;;;0;1;;;
28/08/2020;08:22:00;3111;AC03 - Acidente sem VITIMA;123;BR-040/RJ;RJ;Colisão Lateral;2;;;;1;;;;;;3;;;;
28/08/2020;11:43:00;3134;AC03 - Acidente sem VITIMA;87;BR-040/RJ;RJ;Choque - Objeto Fixo;;;1;;;;;;;;1;;;;
28/08/2020;12:26:00;3144;AC03 - Acidente sem VITIMA;89;BR-040/RJ;JF;Choque - Objeto Fixo;1;;;;;;;;;;1;;;;
28/08/2020;22:50:00;3223;AC03 - Acidente sem VITIMA;114;BR-040/RJ;RJ;Choque - Objeto Fixo;1;;;;;;;;;;1;;;;
28/08/2020;23:49:00;3230;AC02 - Acidente com VITIMA;85;BR-040/RJ;RJ;Choque - Objeto Fixo;;;1;;;;;;;;0;1;1;;
29/08/2020;07:56:00;3262;AC03 - Acidente sem VITIMA;0;BR-040/RJ;JF;Choque - Objeto Fixo;1;;;;;;;;;;1;;;;
29/08/2020;12:33:00;3291;AC03 - Acidente sem VITIMA;109;BR-040/RJ;JF;Colisão Traseira;1;;;;;1;;;;;2;;;;
29/08/2020;19:08:00;3331;AC02 - Acidente com VITIMA;774;BR-040/MG;RJ;Colisão Frontal;2;;;;;;;;;;1;;1;;
29/08/2020;20:08:00;3341;AC03 - Acidente sem VITIMA;807;BR-040/MG;JF;Atropelamento - Animal;1;;;;;;;;;;1;;;;
29/08/2020;20:09:00;3342;AC02 - Acidente com VITIMA;807;BR-040/MG;JF;Capotamento;1;;;;;;;;;;0;1;;;
29/08/2020;20:19:00;3346;AC03 - Acidente sem VITIMA;807;BR-040/MG;JF;Atropelamento - Animal;1;;;;;;;;;;1;;;;
29/08/2020;21:06:00;3347;AC03 - Acidente sem VITIMA;785;BR-040/MG;RJ;Colisão Lateral;1;;;;;2;;;;;3;;;;
29/08/2020;22:18:00;3352;AC03 - Acidente sem VITIMA;101;BR-040/RJ;JF;Colisão Lateral;1;;;;;;;;;;1;;;;
30/08/2020;00:58:00;3360;AC02 - Acidente com VITIMA;84;BR-040/RJ;JF;Choque - Objeto Fixo;1;;;;;;;;;;0;1;;;
30/08/2020;04:08:00;3367;AC02 - Acidente com VITIMA;113;BR-040/RJ;RJ;Capotamento;1;;;;;;;;;;0;;1;;
30/08/2020;15:27:00;3418;AC03 - Acidente sem VITIMA;108;BR-040/RJ;JF;Colisão Frontal;2;;;;;;;;;;2;;;;
30/08/2020;15:47:00;3422;AC03 - Acidente sem VITIMA;117;BR-040/RJ;RJ;Colisão Traseira;2;;;;;;;;;;2;;;;
30/08/2020;18:26:00;3445;AC02 - Acidente com VITIMA;26;BR-040/RJ;RJ;Colisão Traseira;2;;;;;;;;;;0;2;;;
30/08/2020;19:06:00;3451;AC02 - Acidente com VITIMA;113;BR-040/RJ;RJ;Queda de Moto;;;;1;;;;;;;0;;1;;
30/08/2020;23:31:00;3472;AC03 - Acidente sem VITIMA;37;BR-040/RJ;RJ;Colisão Traseira;;;2;;;;;;;;2;;;;
31/08/2020;07:08:00;3494;AC02 - Acidente com VITIMA;116;BR-040/RJ;RJ;Colisão Lateral;1;;1;;;;;;;;1;1;;;
31/08/2020;15:36:00;3551;AC03 - Acidente sem VITIMA;119;BR-040/RJ;JF;Colisão Lateral;;;;1;;1;;;;;2;;;;
01/09/2020;06:16:00;18;AC03 - Acidente sem VITIMA;120;BR-040/RJ;JF;Choque - Objeto Fixo;;;1;;;;;;;;1;;;;
01/09/2020;15:31:00;76;AC03 - Acidente sem VITIMA;82;BR-040/RJ;RJ;Choque - Objeto Fixo;1;;;;;;;;;;1;;;;
01/09/2020;16:17:00;81;AC03 - Acidente sem VITIMA;92;BR-040/RJ;RJ;Choque - Objeto Fixo;1;;;;;;;;;;1;;;;
01/09/2020;16:53:00;83;AC03 - Acidente sem VITIMA;93;BR-040/RJ;RJ;Choque - Objeto Fixo;;;;;;;;;;1;1;;;;
02/09/2020;06:35:00;124;AC02 - Acidente com VITIMA;97;BR-040/RJ;RJ;Tombamento;;;1;;;;;;;;0;;1;;
02/09/2020;07:59:00;133;AC02 - Acidente com VITIMA;72;BR-040/RJ;JF;Capotamento;1;;;;;;;;;;0;;1;;
02/09/2020;09:25:00;146;AC05 - Atropelamento Fatal;107;BR-040/RJ;RJ;Atropelamento - Pedestre;1;;;;;1;;;;;1;;;;1
02/09/2020;12:15:00;165;AC02 - Acidente com VITIMA;825;BR-040/MG;JF;Capotamento;1;;;;;;;;;;0;1;;;
02/09/2020;15:26:00;186;AC03 - Acidente sem VITIMA;89;BR-040/RJ;JF;Choque - Objeto Fixo;1;;;;;;;;;;1;;;;
02/09/2020;18:07:00;203;AC02 - Acidente com VITIMA;101;BR-040/RJ;JF;Queda de Moto;;;;1;;;;;;;0;1;;;
02/09/2020;19:30:00;212;AC02 - Acidente com VITIMA;113;BR-040/RJ;JF;Colisão Lateral;;;;2;;;;;;;1;1;;;
02/09/2020;22:32:00;223;AC02 - Acidente com VITIMA;73;BR-040/RJ;JF;Tombamento;;;1;;;1;;;;;1;;2;;
03/09/2020;07:34:00;247;AC02 - Acidente com VITIMA;108;BR-040/RJ;RJ;Queda de Moto;;;;1;;;;;;;0;1;1;;
03/09/2020;09:57:00;260;AC03 - Acidente sem VITIMA;98;BR-040/RJ;JF;Choque - Objeto Fixo;1;;;;;;;;;;1;;;;
03/09/2020;12:02:00;271;AC02 - Acidente com VITIMA;65;BR-040/RJ;RJ;Choque - Objeto Fixo;1;;;;;;;;;;0;1;;;
03/09/2020;18:55:00;322;AC03 - Acidente sem VITIMA;114;BR-040/RJ;JF;Colisão Traseira;1;;;;;1;;;;;2;;;;
03/09/2020;22:45:00;346;AC02 - Acidente com VITIMA;786;BR-040/MG;JF;Atropelamento - Animal;1;;;;;;;;;;0;;1;;
03/09/2020;23:12:00;348;AC03 - Acidente sem VITIMA;785;BR-040/MG;JF;Atropelamento - Animal;1;;;;;;;;;;1;;;;
04/09/2020;05:43:00;357;AC02 - Acidente com VITIMA;117;BR-040/RJ;RJ;Colisão Lateral;;;1;1;;;;;;;1;1;;;
04/09/2020;07:15:00;364;AC02 - Acidente com VITIMA;123;BR-040/RJ;RJ;Colisão Lateral;2;;;;;;;;;;1;1;;;
04/09/2020;14:26:00;422;AC03 - Acidente sem VITIMA;91;BR-040/RJ;JF;Colisão Traseira;2;;;;;;;;;;2;;;;
04/09/2020;15:13:00;431;AC03 - Acidente sem VITIMA;18;BR-040/RJ;RJ;Saída de Pista;1;;;;;;;;;;1;;;;
04/09/2020;17:49:00;465;AC03 - Acidente sem VITIMA;82;BR-040/RJ;JF;Colisão Lateral;2;;;;;;;;;;2;;;;
04/09/2020;18:41:00;478;AC02 - Acidente com VITIMA;112;BR-040/RJ;JF;Engavetamento;3;;;;;;;;;;2;3;;;
04/09/2020;20:41:00;495;AC03 - Acidente sem VITIMA;118;BR-040/RJ;JF;Engavetamento;3;;;;;;;;;;3;;;;
04/09/2020;21:29:00;504;AC02 - Acidente com VITIMA;124;BR-040/RJ;JF;Colisão Traseira;3;;;;;;;;;;2;;3;;
05/09/2020;01:29:00;519;AC03 - Acidente sem VITIMA;96;BR-040/RJ;JF;Choque - Objeto Fixo;1;;;;;;;;;;1;;;;
05/09/2020;02:19:00;521;AC03 - Acidente sem VITIMA;98;BR-040/RJ;RJ;Atropelamento - Animal;1;;;;;;;;;;1;;;;
05/09/2020;03:38:00;527;AC03 - Acidente sem VITIMA;112;BR-040/RJ;JF;Choque - Objeto Fixo;1;;;;;;;;;;1;;;;
05/09/2020;04:15:00;530;AC02 - Acidente com VITIMA;822;BR-040/MG;RJ;Atropelamento - Animal;1;;;;;;;;;;0;1;;;
05/09/2020;06:11:00;537;AC01 - Acidente com VITIMA FATAL;61;BR-040/RJ;JF;Colisão Traseira;1;;1;;;;;;;;0;1;1;;3
05/09/2020;08:10:00;545;AC02 - Acidente com VITIMA;53;BR-040/RJ;RJ;Capotamento;1;;;;;;;;;;0;3;;;
05/09/2020;14:45:00;594;AC02 - Acidente com VITIMA;27;BR-040/RJ;RJ;Capotamento;1;;;;;;;;;;0;;;1;
05/09/2020;16:48:00;613;AC03 - Acidente sem VITIMA;84;BR-040/RJ;JF;Colisão Traseira;2;;;;;;;;;;2;;;;
06/09/2020;06:44:00;669;AC03 - Acidente sem VITIMA;92;BR-040/RJ;RJ;Choque - Objeto Fixo;1;;;;;;;;;;1;;;;
06/09/2020;08:56:00;679;AC02 - Acidente com VITIMA;112;BR-040/RJ;JF;Colisão Traseira;1;;;1;;1;;;;;2;1;;;
06/09/2020;10:17:00;686;AC02 - Acidente com VITIMA;118;BR-040/RJ;RJ;Queda de Moto;;;;1;;;;;;;0;2;;;
06/09/2020;21:02:00;747;AC03 - Acidente sem VITIMA;124;BR-040/RJ;RJ;Choque - Objeto Fixo;1;;;;;;;;;;1;;;;
06/09/2020;23:03:00;752;AC02 - Acidente com VITIMA;779;BR-040/MG;JF;Saída de Pista;1;;;;;;;;;;0;1;;;
07/09/2020;04:24:00;764;AC03 - Acidente sem VITIMA;800;BR-040/MG;JF;Saída de Pista;1;;;;;;;;;;1;;;;
07/09/2020;07:09:00;770;AC02 - Acidente com VITIMA;84;BR-040/RJ;RJ;Derrapagem;;;;1;;;;;;;0;2;;;
07/09/2020;07:09:00;776;AC02 - Acidente com VITIMA;84;BR-040/RJ;RJ;Derrapagem;;;;1;;;;;;;0;2;;;
07/09/2020;10:24:00;792;AC03 - Acidente sem VITIMA;118;BR-040/RJ;RJ;Choque - Objeto Fixo;1;;;;;;;;;;1;;;;
07/09/2020;11:54:00;796;AC03 - Acidente sem VITIMA;124;BR-040/RJ;RJ;Colisão Traseira;2;;;;;;;;;;2;;;;
07/09/2020;13:39:00;812;AC03 - Acidente sem VITIMA;89;BR-040/RJ;JF;Colisão Lateral;2;;;;;;;;;;2;;;;
07/09/2020;18:30:00;863;AC03 - Acidente sem VITIMA;82;BR-040/RJ;JF;Choque - Objeto Fixo;1;;;;;;;;;;1;;;;
07/09/2020;19:22:00;869;AC03 - Acidente sem VITIMA;106;BR-040/RJ;RJ;Choque - Objeto Fixo;1;;;;;;;;;;1;;;;
07/09/2020;21:36:00;883;AC03 - Acidente sem VITIMA;122;BR-040/RJ;RJ;Queda de Moto;;;;1;;;;;;;1;;;;
07/09/2020;22:28:00;888;AC03 - Acidente sem VITIMA;120;BR-040/RJ;RJ;Colisão Traseira;2;;;;;;;;;;2;;;;
08/09/2020;07:30:00;916;AC02 - Acidente com VITIMA;86;BR-040/RJ;JF;Queda de Moto;;;;1;;;;;;;0;1;;;
08/09/2020;10:30:00;934;AC03 - Acidente sem VITIMA;105;BR-040/RJ;JF;Colisão Lateral;1;;1;;;;;;;;2;;;;
08/09/2020;13:03:00;952;AC02 - Acidente com VITIMA;84;BR-040/RJ;RJ;Capotamento;1;;;;;;;;;;0;4;;;
08/09/2020;17:30:00;993;AC03 - Acidente sem VITIMA;91;BR-040/RJ;JF;Colisão Lateral;2;;;;;;;;;;2;;;;
08/09/2020;18:37:00;1002;AC02 - Acidente com VITIMA;777;BR-040/MG;JF;Colisão Lateral;;1;1;;;;;;;;0;1;1;;
08/09/2020;18:48:00;1003;AC03 - Acidente sem VITIMA;123;BR-040/RJ;JF;Colisão Lateral;1;;1;;;;;;;;2;;;;
08/09/2020;20:43:00;1010;AC02 - Acidente com VITIMA;114;BR-040/RJ;RJ;Colisão Traseira;;;1;1;;;;;;;1;1;;;
08/09/2020;21:30:00;1014;AC02 - Acidente com VITIMA;51;BR-040/RJ;RJ;Colisão Traseira;1;;1;;;;;;;;0;2;1;;
09/09/2020;05:38:00;1038;AC02 - Acidente com VITIMA;81;BR-040/RJ;RJ;Saída de Pista;;;1;;;;;;;;0;2;;;
09/09/2020;10:54:00;1082;AC03 - Acidente sem VITIMA;84;BR-040/RJ;RJ;Choque - Objeto Fixo;1;;;;;;;;;;1;;;;
09/09/2020;12:28:00;1097;AC03 - Acidente sem VITIMA;115;BR-040/RJ;RJ;Colisão Lateral;1;;1;;;;;;;;2;;;;
09/09/2020;13:46:00;1101;AC03 - Acidente sem VITIMA;72;BR-040/RJ;JF;Choque - Objeto Fixo;1;;;;;;;;;;1;;;;
09/09/2020;15:57:00;1116;AC02 - Acidente com VITIMA;803;BR-040/MG;JF;Tombamento;;;1;;;;;;;;0;2;;;
09/09/2020;17:07:00;1121;AC03 - Acidente sem VITIMA;112;BR-040/RJ;JF;Choque - Objeto Fixo;;;;;;1;;;;;1;;;;
10/09/2020;18:38:00;1257;AC02 - Acidente com VITIMA;110;BR-040/RJ;JF;Colisão Traseira;1;;;;;1;;;;;1;2;;;
10/09/2020;21:51:00;1271;AC03 - Acidente sem VITIMA;72;BR-040/RJ;RJ;Colisão Traseira;;;2;;;;;;;;2;;;;
11/09/2020;06:38:00;1287;AC02 - Acidente com VITIMA;89;BR-040/RJ;JF;Capotamento;1;;;;;;;;;;0;2;;;
11/09/2020;09:33:00;1309;AC03 - Acidente sem VITIMA;123;BR-040/RJ;RJ;Engavetamento;3;;2;;;;;;;;5;;;;
11/09/2020;10:22:00;1317;AC02 - Acidente com VITIMA;119;BR-040/RJ;RJ;Queda de Moto;;;;1;;;;;;;0;2;;;
11/09/2020;13:23:00;1342;AC02 - Acidente com VITIMA;96;BR-040/RJ;JF;Tombamento;;;1;;;2;;;;;2;1;;;
11/09/2020;17:23:00;1376;AC03 - Acidente sem VITIMA;115;BR-040/RJ;JF;Colisão Traseira;2;;;;;;;;;;2;;;;
11/09/2020;18:13:00;1384;AC02 - Acidente com VITIMA;87;BR-040/RJ;RJ;Choque - Objeto Fixo;;;1;;;1;;;;;1;;1;;
11/09/2020;19:42:00;1393;AC03 - Acidente sem VITIMA;44;BR-040/RJ;JF;Choque - Objeto Fixo;1;;;;;;;;;;1;;;;
12/09/2020;04:05:00;1424;AC03 - Acidente sem VITIMA;96;BR-040/RJ;RJ;Choque - Objeto Fixo;1;;;;;;;;;;1;;;;
12/09/2020;06:27:00;1428;AC03 - Acidente sem VITIMA;76;BR-040/RJ;RJ;Choque - Objeto Fixo;1;;;;;;;;;;1;;;;
12/09/2020;08:03:00;1438;AC02 - Acidente com VITIMA;105;BR-040/RJ;JF;Colisão Lateral;;1;1;;;;;;;;1;;1;;
12/09/2020;15:26:00;1497;AC03 - Acidente sem VITIMA;803;BR-040/MG;JF;Colisão Traseira;;;2;;;;;;;;2;;;;
12/09/2020;16:25:00;1508;AC03 - Acidente sem VITIMA;116;BR-040/RJ;JF;Colisão Lateral;2;;;;;;;;;;2;;;;
12/09/2020;16:57:00;1513;AC03 - Acidente sem VITIMA;110;BR-040/RJ;RJ;Choque - Objeto Fixo;1;;;;;;;;;;1;;;;
12/09/2020;19:30:00;1534;AC03 - Acidente sem VITIMA;96;BR-040/RJ;JF;Choque - Objeto Fixo;1;;;;;;;;;;1;;;;
12/09/2020;20:22:00;1540;AC03 - Acidente sem VITIMA;790;BR-040/MG;RJ;Colisão Traseira;1;;;;;1;;;;;2;;;;
13/09/2020;02:27:00;1559;AC03 - Acidente sem VITIMA;117;BR-040/RJ;RJ;Saída de Pista;1;;;;;;;;;;1;;;;
13/09/2020;11:08:00;1600;AC02 - Acidente com VITIMA;90;BR-040/RJ;RJ;Queda de Moto;;;;1;;;;;;;0;;1;;
14/09/2020;08:16:00;1696;AC02 - Acidente com VITIMA;15;BR-040/RJ;JF;Queda de Moto;;;;1;;;;;;;0;;1;;
14/09/2020;10:46:00;1720;AC03 - Acidente sem VITIMA;124;BR-040/RJ;RJ;Colisão Lateral;1;;1;;;;;;;;2;;;;
14/09/2020;16:03:00;1762;AC03 - Acidente sem VITIMA;39;BR-040/RJ;RJ;Choque - Objeto Fixo;;;1;;;;;;;;1;;;;
14/09/2020;18:00:00;1777;AC02 - Acidente com VITIMA;65;BR-040/RJ;JF;Queda de Moto;;;;1;;;;;;;0;1;;;
14/09/2020;18:54:00;1783;AC02 - Acidente com VITIMA;114;BR-040/RJ;JF;Colisão Traseira;1;;;1;;;;;;;1;1;;;
14/09/2020;20:15:00;1792;AC02 - Acidente com VITIMA;41;BR-040/RJ;JF;Colisão Traseira;2;;;;;;;;;;0;3;;;
14/09/2020;22:42:00;1801;AC02 - Acidente com VITIMA;28;BR-040/RJ;RJ;Choque - Objeto Fixo;2;;;;;;;;;;1;4;;;
15/09/2020;00:25:00;1806;AC03 - Acidente sem VITIMA;778;BR-040/MG;JF;Colisão Lateral;1;;1;;;;;;;;2;;;;
15/09/2020;03:42:00;1817;AC03 - Acidente sem VITIMA;93;BR-040/RJ;RJ;Saída de Pista;1;;;;;;;;;;1;;;;
15/09/2020;05:49:00;1822;AC03 - Acidente sem VITIMA;83;BR-040/RJ;RJ;Choque - Objeto Fixo;1;;;;;;;;;;1;;;;
15/09/2020;08:43:00;1838;AC03 - Acidente sem VITIMA;91;BR-040/RJ;RJ;Choque - Objeto Fixo;1;;;;;;;;;;1;;;;
15/09/2020;09:11:00;1842;AC02 - Acidente com VITIMA;94;BR-040/RJ;JF;Choque - Objeto Fixo;1;;;;;;;;;;0;2;1;;
15/09/2020;09:12:00;1843;AC03 - Acidente sem VITIMA;93;BR-040/RJ;RJ;Choque - Objeto Fixo;1;;;;;;;;;;1;;;;
15/09/2020;09:52:00;1854;AC02 - Acidente com VITIMA;94;BR-040/RJ;RJ;Capotamento;1;;;;;;;;;;0;1;;;
15/09/2020;11:50:00;1871;AC03 - Acidente sem VITIMA;90;BR-040/RJ;RJ;Colisão Traseira;2;;;;;;;;;;2;;;;
15/09/2020;11:59:00;1873;AC02 - Acidente com VITIMA;80;BR-040/RJ;RJ;Choque - Objeto Fixo;1;;;;;;;;;;0;3;;;
15/09/2020;11:50:00;1877;AC03 - Acidente sem VITIMA;90;BR-040/RJ;RJ;Choque - Objeto Fixo;1;;;;;;;;;;1;;;;
15/09/2020;11:50:00;1878;AC03 - Acidente sem VITIMA;90;BR-040/RJ;RJ;Colisão Traseira;2;;;;;;;;;;2;;;;
15/09/2020;12:42:00;1879;AC03 - Acidente sem VITIMA;91;BR-040/RJ;RJ;Choque - Objeto Fixo;1;;;;;;;;;;1;;;;
15/09/2020;12:43:00;1880;AC03 - Acidente sem VITIMA;91;BR-040/RJ;RJ;Choque - Objeto Fixo;1;;;;;;;;;;1;;;;
15/09/2020;12:54:00;1882;AC03 - Acidente sem VITIMA;85;BR-040/RJ;JF;Choque - Objeto Fixo;1;;;;;;;;;;1;;;;
15/09/2020;13:44:00;1887;AC03 - Acidente sem VITIMA;91;BR-040/RJ;RJ;Choque - Objeto Fixo;1;;;;;;;;;;1;;;;
15/09/2020;14:50:00;1894;AC03 - Acidente sem VITIMA;78;BR-040/RJ;RJ;Choque - Objeto Fixo;1;;;;;;;;;;1;;;;
15/09/2020;16:00:00;1902;AC02 - Acidente com VITIMA;92;BR-040/RJ;RJ;Capotamento;1;;;;;;;;;;0;1;;;
15/09/2020;16:15:00;1905;AC02 - Acidente com VITIMA;91;BR-040/RJ;RJ;Capotamento;1;;;;;;;;;;0;3;1;;
15/09/2020;16:44:00;1908;AC03 - Acidente sem VITIMA;69;BR-040/RJ;JF;Choque - Objeto Fixo;1;;;;;;;;;;1;;;;
16/09/2020;07:58:00;1945;AC03 - Acidente sem VITIMA;118;BR-040/RJ;RJ;Colisão Lateral;1;;1;;;;;;;;2;;;;
17/09/2020;06:20:00;2050;AC02 - Acidente com VITIMA;118;BR-040/RJ;RJ;Colisão Lateral;;;1;1;;;;;;;1;;1;;
17/09/2020;06:41:00;2051;AC02 - Acidente com VITIMA;801;BR-040/MG;JF;Queda de Moto;;;;1;;;;;;;0;2;;;
17/09/2020;12:00:00;2072;AC02 - Acidente com VITIMA;47;BR-040/RJ;RJ;Choque - Objeto Fixo;1;;;;;;;;;;0;3;;;
17/09/2020;17:25:00;2104;AC02 - Acidente com VITIMA;780;BR-040/MG;JF;Tombamento;;;1;;;1;;;;;1;1;;;
18/09/2020;00:20:00;2142;AC03 - Acidente sem VITIMA;28;BR-040/RJ;JF;Saída de Pista;1;;;;;;;;;;1;;;;
18/09/2020;11:19:00;2192;AC03 - Acidente sem VITIMA;92;BR-040/RJ;JF;Queda de Moto;1;;;;;;;;;;1;;;;
18/09/2020;12:56:00;2207;AC02 - Acidente com VITIMA;121;BR-040/RJ;RJ;Colisão Traseira;2;;;;;;;;;;1;1;;;
18/09/2020;16:52:00;2244;AC02 - Acidente com VITIMA;787;BR-040/MG;JF;Tombamento;;;1;;;1;;;;;1;;;1;
18/09/2020;20:49:00;2265;AC03 - Acidente sem VITIMA;113;BR-040/RJ;JF;Colisão Traseira;2;;;;;;;;;;2;;;;
18/09/2020;22:26:00;2272;AC02 - Acidente com VITIMA;111;BR-040/RJ;JF;Capotamento;1;;;;;;;;;;0;2;;;
19/09/2020;08:55:00;2297;AC02 - Acidente com VITIMA;94;BR-040/RJ;JF;Choque - Objeto Fixo;1;;;;;;;;;;0;1;;;
19/09/2020;17:27:00;2356;AC03 - Acidente sem VITIMA;123;BR-040/RJ;RJ;Choque - Objeto Fixo;1;;;;;;;;;;1;;;;
19/09/2020;20:15:00;2367;AC03 - Acidente sem VITIMA;91;BR-040/RJ;JF;Choque - Objeto Fixo;1;;;;;;;;;;1;;;;
20/09/2020;00:02:00;2380;AC03 - Acidente sem VITIMA;95;BR-040/RJ;JF;Choque - Objeto Fixo;1;;;;;;;;;;1;;;;
20/09/2020;06:35:00;2398;AC03 - Acidente sem VITIMA;56;BR-040/RJ;JF;Choque - Objeto Fixo;1;;;;;;;;;;1;;;;
20/09/2020;08:39:00;2418;AC03 - Acidente sem VITIMA;78;BR-040/RJ;RJ;Choque - Objeto Fixo;1;;;;;;;;;;1;;;;
20/09/2020;09:27:00;2423;AC03 - Acidente sem VITIMA;802;BR-040/MG;RJ;Choque - Objeto Fixo;1;;;;;;;;;;1;;;;
20/09/2020;09:58:00;2426;AC02 - Acidente com VITIMA;92;BR-040/RJ;RJ;Choque - Objeto Fixo;1;;;;;;;;;;0;4;;;
20/09/2020;09:58:00;2427;AC03 - Acidente sem VITIMA;93;BR-040/RJ;RJ;Choque - Objeto Fixo;1;;;;;;;;;;1;;;;
20/09/2020;12:25:00;2439;AC03 - Acidente sem VITIMA;81;BR-040/RJ;RJ;Capotamento;1;;;;;;;;;;1;;;;
20/09/2020;13:04:00;2444;AC03 - Acidente sem VITIMA;118;BR-040/RJ;JF;Choque - Objeto Fixo;1;;;;;;;;;;1;;;;
20/09/2020;13:37:00;2447;AC03 - Acidente sem VITIMA;113;BR-040/RJ;JF;Colisão Traseira;2;;;;;;;;;;2;;;;
20/09/2020;13:49:00;2451;AC03 - Acidente sem VITIMA;85;BR-040/RJ;JF;Choque - Objeto Fixo;1;;;;;;;;;;1;;;;
20/09/2020;13:50:00;2452;AC03 - Acidente sem VITIMA;84;BR-040/RJ;RJ;Choque - Objeto Fixo;1;;;;;;;;;;1;;;;