data;horario;n_da_ocorrencia;tipo_de_ocorrencia;km;trecho;sentido;tipo_de_acidente;automovel;bicicleta;caminhao;moto;onibus;outros;tracao_animal;transporte_de_cargas_especiais;trator_maquinas;utilitarios;ilesos;levemente_feridos;moderadamente_feridos;gravemente_feridos;mortos
09/10/2020;13:05:00;1193;AC03 - Acidente sem VITIMA;90;BR-040/RJ;JF;Choque - Objeto Fixo;1;;;;;;;;;;1;;;;
09/10/2020;13:31:00;1197;AC03 - Acidente sem VITIMA;90;BR-040/RJ;RJ;Choque - Objeto Fixo;1;;;;;;;;;;1;;;;
09/10/2020;13:31:00;1198;AC03 - Acidente sem VITIMA;90;BR-040/RJ;RJ;Choque - Objeto Fixo;1;;;;;;;;;;1;;;;
09/10/2020;14:00:00;1200;AC03 - Acidente sem VITIMA;94;BR-040/RJ;RJ;Choque - Objeto Fixo;1;;;;;;;;;;1;;;;
09/10/2020;14:02:00;1201;AC03 - Acidente sem VITIMA;98;BR-040/RJ;JF;Colisão Lateral;1;;1;;;;;;;;2;;;;
09/10/2020;14:48:00;1206;AC02 - Acidente com VITIMA;78;BR-040/RJ;RJ;Capotamento;1;;;;;;;;;;0;4;;;
09/10/2020;15:55:00;1212;AC02 - Acidente com VITIMA;114;BR-040/RJ;JF;Colisão Traseira;2;;;;;;;;;;1;;1;;
09/10/2020;15:57:00;1213;AC02 - Acidente com VITIMA;817;BR-040/MG;JF;Saída de Pista;1;;;;;;;;;;0;1;;;
09/10/2020;17:12:00;1221;AC02 - Acidente com VITIMA;4;BR-040/RJ;RJ;Capotamento;1;;;;;;;;;;0;;1;;
09/10/2020;16:54:00;1222;AC03 - Acidente sem VITIMA;824;BR-040/MG;RJ;Choque - Objeto Fixo;1;;;;;;;;;;1;;;;
09/10/2020;17:50:00;1225;AC02 - Acidente com VITIMA;91;BR-040/RJ;JF;Queda de Moto;;;;1;;;;;;;0;1;;;
09/10/2020;21:30:00;1258;AC02 - Acidente com VITIMA;815;BR-040/MG;RJ;Choque - Objeto Fixo;2;;;;;;;;;;1;1;;;
09/10/2020;21:55:00;1262;AC02 - Acidente com VITIMA;78;BR-040/RJ;RJ;Choque - Objeto Fixo;1;;;;;;;;;;0;1;1;;
09/10/2020;22:37:00;1263;AC03 - Acidente sem VITIMA;93;BR-040/RJ;RJ;Choque - Objeto Fixo;1;;;;;;;;;;1;;;;
09/10/2020;23:14:00;1268;AC03 - Acidente sem VITIMA;94;BR-040/RJ;RJ;Choque - Objeto Fixo;1;;;;;;;;;;1;;;;
10/10/2020;01:32:00;1275;AC03 - Acidente sem VITIMA;2;BR-040/RJ;RJ;Colisão Lateral;1;;;;;;;;;;1;;;;
10/10/2020;03:19:00;1282;AC02 - Acidente com VITIMA;89;BR-040/RJ;RJ;Capotamento;1;;;;;;;;;;0;3;2;;
10/10/2020;09:24:00;1315;AC03 - Acidente sem VITIMA;93;BR-040/RJ;RJ;Choque - Objeto Fixo;1;;;;;;;;;;1;;;;
10/10/2020;09:24:00;1316;AC03 - Acidente sem VITIMA;92;BR-040/RJ;RJ;Choque - Objeto Fixo;1;;;;;;;;;;1;;;;
10/10/2020;09:35:00;1319;AC03 - Acidente sem VITIMA;90;BR-040/RJ;JF;Choque - Objeto Fixo;1;;;;;;;;;;1;;;;
10/10/2020;09:47:00;1323;AC02 - Acidente com VITIMA;90;BR-040/RJ;RJ;Colisão Traseira;2;;;;;1;;;;;1;3;;;
10/10/2020;09:58:00;1324;AC02 - Acidente com VITIMA;90;BR-040/RJ;RJ;Choque - Objeto Fixo;1;;;;;;;;;;0;;;1;
10/10/2020;10:07:00;1325;AC03 - Acidente sem VITIMA;75;BR-040/RJ;RJ;Choque - Objeto Fixo;1;;;;;;;;;;1;;;;
10/10/2020;10:00:00;1327;AC03 - Acidente sem VITIMA;91;BR-040/RJ;JF;Colisão Lateral;1;;;;1;;;;;;2;;;;
10/10/2020;10:18:00;1329;AC03 - Acidente sem VITIMA;82;BR-040/RJ;RJ;Choque - Objeto Fixo;1;;;;;;;;;;1;;;;
10/10/2020;10:26:00;1331;AC03 - Acidente sem VITIMA;85;BR-040/RJ;RJ;Choque - Objeto Fixo;1;;;;;;;;;;1;;;;
10/10/2020;10:30:00;1332;AC03 - Acidente sem VITIMA;82;BR-040/RJ;RJ;Choque - Objeto Fixo;1;;;;;;;;;;1;;;;
10/10/2020;13:02:00;1347;AC03 - Acidente sem VITIMA;91;BR-040/RJ;JF;Choque - Objeto Fixo;1;;;;;;;;;;1;;;;
10/10/2020;13:13:00;1349;AC03 - Acidente sem VITIMA;84;BR-040/RJ;RJ;Choque - Objeto Fixo;1;;;;;;;;;;1;;;;
10/10/2020;13:57:00;1357;AC03 - Acidente sem VITIMA;93;BR-040/RJ;JF;Choque - Objeto Fixo;1;;;;;;;;;;1;;;;
10/10/2020;14:10:00;1358;AC03 - Acidente sem VITIMA;87;BR-040/RJ;RJ;Choque - Objeto Fixo;1;;;;;;;;;;1;;;;
10/10/2020;15:08:00;1364;AC03 - Acidente sem VITIMA;91;BR-040/RJ;JF;Choque - Objeto Fixo;1;;;;;;;;;;1;;;;
10/10/2020;15:09:00;1366;AC03 - Acidente sem VITIMA;92;BR-040/RJ;RJ;Saída de Pista;1;;;;;;;;;;1;;;;
10/10/2020;15:48:00;1373;AC03 - Acidente sem VITIMA;84;BR-040/RJ;JF;Choque - Objeto Fixo;1;;;;;;;;;;1;;;;
10/10/2020;16:11:00;1378;AC03 - Acidente sem VITIMA;82;BR-040/RJ;RJ;Choque - Objeto Fixo;1;;;;;;;;;;1;;;;
10/10/2020;16:45:00;1385;AC03 - Acidente sem VITIMA;92;BR-040/RJ;RJ;Choque - Objeto Fixo;1;;;;;;;;;;1;;;;
10/10/2020;16:46:00;1386;AC02 - Acidente com VITIMA;75;BR-040/RJ;RJ;Choque - Objeto Fixo;1;;;;;;;;;;0;1;;;
10/10/2020;17:04:00;1388;AC03 - Acidente sem VITIMA;76;BR-040/RJ;RJ;Choque - Objeto Fixo;1;;;;;;;;;;1;;;;
10/10/2020;17:08:00;1389;AC03 - Acidente sem VITIMA;93;BR-040/RJ;RJ;Choque - Objeto Fixo;1;;;;;;;;;;1;;;;
10/10/2020;17:43:00;1394;AC02 - Acidente com VITIMA;68;BR-040/RJ;JF;Choque - Objeto Fixo;1;;;;;1;;;;;1;3;;;
10/10/2020;17:51:00;1395;AC02 - Acidente com VITIMA;90;BR-040/RJ;RJ;Saída de Pista;1;;;;;;;;;;0;1;;;
10/10/2020;19:22:00;1404;AC02 - Acidente com VITIMA;92;BR-040/RJ;RJ;Choque - Objeto Fixo;1;;;;;;;;;;0;2;;;
10/10/2020;19:33:00;1407;AC03 - Acidente sem VITIMA;84;BR-040/RJ;JF;Choque - Objeto Fixo;1;;;;;;;;;;1;;;;
10/10/2020;19:55:00;1410;AC03 - Acidente sem VITIMA;91;BR-040/RJ;JF;Choque - Objeto Fixo;1;;;;;;;;;;1;;;;
10/10/2020;22:20:00;1421;AC02 - Acidente com VITIMA;778;BR-040/MG;JF;Capotamento;1;;;;;;;;;;0;1;;;
11/10/2020;00:41:00;1430;AC03 - Acidente sem VITIMA;75;BR-040/RJ;RJ;Choque - Objeto Fixo;1;;;;;;;;;;1;;;;
11/10/2020;12:35:00;1484;AC03 - Acidente sem VITIMA;105;BR-040/RJ;RJ;Colisão Traseira;2;;;;;;;;;;2;;;;
11/10/2020;14:34:00;1494;AC02 - Acidente com VITIMA;801;BR-040/MG;JF;Queda de Moto;;;;1;;;;;;;0;2;;;
11/10/2020;16:01:00;1504;AC02 - Acidente com VITIMA;98;BR-040/RJ;JF;Queda de Moto;;;;1;;;;;;;0;2;;;
11/10/2020;16:46:00;1509;AC02 - Acidente com VITIMA;120;BR-040/RJ;JF;Colisão Traseira;1;;;1;;;;;;;1;1;;;
11/10/2020;19:02:00;1521;AC02 - Acidente com VITIMA;7;BR-040/RJ;RJ;Queda de Moto;;;;1;;1;;;;;1;1;;;
11/10/2020;20:05:00;1528;AC02 - Acidente com VITIMA;61;BR-040/RJ;JF;Atropelamento - Animal;1;;;;;;;;;;0;2;;;
11/10/2020;21:49:00;1535;AC04 - Atropelamento;782;BR-040/MG;JF;Atropelamento - Pedestre;1;;;;;1;;;;;1;;1;;
12/10/2020;00:18:00;1548;AC02 - Acidente com VITIMA;56;BR-040/RJ;RJ;Choque - Objeto Fixo;1;;;;;;;;;;0;4;;;
12/10/2020;03:45:00;1562;AC03 - Acidente sem VITIMA;89;BR-040/RJ;JF;Saída de Pista;1;;;;;;;;;;1;;;;
12/10/2020;04:19:00;1564;AC02 - Acidente com VITIMA;85;BR-040/RJ;JF;Choque - Objeto Fixo;1;;;;;;;;;;0;2;1;;
12/10/2020;14:23:00;1607;AC02 - Acidente com VITIMA;32;BR-040/RJ;RJ;Queda de Moto;;;;1;;;;;;;0;1;;;
12/10/2020;20:49:00;1658;AC02 - Acidente com VITIMA;816;BR-040/MG;JF;Choque - Objeto Fixo;1;;;;;;;;;;0;3;2;;
13/10/2020;03:13:00;1682;AC02 - Acidente com VITIMA;781;BR-040/MG;JF;Atropelamento - Animal;1;;;;;;;;;;0;4;1;;
13/10/2020;08:20:00;1709;AC02 - Acidente com VITIMA;102;BR-040/RJ;RJ;Colisão Lateral;;;;1;;1;;;;;1;1;;;
13/10/2020;10:35:00;1727;AC03 - Acidente sem VITIMA;40;BR-040/RJ;JF;Colisão Traseira;1;;1;;;1;;;;;3;;;;
13/10/2020;11:30:00;1730;AC02 - Acidente com VITIMA;115;BR-040/RJ;JF;Queda de Moto;;;;1;;;;;;;0;1;;;
13/10/2020;12:32:00;1739;AC02 - Acidente com VITIMA;825;BR-040/MG;RJ;Choque - Objeto Fixo;1;;;;;;;;;;0;2;;;
13/10/2020;15:46:00;1762;AC02 - Acidente com VITIMA;55;BR-040/RJ;JF;Colisão Lateral;1;;1;;;;;;;;1;2;2;;
13/10/2020;16:46:00;1770;AC02 - Acidente com VITIMA;83;BR-040/RJ;JF;Queda de Moto;;;;1;;;;;;;0;;1;;
13/10/2020;16:57:00;1771;AC03 - Acidente sem VITIMA;123;BR-040/RJ;RJ;Colisão Lateral;1;;;1;;;;;;;2;;;;
13/10/2020;21:32:00;1801;AC02 - Acidente com VITIMA;118;BR-040/RJ;JF;Colisão Frontal;1;;;1;;;;;;;1;;1;;
14/10/2020;07:15:00;1832;AC02 - Acidente com VITIMA;1;BR-040/RJ;JF;Saída de Pista;1;;;;;;;;;;0;2;;;
14/10/2020;08:13:00;1839;AC03 - Acidente sem VITIMA;119;BR-040/RJ;RJ;Colisão Frontal;1;;;1;;;;;;;2;;;;
14/10/2020;09:37:00;1850;AC02 - Acidente com VITIMA;113;BR-040/RJ;JF;Queda de Moto;;;;1;;;;;;;0;1;;;
14/10/2020;12:26:00;1876;AC03 - Acidente sem VITIMA;122;BR-040/RJ;RJ;Engavetamento;4;;;;;;;;;;4;;;;
14/10/2020;14:44:00;1884;AC03 - Acidente sem VITIMA;102;BR-040/RJ;JF;Colisão Lateral;1;;1;;;;;;;;2;;;;
14/10/2020;18:31:00;1918;AC03 - Acidente sem VITIMA;124;BR-040/RJ;JF;Colisão Lateral;1;;1;;;;;;;;2;;;;
14/10/2020;19:10:00;1922;AC02 - Acidente com VITIMA;112;BR-040/RJ;JF;Colisão Lateral;1;;1;;;;;;;;1;1;;;
14/10/2020;20:57:00;1929;AC03 - Acidente sem VITIMA;96;BR-040/RJ;JF;Colisão Lateral;1;;1;;;;;;;;2;;;;
15/10/2020;06:26:00;1962;AC03 - Acidente sem VITIMA;91;BR-040/RJ;RJ;Choque - Objeto Fixo;1;;;;;;;;;;1;;;;
15/10/2020;07:29:00;1969;AC03 - Acidente sem VITIMA;86;BR-040/RJ;RJ;Choque - Objeto Fixo;1;;;;;;;;;;1;;;;
15/10/2020;07:20:00;1970;AC03 - Acidente sem VITIMA;90;BR-040/RJ;RJ;Choque - Objeto Fixo;1;;;;;;;;;;1;;;;
15/10/2020;07:59:00;1974;AC03 - Acidente sem VITIMA;92;BR-040/RJ;RJ;Choque - Objeto Fixo;1;;;;;;;;;;1;;;;
15/10/2020;09:29:00;1981;AC03 - Acidente sem VITIMA;94;BR-040/RJ;RJ;Choque - Objeto Fixo;1;;;;;;;;;;1;;;;
15/10/2020;10:05:00;1985;AC03 - Acidente sem VITIMA;90;BR-040/RJ;RJ;Saída de Pista;1;;;;;;;;;;1;;;;
15/10/2020;11:02:00;1996;AC03 - Acidente sem VITIMA;91;BR-040/RJ;JF;Derrapagem;1;;;;;;;;;;1;;;;
15/10/2020;11:02:00;1997;AC02 - Acidente com VITIMA;91;BR-040/RJ;RJ;Saída de Pista;1;;;;;;;;;;0;4;;;
15/10/2020;12:16:00;2003;AC03 - Acidente sem VITIMA;97;BR-040/RJ;RJ;Choque - Objeto Fixo;1;;;;;;;;;;1;;;;
15/10/2020;12:41:00;2008;AC03 - Acidente sem VITIMA;84;BR-040/RJ;JF;Choque - Objeto Fixo;1;;;;;;;;;;1;;;;
15/10/2020;12:52:00;2010;AC03 - Acidente sem VITIMA;93;BR-040/RJ;RJ;Capotamento;1;;;;;;;;;;1;;;;
15/10/2020;13:19:00;2013;AC01 - Acidente com VITIMA FATAL;774;BR-040/MG;RJ;Colisão Traseira;2;;;;;;;;;;0;1;;;1
15/10/2020;15:45:00;2024;AC03 - Acidente sem VITIMA;93;BR-040/RJ;RJ;Choque - Objeto Fixo;1;;;;;;;;;;1;;;;
15/10/2020;16:23:00;2030;AC03 - Acidente sem VITIMA;94;BR-040/RJ;RJ;Choque - Objeto Fixo;;;1;;;;;;;;1;;;;
15/10/2020;16:30:00;2033;AC03 - Acidente sem VITIMA;91;BR-040/RJ;JF;Choque - Objeto Fixo;1;;;;;;;;;;1;;;;
15/10/2020;17:16:00;2035;AC03 - Acidente sem VITIMA;85;BR-040/RJ;RJ;Choque - Objeto Fixo;1;;;;;;;;;;1;;;;
15/10/2020;17:45:00;2041;AC02 - Acidente com VITIMA;92;BR-040/RJ;RJ;Choque - Objeto Fixo;1;;;;;;;;;;0;2;;;
15/10/2020;18:20:00;2044;AC03 - Acidente sem VITIMA;97;BR-040/RJ;RJ;Choque - Objeto Fixo;1;;;;;;;;;;1;;;;
15/10/2020;18:30:00;2046;AC02 - Acidente com VITIMA;93;BR-040/RJ;RJ;Choque - Objeto Fixo;1;;;;;;;;;;0;1;;;
15/10/2020;22:52:00;2071;AC03 - Acidente sem VITIMA;80;BR-040/RJ;JF;Colisão Frontal;;;;;1;;;;;;1;;;;
16/10/2020;00:06:00;2075;AC02 - Acidente com VITIMA;782;BR-040/MG;RJ;Queda de Moto;;;1;1;;;;;;;1;1;;;
16/10/2020;06:58:00;2098;AC03 - Acidente sem VITIMA;123;BR-040/RJ;RJ;Colisão Traseira;2;;;;;;;;;;2;;;;
16/10/2020;08:01:00;2106;AC02 - Acidente com VITIMA;52;BR-040/RJ;RJ;Queda de Moto;;;;1;;;;;;;0;1;;;
16/10/2020;13:15:00;2143;AC02 - Acidente com VITIMA;81;BR-040/RJ;JF;Saída de Pista;1;;;;;;;;;;0;;2;;
16/10/2020;13:18:00;2144;AC03 - Acidente sem VITIMA;91;BR-040/RJ;RJ;Choque - Objeto Fixo;1;;;;;;;;;;1;;;;
16/10/2020;15:08:00;2152;AC02 - Acidente com VITIMA;92;BR-040/RJ;RJ;Capotamento;1;;;;;;;;;;0;2;;;
16/10/2020;15:41:00;2154;AC03 - Acidente sem VITIMA;91;BR-040/RJ;JF;Choque - Objeto Fixo;1;;;;;;;;;;1;;;;
16/10/2020;16:04:00;2156;AC02 - Acidente com VITIMA;90;BR-040/RJ;RJ;Saída de Pista;1;;;;;;;;;;0;1;;;
16/10/2020;16:18:00;2159;AC02 - Acidente com VITIMA;62;BR-040/RJ;JF;Queda de Moto;;;;1;;;;;;;0;;;1;
16/10/2020;16:31:00;2161;AC03 - Acidente sem VITIMA;61;BR-040/RJ;RJ;Colisão Lateral;2;;;;;;;;;;2;;;;
16/10/2020;16:39:00;2162;AC03 - Acidente sem VITIMA;100;BR-040/RJ;JF;Choque - Objeto Fixo;1;;;;;;;;;;1;;;;
16/10/2020;16:50:00;2163;AC03 - Acidente sem VITIMA;92;BR-040/RJ;RJ;Choque - Objeto Fixo;1;;;;;;;;;;1;;;;
16/10/2020;17:04:00;2167;AC03 - Acidente sem VITIMA;93;BR-040/RJ;RJ;Choque - Objeto Fixo;1;;;;;;;;;;1;;;;
16/10/2020;18:03:00;2179;AC03 - Acidente sem VITIMA;92;BR-040/RJ;RJ;Saída de Pista;1;;;;;;;;;;1;;;;
16/10/2020;18:31:00;2182;AC02 - Acidente com VITIMA;799;BR-040/MG;JF;Colisão Traseira;;;1;1;;;;;;;1;;;1;
16/10/2020;19:40:00;2189;AC03 - Acidente sem VITIMA;79;BR-040/RJ;RJ;Capotamento;1;;;;;;;;;;1;;;;
16/10/2020;19:45:00;2190;AC03 - Acidente sem VITIMA;91;BR-040/RJ;JF;Choque - Objeto Fixo;1;;;;;;;;;;1;;;;
16/10/2020;22:19:00;2200;AC02 - Acidente com VITIMA;77;BR-040/RJ;JF;Colisão Traseira;2;;;;;;;;;;0;4;;;
17/10/2020;07:43:00;2228;AC02 - Acidente com VITIMA;784;BR-040/MG;JF;Queda de Moto;;;;1;;;;;;;0;1;;;
17/10/2020;11:11:00;2240;AC02 - Acidente com VITIMA;75;BR-040/RJ;RJ;Queda de Moto;;;;1;;;;;;;0;1;;;
17/10/2020;17:38:00;2284;AC02 - Acidente com VITIMA;84;BR-040/RJ;RJ;Colisão Lateral;2;;;;;;;;;;0;4;;;
17/10/2020;17:39:00;2286;AC02 - Acidente com VITIMA;60;BR-040/RJ;RJ;Choque - Objeto Fixo;1;;;;;;;;;;0;1;;;
17/10/2020;18:45:00;2294;AC03 - Acidente sem VITIMA;114;BR-040/RJ;JF;Choque - Objeto Fixo;1;;;;;;;;;;1;;;;
17/10/2020;19:29:00;2298;AC02 - Acidente com VITIMA;116;BR-040/RJ;RJ;Queda de Moto;;;;1;;1;;;;;1;;1;;
17/10/2020;21:45:00;2308;AC03 - Acidente sem VITIMA;113;BR-040/RJ;JF;Engavetamento;3;;;;;;;;;;3;;;;
18/10/2020;00:34:00;2316;AC02 - Acidente com VITIMA;79;BR-040/RJ;RJ;Choque - Objeto Fixo;;;;;;;;;;1;0;3;;;
18/10/2020;07:24:00;2335;AC03 - Acidente sem VITIMA;2;BR-040/RJ;JF;Choque - Objeto Fixo;1;;;;;;;;;;1;;;;
18/10/2020;07:59:00;2340;AC03 - Acidente sem VITIMA;809;BR-040/MG;RJ;Choque - Objeto Fixo;1;;;;;;;;;;1;;;;
18/10/2020;08:05:00;2341;AC02 - Acidente com VITIMA;105;BR-040/RJ;JF;Colisão Lateral;1;1;;;;;;;;;1;;1;;
18/10/2020;08:08:00;2342;AC02 - Acidente com VITIMA;101;BR-040/RJ;JF;Queda de Moto;;;;1;;;;;;;0;1;1;;
18/10/2020;09:47:00;2352;AC02 - Acidente com VITIMA;793;BR-040/MG;JF;Colisão Traseira;1;;1;;;;;;;;1;1;1;;
18/10/2020;16:17:00;2370;AC02 - Acidente com VITIMA;98;BR-040/RJ;RJ;Choque - Objeto Fixo;;;;1;;;;;;;0;;1;;
19/10/2020;06:52:00;2411;AC03 - Acidente sem VITIMA;786;BR-040/MG;JF;Choque - Objeto Fixo;1;;;;;;;;;;1;;;;
19/10/2020;09:27:00;2433;AC03 - Acidente sem VITIMA;65;BR-040/RJ;RJ;Colisão Traseira;2;;;;;;;;;;2;;;;
19/10/2020;11:21:00;2439;AC03 - Acidente sem VITIMA;5;BR-040/RJ;RJ;Choque - Objeto Fixo;1;;;;;;;;;;1;;;;
19/10/2020;11:23:00;2441;AC02 - Acidente com VITIMA;791;BR-040/MG;RJ;Choque - Objeto Fixo;1;;;;;;;;;;0;5;;;
19/10/2020;13:18:00;2453;AC02 - Acidente com VITIMA;95;BR-040/RJ;RJ;Choque - Objeto Fixo;1;;;;;;;;;;0;2;;;
19/10/2020;14:46:00;2462;AC03 - Acidente sem VITIMA;124;BR-040/RJ;JF;Colisão Lateral;1;;;;;1;;;;;2;;;;
19/10/2020;15:09:00;2466;AC02 - Acidente com VITIMA;61;BR-040/RJ;RJ;Queda de Moto;;;;1;;;;;;;0;;;1;
19/10/2020;15:28:00;2472;AC03 - Acidente sem VITIMA;91;BR-040/RJ;JF;Choque - Objeto Fixo;1;;;;;;;;;;1;;;;
19/10/2020;17:57:00;2488;AC03 - Acidente sem VITIMA;90;BR-040/RJ;JF;Saída de Pista;1;;;;;;;;;;1;;;;
20/10/2020;04:51:00;2524;AC02 - Acidente com VITIMA;31;BR-040/RJ;JF;Tombamento;;;1;;;;;;;;0;1;;;
20/10/2020;06:30:00;2528;AC03 - Acidente sem VITIMA;91;BR-040/RJ;JF;Choque - Objeto Fixo;1;;;;;;;;;;1;;;;
20/10/2020;09:01:00;2545;AC02 - Acidente com VITIMA;123;BR-040/RJ;RJ;Colisão Traseira;1;;;1;;;;;;;1;1;1;;
20/10/2020;15:40:00;2590;AC03 - Acidente sem VITIMA;119;BR-040/RJ;JF;Engavetamento;1;;;;;2;;;;;3;;;;
20/10/2020;16:26:00;2594;AC02 - Acidente com VITIMA;780;BR-040/MG;RJ;Tombamento;;;1;;;2;;;;;2;;1;;
21/10/2020;08:35:00;2667;AC02 - Acidente com VITIMA;108;BR-040/RJ;JF;Queda de Moto;;;;1;;;;;;;0;1;;;
21/10/2020;10:35:00;2682;AC03 - Acidente sem VITIMA;806;BR-040/MG;JF;Choque - Objeto Fixo;1;;;;;;;;;;1;;;;
21/10/2020;17:01:00;2725;AC02 - Acidente com VITIMA;93;BR-040/RJ;RJ;Tombamento;1;;;;;;;;;;0;1;;;
21/10/2020;17:11:00;2728;AC02 - Acidente com VITIMA;82;BR-040/RJ;RJ;Choque - Objeto Fixo;1;;;;;;;;;;0;1;;;
21/10/2020;18:05:00;2736;AC03 - Acidente sem VITIMA;120;BR-040/RJ;JF;Colisão Traseira;2;;;;;;;;;;2;;;;
21/10/2020;18:25:00;2738;AC02 - Acidente com VITIMA;815;BR-040/MG;RJ;Choque - Objeto Fixo;1;;;;;;;;;;0;1;;;
21/10/2020;18:53:00;2741;AC03 - Acidente sem VITIMA;122;BR-040/RJ;JF;Colisão Traseira;2;;;;;;;;;;2;;;;
21/10/2020;19:28:00;2748;AC02 - Acidente com VITIMA;810;BR-040/MG;JF;Colisão Frontal;1;;;1;;;;;;;1;1;;;
21/10/2020;20:00:00;2752;AC02 - Acidente com VITIMA;123;BR-040/RJ;RJ;Colisão Lateral;2;;;;;;;;;;1;1;1;;
22/10/2020;05:33:00;2789;AC03 - Acidente sem VITIMA;789;BR-040/MG;RJ;Choque - Objeto Fixo;1;;;;;;;;;;1;;;;
22/10/2020;12:52:00;2824;AC03 - Acidente sem VITIMA;110;BR-040/RJ;JF;Engavetamento;2;;1;;;;;;;;3;;;;
22/10/2020;16:35:00;2856;AC02 - Acidente com VITIMA;96;BR-040/RJ;RJ;Tombamento;;;1;;;;;;;;0;;2;;
22/10/2020;16:51:00;2858;AC02 - Acidente com VITIMA;109;BR-040/RJ;JF;Colisão Lateral;1;;1;;;;;;;;1;1;;;
22/10/2020;16:51:00;2860;AC02 - Acidente com VITIMA;109;BR-040/RJ;JF;Queda de Moto;;;;1;;;;;;;0;1;;;
22/10/2020;18:31:00;2872;AC03 - Acidente sem VITIMA;113;BR-040/RJ;JF;Colisão Traseira;2;;;;;;;;;;2;;;;
23/10/2020;04:26:00;2910;AC03 - Acidente sem VITIMA;825;BR-040/MG;RJ;Choque - Objeto Fixo;1;;;;;;;;;;1;;;;
23/10/2020;09:05:00;2941;AC03 - Acidente sem VITIMA;45;BR-040/RJ;JF;Choque - Objeto Fixo;1;;;;;;;;;;1;;;;
23/10/2020;10:33:00;2948;AC03 - Acidente sem VITIMA;116;BR-040/RJ;JF;Colisão Traseira;1;;1;;;;;;;;2;;;;
23/10/2020;16:53:00;2996;AC02 - Acidente com VITIMA;122;BR-040/RJ;JF;Queda de Moto;;;;1;;;;;;;0;1;;;
23/10/2020;17:23:00;2999;AC02 - Acidente com VITIMA;102;BR-040/RJ;JF;Colisão Traseira;2;;;;;;;;;;1;1;;;
23/10/2020;18:28:00;3002;AC03 - Acidente sem VITIMA;113;BR-040/RJ;JF;Engavetamento;6;;;;;1;;;;;7;;;;
24/10/2020;11:22:00;3073;AC03 - Acidente sem VITIMA;11;BR-040/RJ;RJ;Choque - Objeto Fixo;1;;;;;;;;;;1;;;;
24/10/2020;13:58:00;3088;AC03 - Acidente sem VITIMA;79;BR-040/RJ;RJ;Choque - Objeto Fixo;1;;;;;;;;;;1;;;;
24/10/2020;16:03:00;3103;AC03 - Acidente sem VITIMA;1;BR-040/RJ;JF;Saída de Pista;1;;;;;;;;;;1;;;;
24/10/2020;16:10:00;3104;AC02 - Acidente com VITIMA;104;BR-040/RJ;JF;Choque - Objeto Fixo;1;;;;;;;;;;0;2;;;
24/10/2020;16:18:00;3105;AC03 - Acidente sem VITIMA;73;BR-040/RJ;JF;Choque - Objeto Fixo;1;;;;;;;;;;1;;;;
24/10/2020;16:27:00;3107;AC03 - Acidente sem VITIMA;93;BR-040/RJ;RJ;Saída de Pista;1;;;;;;;;;;1;;;;
24/10/2020;16:28:00;3108;AC03 - Acidente sem VITIMA;84;BR-040/RJ;JF;Choque - Objeto Fixo;1;;;;;;;;;;1;;;;
24/10/2020;16:27:00;3110;AC03 - Acidente sem VITIMA;93;BR-040/RJ;RJ;Saída de Pista;1;;;;;;;;;;1;;;;
24/10/2020;16:18:00;3111;AC03 - Acidente sem VITIMA;54;BR-040/RJ;JF;Choque - Objeto Fixo;1;;;;;;;;;;1;;;;
24/10/2020;16:57:00;3116;AC02 - Acidente com VITIMA;93;BR-040/RJ;RJ;Capotamento;1;;;;;;;;;;0;3;;;
24/10/2020;16:59:00;3118;AC02 - Acidente com VITIMA;74;BR-040/RJ;JF;Capotamento;1;;;;;;;;;;0;2;;;
24/10/2020;17:40:00;3122;AC03 - Acidente sem VITIMA;78;BR-040/RJ;RJ;Choque - Objeto Fixo;1;;;;;;;;;;1;;;;
24/10/2020;18:53:00;3133;AC03 - Acidente sem VITIMA;110;BR-040/RJ;RJ;Colisão Lateral;1;;1;;;;;;;;2;;;;
24/10/2020;20:12:00;3141;AC03 - Acidente sem VITIMA;93;BR-040/RJ;JF;Choque - Objeto Fixo;1;;;;;;;;;;1;;;;
24/10/2020;21:33:00;3151;AC02 - Acidente com VITIMA;121;BR-040/RJ;JF;Colisão Lateral;2;;;;;;;;;;1;2;;;
25/10/2020;00:16:00;3161;AC03 - Acidente sem VITIMA;85;BR-040/RJ;JF;Choque - Objeto Fixo;1;;;;;;;;;;1;;;;
25/10/2020;05:26:00;3176;AC02 - Acidente com VITIMA;123;BR-040/RJ;RJ;Capotamento;1;;;;;;;;;;0;4;;;
25/10/2020;06:17:00;3178;AC03 - Acidente sem VITIMA;43;BR-040/RJ;RJ;Colisão Traseira;2;;;;;;;;;;2;;;;
25/10/2020;09:27:00;3186;AC02 - Acidente com VITIMA;110;BR-040/RJ;JF;Colisão Traseira;1;1;1;;;;;;;;2;;1;;
25/10/2020;10:53:00;3193;AC03 - Acidente sem VITIMA;84;BR-040/RJ;JF;Choque - Objeto Fixo;1;;;;;;;;;;1;;;;
25/10/2020;11:02:00;3195;AC03 - Acidente sem VITIMA;84;BR-040/RJ;RJ;Choque - Objeto Fixo;1;;;;;;;;;;1;;;;
25/10/2020;11:56:00;3202;AC02 - Acidente com VITIMA;117;BR-040/RJ;RJ;Colisão Lateral;1;;;1;;;;;;;1;;1;;
25/10/2020;13:01:00;3207;AC03 - Acidente sem VITIMA;78;BR-040/RJ;RJ;Derrapagem;1;;;;;;;;;;1;;;;