data;horario;n_da_ocorrencia;tipo_de_ocorrencia;km;trecho;sentido;tipo_de_acidente;automovel;bicicleta;caminhao;moto;onibus;outros;tracao_animal;transporte_de_cargas_especiais;trator_maquinas;utilitarios;ilesos;levemente_feridos;moderadamente_feridos;gravemente_feridos;mortos
08/11/2020;23:56:00;931;AC03 - Acidente sem VITIMA;86;BR-040/RJ;RJ;Choque - Objeto Fixo;1;;;;;;;;;;1;;;;
09/11/2020;08:04:00;963;AC03 - Acidente sem VITIMA;105;BR-040/RJ;JF;Colisão Lateral;1;;1;;;;;;;;2;;;;
09/11/2020;10:00:00;978;AC03 - Acidente sem VITIMA;77;BR-040/RJ;RJ;Capotamento;1;;;;;;;;;;1;;;;
09/11/2020;10:00:00;981;AC03 - Acidente sem VITIMA;84;BR-040/RJ;JF;Choque - Objeto Fixo;1;;;;;;;;;;1;;;;
09/11/2020;12:18:00;999;AC03 - Acidente sem VITIMA;91;BR-040/RJ;JF;Choque - Objeto Fixo;1;;;;;;;;;;1;;;;
09/11/2020;16:16:00;1022;AC03 - Acidente sem VITIMA;109;BR-040/RJ;JF;Colisão Lateral;;;2;;;;;;;;2;;;;
09/11/2020;16:17:00;1023;AC02 - Acidente com VITIMA;779;BR-040/MG;RJ;Capotamento;1;;;;;;;;;;0;1;;;
09/11/2020;20:49:00;1047;AC03 - Acidente sem VITIMA;78;BR-040/RJ;RJ;Choque - Objeto Fixo;1;;;;;;;;;;1;;;;
09/11/2020;21:04:00;1050;AC03 - Acidente sem VITIMA;78;BR-040/RJ;RJ;Choque - Objeto Fixo;1;;;;;;;;;;1;;;;
10/11/2020;03:30:00;1068;AC02 - Acidente com VITIMA;78;BR-040/RJ;RJ;Capotamento;1;;;;;;;;;;0;2;;;
10/11/2020;06:59:00;1080;AC02 - Acidente com VITIMA;120;BR-040/RJ;RJ;Colisão Traseira;1;;;1;;;;;;;1;1;;;
10/11/2020;07:35:00;1082;AC03 - Acidente sem VITIMA;120;BR-040/RJ;RJ;Colisão Lateral;1;;;1;;;;;;;2;;;;
10/11/2020;07:36:00;1083;AC03 - Acidente sem VITIMA;61;BR-040/RJ;JF;Choque - Objeto Fixo;1;;;;;;;;;;1;;;;
10/11/2020;07:51:00;1086;AC02 - Acidente com VITIMA;8;BR-040/RJ;RJ;Choque - Objeto Fixo;1;;;;;;;;;;0;1;;;
10/11/2020;09:18:00;1098;AC03 - Acidente sem VITIMA;108;BR-040/RJ;JF;Choque - Objeto Fixo;1;;;;;;;;;;1;;;;
10/11/2020;09:46:00;1103;AC03 - Acidente sem VITIMA;5;BR-040/RJ;JF;Choque - Objeto Fixo;1;;;;;;;;;;1;;;;
10/11/2020;14:50:00;1126;AC03 - Acidente sem VITIMA;117;BR-040/RJ;RJ;Colisão Traseira;1;;;;;1;;;;;2;;;;
10/11/2020;19:03:00;1155;AC03 - Acidente sem VITIMA;92;BR-040/RJ;JF;Saída de Pista;1;;;;;;;;;;1;;;;
11/11/2020;03:23:00;1182;AC03 - Acidente sem VITIMA;111;BR-040/RJ;RJ;Colisão Traseira;;;1;;;1;;;;;2;;;;
11/11/2020;05:16:00;1192;AC02 - Acidente com VITIMA;117;BR-040/RJ;RJ;Tombamento;;;1;;;;;;;;0;2;;;
11/11/2020;11:24:00;1245;AC02 - Acidente com VITIMA;62;BR-040/RJ;RJ;Capotamento;1;;;;;;;;;;0;1;;;
11/11/2020;16:44:00;1278;AC03 - Acidente sem VITIMA;93;BR-040/RJ;RJ;Choque - Objeto Fixo;1;;;;;;;;;;1;;;;
11/11/2020;17:36:00;1286;AC02 - Acidente com VITIMA;75;BR-040/RJ;RJ;Choque - Objeto Fixo;1;;;;;;;;;;0;1;;;
11/11/2020;19:44:00;1296;AC03 - Acidente sem VITIMA;85;BR-040/RJ;JF;Choque - Objeto Fixo;1;;;;;;;;;;1;;;;
11/11/2020;20:30:00;1302;AC03 - Acidente sem VITIMA;77;BR-040/RJ;RJ;Choque - Objeto Fixo;1;;;;;;;;;;1;;;;
11/11/2020;21:45:00;1308;AC03 - Acidente sem VITIMA;124;BR-040/RJ;RJ;Choque - Objeto Fixo;;;;;;;;;;1;1;;;;
12/11/2020;05:01:00;1326;AC03 - Acidente sem VITIMA;18;BR-040/RJ;JF;Choque - Objeto Fixo;1;;;;;;;;;;1;;;;
12/11/2020;07:36:00;1348;AC02 - Acidente com VITIMA;25;BR-040/RJ;RJ;Tombamento;;;1;;;1;;;;;1;1;;;
12/11/2020;07:47:00;1354;AC02 - Acidente com VITIMA;118;BR-040/RJ;RJ;Colisão Lateral;2;;;1;;;;;;;2;1;;;
12/11/2020;08:37:00;1357;AC03 - Acidente sem VITIMA;94;BR-040/RJ;JF;Choque - Objeto Fixo;1;;;;;;;;;;1;;;;
12/11/2020;09:51:00;1362;AC02 - Acidente com VITIMA;112;BR-040/RJ;RJ;Colisão Lateral;1;;2;;;;;;;;3;2;;;
12/11/2020;13:15:00;1379;AC03 - Acidente sem VITIMA;117;BR-040/RJ;JF;Choque - Objeto Fixo;1;;;;;;;;;;1;;;;
12/11/2020;16:20:00;1403;AC03 - Acidente sem VITIMA;61;BR-040/RJ;RJ;Choque - Objeto Fixo;1;;;;;;;;;;1;;;;
12/11/2020;16:30:00;1407;AC04 - Atropelamento;61;BR-040/RJ;RJ;Atropelamento - Pedestre;;;;;;2;;;;;1;1;;;
12/11/2020;16:33:00;1408;AC03 - Acidente sem VITIMA;124;BR-040/RJ;RJ;Colisão Lateral;1;;1;;;;;;;;2;;;;
12/11/2020;16:57:00;1411;AC02 - Acidente com VITIMA;89;BR-040/RJ;RJ;Choque - Objeto Fixo;1;;;;;;;;;;0;1;;;
12/11/2020;17:53:00;1419;AC03 - Acidente sem VITIMA;92;BR-040/RJ;RJ;Choque - Objeto Fixo;1;;;;;;;;;;1;;;;
12/11/2020;18:03:00;1420;AC02 - Acidente com VITIMA;68;BR-040/RJ;JF;Capotamento;1;;;;;;;;;;0;;1;;
12/11/2020;18:31:00;1425;AC03 - Acidente sem VITIMA;1;BR-040/RJ;JF;Choque - Objeto Fixo;1;;;;;;;;;;1;;;;
12/11/2020;21:21:00;1439;AC03 - Acidente sem VITIMA;124;BR-040/RJ;RJ;Choque - Objeto Fixo;1;;1;;;;;;;;2;;;;
13/11/2020;08:30:00;1493;AC03 - Acidente sem VITIMA;122;BR-040/RJ;JF;Engavetamento;2;;;;1;;;;;;3;;;;
13/11/2020;09:38:00;1499;AC02 - Acidente com VITIMA;118;BR-040/RJ;RJ;Queda de Moto;;;;1;;;;;;;0;2;;;
13/11/2020;15:42:00;1542;AC03 - Acidente sem VITIMA;87;BR-040/RJ;RJ;Choque - Objeto Fixo;1;;;;;;;;;;1;;;;
13/11/2020;16:42:00;1549;AC03 - Acidente sem VITIMA;787;BR-040/MG;RJ;Colisão Traseira;1;;1;;;;;;;;2;;;;
13/11/2020;17:04:00;1553;AC02 - Acidente com VITIMA;91;BR-040/RJ;JF;Capotamento;1;;;;;;;;;;0;1;;;
13/11/2020;17:57:00;1561;AC03 - Acidente sem VITIMA;62;BR-040/RJ;RJ;Capotamento;1;;;;;;;;;;1;;;;
13/11/2020;19:15:00;1565;AC03 - Acidente sem VITIMA;72;BR-040/RJ;JF;Choque - Objeto Fixo;1;;;;;;;;;;1;;;;
13/11/2020;19:24:00;1568;AC02 - Acidente com VITIMA;123;BR-040/RJ;RJ;Colisão Lateral;1;;;1;;;;;;;1;1;;;
13/11/2020;21:38:00;1580;AC03 - Acidente sem VITIMA;123;BR-040/RJ;RJ;Colisão Traseira;1;;;;;1;;;;;2;;;;
14/11/2020;02:04:00;1598;AC03 - Acidente sem VITIMA;118;BR-040/RJ;RJ;Choque - Objeto Fixo;1;;;;;;;;;;1;;;;
14/11/2020;02:08:00;1599;AC03 - Acidente sem VITIMA;90;BR-040/RJ;JF;Saída de Pista;1;;;;;;;;;;1;;;;
14/11/2020;02:27:00;1600;AC03 - Acidente sem VITIMA;84;BR-040/RJ;RJ;Choque - Objeto Fixo;1;;;;;;;;;;1;;;;
14/11/2020;02:31:00;1601;AC03 - Acidente sem VITIMA;59;BR-040/RJ;RJ;Saída de Pista;1;;;;;;;;;;1;;;;
14/11/2020;03:08:00;1602;AC03 - Acidente sem VITIMA;122;BR-040/RJ;RJ;Saída de Pista;1;;;;;;;;;;1;;;;
14/11/2020;05:36:00;1612;AC03 - Acidente sem VITIMA;93;BR-040/RJ;RJ;Saída de Pista;1;;;;;;;;;;1;;;;
14/11/2020;05:42:00;1613;AC03 - Acidente sem VITIMA;82;BR-040/RJ;RJ;Saída de Pista;1;;;;;;;;;;1;;;;
14/11/2020;05:54:00;1614;AC03 - Acidente sem VITIMA;93;BR-040/RJ;RJ;Choque - Objeto Fixo;1;;;;;;;;;;1;;;;
14/11/2020;06:47:00;1618;AC03 - Acidente sem VITIMA;78;BR-040/RJ;RJ;Choque - Objeto Fixo;1;;;;;;;;;;1;;;;
14/11/2020;08:51:00;1633;AC03 - Acidente sem VITIMA;72;BR-040/RJ;JF;Choque - Objeto Fixo;1;;;;;;;;;;1;;;;
14/11/2020;12:33:00;1655;AC03 - Acidente sem VITIMA;804;BR-040/MG;JF;Choque - Objeto Fixo;1;;;;;;;;;;1;;;;
14/11/2020;13:45:00;1666;AC02 - Acidente com VITIMA;790;BR-040/MG;JF;Colisão Lateral;2;;;;;;;;;;0;5;;;
14/11/2020;16:42:00;1687;AC03 - Acidente sem VITIMA;790;BR-040/MG;JF;Colisão Lateral;2;;;;;;;;;;2;;;;
15/11/2020;00:36:00;1733;AC02 - Acidente com VITIMA;118;BR-040/RJ;RJ;Choque - Objeto Fixo;1;;;;;;;;;;0;1;;;
15/11/2020;00:44:00;1735;AC01 - Acidente com VITIMA FATAL;118;BR-040/RJ;JF;Capotamento;1;;;;;;;;;;0;1;;;1
15/11/2020;05:22:00;1749;AC02 - Acidente com VITIMA;119;BR-040/RJ;RJ;Capotamento;1;;;;;;;;;;0;1;;;
15/11/2020;08:27:00;1757;AC03 - Acidente sem VITIMA;120;BR-040/RJ;JF;Queda de Moto;;;;1;;;;;;;1;;;;
15/11/2020;11:36:00;1772;AC03 - Acidente sem VITIMA;91;BR-040/RJ;JF;Choque - Objeto Fixo;1;;;;;;;;;;1;;;;
15/11/2020;13:44:00;1785;AC02 - Acidente com VITIMA;62;BR-040/RJ;JF;Choque - Objeto Fixo;1;;;;;;;;;;0;2;;;
16/11/2020;04:21:00;1852;AC03 - Acidente sem VITIMA;122;BR-040/RJ;RJ;Colisão Lateral;2;;;;;;;;;;2;;;;
16/11/2020;10:59:00;1891;AC02 - Acidente com VITIMA;88;BR-040/RJ;RJ;Capotamento;1;;;;;;;;;;0;1;;;
16/11/2020;15:07:00;1913;AC02 - Acidente com VITIMA;31;BR-040/RJ;JF;Choque - Objeto Fixo;;;1;;;;;;;;0;1;;;
16/11/2020;17:18:00;1932;AC02 - Acidente com VITIMA;98;BR-040/RJ;RJ;Choque - Objeto Fixo;1;;;;;;;;;;0;1;;;
16/11/2020;17:49:00;1938;AC03 - Acidente sem VITIMA;92;BR-040/RJ;RJ;Choque - Objeto Fixo;1;;;;;;;;;;1;;;;
17/11/2020;00:56:00;1964;AC03 - Acidente sem VITIMA;775;BR-040/MG;JF;Atropelamento - Animal;1;;;;;;;;;;1;;;;
17/11/2020;06:10:00;1977;AC03 - Acidente sem VITIMA;84;BR-040/RJ;JF;Colisão Lateral;;;2;;;;;;;;2;;;;
17/11/2020;11:04:00;2003;AC03 - Acidente sem VITIMA;114;BR-040/RJ;RJ;Engavetamento;5;;;;;;;;;;5;;;;
17/11/2020;11:13:00;2004;AC02 - Acidente com VITIMA;111;BR-040/RJ;RJ;Colisão Lateral;1;;1;;;;;;;;1;1;;;
17/11/2020;13:04:00;2012;AC02 - Acidente com VITIMA;82;BR-040/RJ;JF;Colisão Lateral;1;;;1;;;;;;;0;2;;;
17/11/2020;13:53:00;2016;AC03 - Acidente sem VITIMA;113;BR-040/RJ;RJ;Engavetamento;3;;;;;;;;;;3;;;;
17/11/2020;16:34:00;2037;AC03 - Acidente sem VITIMA;112;BR-040/RJ;JF;Colisão Traseira;1;;;;;;;;;1;2;;;;
18/11/2020;05:13:00;2071;AC03 - Acidente sem VITIMA;77;BR-040/RJ;RJ;Choque - Objeto Fixo;1;;;;;;;;;;1;;;;
18/11/2020;08:50:00;2092;AC03 - Acidente sem VITIMA;91;BR-040/RJ;RJ;Choque - Objeto Fixo;1;;;;;;;;;;1;;;;
18/11/2020;10:17:00;2099;AC02 - Acidente com VITIMA;93;BR-040/RJ;RJ;Choque - Objeto Fixo;1;;;;;;;;;;0;2;;;
18/11/2020;10:42:00;2100;AC03 - Acidente sem VITIMA;92;BR-040/RJ;RJ;Choque - Objeto Fixo;1;;;;;;;;;;1;;;;
18/11/2020;13:13:00;2114;AC03 - Acidente sem VITIMA;28;BR-040/RJ;RJ;Choque - Objeto Fixo;1;;;;;;;;;;1;;;;
18/11/2020;14:08:00;2118;AC03 - Acidente sem VITIMA;97;BR-040/RJ;RJ;Choque - Objeto Fixo;1;;;;;;;;;;1;;;;
18/11/2020;14:30:00;2120;AC03 - Acidente sem VITIMA;108;BR-040/RJ;JF;Colisão Traseira;1;;;1;;;;;;;2;;;;
18/11/2020;14:40:00;2125;AC03 - Acidente sem VITIMA;57;BR-040/RJ;RJ;Colisão Lateral;2;;;;;;;;;;2;;;;
18/11/2020;16:17:00;2130;AC03 - Acidente sem VITIMA;93;BR-040/RJ;RJ;Choque - Objeto Fixo;1;;;;;;;;;;1;;;;
18/11/2020;19:12:00;2147;AC02 - Acidente com VITIMA;108;BR-040/RJ;JF;Colisão Traseira;2;;;;;;;;;;0;2;;;
18/11/2020;21:09:00;2153;AC03 - Acidente sem VITIMA;113;BR-040/RJ;JF;Colisão Traseira;1;;;;;1;;;;;2;;;;
19/11/2020;02:07:00;2183;AC03 - Acidente sem VITIMA;780;BR-040/MG;RJ;Saída de Pista;;;1;;;;;;;;1;;;;
19/11/2020;05:21:00;2197;AC03 - Acidente sem VITIMA;799;BR-040/MG;JF;Choque - Objeto Fixo;1;;;;;;;;;;1;;;;
19/11/2020;07:04:00;2208;AC03 - Acidente sem VITIMA;113;BR-040/RJ;RJ;Colisão Lateral;1;;2;;;;;;;;3;;;;
19/11/2020;08:02:00;2215;AC02 - Acidente com VITIMA;100;BR-040/RJ;RJ;Capotamento;1;;;;;;;;;;0;1;;;
19/11/2020;09:03:00;2226;AC03 - Acidente sem VITIMA;93;BR-040/RJ;JF;Choque - Objeto Fixo;1;;;;;;;;;;1;;;;
19/11/2020;09:52:00;2230;AC03 - Acidente sem VITIMA;93;BR-040/RJ;RJ;Choque - Objeto Fixo;1;;;;;;;;;;1;;;;
19/11/2020;10:29:00;2235;AC03 - Acidente sem VITIMA;122;BR-040/RJ;RJ;Colisão Traseira;2;;;;;1;;;;;3;;;;
19/11/2020;15:38:00;2269;AC02 - Acidente com VITIMA;57;BR-040/RJ;JF;Colisão Lateral;1;;;1;;;;;;;0;1;1;;
19/11/2020;16:05:00;2273;AC03 - Acidente sem VITIMA;91;BR-040/RJ;RJ;Choque - Objeto Fixo;1;;;;;;;;;;1;;;;
19/11/2020;17:45:00;2282;AC02 - Acidente com VITIMA;800;BR-040/MG;RJ;Capotamento;1;;;;;;;;;;0;1;;;
19/11/2020;21:13:00;2314;AC03 - Acidente sem VITIMA;117;BR-040/RJ;RJ;Choque - Objeto Fixo;1;;;;;;;;;;1;;;;
19/11/2020;21:00:00;2317;AC03 - Acidente sem VITIMA;56;BR-040/RJ;RJ;Choque - Objeto Fixo;1;;;;;;;;;;1;;;;
19/11/2020;23:00:00;2325;AC02 - Acidente com VITIMA;101;BR-040/RJ;RJ;Colisão Frontal;1;;;1;;;;;;;0;3;1;;
20/11/2020;00:42:00;2337;AC03 - Acidente sem VITIMA;775;BR-040/MG;RJ;Choque - Objeto Fixo;1;;;;;;;;;;1;;;;
20/11/2020;03:21:00;2342;AC03 - Acidente sem VITIMA;123;BR-040/RJ;RJ;Choque - Objeto Fixo;1;;;;;;;;;;1;;;;
20/11/2020;04:24:00;2344;AC03 - Acidente sem VITIMA;121;BR-040/RJ;JF;Saída de Pista;1;;;;;;;;;;1;;;;
20/11/2020;05:48:00;2349;AC03 - Acidente sem VITIMA;113;BR-040/RJ;JF;Choque - Objeto Fixo;1;;;;;;;;;;1;;;;
20/11/2020;06:54:00;2353;AC03 - Acidente sem VITIMA;91;BR-040/RJ;JF;Choque - Objeto Fixo;1;;;;;;;;;;1;;;;
20/11/2020;07:19:00;2355;AC03 - Acidente sem VITIMA;92;BR-040/RJ;RJ;Choque - Objeto Fixo;1;;;;;;;;;;1;;;;
20/11/2020;08:42:00;2372;AC03 - Acidente sem VITIMA;93;BR-040/RJ;RJ;Choque - Objeto Fixo;1;;;;;;;;;;1;;;;
20/11/2020;09:03:00;2381;AC03 - Acidente sem VITIMA;78;BR-040/RJ;RJ;Choque - Objeto Fixo;1;;;;;;;;;;1;;;;
20/11/2020;11:05:00;2394;AC03 - Acidente sem VITIMA;94;BR-040/RJ;RJ;Choque - Objeto Fixo;1;;;;;;;;;;1;;;;
20/11/2020;11:13:00;2396;AC02 - Acidente com VITIMA;803;BR-040/MG;RJ;Colisão Traseira;;;;1;;1;;;;;1;;1;;
20/11/2020;12:16:00;2404;AC02 - Acidente com VITIMA;73;BR-040/RJ;JF;Queda de Moto;;;;1;;;;;;;0;;1;;
20/11/2020;14:10:00;2419;AC03 - Acidente sem VITIMA;84;BR-040/RJ;JF;Choque - Objeto Fixo;1;;;;;;;;;;1;;;;
20/11/2020;14:45:00;2424;AC03 - Acidente sem VITIMA;80;BR-040/RJ;RJ;Choque - Objeto Fixo;;;1;;;;;;;;1;;;;
20/11/2020;17:49:00;2446;AC02 - Acidente com VITIMA;84;BR-040/RJ;RJ;Capotamento;1;;;;;;;;;;0;2;;;
20/11/2020;17:55:00;2447;AC03 - Acidente sem VITIMA;81;BR-040/RJ;RJ;Choque - Objeto Fixo;1;;;;;;;;;;1;;;;
20/11/2020;19:33:00;2457;AC03 - Acidente sem VITIMA;779;BR-040/MG;RJ;Colisão Traseira;1;;1;;;;;;;;2;;;;
20/11/2020;19:36:00;2458;AC03 - Acidente sem VITIMA;115;BR-040/RJ;JF;Saída de Pista;1;;;;;;;;;;2;;;;
20/11/2020;22:08:00;2472;AC02 - Acidente com VITIMA;74;BR-040/RJ;JF;Queda de Moto;;;;1;;;;;;;0;;1;;
21/11/2020;02:56:00;2499;AC02 - Acidente com VITIMA;112;BR-040/RJ;JF;Capotamento;1;;;;;;;;;;0;2;;;
21/11/2020;09:47:00;2532;AC02 - Acidente com VITIMA;85;BR-040/RJ;JF;Choque - Objeto Fixo;1;;;;;;;;;;0;2;;;
21/11/2020;16:57:00;2581;AC03 - Acidente sem VITIMA;66;BR-040/RJ;JF;Choque - Objeto Fixo;1;;;;;;;;;;1;;;;
21/11/2020;19:36:00;2600;AC02 - Acidente com VITIMA;57;BR-040/RJ;JF;Saída de Pista;1;;;;;;;;;;0;1;;1;
21/11/2020;21:23:00;2608;AC02 - Acidente com VITIMA;780;BR-040/MG;RJ;Colisão Traseira;2;;;;;;;;;;0;3;;;
21/11/2020;21:33:00;2609;AC03 - Acidente sem VITIMA;66;BR-040/RJ;RJ;Choque - Objeto Fixo;1;;;;;;;;;;1;;;;
22/11/2020;04:15:00;2631;AC02 - Acidente com VITIMA;112;BR-040/RJ;RJ;Colisão Traseira;2;;;;;;;;;;0;1;2;;
22/11/2020;04:57:00;2633;AC03 - Acidente sem VITIMA;97;BR-040/RJ;JF;Choque - Objeto Fixo;1;;;;;;;;;;1;;;;
22/11/2020;05:32:00;2635;AC03 - Acidente sem VITIMA;89;BR-040/RJ;JF;Choque - Objeto Fixo;1;;;;;;;;;;1;;;;
22/11/2020;06:03:00;2638;AC02 - Acidente com VITIMA;78;BR-040/RJ;RJ;Capotamento;1;;;;;;;;;;0;1;;;
22/11/2020;10:56:00;2653;AC02 - Acidente com VITIMA;106;BR-040/RJ;JF;Colisão Traseira;1;;;1;;;;;;;1;1;;;
22/11/2020;11:42:00;2656;AC03 - Acidente sem VITIMA;109;BR-040/RJ;JF;Colisão Traseira;1;;1;;;;;;;;2;;;;
22/11/2020;12:29:00;2660;AC03 - Acidente sem VITIMA;92;BR-040/RJ;RJ;Queda de Moto;;;;1;;;;;;;1;;;;
22/11/2020;16:09:00;2676;AC03 - Acidente sem VITIMA;84;BR-040/RJ;JF;Choque - Objeto Fixo;1;;;;;;;;;;1;;;;
22/11/2020;17:49:00;2689;AC02 - Acidente com VITIMA;51;BR-040/RJ;RJ;Capotamento;1;;;;;;;;;;0;1;;;
22/11/2020;17:56:00;2692;AC03 - Acidente sem VITIMA;796;BR-040/MG;RJ;Saída de Pista;1;;;;;;;;;;1;;;;
22/11/2020;19:34:00;2705;AC03 - Acidente sem VITIMA;96;BR-040/RJ;RJ;Choque - Objeto Fixo;1;;;;;;;;;;1;;;;
22/11/2020;20:20:00;2712;AC03 - Acidente sem VITIMA;28;BR-040/RJ;JF;Colisão Lateral;1;;;;1;;;;;;2;;;;
22/11/2020;21:00:00;2718;AC03 - Acidente sem VITIMA;78;BR-040/RJ;RJ;Choque - Objeto Fixo;1;;;;;;;;;;1;;;;
22/11/2020;21:25:00;2720;AC03 - Acidente sem VITIMA;84;BR-040/RJ;RJ;Choque - Objeto Fixo;1;;;;;;;;;;1;;;;
22/11/2020;22:43:00;2728;AC03 - Acidente sem VITIMA;118;BR-040/RJ;RJ;Colisão Traseira;2;;;;;;;;;;2;;;;
22/11/2020;23:08:00;2730;AC02 - Acidente com VITIMA;75;BR-040/RJ;JF;Capotamento;1;;;;;;;;;;0;1;;;
23/11/2020;06:15:00;2762;AC02 - Acidente com VITIMA;111;BR-040/RJ;RJ;Colisão Lateral;1;;;1;;;;;;;1;;1;;
23/11/2020;16:02:00;2825;AC03 - Acidente sem VITIMA;124;BR-040/RJ;JF;Colisão Lateral;;;3;;;;;;;;3;;;;
23/11/2020;16:04:00;2826;AC02 - Acidente com VITIMA;93;BR-040/RJ;RJ;Choque - Objeto Fixo;1;;;;;;;;;;0;1;;;
23/11/2020;19:18:00;2840;AC02 - Acidente com VITIMA;102;BR-040/RJ;RJ;Colisão Lateral;;;;1;;1;;;;;1;1;;;
24/11/2020;08:56:00;2889;AC03 - Acidente sem VITIMA;83;BR-040/RJ;JF;Colisão Frontal;1;;1;;;;;;;;2;;;;
24/11/2020;11:02:00;2904;AC03 - Acidente sem VITIMA;100;BR-040/RJ;JF;Choque - Objeto Fixo;1;;;;;;;;;;1;;;;
24/11/2020;15:38:00;2932;AC02 - Acidente com VITIMA;101;BR-040/RJ;JF;Colisão Lateral;1;;;1;;;;;;;1;1;;;
24/11/2020;19:34:00;2952;AC02 - Acidente com VITIMA;786;BR-040/MG;JF;Colisão Traseira;1;1;;;;;;;;;1;;1;;
24/11/2020;19:46:00;2953;AC03 - Acidente sem VITIMA;77;BR-040/RJ;RJ;Choque - Objeto Fixo;1;;;;;;;;;;1;;;;
24/11/2020;23:33:00;2970;AC03 - Acidente sem VITIMA;35;BR-040/RJ;RJ;Atropelamento - Animal;1;;;;;;;;;;1;;;;
25/11/2020;06:34:00;2985;AC02 - Acidente com VITIMA;48;BR-040/RJ;JF;Capotamento;1;;;;;;;;;;0;1;;;
25/11/2020;06:50:00;2988;AC03 - Acidente sem VITIMA;120;BR-040/RJ;RJ;Colisão Traseira;2;;;;;;;;;;2;;;;
25/11/2020;07:00:00;2989;AC03 - Acidente sem VITIMA;84;BR-040/RJ;RJ;Choque - Objeto Fixo;1;;;;;;;;;;1;;;;
25/11/2020;13:17:00;3041;AC03 - Acidente sem VITIMA;821;BR-040/MG;JF;Choque - Objeto Fixo;1;;;;;;;;;;1;;;;
25/11/2020;14:44:00;3048;AC02 - Acidente com VITIMA;85;BR-040/RJ;JF;Capotamento;1;;;;;;;;;;0;1;;;
25/11/2020;14:57:00;3049;AC03 - Acidente sem VITIMA;117;BR-040/RJ;JF;Colisão Lateral;1;;;;;1;;;;;2;;;;
25/11/2020;15:22:00;3054;AC02 - Acidente com VITIMA;84;BR-040/RJ;RJ;Queda de Moto;;;;1;;;;;;;0;;1;;
25/11/2020;15:22:00;3064;AC02 - Acidente com VITIMA;84;BR-040/RJ;RJ;Choque - Objeto Fixo;1;;;;;;;;;;0;2;;;
25/11/2020;17:26:00;3079;AC03 - Acidente sem VITIMA;111;BR-040/RJ;JF;Colisão Traseira;1;;;;;1;;;;;2;;;;
25/11/2020;19:50:00;3097;AC03 - Acidente sem VITIMA;109;BR-040/RJ;JF;Engavetamento;3;;;;;;;;;;3;;;;
26/11/2020;06:40:00;3138;AC03 - Acidente sem VITIMA;60;BR-040/RJ;JF;Choque - Objeto Fixo;1;;;;;;;;;;1;;;;
26/11/2020;09:11:00;3160;AC03 - Acidente sem VITIMA;787;BR-040/MG;JF;Choque - Objeto Fixo;1;;;;;;;;;;1;;;;
26/11/2020;14:45:00;3208;AC03 - Acidente sem VITIMA;37;BR-040/RJ;JF;Choque - Objeto Fixo;1;;;;;;;;;;1;;;;
26/11/2020;17:35:00;3231;AC02 - Acidente com VITIMA;72;BR-040/RJ;RJ;Capotamento;1;;;;;;;;;;0;2;;;
26/11/2020;18:27:00;3234;AC02 - Acidente com VITIMA;84;BR-040/RJ;RJ;Tombamento;1;;1;;;;;;;;0;3;3;;
26/11/2020;18:18:00;3238;AC03 - Acidente sem VITIMA;123;BR-040/RJ;JF;Engavetamento;2;;1;;;;;;;;3;;;;
27/11/2020;00:59:00;3264;AC03 - Acidente sem VITIMA;98;BR-040/RJ;RJ;Derrapagem;1;;;;;;;;;;1;;;;
27/11/2020;06:52:00;3284;AC03 - Acidente sem VITIMA;795;BR-040/MG;JF;Choque - Objeto Fixo;1;;;;;;;;;;1;;;;
27/11/2020;07:58:00;3290;AC03 - Acidente sem VITIMA;120;BR-040/RJ;RJ;Engavetamento;2;;1;;;;;;;;3;;;;
27/11/2020;10:13:00;3304;AC02 - Acidente com VITIMA;118;BR-040/RJ;RJ;Colisão Lateral;1;;1;;;;;;;;1;1;;;
27/11/2020;10:14:00;3305;AC03 - Acidente sem VITIMA;76;BR-040/RJ;RJ;Choque - Objeto Fixo;1;;;;;;;;;;1;;;;
27/11/2020;10:41:00;3307;AC02 - Acidente com VITIMA;124;BR-040/RJ;JF;Engavetamento;2;;1;;;;;;;;2;7;;;
27/11/2020;12:20:00;3319;AC02 - Acidente com VITIMA;71;BR-040/RJ;RJ;Colisão Lateral;1;;;1;;;;;;;0;3;;;
27/11/2020;12:39:00;3321;AC03 - Acidente sem VITIMA;118;BR-040/RJ;JF;Choque - Objeto Fixo;1;;;;;;;;;;1;;;;
27/11/2020;15:21:00;3344;AC03 - Acidente sem VITIMA;82;BR-040/RJ;RJ;Colisão Lateral;1;;1;;;;;;;;2;;;;
27/11/2020;15:47:00;3348;AC02 - Acidente com VITIMA;10;BR-040/RJ;RJ;Capotamento;1;;;;;;;;;;0;;1;;
27/11/2020;16:06:00;3351;AC02 - Acidente com VITIMA;105;BR-040/RJ;JF;Colisão Traseira;1;;;1;;;;;;;1;;1;;
28/11/2020;01:55:00;3408;AC02 - Acidente com VITIMA;84;BR-040/RJ;RJ;Capotamento;1;;;;;;;;;;0;3;;;
28/11/2020;03:46:00;3414;AC03 - Acidente sem VITIMA;33;BR-040/RJ;JF;Choque - Objeto Fixo;1;;;;;;;;;;1;;;;
28/11/2020;07:44:00;3419;AC04 - Atropelamento;105;BR-040/RJ;JF;Atropelamento - Pedestre;1;;;;;1;;;;;1;1;;;
28/11/2020;08:38:00;3425;AC03 - Acidente sem VITIMA;78;BR-040/RJ;RJ;Colisão Traseira;1;;;;1;;;;;;2;;;;