data;horario;n_da_ocorrencia;tipo_de_ocorrencia;km;trecho;sentido;tipo_de_acidente;automovel;bicicleta;caminhao;moto;onibus;outros;tracao_animal;transporte_de_cargas_especiais;trator_maquinas;utilitarios;ilesos;levemente_feridos;moderadamente_feridos;gravemente_feridos;mortos
28/11/2020;11:01:00;3439;AC03 - Acidente sem VITIMA;120;BR-040/RJ;JF;Engavetamento;3;;;;;;;;;;3;;;;
28/11/2020;11:15:00;3441;AC03 - Acidente sem VITIMA;114;BR-040/RJ;JF;Capotamento;1;;1;;;;;;;;2;;;;
28/11/2020;12:33:00;3451;AC03 - Acidente sem VITIMA;45;BR-040/RJ;RJ;Colisão Traseira;;;2;;;;;;;;2;;;;
28/11/2020;15:15:00;3466;AC02 - Acidente com VITIMA;63;BR-040/RJ;JF;Queda de Moto;;;;1;;;;;;;0;1;;;
28/11/2020;16:26:00;3473;AC03 - Acidente sem VITIMA;62;BR-040/RJ;JF;Colisão Traseira;1;;;1;;;;;;;3;;;;
28/11/2020;19:13:00;3495;AC02 - Acidente com VITIMA;124;BR-040/RJ;JF;Engavetamento;2;;;;;1;;;;;2;1;;;
29/11/2020;01:22:00;3520;AC02 - Acidente com VITIMA;113;BR-040/RJ;RJ;Capotamento;1;;;;;;;;;;0;1;;;
29/11/2020;02:06:00;3522;AC02 - Acidente com VITIMA;807;BR-040/MG;JF;Queda de Moto;;;;1;;;;;;;0;1;;;
29/11/2020;02:19:00;3525;AC03 - Acidente sem VITIMA;808;BR-040/MG;JF;Atropelamento - Animal;;;1;;;;;;;;1;;;;
29/11/2020;03:50:00;3529;AC02 - Acidente com VITIMA;84;BR-040/RJ;RJ;Colisão Lateral;;;;2;;;;;;;2;2;1;;
29/11/2020;05:23:00;3532;AC03 - Acidente sem VITIMA;90;BR-040/RJ;RJ;Colisão Traseira;2;;;;;;;;;;2;;;;
29/11/2020;10:08:00;3553;AC03 - Acidente sem VITIMA;123;BR-040/RJ;RJ;Colisão Traseira;1;;;;;1;;;;;2;;;;
29/11/2020;14:58:00;3588;AC02 - Acidente com VITIMA;84;BR-040/RJ;RJ;Queda de Moto;;;;1;;;;;;;0;2;;;
29/11/2020;17:40:00;3613;AC02 - Acidente com VITIMA;77;BR-040/RJ;JF;Colisão Traseira;2;;;;;;;;;;0;5;;;
29/11/2020;21:12:00;3630;AC02 - Acidente com VITIMA;77;BR-040/RJ;JF;Colisão Lateral;1;;;;1;;;;;;1;;2;;
30/11/2020;06:39:00;3662;AC03 - Acidente sem VITIMA;120;BR-040/RJ;RJ;Colisão Traseira;2;;;;;;;;;;2;;;;
30/11/2020;07:05:00;3666;AC02 - Acidente com VITIMA;122;BR-040/RJ;RJ;Colisão Traseira;1;;;1;;;;;;;1;1;;;
30/11/2020;10:20:00;3686;AC03 - Acidente sem VITIMA;105;BR-040/RJ;RJ;Engavetamento;4;;;;;;;;;;4;;;;
30/11/2020;10:45:00;3692;AC02 - Acidente com VITIMA;111;BR-040/RJ;RJ;Engavetamento;2;;2;;;;;;;;3;1;;;
30/11/2020;17:38:00;3732;AC02 - Acidente com VITIMA;795;BR-040/MG;RJ;Colisão Traseira;;;1;1;;;;;;;1;;;1;
30/11/2020;19:47:00;3745;AC03 - Acidente sem VITIMA;124;BR-040/RJ;RJ;Choque - Objeto Fixo;1;;;;;;;;;;1;;;;
30/11/2020;20:38:00;3751;AC02 - Acidente com VITIMA;115;BR-040/RJ;RJ;Queda de Moto;;;;1;;;;;;;0;1;;;
30/11/2020;22:58:00;3761;AC03 - Acidente sem VITIMA;87;BR-040/RJ;RJ;Capotamento;1;;;;;;;;;;1;;;;
01/12/2020;07:44:00;18;AC03 - Acidente sem VITIMA;87;BR-040/RJ;RJ;Choque - Objeto Fixo;1;;;;;;;;;;1;;;;
01/12/2020;09:12:00;29;AC03 - Acidente sem VITIMA;84;BR-040/RJ;JF;Choque - Objeto Fixo;1;;;;;;;;;;1;;;;
01/12/2020;15:09:00;77;AC03 - Acidente sem VITIMA;68;BR-040/RJ;JF;Choque - Objeto Fixo;1;;;;;;;;;;1;;;;
01/12/2020;15:43:00;79;AC03 - Acidente sem VITIMA;105;BR-040/RJ;JF;Colisão Lateral;1;;1;;;;;;;;2;;;;
01/12/2020;17:30:00;95;AC02 - Acidente com VITIMA;105;BR-040/RJ;JF;Colisão Frontal;1;;;1;;;;;;;1;1;;;
01/12/2020;19:26:00;103;AC02 - Acidente com VITIMA;119;BR-040/RJ;JF;Engavetamento;4;;;;;;;;;;3;4;;;
01/12/2020;19:51:00;105;AC03 - Acidente sem VITIMA;118;BR-040/RJ;JF;Choque - Objeto Fixo;1;;;;;;;;;;1;;;;
01/12/2020;21:40:00;114;AC03 - Acidente sem VITIMA;91;BR-040/RJ;JF;Choque - Objeto Fixo;1;;;;;;;;;;1;;;;
02/12/2020;00:23:00;123;AC03 - Acidente sem VITIMA;813;BR-040/MG;JF;Colisão Traseira;;;2;;;;;;;;2;;;;
02/12/2020;07:22:00;144;AC03 - Acidente sem VITIMA;110;BR-040/RJ;RJ;Colisão Traseira;2;;;;;;;;;;2;;;;
02/12/2020;08:56:00;158;AC02 - Acidente com VITIMA;795;BR-040/MG;RJ;Choque - Objeto Fixo;1;;;;;;;;;;0;2;;;
02/12/2020;10:39:00;171;AC03 - Acidente sem VITIMA;123;BR-040/RJ;JF;Colisão Lateral;1;;1;;;;;;;;2;;;;
02/12/2020;14:19:00;191;AC03 - Acidente sem VITIMA;799;BR-040/MG;JF;Choque - Objeto Fixo;1;;;;;;;;;;1;;;;
02/12/2020;15:34:00;199;AC03 - Acidente sem VITIMA;793;BR-040/MG;RJ;Choque - Objeto Fixo;1;;;;;;;;;;1;;;;
02/12/2020;16:00:00;202;AC03 - Acidente sem VITIMA;120;BR-040/RJ;JF;Choque - Objeto Fixo;;;1;;;;;;;;1;;;;
02/12/2020;17:07:00;214;AC02 - Acidente com VITIMA;94;BR-040/RJ;RJ;Capotamento;1;;;;;;;;;;0;2;2;;
02/12/2020;18:42:00;221;AC02 - Acidente com VITIMA;84;BR-040/RJ;JF;Capotamento;1;;;;;;;;;;0;2;;;
02/12/2020;19:16:00;225;AC02 - Acidente com VITIMA;107;BR-040/RJ;JF;Colisão Lateral;1;;;1;;;;;;;1;1;;;
03/12/2020;07:51:00;276;AC03 - Acidente sem VITIMA;70;BR-040/RJ;RJ;Colisão Lateral;1;;1;;;;;;;;2;;;;
03/12/2020;16:42:00;350;AC02 - Acidente com VITIMA;96;BR-040/RJ;RJ;Choque - Objeto Fixo;;;1;;;;;;;;0;2;;;
03/12/2020;17:14:00;356;AC03 - Acidente sem VITIMA;93;BR-040/RJ;RJ;Choque - Objeto Fixo;1;;;;;;;;;;1;;;;
03/12/2020;17:44:00;359;AC03 - Acidente sem VITIMA;91;BR-040/RJ;RJ;Choque - Objeto Fixo;1;;;;;;;;;;1;;;;
03/12/2020;19:28:00;375;AC03 - Acidente sem VITIMA;83;BR-040/RJ;RJ;Derrapagem;;;1;;;;;;;;1;;;;
03/12/2020;19:46:00;377;AC02 - Acidente com VITIMA;113;BR-040/RJ;RJ;Colisão Lateral;;;1;1;;;;;;;1;2;;;
03/12/2020;20:28:00;380;AC02 - Acidente com VITIMA;115;BR-040/RJ;RJ;Capotamento;1;;;;;;;;;;0;;1;;
03/12/2020;21:00:00;382;AC03 - Acidente sem VITIMA;29;BR-040/RJ;JF;Atropelamento - Animal;1;;;;;;;;;;1;;;;
04/12/2020;08:49:00;431;AC03 - Acidente sem VITIMA;123;BR-040/RJ;JF;Engavetamento;3;;;;;;;;;;3;;;;
04/12/2020;13:33:00;470;AC02 - Acidente com VITIMA;782;BR-040/MG;JF;Saída de Pista;1;;;;;;;;;;0;1;;;
04/12/2020;15:23:00;483;AC03 - Acidente sem VITIMA;37;BR-040/RJ;JF;Choque - Objeto Fixo;1;;;;;;;;;;1;;;;
04/12/2020;15:41:00;484;AC03 - Acidente sem VITIMA;93;BR-040/RJ;JF;Choque - Objeto Fixo;2;;;;;;;;;;2;;;;
04/12/2020;16:10:00;486;AC03 - Acidente sem VITIMA;105;BR-040/RJ;JF;Colisão Traseira;1;;1;;;;;;;;2;;;;
04/12/2020;16:37:00;490;AC03 - Acidente sem VITIMA;13;BR-040/RJ;RJ;Choque - Objeto Fixo;;;1;;;;;;;;1;;;;
04/12/2020;17:43:00;495;AC03 - Acidente sem VITIMA;5;BR-040/RJ;JF;Choque - Objeto Fixo;1;;;;;;;;;;1;;;;
04/12/2020;19:25:00;505;AC03 - Acidente sem VITIMA;111;BR-040/RJ;RJ;Colisão Traseira;2;;;;;;;;;;2;;;;
04/12/2020;21:06:00;514;AC03 - Acidente sem VITIMA;800;BR-040/MG;JF;Choque - Objeto Fixo;1;;;;;;;;;;1;;;;
04/12/2020;21:11:00;515;AC04 - Atropelamento;78;BR-040/RJ;JF;Atropelamento - Pedestre;;;;;;2;;;;;1;;1;;
05/12/2020;00:11:00;530;AC02 - Acidente com VITIMA;104;BR-040/RJ;JF;Colisão Lateral;;1;;;;1;;;;;1;1;;;
05/12/2020;12:28:00;577;AC03 - Acidente sem VITIMA;123;BR-040/RJ;RJ;Colisão Lateral;1;;1;;;;;;;;2;;;;
05/12/2020;13:15:00;586;AC03 - Acidente sem VITIMA;85;BR-040/RJ;JF;Choque - Objeto Fixo;1;;;;;;;;;;1;;;;
05/12/2020;13:27:00;591;AC02 - Acidente com VITIMA;97;BR-040/RJ;RJ;Choque - Objeto Fixo;1;;;;;;;;;;0;2;;;
05/12/2020;13:38:00;594;AC03 - Acidente sem VITIMA;92;BR-040/RJ;RJ;Choque - Objeto Fixo;1;;;;;;;;;;1;;;;
05/12/2020;13:49:00;597;AC03 - Acidente sem VITIMA;91;BR-040/RJ;RJ;Choque - Objeto Fixo;1;;;;;;;;;;1;;;;
05/12/2020;14:50:00;601;AC03 - Acidente sem VITIMA;97;BR-040/RJ;RJ;Colisão Lateral;1;;1;;;;;;;;2;;;;
05/12/2020;15:11:00;603;AC03 - Acidente sem VITIMA;93;BR-040/RJ;RJ;Choque - Objeto Fixo;1;;;;;;;;;;1;;;;
05/12/2020;15:55:00;606;AC03 - Acidente sem VITIMA;79;BR-040/RJ;RJ;Choque - Objeto Fixo;1;;;;;;;;;;1;;;;
05/12/2020;16:10:00;608;AC03 - Acidente sem VITIMA;97;BR-040/RJ;RJ;Choque - Objeto Fixo;;;1;;;;;;;;1;;;;
05/12/2020;16:19:00;610;AC03 - Acidente sem VITIMA;82;BR-040/RJ;RJ;Choque - Objeto Fixo;1;;;;;;;;;;1;;;;
05/12/2020;16:46:00;613;AC02 - Acidente com VITIMA;99;BR-040/RJ;RJ;Colisão Transversal;2;;;;;;;;;;0;2;;;
05/12/2020;16:57:00;614;AC02 - Acidente com VITIMA;96;BR-040/RJ;JF;Tombamento;;;1;;;1;;;;;1;2;;;
05/12/2020;17:47:00;616;AC03 - Acidente sem VITIMA;92;BR-040/RJ;RJ;Choque - Objeto Fixo;1;;;;;;;;;;1;;;;
05/12/2020;18:24:00;627;AC02 - Acidente com VITIMA;107;BR-040/RJ;RJ;Atropelamento - Animal;;;;1;;;;;;;0;1;;;
05/12/2020;19:57:00;633;AC03 - Acidente sem VITIMA;72;BR-040/RJ;JF;Choque - Objeto Fixo;1;;;;;;;;;;1;;;;
05/12/2020;20:20:00;638;AC03 - Acidente sem VITIMA;80;BR-040/RJ;RJ;Colisão Traseira;2;;;;;;;;;;2;;;;
05/12/2020;21:59:00;642;AC02 - Acidente com VITIMA;112;BR-040/RJ;JF;Capotamento;1;;;;;;;;;;0;1;;;
06/12/2020;01:26:00;656;AC03 - Acidente sem VITIMA;84;BR-040/RJ;RJ;Choque - Objeto Fixo;1;;;;;;;;;;1;;;;
06/12/2020;01:57:00;657;AC02 - Acidente com VITIMA;120;BR-040/RJ;JF;Choque - Objeto Fixo;1;;;;;;;;;;0;;;1;
06/12/2020;04:15:00;662;AC01 - Acidente com VITIMA FATAL;67;BR-040/RJ;JF;Capotamento;1;;;;;;;;;;0;;1;;1
06/12/2020;04:58:00;663;AC03 - Acidente sem VITIMA;74;BR-040/RJ;RJ;Tombamento;1;;;;;;;;;;1;;;;
06/12/2020;05:10:00;664;AC03 - Acidente sem VITIMA;115;BR-040/RJ;JF;Choque - Objeto Fixo;1;;;;;;;;;;1;;;;
06/12/2020;05:49:00;666;AC02 - Acidente com VITIMA;62;BR-040/RJ;RJ;Capotamento;1;;;;;;;;;;0;2;;;
06/12/2020;06:35:00;668;AC02 - Acidente com VITIMA;809;BR-040/MG;JF;Choque - Objeto Fixo;1;;;;;;;;;;0;2;;;
06/12/2020;07:22:00;674;AC03 - Acidente sem VITIMA;72;BR-040/RJ;JF;Choque - Objeto Fixo;1;;;;;;;;;;1;;;;
06/12/2020;09:02:00;684;AC03 - Acidente sem VITIMA;117;BR-040/RJ;RJ;Choque - Objeto Fixo;1;;;;;;;;;;1;;;;
06/12/2020;09:34:00;687;AC03 - Acidente sem VITIMA;1;BR-040/RJ;JF;Choque - Objeto Fixo;1;;;;;;;;;;1;;;;
06/12/2020;11:03:00;698;AC03 - Acidente sem VITIMA;87;BR-040/RJ;RJ;Derrapagem;1;;;;;;;;;;1;;;;
06/12/2020;11:16:00;701;AC02 - Acidente com VITIMA;92;BR-040/RJ;RJ;Saída de Pista;1;;;;;;;;;;0;2;;;
06/12/2020;11:24:00;703;AC03 - Acidente sem VITIMA;91;BR-040/RJ;JF;Choque - Objeto Fixo;1;;;;;;;;;;1;;;;
06/12/2020;12:29:00;708;AC03 - Acidente sem VITIMA;90;BR-040/RJ;RJ;Derrapagem;1;;;;;;;;;;1;;;;
06/12/2020;12:44:00;710;AC03 - Acidente sem VITIMA;60;BR-040/RJ;JF;Choque - Objeto Fixo;1;;;;;;;;;;1;;;;
06/12/2020;12:59:00;712;AC03 - Acidente sem VITIMA;90;BR-040/RJ;JF;Choque - Objeto Fixo;1;;;;;;;;;;1;;;;
06/12/2020;13:07:00;714;AC03 - Acidente sem VITIMA;82;BR-040/RJ;RJ;Colisão Lateral;2;;;;;;;;;;2;;;;
06/12/2020;12:35:00;715;AC03 - Acidente sem VITIMA;90;BR-040/RJ;RJ;Choque - Objeto Fixo;1;;;;;;;;;;1;;;;
06/12/2020;13:23:00;718;AC03 - Acidente sem VITIMA;93;BR-040/RJ;RJ;Choque - Objeto Fixo;1;;;;;;;;;;1;;;;
06/12/2020;14:01:00;720;AC03 - Acidente sem VITIMA;84;BR-040/RJ;RJ;Choque - Objeto Fixo;1;;;;;;;;;;1;;;;
06/12/2020;14:42:00;727;AC03 - Acidente sem VITIMA;93;BR-040/RJ;JF;Choque - Objeto Fixo;1;;;;;;;;;;1;;;;
06/12/2020;14:49:00;728;AC02 - Acidente com VITIMA;72;BR-040/RJ;JF;Choque - Objeto Fixo;1;;;;;;;;;;0;1;;;
06/12/2020;14:52:00;730;AC03 - Acidente sem VITIMA;90;BR-040/RJ;JF;Colisão Lateral;1;;;;1;;;;;;2;;;;
06/12/2020;15:54:00;736;AC03 - Acidente sem VITIMA;95;BR-040/RJ;JF;Tombamento;1;;;;;;;;;;1;;;;
06/12/2020;17:28:00;749;AC02 - Acidente com VITIMA;2;BR-040/RJ;JF;Capotamento;1;;;;;;;;;;0;1;;;
06/12/2020;17:45:00;751;AC02 - Acidente com VITIMA;91;BR-040/RJ;RJ;Capotamento;1;;;;;;;;;;0;8;;;
06/12/2020;17:50:00;752;AC03 - Acidente sem VITIMA;9;BR-040/RJ;RJ;Choque - Objeto Fixo;1;;;;;;;;;;1;;;;
06/12/2020;17:55:00;754;AC03 - Acidente sem VITIMA;776;BR-040/MG;RJ;Choque - Objeto Fixo;1;;;;;;;;;;1;;;;
06/12/2020;18:10:00;755;AC03 - Acidente sem VITIMA;82;BR-040/RJ;RJ;Colisão Traseira;2;;;;;;;;;;2;;;;
06/12/2020;18:28:00;757;AC03 - Acidente sem VITIMA;91;BR-040/RJ;RJ;Choque - Objeto Fixo;1;;;;;;;;;;1;;;;
06/12/2020;18:41:00;759;AC03 - Acidente sem VITIMA;93;BR-040/RJ;RJ;Capotamento;1;;;;;;;;;;1;;;;
06/12/2020;18:45:00;764;AC03 - Acidente sem VITIMA;775;BR-040/MG;RJ;Colisão Traseira;2;;;;;;;;;;2;;;;
06/12/2020;21:05:00;771;AC03 - Acidente sem VITIMA;96;BR-040/RJ;RJ;Choque - Objeto Fixo;1;;;;;;;;;;1;;;;
06/12/2020;22:03:00;774;AC03 - Acidente sem VITIMA;89;BR-040/RJ;JF;Saída de Pista;1;;;;;;;;;;1;;;;
06/12/2020;22:17:00;775;AC02 - Acidente com VITIMA;114;BR-040/RJ;RJ;Choque - Objeto Fixo;1;;;;;;;;;;0;3;;;
06/12/2020;22:37:00;779;AC03 - Acidente sem VITIMA;819;BR-040/MG;JF;Saída de Pista;;;1;;;;;;;;1;;;;
07/12/2020;00:30:00;782;AC03 - Acidente sem VITIMA;80;BR-040/RJ;RJ;Saída de Pista;1;;;;;;;;;;1;;;;
07/12/2020;01:01:00;786;AC02 - Acidente com VITIMA;43;BR-040/RJ;JF;Saída de Pista;1;;;;;;;;;;0;1;;;
07/12/2020;02:16:00;789;AC03 - Acidente sem VITIMA;810;BR-040/MG;RJ;Saída de Pista;1;;;;;;;;;;1;;;;
07/12/2020;03:25:00;793;AC03 - Acidente sem VITIMA;113;BR-040/RJ;RJ;Capotamento;1;;;;;;;;;;1;;;;
07/12/2020;08:01:00;808;AC03 - Acidente sem VITIMA;85;BR-040/RJ;JF;Choque - Objeto Fixo;1;;;;;;;;;;1;;;;
07/12/2020;08:17:00;810;AC03 - Acidente sem VITIMA;47;BR-040/RJ;JF;Choque - Objeto Fixo;1;;;;;;;;;;1;;;;
07/12/2020;08:37:00;815;AC03 - Acidente sem VITIMA;78;BR-040/RJ;RJ;Choque - Objeto Fixo;1;;;;;;;;;;1;;;;
07/12/2020;08:52:00;817;AC03 - Acidente sem VITIMA;91;BR-040/RJ;JF;Choque - Objeto Fixo;1;;;;;;;;;;1;;;;
07/12/2020;09:10:00;818;AC02 - Acidente com VITIMA;75;BR-040/RJ;RJ;Choque - Objeto Fixo;1;;;;;;;;;;0;1;;;
07/12/2020;10:17:00;822;AC03 - Acidente sem VITIMA;92;BR-040/RJ;RJ;Choque - Objeto Fixo;1;;;;;;;;;;1;;;;
07/12/2020;11:18:00;831;AC03 - Acidente sem VITIMA;77;BR-040/RJ;RJ;Choque - Objeto Fixo;1;;;;;;;;;;1;;;;
07/12/2020;12:47:00;838;AC03 - Acidente sem VITIMA;798;BR-040/MG;RJ;Colisão Lateral;1;;1;;;;;;;;2;;;;
07/12/2020;13:26:00;843;AC03 - Acidente sem VITIMA;90;BR-040/RJ;RJ;Choque - Objeto Fixo;1;;;;;;;;;;1;;;;
07/12/2020;13:52:00;845;AC02 - Acidente com VITIMA;78;BR-040/RJ;RJ;Choque - Objeto Fixo;1;;;;;;;;;;0;2;;;
07/12/2020;14:04:00;846;AC02 - Acidente com VITIMA;827;BR-040/MG;RJ;Capotamento;1;;;;;;;;;;0;3;;;
07/12/2020;14:23:00;849;AC03 - Acidente sem VITIMA;94;BR-040/RJ;RJ;Choque - Objeto Fixo;1;;;;;;;;;;1;;;;
07/12/2020;14:29:00;851;AC02 - Acidente com VITIMA;34;BR-040/RJ;JF;Choque - Objeto Fixo;1;;;;;;;;;;0;1;;;
07/12/2020;15:09:00;856;AC02 - Acidente com VITIMA;806;BR-040/MG;RJ;Choque - Objeto Fixo;;;1;;;;;;;;0;1;;;
07/12/2020;16:58:00;863;AC03 - Acidente sem VITIMA;92;BR-040/RJ;RJ;Choque - Objeto Fixo;1;;;;;;;;;;1;;;;
07/12/2020;17:29:00;867;AC02 - Acidente com VITIMA;75;BR-040/RJ;RJ;Capotamento;1;;;;;;;;;;0;1;;;
07/12/2020;17:49:00;870;AC03 - Acidente sem VITIMA;45;BR-040/RJ;JF;Colisão Lateral;1;;1;;;;;;;;2;;;;
07/12/2020;17:54:00;872;AC02 - Acidente com VITIMA;824;BR-040/MG;JF;Saída de Pista;1;;;;;;;;;;0;2;;;
07/12/2020;18:02:00;874;AC03 - Acidente sem VITIMA;107;BR-040/RJ;JF;Colisão Traseira;1;;1;;;;;;;;2;;;;
07/12/2020;19:58:00;880;AC03 - Acidente sem VITIMA;34;BR-040/RJ;RJ;Choque - Objeto Fixo;1;;;;;;;;;;1;;;;
07/12/2020;20:06:00;881;AC03 - Acidente sem VITIMA;93;BR-040/RJ;RJ;Choque - Objeto Fixo;1;;;;;;;;;;1;;;;
07/12/2020;22:04:00;890;AC03 - Acidente sem VITIMA;82;BR-040/RJ;RJ;Choque - Objeto Fixo;1;;;;;;;;;;1;;;;
08/12/2020;02:45:00;901;AC03 - Acidente sem VITIMA;799;BR-040/MG;JF;Choque - Objeto Fixo;1;;;;;;;;;;1;;;;
08/12/2020;03:57:00;903;AC02 - Acidente com VITIMA;114;BR-040/RJ;RJ;Colisão Traseira;1;;;1;;;;;;;1;1;;;
08/12/2020;05:55:00;910;AC03 - Acidente sem VITIMA;113;BR-040/RJ;JF;Choque - Objeto Fixo;1;;;;;;;;;;1;;;;
08/12/2020;07:01:00;913;AC03 - Acidente sem VITIMA;97;BR-040/RJ;JF;Choque - Objeto Fixo;1;;;;;;;;;;1;;;;
08/12/2020;07:32:00;916;AC03 - Acidente sem VITIMA;84;BR-040/RJ;RJ;Choque - Objeto Fixo;1;;;;;;;;;;1;;;;
08/12/2020;09:38:00;932;AC02 - Acidente com VITIMA;801;BR-040/MG;JF;Choque - Objeto Fixo;1;;;;;;;;;;0;1;;;
08/12/2020;09:57:00;936;AC03 - Acidente sem VITIMA;84;BR-040/RJ;JF;Choque - Objeto Fixo;1;;;;;;;;;;1;;;;
08/12/2020;11:00:00;942;AC02 - Acidente com VITIMA;87;BR-040/RJ;JF;Queda de Moto;;;;1;;;;;;;0;1;;;
08/12/2020;12:12:00;947;AC03 - Acidente sem VITIMA;110;BR-040/RJ;RJ;Colisão Traseira;2;;;;;;;;;;2;;;;
08/12/2020;12:16:00;949;AC03 - Acidente sem VITIMA;114;BR-040/RJ;RJ;Colisão Lateral;;;;1;1;;;;;;2;;;;
08/12/2020;13:47:00;961;AC03 - Acidente sem VITIMA;90;BR-040/RJ;RJ;Saída de Pista;1;;;;;;;;;;1;;;;
08/12/2020;13:59:00;964;AC03 - Acidente sem VITIMA;91;BR-040/RJ;RJ;Saída de Pista;1;;;;;;;;;;4;;;;
08/12/2020;14:01:00;965;AC02 - Acidente com VITIMA;85;BR-040/RJ;RJ;Choque - Objeto Fixo;1;;;;;;;;;;0;1;;;
08/12/2020;16:02:00;975;AC03 - Acidente sem VITIMA;113;BR-040/RJ;RJ;Engavetamento;3;;;;;;;;;;3;;;;
08/12/2020;16:27:00;979;AC02 - Acidente com VITIMA;122;BR-040/RJ;JF;Colisão Traseira;2;;;;;;;;;;0;2;;;
08/12/2020;20:32:00;1004;AC03 - Acidente sem VITIMA;123;BR-040/RJ;RJ;Saída de Pista;1;;;;;;;;;;1;;;;
09/12/2020;01:46:00;1017;AC03 - Acidente sem VITIMA;77;BR-040/RJ;RJ;Choque - Objeto Fixo;1;;;;;;;;;;1;;;;
09/12/2020;05:55:00;1026;AC02 - Acidente com VITIMA;105;BR-040/RJ;RJ;Colisão Lateral;1;;;1;;;;;;;1;1;1;;
09/12/2020;08:26:00;1045;AC03 - Acidente sem VITIMA;84;BR-040/RJ;JF;Choque - Objeto Fixo;1;;;;;;;;;;1;;;;
09/12/2020;10:28:00;1061;AC03 - Acidente sem VITIMA;60;BR-040/RJ;JF;Choque - Objeto Fixo;1;;;;;;;;;;1;;;;
09/12/2020;10:40:00;1064;AC03 - Acidente sem VITIMA;60;BR-040/RJ;JF;Choque - Objeto Fixo;1;;;;;;;;;;1;;;;
09/12/2020;11:04:00;1065;AC02 - Acidente com VITIMA;99;BR-040/RJ;JF;Tombamento;;;1;;;1;;;;;1;1;;;
09/12/2020;14:01:00;1077;AC03 - Acidente sem VITIMA;90;BR-040/RJ;RJ;Saída de Pista;1;;;;;;;;;;1;;;;
09/12/2020;16:08:00;1093;AC03 - Acidente sem VITIMA;91;BR-040/RJ;JF;Choque - Objeto Fixo;1;;;;;;;;;;1;;;;
09/12/2020;18:22:00;1106;AC03 - Acidente sem VITIMA;38;BR-040/RJ;JF;Choque - Objeto Fixo;1;;;;;;;;;;1;;;;
09/12/2020;19:07:00;1114;AC02 - Acidente com VITIMA;91;BR-040/RJ;RJ;Saída de Pista;1;;;;;;;;;;0;3;;;
09/12/2020;18:35:00;1116;AC03 - Acidente sem VITIMA;99;BR-040/RJ;JF;Colisão Lateral;1;;1;;;;;;;;2;;;;
09/12/2020;20:51:00;1123;AC02 - Acidente com VITIMA;117;BR-040/RJ;RJ;Colisão Lateral;;1;;;;1;;;;;1;;1;;
10/12/2020;00:42:00;1137;AC03 - Acidente sem VITIMA;105;BR-040/RJ;RJ;Choque - Objeto Fixo;1;;;;;;;;;;1;;;;
10/12/2020;06:53:00;1152;AC03 - Acidente sem VITIMA;114;BR-040/RJ;RJ;Colisão Traseira;2;;;;;;;;;;2;;;;
10/12/2020;11:26:00;1196;AC03 - Acidente sem VITIMA;90;BR-040/RJ;RJ;Choque - Objeto Fixo;1;;;;;;;;;;1;;;;
10/12/2020;11:57:00;1200;AC03 - Acidente sem VITIMA;94;BR-040/RJ;RJ;Capotamento;1;;;;;;;;;;1;;;;
10/12/2020;14:41:00;1217;AC03 - Acidente sem VITIMA;98;BR-040/RJ;RJ;Choque - Objeto Fixo;1;;;;;;;;;;1;;;;
10/12/2020;15:08:00;1219;AC03 - Acidente sem VITIMA;120;BR-040/RJ;JF;Colisão Lateral;1;;;;;1;;;;;2;;;;
11/12/2020;12:08:00;1307;AC03 - Acidente sem VITIMA;76;BR-040/RJ;RJ;Colisão Traseira;2;;;;;;;;;;2;;;;
11/12/2020;14:04:00;1316;AC02 - Acidente com VITIMA;87;BR-040/RJ;RJ;Choque - Objeto Fixo;;;1;;;;;;;;0;3;;;
11/12/2020;15:23:00;1324;AC03 - Acidente sem VITIMA;95;BR-040/RJ;JF;Choque - Objeto Fixo;1;;;;;1;;;;;2;;;;
11/12/2020;15:30:00;1325;AC03 - Acidente sem VITIMA;110;BR-040/RJ;JF;Colisão Traseira;2;;;;;;;;;;2;;;;
11/12/2020;18:19:00;1353;AC03 - Acidente sem VITIMA;95;BR-040/RJ;RJ;Choque - Objeto Fixo;1;;;;;;;;;;1;;;;
11/12/2020;19:24:00;1357;AC02 - Acidente com VITIMA;85;BR-040/RJ;JF;Choque - Objeto Fixo;1;;;;;;;;;;0;3;;;
11/12/2020;20:54:00;1371;AC03 - Acidente sem VITIMA;121;BR-040/RJ;RJ;Choque - Objeto Fixo;1;;;;;;;;;;1;;;;
11/12/2020;23:02:00;1381;AC03 - Acidente sem VITIMA;120;BR-040/RJ;JF;Colisão Traseira;1;;;;;1;;;;;2;;;;
12/12/2020;03:47:00;1390;AC03 - Acidente sem VITIMA;109;BR-040/RJ;JF;Colisão Traseira;1;;1;;;;;;;;2;;;;
12/12/2020;04:48:00;1394;AC03 - Acidente sem VITIMA;117;BR-040/RJ;JF;Capotamento;1;;;;;;;;;;1;;;;
12/12/2020;11:09:00;1434;AC03 - Acidente sem VITIMA;105;BR-040/RJ;JF;Colisão Lateral;1;;1;;;;;;;;2;;;;
12/12/2020;12:16:00;1445;AC03 - Acidente sem VITIMA;85;BR-040/RJ;RJ;Choque - Objeto Fixo;1;;;;;;;;;;1;;;;
12/12/2020;14:19:00;1456;AC03 - Acidente sem VITIMA;109;BR-040/RJ;JF;Colisão Traseira;1;;1;;;;;;;;3;;;;
12/12/2020;16:53:00;1478;AC03 - Acidente sem VITIMA;122;BR-040/RJ;JF;Colisão Traseira;2;;;;;;;;;;2;;;;