data;horario;n_da_ocorrencia;tipo_de_ocorrencia;km;trecho;sentido;tipo_de_acidente;automovel;bicicleta;caminhao;moto;onibus;outros;tracao_animal;transporte_de_cargas_especiais;trator_maquinas;utilitarios;ilesos;levemente_feridos;moderadamente_feridos;gravemente_feridos;mortos
25/12/2020;17:36:00;3217;AC03 - Acidente sem VITIMA;122;BR-040/RJ;JF;Choque - Objeto Fixo;1;;;;;;;;;;1;;;;
25/12/2020;19:36:00;3222;AC02 - Acidente com VITIMA;792;BR-040/MG;JF;Queda de Moto;;;;1;;;;;;;0;1;;;
25/12/2020;22:40:00;3239;AC03 - Acidente sem VITIMA;113;BR-040/RJ;JF;Choque - Objeto Fixo;1;;;;;;;;;;1;;;;
25/12/2020;23:01:00;3245;AC03 - Acidente sem VITIMA;113;BR-040/RJ;RJ;Colisão Traseira;2;;;;;;;;;;2;;;;
25/12/2020;22:53:00;3246;AC04 - Atropelamento;113;BR-040/RJ;JF;Atropelamento - Pedestre;1;;;;;1;;;;;1;;1;;
26/12/2020;04:46:00;3256;AC02 - Acidente com VITIMA;113;BR-040/RJ;RJ;Colisão Lateral;1;;1;;;;;;;;1;2;;;
26/12/2020;05:47:00;3259;AC03 - Acidente sem VITIMA;799;BR-040/MG;RJ;Choque - Objeto Fixo;1;;;;;;;;;;1;;;;
26/12/2020;09:47:00;3272;AC02 - Acidente com VITIMA;83;BR-040/RJ;RJ;Capotamento;2;;;;;;;;;;0;2;1;;
26/12/2020;10:18:00;3276;AC03 - Acidente sem VITIMA;78;BR-040/RJ;RJ;Choque - Objeto Fixo;1;;;;;;;;;;1;;;;
26/12/2020;16:04:00;3310;AC03 - Acidente sem VITIMA;84;BR-040/RJ;RJ;Choque - Objeto Fixo;1;;;;;;;;;;1;;;;
27/12/2020;04:29:00;3354;AC02 - Acidente com VITIMA;119;BR-040/RJ;JF;Choque - Objeto Fixo;1;;;;;;;;;;0;;;2;
27/12/2020;04:38:00;3356;AC02 - Acidente com VITIMA;84;BR-040/RJ;RJ;Choque - Objeto Fixo;1;;;;;;;;;;0;2;;;
27/12/2020;04:42:00;3357;AC03 - Acidente sem VITIMA;113;BR-040/RJ;RJ;Colisão Lateral;2;;;;;;;;;;2;;;;
27/12/2020;05:01:00;3358;AC02 - Acidente com VITIMA;85;BR-040/RJ;RJ;Choque - Objeto Fixo;1;;;;;;;;;;0;1;;;
27/12/2020;06:22:00;3365;AC03 - Acidente sem VITIMA;85;BR-040/RJ;JF;Choque - Objeto Fixo;1;;;;;;;;;;1;;;;
27/12/2020;07:45:00;3370;AC03 - Acidente sem VITIMA;43;BR-040/RJ;JF;Choque - Objeto Fixo;1;;;;;;;;;;1;;;;
27/12/2020;08:00:00;3373;AC03 - Acidente sem VITIMA;64;BR-040/RJ;JF;Choque - Objeto Fixo;;;1;;;;;;;;1;;;;
27/12/2020;08:03:00;3374;AC03 - Acidente sem VITIMA;783;BR-040/MG;JF;Choque - Objeto Fixo;1;;;;;;;;;;1;;;;
27/12/2020;08:12:00;3377;AC03 - Acidente sem VITIMA;63;BR-040/RJ;JF;Choque - Objeto Fixo;1;;;;;;;;;;1;;;;
27/12/2020;08:50:00;3379;AC03 - Acidente sem VITIMA;90;BR-040/RJ;RJ;Choque - Objeto Fixo;1;;;;;;;;;;1;;;;
27/12/2020;09:20:00;3384;AC03 - Acidente sem VITIMA;82;BR-040/RJ;RJ;Choque - Objeto Fixo;1;;;;;;;;;;1;;;;
27/12/2020;09:38:00;3385;AC02 - Acidente com VITIMA;94;BR-040/RJ;RJ;Choque - Objeto Fixo;1;;;;;;;;;;0;1;;;
27/12/2020;09:53:00;3387;AC02 - Acidente com VITIMA;94;BR-040/RJ;RJ;Choque - Objeto Fixo;1;;;;;;;;;;0;1;;;
27/12/2020;10:05:00;3388;AC03 - Acidente sem VITIMA;812;BR-040/MG;JF;Choque - Objeto Fixo;1;;;;;;;;;;1;;;;
27/12/2020;10:18:00;3390;AC03 - Acidente sem VITIMA;823;BR-040/MG;RJ;Choque - Objeto Fixo;1;;;;;;;;;;1;;;;
27/12/2020;11:36:00;3396;AC02 - Acidente com VITIMA;84;BR-040/RJ;RJ;Choque - Objeto Fixo;1;;;;;;;;;;0;3;1;;
27/12/2020;12:58:00;3401;AC02 - Acidente com VITIMA;124;BR-040/RJ;JF;Choque - Objeto Fixo;1;;;;;;;;;;0;5;;;
27/12/2020;15:38:00;3408;AC02 - Acidente com VITIMA;87;BR-040/RJ;RJ;Choque - Objeto Fixo;1;;;;;;;;;;0;1;;;
27/12/2020;16:29:00;3412;AC03 - Acidente sem VITIMA;89;BR-040/RJ;RJ;Choque - Objeto Fixo;1;;;;;;;;;;1;;;;
27/12/2020;16:53:00;3415;AC03 - Acidente sem VITIMA;93;BR-040/RJ;RJ;Choque - Objeto Fixo;1;;;;;;;;;;1;;;;
27/12/2020;16:57:00;3416;AC03 - Acidente sem VITIMA;91;BR-040/RJ;RJ;Choque - Objeto Fixo;1;;;;;;;;;;1;;;;
27/12/2020;17:36:00;3418;AC03 - Acidente sem VITIMA;78;BR-040/RJ;RJ;Choque - Objeto Fixo;1;;;;;;;;;;1;;;;
27/12/2020;18:51:00;3425;AC03 - Acidente sem VITIMA;121;BR-040/RJ;JF;Colisão Frontal;2;;;;;;;;;;2;;;;
27/12/2020;19:29:00;3431;AC02 - Acidente com VITIMA;84;BR-040/RJ;RJ;Choque - Objeto Fixo;1;;;;;;;;;;0;1;;;
27/12/2020;20:10:00;3434;AC03 - Acidente sem VITIMA;87;BR-040/RJ;RJ;Choque - Objeto Fixo;1;;;;;;;;;;1;;;;
28/12/2020;05:32:00;3450;AC03 - Acidente sem VITIMA;87;BR-040/RJ;RJ;Choque - Objeto Fixo;1;;;;;;;;;;1;;;;
28/12/2020;09:32:00;3471;AC02 - Acidente com VITIMA;123;BR-040/RJ;RJ;Capotamento;2;;;1;;;;;;;2;2;;;
28/12/2020;14:59:00;3507;AC02 - Acidente com VITIMA;123;BR-040/RJ;RJ;Colisão Lateral;1;1;;;;;;;;;1;;1;;
28/12/2020;16:06:00;3511;AC03 - Acidente sem VITIMA;82;BR-040/RJ;RJ;Choque - Objeto Fixo;1;;;;;;;;;;1;;;;
28/12/2020;17:28:00;3521;AC03 - Acidente sem VITIMA;93;BR-040/RJ;RJ;Choque - Objeto Fixo;1;;;;;;;;;;1;;;;
28/12/2020;17:52:00;3523;AC03 - Acidente sem VITIMA;799;BR-040/MG;RJ;Choque - Objeto Fixo;1;;;;;;;;;;1;;;;
28/12/2020;17:54:00;3524;AC02 - Acidente com VITIMA;44;BR-040/RJ;RJ;Queda de Moto;;;;1;;;;;;;0;1;1;;
28/12/2020;18:17:00;3527;AC03 - Acidente sem VITIMA;90;BR-040/RJ;JF;Saída de Pista;1;;;;;;;;;;1;;;;
28/12/2020;20:37:00;3538;AC03 - Acidente sem VITIMA;92;BR-040/RJ;RJ;Choque - Objeto Fixo;1;;;;;;;;;;1;;;;
28/12/2020;21:11:00;3541;AC03 - Acidente sem VITIMA;108;BR-040/RJ;JF;Derrapagem;1;;;;;;;;;;1;;;;
29/12/2020;06:33:00;3565;AC02 - Acidente com VITIMA;45;BR-040/RJ;JF;Choque - Objeto Fixo;1;;;;;;;;;;0;1;;;
29/12/2020;09:50:00;3577;AC02 - Acidente com VITIMA;73;BR-040/RJ;RJ;Capotamento;1;;;;;;;;;;0;1;;;
29/12/2020;12:24:00;3597;AC03 - Acidente sem VITIMA;87;BR-040/RJ;RJ;Choque - Objeto Fixo;1;;;;;;;;;;1;;;;
29/12/2020;16:19:00;3623;AC03 - Acidente sem VITIMA;84;BR-040/RJ;RJ;Choque - Objeto Fixo;1;;;;;;;;;;1;;;;
29/12/2020;17:56:00;3634;AC03 - Acidente sem VITIMA;91;BR-040/RJ;JF;Choque - Objeto Fixo;1;;;;;;;;;;1;;;;
29/12/2020;21:43:00;3654;AC03 - Acidente sem VITIMA;90;BR-040/RJ;RJ;Saída de Pista;1;;;;;;;;;;1;;;;
29/12/2020;22:03:00;3656;AC02 - Acidente com VITIMA;78;BR-040/RJ;RJ;Capotamento;1;;;;;;;;;;0;2;;;
30/12/2020;06:45:00;3681;AC03 - Acidente sem VITIMA;87;BR-040/RJ;RJ;Choque - Objeto Fixo;1;;;;;;;;;;1;;;;
30/12/2020;11:25:00;3704;AC03 - Acidente sem VITIMA;94;BR-040/RJ;JF;Choque - Objeto Fixo;1;;;;;;;;;;1;;;;
30/12/2020;11:33:00;3707;AC03 - Acidente sem VITIMA;84;BR-040/RJ;RJ;Choque - Objeto Fixo;1;;;;;;;;;;1;;;;
30/12/2020;18:26:00;3763;AC02 - Acidente com VITIMA;87;BR-040/RJ;RJ;Capotamento;1;;;;;;;;;;0;2;;;
30/12/2020;20:08:00;3774;AC03 - Acidente sem VITIMA;109;BR-040/RJ;JF;Colisão Traseira;1;;1;;;;;;;;2;;;;
31/12/2020;07:15:00;3808;AC03 - Acidente sem VITIMA;116;BR-040/RJ;JF;Colisão Traseira;1;;1;;;;;;;;2;;;;
31/12/2020;10:09:00;3826;AC03 - Acidente sem VITIMA;78;BR-040/RJ;RJ;Choque - Objeto Fixo;1;;;;;;;;;;1;;;;
31/12/2020;10:52:00;3828;AC02 - Acidente com VITIMA;97;BR-040/RJ;JF;Queda de Moto;;;;1;;;;;;;0;1;;;
31/12/2020;15:20:00;3865;AC03 - Acidente sem VITIMA;84;BR-040/RJ;JF;Choque - Objeto Fixo;1;;;;;;;;;;1;;;;
31/12/2020;15:38:00;3867;AC03 - Acidente sem VITIMA;91;BR-040/RJ;JF;Colisão Lateral;1;;1;;;;;;;;2;;;;
31/12/2020;15:43:00;3868;AC03 - Acidente sem VITIMA;124;BR-040/RJ;RJ;Capotamento;1;;;;;;;;;;1;;;;
31/12/2020;16:03:00;3872;AC02 - Acidente com VITIMA;84;BR-040/RJ;JF;Choque - Objeto Fixo;1;;;;;;;;;;0;2;;;
31/12/2020;16:15:00;3874;AC03 - Acidente sem VITIMA;57;BR-040/RJ;JF;Choque - Objeto Fixo;1;;;;;;;;;;1;;;;
31/12/2020;18:48:00;3886;AC02 - Acidente com VITIMA;87;BR-040/RJ;RJ;Choque - Objeto Fixo;1;;;;;;;;;;0;5;;;
01/01/2021;05:47:00;8;AC02 - Acidente com VITIMA;87;BR-040/RJ;JF;Capotamento;1;;;;;;;;;;0;;1;;
01/01/2021;07:13:00;10;AC03 - Acidente sem VITIMA;66;BR-040/RJ;JF;Choque - Objeto Fixo;1;;;;;;;;;;1;;;;
01/01/2021;08:10:00;14;AC03 - Acidente sem VITIMA;87;BR-040/RJ;RJ;Derrapagem;1;;;;;;;;;;1;;;;
01/01/2021;13:44:00;40;AC03 - Acidente sem VITIMA;85;BR-040/RJ;JF;Choque - Objeto Fixo;1;;;;;;;;;;1;;;;
01/01/2021;14:22:00;43;AC03 - Acidente sem VITIMA;93;BR-040/RJ;RJ;Colisão Traseira;1;;;;;;;;;;1;;;;
01/01/2021;14:37:00;44;AC03 - Acidente sem VITIMA;786;BR-040/MG;JF;Saída de Pista;1;;;;;;;;;;1;;;;
01/01/2021;14:39:00;45;AC02 - Acidente com VITIMA;1;BR-040/RJ;JF;Capotamento;1;;;;;;;;;;0;1;;;
01/01/2021;15:10:00;49;AC03 - Acidente sem VITIMA;785;BR-040/MG;JF;Saída de Pista;1;;;;;;;;;;1;;;;
01/01/2021;17:56:00;69;AC03 - Acidente sem VITIMA;822;BR-040/MG;JF;Choque - Objeto Fixo;1;;;;;;;;;;1;;;;
01/01/2021;23:57:00;87;AC03 - Acidente sem VITIMA;117;BR-040/RJ;JF;Choque - Objeto Fixo;1;;;;;;;;;;1;;;;
02/01/2021;06:12:00;102;AC03 - Acidente sem VITIMA;112;BR-040/RJ;RJ;Choque - Objeto Fixo;1;;;;;;;;;;1;;;;
02/01/2021;06:43:00;103;AC02 - Acidente com VITIMA;109;BR-040/RJ;RJ;Colisão Traseira;1;;;1;;;;;;;1;;1;;
02/01/2021;10:29:00;128;AC03 - Acidente sem VITIMA;92;BR-040/RJ;RJ;Choque - Objeto Fixo;1;;;;;;;;;;1;;;;
02/01/2021;12:11:00;137;AC03 - Acidente sem VITIMA;33;BR-040/RJ;JF;Choque - Objeto Fixo;1;;;;;;;;;;1;;;;
02/01/2021;12:45:00;144;AC02 - Acidente com VITIMA;79;BR-040/RJ;RJ;Choque - Objeto Fixo;1;;;;;;;;;;0;2;;;
02/01/2021;12:52:00;146;AC03 - Acidente sem VITIMA;90;BR-040/RJ;JF;Choque - Objeto Fixo;1;;;;;;;;;;1;;;;
02/01/2021;14:08:00;155;AC03 - Acidente sem VITIMA;65;BR-040/RJ;RJ;Saída de Pista;1;;;;;;;;;;1;;;;
02/01/2021;14:47:00;158;AC03 - Acidente sem VITIMA;124;BR-040/RJ;RJ;Saída de Pista;1;;;;;;;;;;1;;;;
02/01/2021;15:13:00;159;AC02 - Acidente com VITIMA;91;BR-040/RJ;JF;Queda de Moto;;;;1;;;;;;;0;1;;;
02/01/2021;15:50:00;164;AC02 - Acidente com VITIMA;84;BR-040/RJ;RJ;Choque - Objeto Fixo;1;;;;;;;;;;0;4;;;
02/01/2021;16:37:00;171;AC03 - Acidente sem VITIMA;93;BR-040/RJ;RJ;Choque - Objeto Fixo;1;;;;;;;;;;1;;;;
02/01/2021;16:37:00;172;AC02 - Acidente com VITIMA;93;BR-040/RJ;RJ;Colisão Traseira;2;;;;;;;;;;0;1;1;;
02/01/2021;16:43:00;173;AC03 - Acidente sem VITIMA;96;BR-040/RJ;RJ;Choque - Objeto Fixo;1;;;;;;;;;;1;;;;
02/01/2021;16:47:00;174;AC03 - Acidente sem VITIMA;87;BR-040/RJ;RJ;Choque - Objeto Fixo;1;;;;;;;;;;1;;;;
02/01/2021;17:32:00;183;AC03 - Acidente sem VITIMA;79;BR-040/RJ;RJ;Saída de Pista;1;;;;;;;;;;1;;;;
02/01/2021;18:00:00;188;AC03 - Acidente sem VITIMA;77;BR-040/RJ;RJ;Choque - Objeto Fixo;1;;;;;;;;;;1;;;;
02/01/2021;18:49:00;194;AC03 - Acidente sem VITIMA;786;BR-040/MG;JF;Saída de Pista;1;;;;;;;;;;1;;;;
02/01/2021;19:15:00;203;AC03 - Acidente sem VITIMA;93;BR-040/RJ;RJ;Choque - Objeto Fixo;1;;;;;;;;;;1;;;;
02/01/2021;22:31:00;220;AC02 - Acidente com VITIMA;78;BR-040/RJ;RJ;Choque - Objeto Fixo;;;1;;;;;;;;2;;1;;
03/01/2021;00:13:00;226;AC02 - Acidente com VITIMA;109;BR-040/RJ;RJ;Capotamento;1;;;;;;;;;;0;2;;;
03/01/2021;00:22:00;227;AC04 - Atropelamento;102;BR-040/RJ;RJ;Atropelamento - Pedestre;2;;;;;;;;;;1;1;;;
03/01/2021;00:35:00;229;AC02 - Acidente com VITIMA;43;BR-040/RJ;JF;Choque - Objeto Fixo;1;;;;;;;;;;0;2;;;
03/01/2021;06:25:00;237;AC03 - Acidente sem VITIMA;117;BR-040/RJ;JF;Choque - Objeto Fixo;1;;;;;1;;;;;2;;;;
03/01/2021;06:54:00;245;AC03 - Acidente sem VITIMA;89;BR-040/RJ;RJ;Choque - Objeto Fixo;1;;;;;;;;;;1;;;;
03/01/2021;07:06:00;246;AC03 - Acidente sem VITIMA;824;BR-040/MG;JF;Choque - Objeto Fixo;1;;;;;;;;;;1;;;;
03/01/2021;07:56:00;251;AC03 - Acidente sem VITIMA;85;BR-040/RJ;JF;Choque - Objeto Fixo;1;;;;;;;;;;1;;;;
03/01/2021;08:00:00;252;AC03 - Acidente sem VITIMA;92;BR-040/RJ;RJ;Choque - Objeto Fixo;1;;;;;;;;;;1;;;;
03/01/2021;08:12:00;254;AC02 - Acidente com VITIMA;85;BR-040/RJ;RJ;Choque - Objeto Fixo;1;;;;;;;;;;0;4;1;;
03/01/2021;08:42:00;261;AC03 - Acidente sem VITIMA;94;BR-040/RJ;RJ;Choque - Objeto Fixo;1;;;;;;;;;;1;;;;
03/01/2021;08:59:00;263;AC03 - Acidente sem VITIMA;74;BR-040/RJ;JF;Choque - Objeto Fixo;1;;;;;;;;;;1;;;;
03/01/2021;10:01:00;268;AC03 - Acidente sem VITIMA;87;BR-040/RJ;RJ;Choque - Objeto Fixo;1;;;;;;;;;;1;;;;
03/01/2021;14:38:00;293;AC03 - Acidente sem VITIMA;84;BR-040/RJ;RJ;Choque - Objeto Fixo;1;;;;;;;;;;1;;;;
03/01/2021;14:42:00;295;AC02 - Acidente com VITIMA;84;BR-040/RJ;RJ;Choque - Objeto Fixo;1;;;;;;;;;;0;3;;;
03/01/2021;15:20:00;297;AC03 - Acidente sem VITIMA;84;BR-040/RJ;JF;Choque - Objeto Fixo;1;;;;;;;;;;1;;;;
03/01/2021;15:21:00;298;AC03 - Acidente sem VITIMA;84;BR-040/RJ;JF;Choque - Objeto Fixo;1;;;;;;;;;;1;;;;
03/01/2021;16:23:00;304;AC02 - Acidente com VITIMA;81;BR-040/RJ;RJ;Choque - Objeto Fixo;1;;;;;;;;;;0;;1;;
03/01/2021;17:05:00;311;AC03 - Acidente sem VITIMA;83;BR-040/RJ;JF;Choque - Objeto Fixo;1;;;;;;;;;;1;;;;
03/01/2021;17:46:00;316;AC03 - Acidente sem VITIMA;120;BR-040/RJ;JF;Colisão Lateral;1;;;;1;;;;;;2;;;;
03/01/2021;18:24:00;322;AC03 - Acidente sem VITIMA;785;BR-040/MG;JF;Saída de Pista;1;;;;;;;;;;1;;;;
03/01/2021;18:52:00;325;AC03 - Acidente sem VITIMA;74;BR-040/RJ;JF;Choque - Objeto Fixo;1;;;;;;;;;;1;;;;
03/01/2021;19:41:00;329;AC03 - Acidente sem VITIMA;774;BR-040/MG;JF;Choque - Objeto Fixo;1;;;;;;;;;;1;;;;
03/01/2021;20:13:00;332;AC03 - Acidente sem VITIMA;92;BR-040/RJ;JF;Choque - Objeto Fixo;1;;;;;;;;;;1;;;;
03/01/2021;21:35:00;342;AC02 - Acidente com VITIMA;89;BR-040/RJ;JF;Choque - Objeto Fixo;1;;;;;;;;;;0;3;;;
03/01/2021;22:40:00;345;AC03 - Acidente sem VITIMA;91;BR-040/RJ;JF;Choque - Objeto Fixo;1;;;;;;;;;;1;;;;
03/01/2021;23:37:00;351;AC02 - Acidente com VITIMA;84;BR-040/RJ;JF;Choque - Objeto Fixo;1;;;;;;;;;;0;1;;;
04/01/2021;01:09:00;361;AC02 - Acidente com VITIMA;35;BR-040/RJ;JF;Queda de Moto;;;;1;;;;;;;0;1;1;;
04/01/2021;01:37:00;364;AC03 - Acidente sem VITIMA;812;BR-040/MG;JF;Choque - Objeto Fixo;1;;;;;;;;;;1;;;;
04/01/2021;01:50:00;366;AC03 - Acidente sem VITIMA;119;BR-040/RJ;RJ;Choque - Objeto Fixo;1;;;;;;;;;;1;;;;
04/01/2021;03:55:00;374;AC03 - Acidente sem VITIMA;775;BR-040/MG;RJ;Atropelamento - Animal;1;;;;;;;;;;1;;;;
04/01/2021;04:58:00;378;AC02 - Acidente com VITIMA;97;BR-040/RJ;RJ;Capotamento;1;;;;;;;;;;0;1;;;
04/01/2021;06:40:00;391;AC03 - Acidente sem VITIMA;83;BR-040/RJ;JF;Choque - Objeto Fixo;1;;;;;;;;;;1;;;;
04/01/2021;07:35:00;400;AC03 - Acidente sem VITIMA;85;BR-040/RJ;JF;Choque - Objeto Fixo;1;;;;;;;;;;1;;;;
04/01/2021;11:18:00;435;AC03 - Acidente sem VITIMA;55;BR-040/RJ;RJ;Choque - Objeto Fixo;1;;;;;;;;;;1;;;;
04/01/2021;11:30:00;439;AC03 - Acidente sem VITIMA;114;BR-040/RJ;RJ;Queda de Moto;;;;1;;;;;;;1;;;;
04/01/2021;12:10:00;445;AC03 - Acidente sem VITIMA;119;BR-040/RJ;RJ;Capotamento;1;;;;;;;;;;1;;;;
04/01/2021;17:36:00;497;AC03 - Acidente sem VITIMA;817;BR-040/MG;JF;Choque - Objeto Fixo;1;;;;;;;;;;1;;;;
04/01/2021;17:10:00;498;AC03 - Acidente sem VITIMA;69;BR-040/RJ;JF;Colisão Traseira;2;;;;;;;;;;2;;;;
04/01/2021;17:50:00;503;AC02 - Acidente com VITIMA;84;BR-040/RJ;RJ;Capotamento;1;;;;;;;;;;0;1;;;
04/01/2021;17:57:00;506;AC03 - Acidente sem VITIMA;109;BR-040/RJ;JF;Colisão Traseira;2;;;;;;;;;;2;;;;
04/01/2021;21:08:00;521;AC02 - Acidente com VITIMA;820;BR-040/MG;RJ;Colisão Traseira;1;;1;;;;;;;;1;5;;;
04/01/2021;21:29:00;524;AC03 - Acidente sem VITIMA;121;BR-040/RJ;JF;Choque - Objeto Fixo;;;2;;;;;;;;2;;;;
05/01/2021;00:09:00;532;AC02 - Acidente com VITIMA;112;BR-040/RJ;JF;Colisão Traseira;1;;;;1;;;;;;1;3;;;
05/01/2021;06:44:00;559;AC03 - Acidente sem VITIMA;65;BR-040/RJ;RJ;Choque - Objeto Fixo;1;;;;;;;;;;1;;;;
05/01/2021;08:09:00;569;AC03 - Acidente sem VITIMA;124;BR-040/RJ;RJ;Colisão Lateral;1;;1;;;;;;;;2;;;;
05/01/2021;10:12:00;587;AC03 - Acidente sem VITIMA;85;BR-040/RJ;JF;Choque - Objeto Fixo;1;;;;;;;;;;1;;;;
05/01/2021;10:43:00;592;AC02 - Acidente com VITIMA;85;BR-040/RJ;RJ;Capotamento;1;;;;;;;;;;0;2;;;
05/01/2021;14:23:00;617;AC02 - Acidente com VITIMA;84;BR-040/RJ;RJ;Capotamento;1;;;;;;;;;;0;2;;;
05/01/2021;18:33:00;643;AC02 - Acidente com VITIMA;82;BR-040/RJ;JF;Queda de Moto;;;;1;;;;;;;0;1;;;
06/01/2021;09:51:00;693;AC02 - Acidente com VITIMA;91;BR-040/RJ;JF;Choque - Objeto Fixo;1;;;;;;;;;;0;;1;;
06/01/2021;11:06:00;699;AC02 - Acidente com VITIMA;40;BR-040/RJ;JF;Queda de Moto;;;;1;;;;;;;0;;1;;
06/01/2021;13:30:00;717;AC03 - Acidente sem VITIMA;84;BR-040/RJ;RJ;Choque - Objeto Fixo;1;;;;;;;;;;1;;;;
06/01/2021;15:32:00;734;AC02 - Acidente com VITIMA;66;BR-040/RJ;JF;Choque - Objeto Fixo;;;;;;;;;;1;0;;2;;
06/01/2021;16:15:00;738;AC03 - Acidente sem VITIMA;828;BR-040/MG;JF;Choque - Objeto Fixo;1;;;;;;;;;;1;;;;
06/01/2021;16:40:00;743;AC02 - Acidente com VITIMA;78;BR-040/RJ;RJ;Choque - Objeto Fixo;1;;;;;;;;;;0;5;;;
06/01/2021;17:16:00;746;AC03 - Acidente sem VITIMA;80;BR-040/RJ;RJ;Choque - Objeto Fixo;1;;;;;;;;;;1;;;;
06/01/2021;17:40:00;749;AC02 - Acidente com VITIMA;105;BR-040/RJ;JF;Colisão Lateral;1;;;1;;;;;;;1;1;;;
06/01/2021;18:46:00;760;AC03 - Acidente sem VITIMA;93;BR-040/RJ;RJ;Choque - Objeto Fixo;1;;;;;;;;;;1;;;;
07/01/2021;08:15:00;816;AC02 - Acidente com VITIMA;45;BR-040/RJ;JF;Choque - Objeto Fixo;;;;1;;;;;;;0;1;;;
07/01/2021;09:50:00;833;AC03 - Acidente sem VITIMA;39;BR-040/RJ;JF;Choque - Objeto Fixo;;;1;;;;;;;;1;;;;
07/01/2021;13:02:00;865;AC03 - Acidente sem VITIMA;108;BR-040/RJ;JF;Colisão Lateral;1;;1;;;;;;;;2;;;;
07/01/2021;15:09:00;881;AC03 - Acidente sem VITIMA;78;BR-040/RJ;RJ;Choque - Objeto Fixo;1;;;;;;;;;;1;;;;
07/01/2021;20:54:00;917;AC02 - Acidente com VITIMA;120;BR-040/RJ;RJ;Colisão Traseira;1;;1;;;;;;;;1;1;;;
07/01/2021;23:31:00;920;AC03 - Acidente sem VITIMA;108;BR-040/RJ;JF;Choque - Objeto Fixo;1;;;;;;;;;;1;;;;
08/01/2021;08:19:00;945;AC03 - Acidente sem VITIMA;784;BR-040/MG;JF;Capotamento;1;;;;;;;;;;1;;;;
08/01/2021;10:08:00;955;AC04 - Atropelamento;57;BR-040/RJ;RJ;Atropelamento - Pedestre;1;1;;;;;;;;;1;1;;;
08/01/2021;10:27:00;956;AC02 - Acidente com VITIMA;84;BR-040/RJ;RJ;Capotamento;1;;;;;;;;;;0;1;;;
08/01/2021;13:14:00;976;AC03 - Acidente sem VITIMA;116;BR-040/RJ;JF;Colisão Traseira;2;;;;;;;;;;2;;;;
08/01/2021;15:40:00;989;AC03 - Acidente sem VITIMA;93;BR-040/RJ;RJ;Saída de Pista;1;;;;;;;;;;1;;;;
08/01/2021;15:40:00;990;AC03 - Acidente sem VITIMA;124;BR-040/RJ;RJ;Choque - Objeto Fixo;1;;;;;;;;;;1;;;;
08/01/2021;16:28:00;996;AC03 - Acidente sem VITIMA;91;BR-040/RJ;JF;Choque - Objeto Fixo;1;;;;;;;;;;1;;;;
08/01/2021;17:10:00;1004;AC02 - Acidente com VITIMA;92;BR-040/RJ;RJ;Queda de Moto;;;;1;;;;;;;0;;1;;
08/01/2021;17:25:00;1006;AC03 - Acidente sem VITIMA;94;BR-040/RJ;RJ;Choque - Objeto Fixo;1;;;;;;;;;;1;;;;
08/01/2021;18:40:00;1015;AC03 - Acidente sem VITIMA;89;BR-040/RJ;RJ;Saída de Pista;1;;;;;;;;;;1;;;;
08/01/2021;18:42:00;1017;AC03 - Acidente sem VITIMA;94;BR-040/RJ;RJ;Choque - Objeto Fixo;1;;;;;;;;;;1;;;;
09/01/2021;02:04:00;1042;AC03 - Acidente sem VITIMA;47;BR-040/RJ;RJ;Choque - Objeto Fixo;1;;;;;;;;;;1;;;;
09/01/2021;06:06:00;1053;AC02 - Acidente com VITIMA;775;BR-040/MG;RJ;Capotamento;1;;;;;;;;;;1;;2;;
09/01/2021;06:10:00;1055;AC02 - Acidente com VITIMA;111;BR-040/RJ;RJ;Queda de Moto;;;;1;;;;;;;0;;1;;
09/01/2021;09:36:00;1066;AC02 - Acidente com VITIMA;122;BR-040/RJ;RJ;Colisão Traseira;1;;;1;;;;;;;0;3;;1;
09/01/2021;13:47:00;1098;AC03 - Acidente sem VITIMA;96;BR-040/RJ;RJ;Choque - Objeto Fixo;1;;;;;;;;;;1;;;;
09/01/2021;15:01:00;1106;AC03 - Acidente sem VITIMA;84;BR-040/RJ;JF;Choque - Objeto Fixo;1;;;;;;;;;;1;;;;
09/01/2021;15:27:00;1110;AC03 - Acidente sem VITIMA;92;BR-040/RJ;RJ;Choque - Objeto Fixo;1;;;;;;;;;;1;;;;
09/01/2021;17:36:00;1125;AC03 - Acidente sem VITIMA;90;BR-040/RJ;RJ;Capotamento;1;;;;;;;;;;1;;;;
09/01/2021;17:47:00;1126;AC03 - Acidente sem VITIMA;90;BR-040/RJ;JF;Choque - Objeto Fixo;1;;;;;;;;;;1;;;;
09/01/2021;17:52:00;1128;AC02 - Acidente com VITIMA;77;BR-040/RJ;RJ;Choque - Objeto Fixo;1;;;;;;;;;;0;1;;;
09/01/2021;18:42:00;1133;AC03 - Acidente sem VITIMA;93;BR-040/RJ;RJ;Choque - Objeto Fixo;1;;;;;;;;;;1;;;;
09/01/2021;20:22:00;1143;AC02 - Acidente com VITIMA;23;BR-040/RJ;JF;Atropelamento - Animal;1;;;;;;;;;;0;;2;;
09/01/2021;21:07:00;1147;AC03 - Acidente sem VITIMA;114;BR-040/RJ;JF;Choque - Objeto Fixo;1;;;;;;;;;;1;;;;
10/01/2021;00:20:00;1158;AC03 - Acidente sem VITIMA;97;BR-040/RJ;RJ;Choque - Objeto Fixo;1;;;;;;;;;;1;;;;
10/01/2021;01:52:00;1160;AC03 - Acidente sem VITIMA;110;BR-040/RJ;RJ;Choque - Objeto Fixo;1;;;;;;;;;;1;;;;