data;horario;n_da_ocorrencia;tipo_de_ocorrencia;km;trecho;sentido;tipo_de_acidente;automovel;bicicleta;caminhao;moto;onibus;outros;tracao_animal;transporte_de_cargas_especiais;trator_maquinas;utilitarios;ilesos;levemente_feridos;moderadamente_feridos;gravemente_feridos;mortos
10/01/2021;05:26:00;1166;AC02 - Acidente com VITIMA;81;BR-040/RJ;JF;Queda de Moto;;;;1;;;;;;;0;2;;;
10/01/2021;08:57:00;1179;AC03 - Acidente sem VITIMA;110;BR-040/RJ;JF;Colisão Lateral;1;;1;;;;;;;;2;;;;
10/01/2021;11:39:00;1193;AC02 - Acidente com VITIMA;801;BR-040/MG;JF;Choque - Objeto Fixo;1;;;;;;;;;;0;5;;;
10/01/2021;13:36:00;1204;AC03 - Acidente sem VITIMA;1;BR-040/RJ;JF;Choque - Objeto Fixo;1;;;;;;;;;;1;;;;
10/01/2021;14:45:00;1212;AC03 - Acidente sem VITIMA;89;BR-040/RJ;JF;Choque - Objeto Fixo;1;;;;;;;;;;1;;;;
10/01/2021;15:46:00;1218;AC03 - Acidente sem VITIMA;114;BR-040/RJ;JF;Colisão Lateral;1;;;;;1;;;;;2;;;;
10/01/2021;16:48:00;1226;AC03 - Acidente sem VITIMA;70;BR-040/RJ;JF;Colisão Lateral;3;;;;;;;;;;3;;;;
10/01/2021;17:22:00;1233;AC03 - Acidente sem VITIMA;62;BR-040/RJ;RJ;Choque - Objeto Fixo;1;;;;;;;;;;1;;;;
10/01/2021;17:37:00;1235;AC02 - Acidente com VITIMA;79;BR-040/RJ;RJ;Colisão Traseira;2;;;;;;;;;;0;4;;;
10/01/2021;17:55:00;1236;AC03 - Acidente sem VITIMA;84;BR-040/RJ;RJ;Colisão Transversal;2;;;;;;;;;;2;;;;
10/01/2021;21:05:00;1265;AC03 - Acidente sem VITIMA;113;BR-040/RJ;JF;Choque - Objeto Fixo;1;;;;;;;;;;1;;;;
11/01/2021;03:50:00;1300;AC03 - Acidente sem VITIMA;77;BR-040/RJ;RJ;Choque - Objeto Fixo;1;;;;;;;;;;1;;;;
11/01/2021;07:10:00;1322;AC03 - Acidente sem VITIMA;787;BR-040/MG;JF;Choque - Objeto Fixo;1;;;;;;;;;;1;;;;
11/01/2021;10:05:00;1344;AC02 - Acidente com VITIMA;78;BR-040/RJ;JF;Capotamento;1;;;;;;;;;;0;2;;;
11/01/2021;10:53:00;1350;AC03 - Acidente sem VITIMA;85;BR-040/RJ;JF;Choque - Objeto Fixo;1;;;;;;;;;;1;;;;
11/01/2021;12:59:00;1367;AC02 - Acidente com VITIMA;99;BR-040/RJ;JF;Colisão Traseira;1;;;1;;;;;;;1;1;;;
11/01/2021;15:16:00;1385;AC03 - Acidente sem VITIMA;84;BR-040/RJ;RJ;Choque - Objeto Fixo;1;;;;;;;;;;1;;;;
11/01/2021;17:30:00;1405;AC02 - Acidente com VITIMA;89;BR-040/RJ;JF;Queda de Moto;;;;1;;;;;;;0;1;;;
11/01/2021;21:06:00;1421;AC02 - Acidente com VITIMA;102;BR-040/RJ;JF;Colisão Transversal;2;;;;;;;;;;1;6;;;
12/01/2021;10:42:00;1475;AC02 - Acidente com VITIMA;98;BR-040/RJ;RJ;Choque - Objeto Fixo;1;;;;;;;;;;0;3;;;
12/01/2021;12:18:00;1488;AC03 - Acidente sem VITIMA;97;BR-040/RJ;JF;Colisão Traseira;2;;;;;;;;;;2;;;;
12/01/2021;13:01:00;1491;AC03 - Acidente sem VITIMA;106;BR-040/RJ;RJ;Colisão Traseira;2;;;;;;;;;;2;;;;
12/01/2021;13:11:00;1492;AC02 - Acidente com VITIMA;109;BR-040/RJ;RJ;Queda de Moto;;;;1;;;;;;;0;;1;;
12/01/2021;19:19:00;1532;AC02 - Acidente com VITIMA;82;BR-040/RJ;RJ;Atropelamento - Pedestre;;;;1;;1;;;;;0;3;;;
13/01/2021;00:46:00;1563;AC02 - Acidente com VITIMA;41;BR-040/RJ;RJ;Tombamento;;;1;;;;;;;;0;1;;;
13/01/2021;09:06:00;1588;AC03 - Acidente sem VITIMA;122;BR-040/RJ;JF;Colisão Lateral;1;;1;;;;;;;;2;;;;
13/01/2021;10:10:00;1601;AC02 - Acidente com VITIMA;87;BR-040/RJ;RJ;Choque - Objeto Fixo;1;;;;;;;;;;0;4;;;
13/01/2021;13:41:00;1618;AC03 - Acidente sem VITIMA;91;BR-040/RJ;JF;Tombamento;1;;;;;;;;;;1;;;;
13/01/2021;15:28:00;1628;AC03 - Acidente sem VITIMA;107;BR-040/RJ;RJ;Colisão Traseira;2;;;;;;;;;;2;;;;
13/01/2021;16:13:00;1635;AC02 - Acidente com VITIMA;84;BR-040/RJ;RJ;Choque - Objeto Fixo;1;;;;;;;;;;0;1;;;
13/01/2021;16:24:00;1651;AC02 - Acidente com VITIMA;84;BR-040/RJ;RJ;Colisão Traseira;;;;;1;1;;;;;1;2;;;
13/01/2021;21:18:00;1669;AC03 - Acidente sem VITIMA;90;BR-040/RJ;JF;Colisão Lateral;1;;;;;1;;;;;2;;;;
14/01/2021;06:44:00;1698;AC02 - Acidente com VITIMA;111;BR-040/RJ;RJ;Colisão Traseira;;;1;;;1;;;;;1;1;;;
14/01/2021;08:59:00;1709;AC03 - Acidente sem VITIMA;84;BR-040/RJ;JF;Colisão Traseira;2;;;;;;;;;;2;;;;
14/01/2021;23:08:00;1786;AC02 - Acidente com VITIMA;118;BR-040/RJ;RJ;Colisão Transversal;2;;;;;;;;;;0;4;1;;
15/01/2021;02:38:00;1792;AC03 - Acidente sem VITIMA;55;BR-040/RJ;JF;Atropelamento - Animal;1;;;;;;;;;;1;;;;
15/01/2021;07:07:00;1803;AC02 - Acidente com VITIMA;87;BR-040/RJ;RJ;Queda de Moto;;;;1;;;;;;;0;1;;;
15/01/2021;11:34:00;1833;AC03 - Acidente sem VITIMA;109;BR-040/RJ;JF;Colisão Traseira;1;;;;;1;;;;;2;;;;
15/01/2021;13:07:00;1841;AC02 - Acidente com VITIMA;84;BR-040/RJ;RJ;Queda de Moto;;;;1;;;;;;;0;1;;;
15/01/2021;14:17:00;1845;AC03 - Acidente sem VITIMA;780;BR-040/MG;JF;Choque - Objeto Fixo;1;;;;;;;;;;1;;;;
15/01/2021;14:47:00;1849;AC02 - Acidente com VITIMA;111;BR-040/RJ;JF;Colisão Traseira;2;;;;;;;;;;1;1;;;
15/01/2021;16:23:00;1857;AC02 - Acidente com VITIMA;111;BR-040/RJ;JF;Engavetamento;3;;;;;;;;;;1;2;;;
15/01/2021;16:57:00;1865;AC03 - Acidente sem VITIMA;110;BR-040/RJ;JF;Colisão Traseira;1;;;;;1;;;;;2;;;;
15/01/2021;17:06:00;1869;AC03 - Acidente sem VITIMA;35;BR-040/RJ;RJ;Choque - Objeto Fixo;;;1;;;;;;;;1;;;;
16/01/2021;05:37:00;1911;AC03 - Acidente sem VITIMA;820;BR-040/MG;JF;Choque - Objeto Fixo;1;;;;;;;;;;1;;;;
16/01/2021;07:55:00;1919;AC03 - Acidente sem VITIMA;92;BR-040/RJ;JF;Colisão Lateral;;;;1;;;;;;;1;;;;
16/01/2021;08:18:00;1921;AC03 - Acidente sem VITIMA;91;BR-040/RJ;RJ;Colisão Traseira;1;;1;;;;;;;;2;;;;
16/01/2021;11:42:00;1941;AC03 - Acidente sem VITIMA;828;BR-040/MG;RJ;Capotamento;1;;;;;;;;;;1;;;;
16/01/2021;11:20:00;1943;AC03 - Acidente sem VITIMA;61;BR-040/RJ;JF;Colisão Traseira;1;;1;;;;;;;;2;;;;
16/01/2021;13:31:00;1954;AC03 - Acidente sem VITIMA;41;BR-040/RJ;JF;Colisão Traseira;1;;;;;1;;;;;2;;;;
16/01/2021;17:20:00;1972;AC03 - Acidente sem VITIMA;111;BR-040/RJ;JF;Engavetamento;2;;1;;;;;;;;3;;;;
16/01/2021;19:36:00;1985;AC02 - Acidente com VITIMA;120;BR-040/RJ;JF;Colisão Lateral;2;;;;;1;;;;;1;3;;;
17/01/2021;02:42:00;2002;AC03 - Acidente sem VITIMA;123;BR-040/RJ;RJ;Choque - Objeto Fixo;2;;;;;;;;;;2;;;;
17/01/2021;18:46:00;2067;AC03 - Acidente sem VITIMA;89;BR-040/RJ;JF;Colisão Traseira;2;;;;;;;;;;2;;;;
17/01/2021;19:51:00;2073;AC03 - Acidente sem VITIMA;120;BR-040/RJ;JF;Choque - Objeto Fixo;1;;;;;;;;;;1;;;;
18/01/2021;10:12:00;2124;AC03 - Acidente sem VITIMA;111;BR-040/RJ;RJ;Engavetamento;3;;;;;;;;;;3;;;;
18/01/2021;12:05:00;2140;AC03 - Acidente sem VITIMA;787;BR-040/MG;JF;Choque - Objeto Fixo;1;;;;;;;;;;1;;;;
18/01/2021;16:22:00;2170;AC03 - Acidente sem VITIMA;89;BR-040/RJ;RJ;Choque - Objeto Fixo;;;1;;;;;;;;1;;;;
19/01/2021;08:11:00;2234;AC02 - Acidente com VITIMA;70;BR-040/RJ;JF;Queda de Moto;;;;1;;;;;;;0;2;;;
19/01/2021;12:32:00;2263;AC02 - Acidente com VITIMA;21;BR-040/RJ;JF;Saída de Pista;;;1;;;;;;;;0;1;;;
19/01/2021;13:34:00;2269;AC03 - Acidente sem VITIMA;786;BR-040/MG;JF;Choque - Objeto Fixo;1;;;;;;;;;;1;;;;
19/01/2021;15:33:00;2282;AC02 - Acidente com VITIMA;58;BR-040/RJ;RJ;Colisão Lateral;;;2;;;1;;;;;2;1;;;
19/01/2021;15:56:00;2286;AC03 - Acidente sem VITIMA;81;BR-040/RJ;RJ;Saída de Pista;;;1;;;;;;;;1;;;;
19/01/2021;17:05:00;2292;AC03 - Acidente sem VITIMA;101;BR-040/RJ;JF;Choque - Objeto Fixo;1;;;;;;;;;;1;;;;
20/01/2021;08:08:00;2336;AC02 - Acidente com VITIMA;120;BR-040/RJ;RJ;Colisão Lateral;1;;;1;;;;;;;0;2;;;
20/01/2021;09:34:00;2348;AC03 - Acidente sem VITIMA;84;BR-040/RJ;JF;Choque - Objeto Fixo;1;;;;;;;;;;1;;;;
20/01/2021;13:51:00;2365;AC02 - Acidente com VITIMA;105;BR-040/RJ;JF;Colisão Frontal;1;;;1;;;;;;;0;3;;;
20/01/2021;17:50:00;2387;AC02 - Acidente com VITIMA;45;BR-040/RJ;JF;Colisão Lateral;;1;;1;;;;;;;1;1;;;
21/01/2021;08:32:00;2436;AC02 - Acidente com VITIMA;119;BR-040/RJ;RJ;Colisão Traseira;;;1;1;;;;;;;1;;1;;
21/01/2021;16:00:00;2477;AC03 - Acidente sem VITIMA;108;BR-040/RJ;JF;Choque - Objeto Fixo;1;;;;;;;;;;1;;;;
21/01/2021;19:22:00;2500;AC02 - Acidente com VITIMA;85;BR-040/RJ;JF;Capotamento;1;;;;;;;;;;0;1;;;
22/01/2021;15:38:00;2584;AC03 - Acidente sem VITIMA;85;BR-040/RJ;JF;Choque - Objeto Fixo;1;;1;;;;;;;;2;;;;
22/01/2021;15:52:00;2587;AC03 - Acidente sem VITIMA;89;BR-040/RJ;RJ;Choque - Objeto Fixo;1;;;;;;;;;;1;;;;
22/01/2021;16:15:00;2592;AC03 - Acidente sem VITIMA;99;BR-040/RJ;JF;Choque - Objeto Fixo;1;;;;;;;;;;1;;;;
22/01/2021;16:54:00;2596;AC02 - Acidente com VITIMA;31;BR-040/RJ;RJ;Tombamento;;;1;;;1;;;;;1;1;;;
22/01/2021;18:50:00;2604;AC03 - Acidente sem VITIMA;77;BR-040/RJ;RJ;Choque - Objeto Fixo;1;;;;;;;;;;1;;;;
22/01/2021;19:05:00;2606;AC03 - Acidente sem VITIMA;90;BR-040/RJ;JF;Tombamento;1;;;;;;;;;;1;;;;
22/01/2021;19:05:00;2607;AC03 - Acidente sem VITIMA;87;BR-040/RJ;RJ;Choque - Objeto Fixo;1;;;;;;;;;;1;;;;
22/01/2021;21:50:00;2621;AC03 - Acidente sem VITIMA;117;BR-040/RJ;RJ;Choque - Objeto Fixo;1;;;;;;;;;;1;;;;
22/01/2021;23:45:00;2635;AC03 - Acidente sem VITIMA;101;BR-040/RJ;JF;Choque - Objeto Fixo;1;;;;;;;;;;1;;;;
23/01/2021;03:02:00;2643;AC01 - Acidente com VITIMA FATAL;104;BR-040/RJ;RJ;Colisão Traseira;1;1;;;;;;;;;1;;;;1
23/01/2021;04:31:00;2646;AC03 - Acidente sem VITIMA;70;BR-040/RJ;RJ;Capotamento;1;;;;;;;;;;1;;;;
23/01/2021;14:36:00;2690;AC02 - Acidente com VITIMA;104;BR-040/RJ;JF;Colisão Lateral;1;;;1;;;;;;;0;1;1;;
23/01/2021;16:42:00;2704;AC03 - Acidente sem VITIMA;93;BR-040/RJ;RJ;Tombamento;1;;;;;;;;;;1;;;;
24/01/2021;13:55:00;2775;AC03 - Acidente sem VITIMA;84;BR-040/RJ;RJ;Choque - Objeto Fixo;1;;;;;;;;;;1;;;;
24/01/2021;15:41:00;2787;AC03 - Acidente sem VITIMA;52;BR-040/RJ;JF;Capotamento;1;;;;;;;;;;1;;;;
24/01/2021;17:49:00;2801;AC02 - Acidente com VITIMA;113;BR-040/RJ;JF;Saída de Pista;1;;;;;;;;;;0;1;;;
24/01/2021;17:53:00;2807;AC03 - Acidente sem VITIMA;790;BR-040/MG;JF;Choque - Objeto Fixo;1;;;;;;;;;;1;;;;
24/01/2021;18:21:00;2809;AC02 - Acidente com VITIMA;109;BR-040/RJ;JF;Colisão Lateral;2;;;;;;;;;;1;1;;;
24/01/2021;19:54:00;2818;AC03 - Acidente sem VITIMA;93;BR-040/RJ;JF;Colisão Traseira;1;;;1;;;;;;;2;;;;
24/01/2021;23:36:00;2833;AC02 - Acidente com VITIMA;108;BR-040/RJ;JF;Queda de Moto;;;;1;;;;;;;1;1;;;
25/01/2021;00:30:00;2837;AC02 - Acidente com VITIMA;118;BR-040/RJ;JF;Choque - Objeto Fixo;;;;1;;;;;;;0;1;;;
25/01/2021;06:18:00;2846;AC03 - Acidente sem VITIMA;113;BR-040/RJ;RJ;Choque - Objeto Fixo;;;1;;;;;;;;1;;;;
25/01/2021;07:54:00;2855;AC03 - Acidente sem VITIMA;82;BR-040/RJ;RJ;Choque - Objeto Fixo;;;1;;;2;;;;;3;;;;
25/01/2021;11:44:00;2878;AC02 - Acidente com VITIMA;81;BR-040/RJ;JF;Queda de Moto;;;;1;;;;;;;0;1;;;
25/01/2021;14:50:00;2904;AC03 - Acidente sem VITIMA;16;BR-040/RJ;JF;Choque - Objeto Fixo;1;;;;;;;;;;1;;;;
25/01/2021;20:15:00;2929;AC02 - Acidente com VITIMA;789;BR-040/MG;RJ;Colisão Traseira;1;;;1;;;;;;;1;1;;;
25/01/2021;20:34:00;2930;AC03 - Acidente sem VITIMA;94;BR-040/RJ;JF;Choque - Objeto Fixo;1;;;;;;;;;;1;;;;
25/01/2021;22:58:00;2941;AC03 - Acidente sem VITIMA;85;BR-040/RJ;JF;Choque - Objeto Fixo;1;;;;;;;;;;1;;;;
26/01/2021;03:54:00;2951;AC02 - Acidente com VITIMA;76;BR-040/RJ;RJ;Tombamento;;;1;;;;;;;;0;;1;;
26/01/2021;05:42:00;2954;AC03 - Acidente sem VITIMA;92;BR-040/RJ;RJ;Choque - Objeto Fixo;;;1;;;;;;;;1;;;;
26/01/2021;22:51:00;3033;AC03 - Acidente sem VITIMA;116;BR-040/RJ;JF;Saída de Pista;1;;;;;;;;;;1;;;;
27/01/2021;05:59:00;3048;AC02 - Acidente com VITIMA;51;BR-040/RJ;RJ;Choque - Objeto Fixo;1;;;;;;;;;;0;;1;;
27/01/2021;09:03:00;3059;AC02 - Acidente com VITIMA;804;BR-040/MG;JF;Colisão Traseira;;;;1;;1;;;;;1;;1;;
27/01/2021;13:29:00;3080;AC03 - Acidente sem VITIMA;115;BR-040/RJ;JF;Colisão Traseira;2;;;;;;;;;;2;;;;
27/01/2021;13:44:00;3082;AC02 - Acidente com VITIMA;116;BR-040/RJ;JF;Colisão Lateral;1;;;1;;;;;;;1;2;;;
27/01/2021;15:24:00;3086;AC02 - Acidente com VITIMA;84;BR-040/RJ;JF;Capotamento;1;;;;;;;;;;0;1;;;
28/01/2021;08:12:00;3161;AC02 - Acidente com VITIMA;97;BR-040/RJ;JF;Colisão Traseira;2;;;;;;;;;;1;;1;;
28/01/2021;14:53:00;3210;AC03 - Acidente sem VITIMA;124;BR-040/RJ;JF;Colisão Lateral;1;;;;;1;;;;;2;;;;
28/01/2021;15:23:00;3214;AC03 - Acidente sem VITIMA;94;BR-040/RJ;RJ;Queda de Moto;;;;1;;;;;;;1;;;;
28/01/2021;16:42:00;3225;AC03 - Acidente sem VITIMA;122;BR-040/RJ;JF;Colisão Lateral;1;;;;;1;;;;;2;;;;
28/01/2021;17:12:00;3228;AC03 - Acidente sem VITIMA;85;BR-040/RJ;JF;Engavetamento;2;;1;;;;;;;;3;;;;
28/01/2021;17:59:00;3233;AC03 - Acidente sem VITIMA;114;BR-040/RJ;RJ;Colisão Lateral;1;;;;1;;;;;;2;;;;
28/01/2021;19:50:00;3245;AC03 - Acidente sem VITIMA;14;BR-040/RJ;RJ;Atropelamento - Animal;1;;;;;;;;;;1;;;;
29/01/2021;06:42:00;3278;AC03 - Acidente sem VITIMA;108;BR-040/RJ;JF;Colisão Traseira;;;2;;;;;;;;2;;;;
29/01/2021;09:35:00;3298;AC03 - Acidente sem VITIMA;112;BR-040/RJ;JF;Choque - Objeto Fixo;1;;;;;;;;;;1;;;;
29/01/2021;11:23:00;3316;AC03 - Acidente sem VITIMA;86;BR-040/RJ;JF;Colisão Traseira;2;;;;;;;;;;2;;;;
29/01/2021;13:35:00;3331;AC02 - Acidente com VITIMA;37;BR-040/RJ;RJ;Queda de Moto;;;;1;;;;;;;0;1;;;
29/01/2021;16:20:00;3348;AC02 - Acidente com VITIMA;123;BR-040/RJ;RJ;Colisão Lateral;1;;;1;;;;;;;1;1;;;
29/01/2021;18:10:00;3360;AC03 - Acidente sem VITIMA;97;BR-040/RJ;JF;Engavetamento;3;;;;;;;;;;3;;;;
30/01/2021;02:57:00;3405;AC02 - Acidente com VITIMA;72;BR-040/RJ;RJ;Tombamento;;;1;;;;;;;;0;1;;;
30/01/2021;03:19:00;3410;AC02 - Acidente com VITIMA;104;BR-040/RJ;RJ;Capotamento;1;;;;;;;;;;0;1;;;
30/01/2021;13:10:00;3459;AC02 - Acidente com VITIMA;118;BR-040/RJ;JF;Capotamento;1;;;;;;;;;;0;3;2;;
30/01/2021;19:59:00;3506;AC02 - Acidente com VITIMA;815;BR-040/MG;RJ;Capotamento;1;;;;;;;;;;0;4;;1;
31/01/2021;01:41:00;3527;AC02 - Acidente com VITIMA;54;BR-040/RJ;RJ;Queda de Moto;;;;1;;;;;;;0;;;1;
31/01/2021;07:11:00;3540;AC03 - Acidente sem VITIMA;107;BR-040/RJ;JF;Colisão Traseira;;;1;;;1;;;;;2;;;;
31/01/2021;10:41:00;3559;AC02 - Acidente com VITIMA;52;BR-040/RJ;JF;Queda de Moto;;;;1;;;;;;;0;1;;;
31/01/2021;15:34:00;3583;AC03 - Acidente sem VITIMA;92;BR-040/RJ;JF;Choque - Objeto Fixo;1;;;;;;;;;;1;;;;
31/01/2021;16:41:00;3588;AC03 - Acidente sem VITIMA;111;BR-040/RJ;JF;Colisão Traseira;2;;;;;;;;;;2;;;;
31/01/2021;17:30:00;3594;AC03 - Acidente sem VITIMA;68;BR-040/RJ;JF;Choque - Objeto Fixo;1;;;;;;;;;;1;;;;
31/01/2021;23:02:00;3623;AC03 - Acidente sem VITIMA;826;BR-040/MG;JF;Atropelamento - Animal;1;;;;;;;;;;1;;;;
01/02/2021;07:26:00;26;AC02 - Acidente com VITIMA;116;BR-040/RJ;JF;Colisão Traseira;;;1;1;;;;;;;1;1;;;
01/02/2021;08:12:00;32;AC03 - Acidente sem VITIMA;113;BR-040/RJ;RJ;Colisão Traseira;;;1;;1;;;;;;2;;;;
01/02/2021;10:53:00;45;AC02 - Acidente com VITIMA;105;BR-040/RJ;JF;Queda de Moto;1;;;1;;;;;;;1;1;;;
01/02/2021;15:53:00;79;AC03 - Acidente sem VITIMA;25;BR-040/RJ;JF;Choque - Objeto Fixo;1;;;;;;;;;;1;;;;
01/02/2021;17:30:00;89;AC03 - Acidente sem VITIMA;88;BR-040/RJ;JF;Colisão Lateral;1;;1;;;;;;;;2;;;;
02/02/2021;03:12:00;119;AC02 - Acidente com VITIMA;54;BR-040/RJ;RJ;Choque - Objeto Fixo;2;;;;;;;;;;0;3;;;
02/02/2021;11:51:00;167;AC03 - Acidente sem VITIMA;123;BR-040/RJ;JF;Colisão Traseira;2;;;;;;;;;;2;;;;
02/02/2021;12:26:00;171;AC03 - Acidente sem VITIMA;777;BR-040/MG;RJ;Tombamento;;;1;;;;;;;;1;;;;
02/02/2021;14:57:00;195;AC02 - Acidente com VITIMA;94;BR-040/RJ;RJ;Choque - Objeto Fixo;1;;;;;;;;;;0;1;;;
03/02/2021;12:09:00;296;AC03 - Acidente sem VITIMA;92;BR-040/RJ;RJ;Choque - Objeto Fixo;1;;;;;;;;;;1;;;;
03/02/2021;16:06:00;319;AC03 - Acidente sem VITIMA;123;BR-040/RJ;JF;Colisão Traseira;2;;;;;;;;;;2;;;;
03/02/2021;17:32:00;331;AC02 - Acidente com VITIMA;111;BR-040/RJ;RJ;Colisão Lateral;1;;;1;;;;;;;1;1;;;
04/02/2021;04:29:00;359;AC02 - Acidente com VITIMA;97;BR-040/RJ;RJ;Atropelamento - Animal;1;;;;;;;;;;0;1;;;
04/02/2021;10:39:00;392;AC02 - Acidente com VITIMA;53;BR-040/RJ;JF;Colisão Traseira;1;;1;;;;;;;;1;3;;;
04/02/2021;12:25:00;408;AC03 - Acidente sem VITIMA;93;BR-040/RJ;RJ;Choque - Objeto Fixo;1;;;;;;;;;;1;;;;
04/02/2021;13:09:00;413;AC03 - Acidente sem VITIMA;98;BR-040/RJ;RJ;Choque - Objeto Fixo;1;;;;;;;;;;1;;;;
04/02/2021;17:37:00;451;AC03 - Acidente sem VITIMA;10;BR-040/RJ;JF;Choque - Objeto Fixo;1;;;;;;;;;;1;;;;
04/02/2021;17:53:00;453;AC04 - Atropelamento;123;BR-040/RJ;JF;Atropelamento - Pedestre;;;;1;;1;;;;;1;;1;;
05/02/2021;01:57:00;492;AC02 - Acidente com VITIMA;124;BR-040/RJ;RJ;Colisão Frontal;1;;;1;;;;;;;1;;2;;
05/02/2021;07:37:00;501;AC03 - Acidente sem VITIMA;72;BR-040/RJ;JF;Colisão Lateral;1;;1;;;;;;;;2;;;;
05/02/2021;07:41:00;503;AC03 - Acidente sem VITIMA;72;BR-040/RJ;JF;Choque - Objeto Fixo;1;;;;;;;;;;1;;;;
05/02/2021;08:15:00;509;AC03 - Acidente sem VITIMA;117;BR-040/RJ;JF;Colisão Lateral;2;;;;;1;;;;;3;;;;
05/02/2021;08:30:00;510;AC03 - Acidente sem VITIMA;92;BR-040/RJ;RJ;Choque - Objeto Fixo;1;;;;;;;;;;1;;;;
05/02/2021;08:34:00;511;AC03 - Acidente sem VITIMA;75;BR-040/RJ;RJ;Choque - Objeto Fixo;1;;;;;;;;;;1;;;;
05/02/2021;08:36:00;512;AC03 - Acidente sem VITIMA;63;BR-040/RJ;JF;Choque - Objeto Fixo;1;;;;;;;;;;1;;;;
05/02/2021;09:11:00;517;AC03 - Acidente sem VITIMA;75;BR-040/RJ;RJ;Choque - Objeto Fixo;1;;;;;;;;;;1;;;;
05/02/2021;09:23:00;518;AC03 - Acidente sem VITIMA;94;BR-040/RJ;RJ;Choque - Objeto Fixo;1;;;;;;;;;;1;;;;
05/02/2021;15:06:00;563;AC03 - Acidente sem VITIMA;116;BR-040/RJ;JF;Colisão Lateral;1;;;;1;;;;;1;3;;;;
05/02/2021;16:51:00;575;AC02 - Acidente com VITIMA;797;BR-040/MG;JF;Colisão Traseira;1;;;1;;;;;;;1;;;1;
05/02/2021;18:01:00;588;AC02 - Acidente com VITIMA;88;BR-040/RJ;JF;Choque - Objeto Fixo;1;;;;;;;;;;0;2;;;
05/02/2021;18:54:00;597;AC03 - Acidente sem VITIMA;120;BR-040/RJ;JF;Choque - Objeto Fixo;1;;;;;;;;;;1;;;;
05/02/2021;19:29:00;602;AC03 - Acidente sem VITIMA;120;BR-040/RJ;JF;Engavetamento;1;;;;;2;;;;;3;;;;
05/02/2021;20:31:00;606;AC03 - Acidente sem VITIMA;93;BR-040/RJ;RJ;Saída de Pista;1;;;;;;;;;;1;;;;
05/02/2021;20:37:00;607;AC03 - Acidente sem VITIMA;115;BR-040/RJ;JF;Colisão Lateral;2;;;;;;;;;;2;;;;
05/02/2021;20:52:00;608;AC03 - Acidente sem VITIMA;34;BR-040/RJ;JF;Choque - Objeto Fixo;1;;;;;;;;;;1;;;;
05/02/2021;23:07:00;618;AC02 - Acidente com VITIMA;93;BR-040/RJ;RJ;Capotamento;1;;;;;;;;;;0;2;;;
06/02/2021;02:01:00;639;AC03 - Acidente sem VITIMA;96;BR-040/RJ;RJ;Choque - Objeto Fixo;1;;;;;;;;;;1;;;;
06/02/2021;06:43:00;651;AC03 - Acidente sem VITIMA;43;BR-040/RJ;JF;Choque - Objeto Fixo;1;;;;;;;;;;1;;;;
06/02/2021;06:48:00;652;AC03 - Acidente sem VITIMA;87;BR-040/RJ;JF;Choque - Objeto Fixo;1;;;;;;;;;;1;;;;
06/02/2021;08:24:00;663;AC02 - Acidente com VITIMA;122;BR-040/RJ;JF;Choque - Objeto Fixo;1;;;;;;;;;;0;1;;;
06/02/2021;08:25:00;664;AC03 - Acidente sem VITIMA;80;BR-040/RJ;RJ;Choque - Objeto Fixo;1;;;;;;;;;;1;;;;
06/02/2021;08:32:00;666;AC02 - Acidente com VITIMA;84;BR-040/RJ;JF;Choque - Objeto Fixo;1;;;;;;;;;;0;1;;;
06/02/2021;08:35:00;667;AC02 - Acidente com VITIMA;91;BR-040/RJ;RJ;Capotamento;1;;;;;;;;;;0;1;1;;
06/02/2021;09:04:00;670;AC03 - Acidente sem VITIMA;82;BR-040/RJ;RJ;Choque - Objeto Fixo;1;;;;;;;;;;1;;;;
06/02/2021;09:18:00;672;AC03 - Acidente sem VITIMA;1;BR-040/RJ;JF;Choque - Objeto Fixo;1;;;;;;;;;;1;;;;
06/02/2021;09:48:00;675;AC03 - Acidente sem VITIMA;82;BR-040/RJ;JF;Choque - Objeto Fixo;1;;;;;;;;;;1;;;;
06/02/2021;10:34:00;680;AC03 - Acidente sem VITIMA;76;BR-040/RJ;RJ;Choque - Objeto Fixo;1;;;;;;;;;;1;;;;
06/02/2021;10:47:00;682;AC03 - Acidente sem VITIMA;94;BR-040/RJ;RJ;Saída de Pista;1;;;;;;;;;;1;;;;
06/02/2021;11:00:00;684;AC03 - Acidente sem VITIMA;31;BR-040/RJ;RJ;Choque - Objeto Fixo;1;;;;;;;;;;1;;;;
06/02/2021;11:01:00;685;AC03 - Acidente sem VITIMA;32;BR-040/RJ;JF;Choque - Objeto Fixo;1;;;;;;;;;;1;;;;
06/02/2021;10:59:00;687;AC03 - Acidente sem VITIMA;78;BR-040/RJ;RJ;Choque - Objeto Fixo;1;;;;;;;;;;1;;;;
06/02/2021;11:14:00;688;AC03 - Acidente sem VITIMA;93;BR-040/RJ;RJ;Choque - Objeto Fixo;1;;;;;;;;;;1;;;;
06/02/2021;11:14:00;689;AC03 - Acidente sem VITIMA;93;BR-040/RJ;RJ;Choque - Objeto Fixo;1;;;;;;;;;;1;;;;
06/02/2021;11:22:00;690;AC02 - Acidente com VITIMA;90;BR-040/RJ;RJ;Choque - Objeto Fixo;1;;;;;;;;;;0;4;;;
06/02/2021;12:07:00;698;AC03 - Acidente sem VITIMA;87;BR-040/RJ;RJ;Capotamento;1;;;;;;;;;;1;;;;