data;horario;n_da_ocorrencia;tipo_de_ocorrencia;km;trecho;sentido;tipo_de_acidente;automovel;bicicleta;caminhao;moto;onibus;outros;tracao_animal;transporte_de_cargas_especiais;trator_maquinas;utilitarios;ilesos;levemente_feridos;moderadamente_feridos;gravemente_feridos;mortos
06/02/2021;12:37:00;702;AC02 - Acidente com VITIMA;74;BR-040/RJ;RJ;Capotamento;1;;;;;;;;;;0;2;;;
06/02/2021;13:24:00;708;AC02 - Acidente com VITIMA;87;BR-040/RJ;JF;Choque - Objeto Fixo;1;;;;;;;;;;0;1;;;
06/02/2021;13:40:00;712;AC02 - Acidente com VITIMA;2;BR-040/RJ;JF;Choque - Objeto Fixo;;;1;;;;;;;;0;1;;;
06/02/2021;13:42:00;713;AC03 - Acidente sem VITIMA;91;BR-040/RJ;JF;Choque - Objeto Fixo;1;;;;;;;;;;1;;;;
06/02/2021;15:19:00;720;AC03 - Acidente sem VITIMA;94;BR-040/RJ;RJ;Choque - Objeto Fixo;1;;;;;;;;;;0;;;;
06/02/2021;15:35:00;723;AC03 - Acidente sem VITIMA;84;BR-040/RJ;RJ;Choque - Objeto Fixo;1;;;;;;;;;;1;;;;
06/02/2021;17:26:00;740;AC03 - Acidente sem VITIMA;91;BR-040/RJ;JF;Choque - Objeto Fixo;1;;;;;;;;;;1;;;;
06/02/2021;18:11:00;746;AC03 - Acidente sem VITIMA;782;BR-040/MG;JF;Choque - Objeto Fixo;1;;;;;;;;;;1;;;;
06/02/2021;18:44:00;749;AC02 - Acidente com VITIMA;91;BR-040/RJ;RJ;Saída de Pista;1;;;;;;;;;;0;2;;;
06/02/2021;20:25:00;759;AC03 - Acidente sem VITIMA;78;BR-040/RJ;RJ;Choque - Objeto Fixo;1;;;;;;;;;;1;;;;
07/02/2021;03:23:00;777;AC03 - Acidente sem VITIMA;782;BR-040/MG;RJ;Choque - Objeto Fixo;1;;;;;;;;;;1;;;;
07/02/2021;05:08:00;779;AC03 - Acidente sem VITIMA;790;BR-040/MG;RJ;Saída de Pista;1;;;;;;;;;;1;;;;
07/02/2021;05:57:00;782;AC02 - Acidente com VITIMA;108;BR-040/RJ;JF;Tombamento;;;1;;;2;;;;;2;1;;;
07/02/2021;12:48:00;814;AC03 - Acidente sem VITIMA;93;BR-040/RJ;RJ;Choque - Objeto Fixo;1;;;;;;;;;;1;;;;
07/02/2021;13:29:00;819;AC02 - Acidente com VITIMA;90;BR-040/RJ;JF;Choque - Objeto Fixo;1;;;;;;;;;;0;1;;;
07/02/2021;14:15:00;825;AC02 - Acidente com VITIMA;78;BR-040/RJ;RJ;Choque - Objeto Fixo;1;;;;;;;;;;0;3;;;
07/02/2021;15:36:00;833;AC02 - Acidente com VITIMA;60;BR-040/RJ;RJ;Capotamento;1;;;;;;;;;;0;1;;;
07/02/2021;15:31:00;834;AC03 - Acidente sem VITIMA;78;BR-040/RJ;RJ;Choque - Objeto Fixo;1;;;;;;;;;;1;;;;
07/02/2021;16:09:00;837;AC03 - Acidente sem VITIMA;82;BR-040/RJ;RJ;Choque - Objeto Fixo;1;;;;;;;;;;1;;;;
07/02/2021;16:21:00;840;AC03 - Acidente sem VITIMA;93;BR-040/RJ;RJ;Choque - Objeto Fixo;1;;;;;;;;;;1;;;;
07/02/2021;16:21:00;841;AC03 - Acidente sem VITIMA;92;BR-040/RJ;RJ;Choque - Objeto Fixo;1;;;;;;;;;;1;;;;
07/02/2021;16:26:00;843;AC03 - Acidente sem VITIMA;91;BR-040/RJ;JF;Choque - Objeto Fixo;1;;;;;;;;;;1;;;;
07/02/2021;16:46:00;847;AC03 - Acidente sem VITIMA;78;BR-040/RJ;RJ;Choque - Objeto Fixo;1;;;;;;;;;;1;;;;
07/02/2021;17:01:00;850;AC02 - Acidente com VITIMA;41;BR-040/RJ;JF;Saída de Pista;1;;;;;;;;;;0;2;;;
07/02/2021;17:00:00;851;AC03 - Acidente sem VITIMA;782;BR-040/MG;JF;Choque - Objeto Fixo;1;;;;;;;;;;1;;;;
07/02/2021;17:50:00;860;AC03 - Acidente sem VITIMA;75;BR-040/RJ;RJ;Saída de Pista;1;;;;;;;;;;1;;;;
07/02/2021;18:10:00;862;AC03 - Acidente sem VITIMA;76;BR-040/RJ;RJ;Choque - Objeto Fixo;1;;;;;;;;;;1;;;;
07/02/2021;18:21:00;863;AC02 - Acidente com VITIMA;43;BR-040/RJ;JF;Choque - Objeto Fixo;1;;;;;;;;;;0;2;;;
07/02/2021;18:29:00;864;AC03 - Acidente sem VITIMA;796;BR-040/MG;RJ;Choque - Objeto Fixo;1;;;;;;;;;;1;;;;
07/02/2021;18:47:00;865;AC03 - Acidente sem VITIMA;827;BR-040/MG;RJ;Choque - Objeto Fixo;1;;;;;;;;;;1;;;;
07/02/2021;19:10:00;868;AC03 - Acidente sem VITIMA;74;BR-040/RJ;JF;Choque - Objeto Fixo;1;;;;;;;;;;1;;;;
08/02/2021;00:47:00;888;AC03 - Acidente sem VITIMA;113;BR-040/RJ;RJ;Saída de Pista;1;;;;;;;;;;1;;;;
08/02/2021;01:36:00;892;AC03 - Acidente sem VITIMA;54;BR-040/RJ;JF;;1;;;;;;;;;;1;;;;
08/02/2021;05:38:00;905;AC03 - Acidente sem VITIMA;113;BR-040/RJ;RJ;Colisão Traseira;2;;1;;;;;;;;3;;;;
08/02/2021;09:30:00;923;AC03 - Acidente sem VITIMA;75;BR-040/RJ;RJ;Choque - Objeto Fixo;1;;;;;;;;;;1;;;;
08/02/2021;09:30:00;924;AC02 - Acidente com VITIMA;75;BR-040/RJ;RJ;Capotamento;1;;;;;;;;;;0;3;;;
08/02/2021;09:54:00;930;AC03 - Acidente sem VITIMA;81;BR-040/RJ;RJ;Choque - Objeto Fixo;1;;;;;;;;;;1;;;;
08/02/2021;09:55:00;931;AC03 - Acidente sem VITIMA;74;BR-040/RJ;JF;Choque - Objeto Fixo;1;;;;;;;;;;1;;;;
08/02/2021;10:24:00;935;AC03 - Acidente sem VITIMA;787;BR-040/MG;JF;Choque - Objeto Fixo;1;;;;;;;;;;1;;;;
08/02/2021;11:19:00;940;AC03 - Acidente sem VITIMA;112;BR-040/RJ;RJ;Engavetamento;3;;1;;;;;;;;4;;;;
08/02/2021;12:39:00;946;AC03 - Acidente sem VITIMA;86;BR-040/RJ;JF;Choque - Objeto Fixo;1;;;;;;;;;;1;;;;
08/02/2021;12:40:00;947;AC02 - Acidente com VITIMA;88;BR-040/RJ;JF;Capotamento;1;;;;;;;;;;0;3;;;
08/02/2021;13:08:00;949;AC03 - Acidente sem VITIMA;93;BR-040/RJ;RJ;Choque - Objeto Fixo;1;;;;;;;;;;1;;;;
08/02/2021;13:29:00;952;AC03 - Acidente sem VITIMA;68;BR-040/RJ;JF;Choque - Objeto Fixo;1;;;;;;;;;;1;;;;
08/02/2021;14:25:00;963;AC03 - Acidente sem VITIMA;92;BR-040/RJ;JF;Choque - Objeto Fixo;1;;;;;;;;;;1;;;;
08/02/2021;15:50:00;971;AC02 - Acidente com VITIMA;82;BR-040/RJ;RJ;Choque - Objeto Fixo;1;;;;;;;;;;0;1;;;
08/02/2021;17:37:00;979;AC03 - Acidente sem VITIMA;13;BR-040/RJ;RJ;Choque - Objeto Fixo;1;;;;;;;;;;1;;;;
08/02/2021;20:00:00;991;AC02 - Acidente com VITIMA;93;BR-040/RJ;RJ;Capotamento;1;;;;;;;;;;0;1;;;
08/02/2021;21:25:00;996;AC02 - Acidente com VITIMA;90;BR-040/RJ;RJ;Choque - Objeto Fixo;1;;;;;;;;;;0;2;;;
09/02/2021;08:25:00;1030;AC03 - Acidente sem VITIMA;123;BR-040/RJ;JF;Tombamento;;;1;;;;;;;;1;;;;
09/02/2021;13:10:00;1058;AC02 - Acidente com VITIMA;104;BR-040/RJ;RJ;Colisão Traseira;2;;;;;;;;;;1;5;;;
09/02/2021;13:14:00;1059;AC03 - Acidente sem VITIMA;93;BR-040/RJ;RJ;Choque - Objeto Fixo;1;;;;;;;;;;1;;;;
09/02/2021;14:00:00;1062;AC03 - Acidente sem VITIMA;92;BR-040/RJ;RJ;Choque - Objeto Fixo;1;;;;;;;;;;1;;;;
09/02/2021;14:37:00;1065;AC03 - Acidente sem VITIMA;39;BR-040/RJ;RJ;Choque - Objeto Fixo;1;;;;;;;;;;1;;;;
09/02/2021;14:51:00;1067;AC03 - Acidente sem VITIMA;91;BR-040/RJ;JF;Choque - Objeto Fixo;1;;;;;;;;;;1;;;;
09/02/2021;14:55:00;1068;AC02 - Acidente com VITIMA;91;BR-040/RJ;RJ;Capotamento;1;;;;;;;;;;0;4;;;
09/02/2021;14:58:00;1070;AC03 - Acidente sem VITIMA;78;BR-040/RJ;RJ;Choque - Objeto Fixo;1;;;;;;;;;;1;;;;
09/02/2021;18:52:00;1093;AC03 - Acidente sem VITIMA;107;BR-040/RJ;JF;Engavetamento;3;;;;;;;;;;3;;;;
10/02/2021;02:55:00;1116;AC04 - Atropelamento;101;BR-040/RJ;RJ;Atropelamento - Pedestre;;;1;;;1;;;;;1;;;1;
10/02/2021;03:01:00;1117;AC04 - Atropelamento;80;BR-040/RJ;RJ;Atropelamento - Pedestre;;;;1;;1;;;;;0;;1;1;
10/02/2021;06:26:00;1125;AC03 - Acidente sem VITIMA;109;BR-040/RJ;RJ;Engavetamento;2;;1;;;;;;;;3;;;;
10/02/2021;18:10:00;1181;AC02 - Acidente com VITIMA;122;BR-040/RJ;JF;Colisão Traseira;1;;;1;;;;;;;1;1;1;;
10/02/2021;18:21:00;1182;AC03 - Acidente sem VITIMA;122;BR-040/RJ;RJ;Colisão Traseira;1;;1;;;;;;;;2;;;;
10/02/2021;20:41:00;1189;AC03 - Acidente sem VITIMA;116;BR-040/RJ;RJ;Colisão Traseira;1;;;;;1;;;;;2;;;;
11/02/2021;01:23:00;1198;AC02 - Acidente com VITIMA;101;BR-040/RJ;RJ;Colisão Frontal;1;;;1;;;;;;;1;;;1;
11/02/2021;07:10:00;1217;AC03 - Acidente sem VITIMA;820;BR-040/MG;JF;Choque - Objeto Fixo;1;;;;;;;;;;1;;;;
11/02/2021;07:31:00;1219;AC03 - Acidente sem VITIMA;75;BR-040/RJ;RJ;Choque - Objeto Fixo;1;;;;;;;;;;1;;;;
11/02/2021;11:51:00;1244;AC03 - Acidente sem VITIMA;122;BR-040/RJ;JF;Colisão Lateral;1;;;1;;;;;;;2;;;;
11/02/2021;13:04:00;1251;AC02 - Acidente com VITIMA;52;BR-040/RJ;JF;Choque - Objeto Fixo;1;;;;;;;;;;0;1;;;
11/02/2021;16:23:00;1272;AC03 - Acidente sem VITIMA;83;BR-040/RJ;JF;Choque - Objeto Fixo;1;;;;;;;;;;1;;;;
11/02/2021;18:10:00;1284;AC03 - Acidente sem VITIMA;97;BR-040/RJ;JF;Engavetamento;4;;;;;;;;;;4;;;;
12/02/2021;00:08:00;1308;AC03 - Acidente sem VITIMA;805;BR-040/MG;JF;Choque - Objeto Fixo;1;;;;;;;;;;1;;;;
12/02/2021;06:50:00;1329;AC02 - Acidente com VITIMA;796;BR-040/MG;RJ;Colisão Lateral;1;;;1;;;;;;;1;1;;;
12/02/2021;07:45:00;1334;AC02 - Acidente com VITIMA;803;BR-040/MG;RJ;Colisão Traseira;1;;1;;;;;;;;1;4;;;
12/02/2021;09:39:00;1343;AC03 - Acidente sem VITIMA;113;BR-040/RJ;RJ;Colisão Lateral;1;;1;;;;;;;;2;;;;
12/02/2021;11:32:00;1354;AC03 - Acidente sem VITIMA;98;BR-040/RJ;JF;Choque - Objeto Fixo;1;;;;;;;;;;1;;;;
12/02/2021;12:27:00;1362;AC03 - Acidente sem VITIMA;92;BR-040/RJ;RJ;Colisão Traseira;2;;;;;;;;;;2;;;;
12/02/2021;13:45:00;1370;AC03 - Acidente sem VITIMA;0;BR-040/RJ;RJ;Choque - Objeto Fixo;1;;;;;;;;;;1;;;;
12/02/2021;15:39:00;1389;AC03 - Acidente sem VITIMA;110;BR-040/RJ;JF;Colisão Traseira;;;2;;;;;;;;2;;;;
12/02/2021;17:01:00;1398;AC03 - Acidente sem VITIMA;45;BR-040/RJ;JF;Engavetamento;2;;1;;;;;;;;2;;;;
12/02/2021;17:33:00;1400;AC02 - Acidente com VITIMA;110;BR-040/RJ;JF;Colisão Lateral;1;;;1;;;;;;;1;1;1;;
12/02/2021;19:53:00;1409;AC03 - Acidente sem VITIMA;19;BR-040/RJ;RJ;Atropelamento - Animal;1;;;;;;;;;;1;;;;
12/02/2021;20:35:00;1414;AC02 - Acidente com VITIMA;38;BR-040/RJ;JF;Tombamento;;;1;;;;;;;;0;;1;;
13/02/2021;06:10:00;1447;AC03 - Acidente sem VITIMA;92;BR-040/RJ;RJ;Choque - Objeto Fixo;1;;;;;;;;;;1;;;;
13/02/2021;06:21:00;1449;AC02 - Acidente com VITIMA;90;BR-040/RJ;RJ;Choque - Objeto Fixo;1;;;;;;;;;;1;4;1;1;
13/02/2021;07:01:00;1453;AC02 - Acidente com VITIMA;91;BR-040/RJ;RJ;Derrapagem;1;;;;;;;;;;0;2;2;;
13/02/2021;07:22:00;1456;AC03 - Acidente sem VITIMA;77;BR-040/RJ;RJ;Tombamento;1;;;;;;;;;;1;;;;
13/02/2021;09:07:00;1468;AC02 - Acidente com VITIMA;114;BR-040/RJ;RJ;Colisão Traseira;2;;;;;;;;;;0;3;;;
13/02/2021;14:29:00;1498;AC03 - Acidente sem VITIMA;100;BR-040/RJ;JF;Choque - Objeto Fixo;;;1;;;;;;;;1;;;;
13/02/2021;15:23:00;1502;AC03 - Acidente sem VITIMA;98;BR-040/RJ;RJ;Queda de Moto;;;;1;;;;;;;1;;;;
13/02/2021;21:22:00;1537;AC03 - Acidente sem VITIMA;91;BR-040/RJ;JF;Choque - Objeto Fixo;1;;;;;;;;;;1;;;;
14/02/2021;00:03:00;1547;AC03 - Acidente sem VITIMA;108;BR-040/RJ;JF;Choque - Objeto Fixo;1;;;;;;;;;;1;;;;
14/02/2021;01:35:00;1553;AC03 - Acidente sem VITIMA;113;BR-040/RJ;RJ;Choque - Objeto Fixo;2;;;;;;;;;;2;;;;
14/02/2021;03:58:00;1556;AC02 - Acidente com VITIMA;113;BR-040/RJ;RJ;Choque - Objeto Fixo;1;;;;;;;;;;0;1;;;
14/02/2021;04:46:00;1558;AC03 - Acidente sem VITIMA;78;BR-040/RJ;RJ;Choque - Objeto Fixo;1;;;;;;;;;;1;;;;
14/02/2021;05:12:00;1560;AC03 - Acidente sem VITIMA;82;BR-040/RJ;RJ;Choque - Objeto Fixo;1;;;;;;;;;;1;;;;
14/02/2021;06:09:00;1565;AC03 - Acidente sem VITIMA;84;BR-040/RJ;RJ;Choque - Objeto Fixo;1;;;;;;;;;;1;;;;
14/02/2021;06:40:00;1568;AC03 - Acidente sem VITIMA;8;BR-040/RJ;JF;Choque - Objeto Fixo;1;;;;;;;;;;1;;;;
14/02/2021;07:46:00;1570;AC03 - Acidente sem VITIMA;38;BR-040/RJ;RJ;Choque - Objeto Fixo;1;;;;;;;;;;1;;;;
14/02/2021;09:54:00;1578;AC03 - Acidente sem VITIMA;118;BR-040/RJ;RJ;Choque - Objeto Fixo;1;;;;;;;;;;1;;;;
14/02/2021;13:37:00;1595;AC03 - Acidente sem VITIMA;796;BR-040/MG;RJ;Choque - Objeto Fixo;1;;;;;;;;;;1;;;;
14/02/2021;14:43:00;1600;AC02 - Acidente com VITIMA;76;BR-040/RJ;RJ;Colisão Frontal;1;;;2;;;;;;;5;;;1;
14/02/2021;19:13:00;1632;AC03 - Acidente sem VITIMA;105;BR-040/RJ;JF;Colisão Frontal;2;;;;;;;;;;2;;;;
15/02/2021;02:29:00;1653;AC02 - Acidente com VITIMA;101;BR-040/RJ;RJ;Choque - Objeto Fixo;1;;;;;;;;;;0;1;;;
15/02/2021;07:27:00;1667;AC03 - Acidente sem VITIMA;18;BR-040/RJ;RJ;Choque - Objeto Fixo;1;;;;;;;;;;1;;;;
15/02/2021;08:06:00;1671;AC03 - Acidente sem VITIMA;60;BR-040/RJ;RJ;Choque - Objeto Fixo;1;;;;;;;;;;1;;;;
15/02/2021;09:42:00;1683;AC03 - Acidente sem VITIMA;85;BR-040/RJ;JF;Choque - Objeto Fixo;1;;;;;;;;;;1;;;;
15/02/2021;11:31:00;1691;AC03 - Acidente sem VITIMA;793;BR-040/MG;RJ;Choque - Objeto Fixo;1;;;;;;;;;;1;;;;
15/02/2021;17:16:00;1714;AC02 - Acidente com VITIMA;93;BR-040/RJ;RJ;Choque - Objeto Fixo;1;;;;;;;;;;0;4;;;
15/02/2021;18:01:00;1718;AC03 - Acidente sem VITIMA;78;BR-040/RJ;RJ;Choque - Objeto Fixo;1;;;;;;;;;;1;;;;
15/02/2021;18:00:00;1719;AC03 - Acidente sem VITIMA;32;BR-040/RJ;JF;Choque - Objeto Fixo;1;;;;;;;;;;1;;;;
16/02/2021;04:34:00;1749;AC03 - Acidente sem VITIMA;119;BR-040/RJ;RJ;Choque - Objeto Fixo;1;;;;;;;;;;1;;;;
16/02/2021;14:32:00;1791;AC03 - Acidente sem VITIMA;105;BR-040/RJ;JF;Colisão Lateral;;;;2;;;;;;;2;;;;
16/02/2021;14:41:00;1792;AC02 - Acidente com VITIMA;101;BR-040/RJ;RJ;Colisão Traseira;1;;1;;;;;;;;1;2;;;
16/02/2021;15:28:00;1796;AC03 - Acidente sem VITIMA;2;BR-040/RJ;JF;Saída de Pista;1;;;;;;;;;;1;;;;
17/02/2021;00:42:00;1860;AC02 - Acidente com VITIMA;780;BR-040/MG;JF;Colisão Lateral;1;;1;;;;;;;;1;;;1;
17/02/2021;13:12:00;1920;AC03 - Acidente sem VITIMA;115;BR-040/RJ;JF;Colisão Traseira;2;;;;;;;;;;2;;;;
17/02/2021;18:33:00;1958;AC03 - Acidente sem VITIMA;821;BR-040/MG;RJ;Saída de Pista;1;;;;;;;;;;1;;;;
17/02/2021;22:11:00;1974;AC02 - Acidente com VITIMA;108;BR-040/RJ;RJ;Queda de Moto;;;;1;;;;;;;0;1;1;;
18/02/2021;00:14:00;1988;AC03 - Acidente sem VITIMA;113;BR-040/RJ;JF;Choque - Objeto Fixo;1;;;;;;;;;;1;;;;
18/02/2021;06:06:00;2006;AC03 - Acidente sem VITIMA;796;BR-040/MG;JF;Atropelamento - Animal;1;;;;;;;;;;1;;;;
18/02/2021;06:51:00;2012;AC02 - Acidente com VITIMA;50;BR-040/RJ;JF;Colisão Traseira;1;1;;;;;;;;;1;1;;;
18/02/2021;11:11:00;2027;AC03 - Acidente sem VITIMA;94;BR-040/RJ;JF;Engavetamento;2;;;;;2;;;;;4;;;;
18/02/2021;15:22:00;2052;AC02 - Acidente com VITIMA;113;BR-040/RJ;RJ;Colisão Lateral;1;;;1;;;;;;;1;1;;;
18/02/2021;17:15:00;2071;AC02 - Acidente com VITIMA;62;BR-040/RJ;RJ;Colisão Transversal;2;;;;;;;;;;0;3;;;
18/02/2021;18:06:00;2078;AC03 - Acidente sem VITIMA;93;BR-040/RJ;RJ;Tombamento;1;;;;;;;;;;1;;;;
18/02/2021;18:12:00;2079;AC03 - Acidente sem VITIMA;75;BR-040/RJ;RJ;Choque - Objeto Fixo;1;;;;;;;;;;1;;;;
18/02/2021;18:17:00;2080;AC03 - Acidente sem VITIMA;84;BR-040/RJ;RJ;Choque - Objeto Fixo;1;;;;;;;;;;1;;;;
19/02/2021;06:45:00;2120;AC02 - Acidente com VITIMA;116;BR-040/RJ;RJ;Colisão Lateral;;1;;1;;;;;;;0;2;;1;
19/02/2021;09:03:00;2131;AC02 - Acidente com VITIMA;22;BR-040/RJ;JF;Colisão Traseira;1;;1;;;;;;;;0;1;1;;
19/02/2021;13:49:00;2163;AC03 - Acidente sem VITIMA;72;BR-040/RJ;JF;Choque - Objeto Fixo;1;;;;;;;;;;1;;;;
19/02/2021;13:55:00;2166;AC03 - Acidente sem VITIMA;89;BR-040/RJ;JF;Colisão Frontal;2;;;;;;;;;;2;;;;
19/02/2021;14:07:00;2167;AC02 - Acidente com VITIMA;57;BR-040/RJ;RJ;Colisão Lateral;1;;1;;;;;;;;1;1;;;
19/02/2021;14:10:00;2168;AC02 - Acidente com VITIMA;92;BR-040/RJ;RJ;Choque - Objeto Fixo;1;;;;;;;;;;0;1;;;
19/02/2021;14:11:00;2169;AC03 - Acidente sem VITIMA;93;BR-040/RJ;JF;Saída de Pista;1;;;;;;;;;;1;;;;
19/02/2021;14:50:00;2171;AC03 - Acidente sem VITIMA;87;BR-040/RJ;RJ;Choque - Objeto Fixo;1;;;;;;;;;;1;;;;
19/02/2021;15:58:00;2179;AC03 - Acidente sem VITIMA;77;BR-040/RJ;RJ;Tombamento;;;;;;1;;;;;1;;;;
19/02/2021;17:16:00;2187;AC03 - Acidente sem VITIMA;123;BR-040/RJ;JF;Colisão Lateral;1;;;1;;;;;;;2;;;;
19/02/2021;20:53:00;2214;AC03 - Acidente sem VITIMA;0;BR-040/RJ;RJ;Choque - Objeto Fixo;1;;;;;;;;;;1;;;;
19/02/2021;21:41:00;2216;AC02 - Acidente com VITIMA;113;BR-040/RJ;RJ;Choque - Objeto Fixo;2;;;;;;;;;;0;3;;;
19/02/2021;23:45:00;2225;AC03 - Acidente sem VITIMA;116;BR-040/RJ;JF;Saída de Pista;1;;;;;;;;;;1;;;;
20/02/2021;05:19:00;2238;AC03 - Acidente sem VITIMA;42;BR-040/RJ;JF;Atropelamento - Animal;1;;;;;;;;;;1;;;;
20/02/2021;13:46:00;2281;AC03 - Acidente sem VITIMA;123;BR-040/RJ;JF;Engavetamento;2;;1;;;;;;;;3;;;;
20/02/2021;16:12:00;2293;AC03 - Acidente sem VITIMA;78;BR-040/RJ;RJ;Derrapagem;1;;;;;;;;;;1;;;;
20/02/2021;16:36:00;2296;AC03 - Acidente sem VITIMA;108;BR-040/RJ;JF;Choque - Objeto Fixo;1;;;;;;;;;;1;;;;
20/02/2021;16:53:00;2299;AC03 - Acidente sem VITIMA;93;BR-040/RJ;RJ;Choque - Objeto Fixo;1;;;;;;;;;;1;;;;
20/02/2021;17:07:00;2300;AC03 - Acidente sem VITIMA;16;BR-040/RJ;RJ;Choque - Objeto Fixo;1;;;;;;;;;;1;;;;
20/02/2021;17:11:00;2303;AC03 - Acidente sem VITIMA;93;BR-040/RJ;RJ;Saída de Pista;1;;;;;;;;;;1;;;;
20/02/2021;22:38:00;2320;AC04 - Atropelamento;105;BR-040/RJ;JF;Atropelamento - Pedestre;;;;;;2;;;;;1;;1;;
20/02/2021;23:09:00;2322;AC02 - Acidente com VITIMA;87;BR-040/RJ;RJ;Capotamento;1;;;;;;;;;;0;2;;;
21/02/2021;01:50:00;2328;AC02 - Acidente com VITIMA;120;BR-040/RJ;JF;Capotamento;1;;;;;;;;;;0;3;;;
21/02/2021;10:02:00;2348;AC03 - Acidente sem VITIMA;81;BR-040/RJ;RJ;Choque - Objeto Fixo;1;;;;;;;;;;1;;;;
21/02/2021;10:30:00;2350;AC03 - Acidente sem VITIMA;77;BR-040/RJ;RJ;Choque - Objeto Fixo;1;;;;;;;;;;1;;;;
21/02/2021;10:35:00;2351;AC03 - Acidente sem VITIMA;52;BR-040/RJ;JF;Choque - Objeto Fixo;1;;;;;;;;;;1;;;;
21/02/2021;10:49:00;2352;AC03 - Acidente sem VITIMA;92;BR-040/RJ;JF;Tombamento;1;;;;;;;;;;1;;;;
21/02/2021;15:56:00;2375;AC03 - Acidente sem VITIMA;88;BR-040/RJ;JF;Choque - Objeto Fixo;1;;;;;;;;;;1;;;;
21/02/2021;19:35:00;2395;AC03 - Acidente sem VITIMA;94;BR-040/RJ;JF;Choque - Objeto Fixo;1;;;;;;;;;;1;;;;
21/02/2021;22:00:00;2404;AC03 - Acidente sem VITIMA;85;BR-040/RJ;JF;Choque - Objeto Fixo;1;;;;;;;;;;1;;;;
22/02/2021;05:35:00;2426;AC03 - Acidente sem VITIMA;93;BR-040/RJ;RJ;Saída de Pista;1;;;;;;;;;;1;;;;
22/02/2021;06:33:00;2428;AC02 - Acidente com VITIMA;91;BR-040/RJ;RJ;Choque - Objeto Fixo;1;;;;;;;;;;0;2;1;;
22/02/2021;08:31:00;2438;AC03 - Acidente sem VITIMA;799;BR-040/MG;RJ;Choque - Objeto Fixo;1;;;;;;;;;;1;;;;
22/02/2021;09:07:00;2442;AC03 - Acidente sem VITIMA;123;BR-040/RJ;RJ;Colisão Lateral;1;;1;;;;;;;;2;;;;
22/02/2021;11:28:00;2458;AC03 - Acidente sem VITIMA;51;BR-040/RJ;JF;Choque - Objeto Fixo;1;;;;;;;;;;1;;;;
22/02/2021;12:08:00;2463;AC03 - Acidente sem VITIMA;123;BR-040/RJ;JF;Engavetamento;3;;;;;;;;;;3;;;;
22/02/2021;14:00:00;2476;AC03 - Acidente sem VITIMA;116;BR-040/RJ;JF;Colisão Traseira;2;;;;;;;;;;2;;;;
22/02/2021;14:21:00;2478;AC03 - Acidente sem VITIMA;110;BR-040/RJ;RJ;Colisão Traseira;1;;;;;1;;;;;2;;;;
22/02/2021;14:50:00;2482;AC03 - Acidente sem VITIMA;78;BR-040/RJ;RJ;Choque - Objeto Fixo;1;;;;;;;;;;1;;;;
22/02/2021;14:47:00;2483;AC02 - Acidente com VITIMA;84;BR-040/RJ;RJ;Capotamento;1;;;;;;;;;;0;2;;;
22/02/2021;14:54:00;2484;AC03 - Acidente sem VITIMA;75;BR-040/RJ;RJ;Choque - Objeto Fixo;1;;;;;;;;;;1;;;;
22/02/2021;16:26:00;2494;AC03 - Acidente sem VITIMA;86;BR-040/RJ;RJ;Choque - Objeto Fixo;1;;;;;;;;;;1;;;;
22/02/2021;16:33:00;2496;AC03 - Acidente sem VITIMA;96;BR-040/RJ;RJ;Choque - Objeto Fixo;1;;;;;;;;;;1;;;;
22/02/2021;17:57:00;2508;AC03 - Acidente sem VITIMA;85;BR-040/RJ;RJ;Choque - Objeto Fixo;1;;;;;;;;;;1;;;;
22/02/2021;18:41:00;2513;AC03 - Acidente sem VITIMA;72;BR-040/RJ;JF;Choque - Objeto Fixo;1;;;;;;;;;;1;;;;
23/02/2021;07:15:00;2538;AC02 - Acidente com VITIMA;122;BR-040/RJ;RJ;Queda de Moto;1;;;1;;;;;;;1;1;;;
23/02/2021;09:40:00;2548;AC02 - Acidente com VITIMA;30;BR-040/RJ;JF;Queda de Moto;;;;1;;;;;;;0;;;1;
23/02/2021;11:30:00;2561;AC02 - Acidente com VITIMA;81;BR-040/RJ;RJ;Saída de Pista;;;2;;;;;;;;1;1;;;
23/02/2021;15:10:00;2593;AC02 - Acidente com VITIMA;113;BR-040/RJ;RJ;Colisão Lateral;1;;;;1;;;;;;1;1;;;
23/02/2021;17:08:00;2608;AC03 - Acidente sem VITIMA;117;BR-040/RJ;JF;Atropelamento - Animal;1;;;;1;;;;;;2;;;;
24/02/2021;17:28:00;2726;AC03 - Acidente sem VITIMA;98;BR-040/RJ;JF;Choque - Objeto Fixo;1;;;;;;;;;;1;;;;
24/02/2021;17:40:00;2730;AC03 - Acidente sem VITIMA;122;BR-040/RJ;JF;Colisão Traseira;2;;;;;;;;;;2;;;;
25/02/2021;02:46:00;2765;AC02 - Acidente com VITIMA;67;BR-040/RJ;RJ;Tombamento;6;;1;1;;;;;;;7;1;;;
25/02/2021;11:34:00;2796;AC03 - Acidente sem VITIMA;100;BR-040/RJ;RJ;Choque - Objeto Fixo;1;;;;;;;;;;1;;;;
25/02/2021;16:11:00;2833;AC03 - Acidente sem VITIMA;85;BR-040/RJ;JF;Choque - Objeto Fixo;1;;;;;;;;;;1;;;;
25/02/2021;22:10:00;2866;AC02 - Acidente com VITIMA;34;BR-040/RJ;JF;Choque - Objeto Fixo;1;;;;;;;;;;0;;1;;
26/02/2021;07:10:00;2888;AC03 - Acidente sem VITIMA;85;BR-040/RJ;JF;Choque - Objeto Fixo;1;;;;;;;;;;1;;;;