data;horario;n_da_ocorrencia;tipo_de_ocorrencia;km;trecho;sentido;tipo_de_acidente;automovel;bicicleta;caminhao;moto;onibus;outros;tracao_animal;transporte_de_cargas_especiais;trator_maquinas;utilitarios;ilesos;levemente_feridos;moderadamente_feridos;gravemente_feridos;mortos
26/02/2021;17:11:00;2941;AC03 - Acidente sem VITIMA;5;BR-040/RJ;JF;Choque - Objeto Fixo;1;;;;;;;;;;1;;;;
26/02/2021;18:34:00;2952;AC02 - Acidente com VITIMA;85;BR-040/RJ;JF;Capotamento;1;;;;;;;;;;0;1;;;
26/02/2021;20:04:00;2961;AC03 - Acidente sem VITIMA;80;BR-040/RJ;RJ;Choque - Objeto Fixo;1;;;;;;;;;;1;;;;
27/02/2021;07:08:00;2981;AC03 - Acidente sem VITIMA;90;BR-040/RJ;RJ;Choque - Objeto Fixo;1;;;;;;;;;;1;;;;
27/02/2021;08:30:00;2990;AC03 - Acidente sem VITIMA;32;BR-040/RJ;JF;Choque - Objeto Fixo;1;;;;;;;;;;1;;;;
27/02/2021;09:23:00;2995;AC02 - Acidente com VITIMA;93;BR-040/RJ;RJ;Capotamento;1;;;;;;;;;;3;2;;;
27/02/2021;11:03:00;3002;AC02 - Acidente com VITIMA;123;BR-040/RJ;RJ;Colisão Traseira;1;;;1;;;;;;;1;1;;;
27/02/2021;14:15:00;3018;AC03 - Acidente sem VITIMA;97;BR-040/RJ;JF;Engavetamento;3;;;;;;;;;;3;;;;
27/02/2021;16:41:00;3026;AC02 - Acidente com VITIMA;31;BR-040/RJ;RJ;Queda de Moto;1;;;1;;;;;;;1;1;;;
27/02/2021;17:40:00;3030;AC03 - Acidente sem VITIMA;100;BR-040/RJ;JF;Choque - Objeto Fixo;1;;;;;;;;;;1;;;;
27/02/2021;20:49:00;3050;AC02 - Acidente com VITIMA;95;BR-040/RJ;RJ;Choque - Objeto Fixo;1;;;;;;;;;;0;5;;;
28/02/2021;01:30:00;3065;AC03 - Acidente sem VITIMA;815;BR-040/MG;RJ;Choque - Objeto Fixo;1;;;;;;;;;;1;;;;
28/02/2021;04:57:00;3074;AC03 - Acidente sem VITIMA;123;BR-040/RJ;JF;Choque - Objeto Fixo;1;;;;;;;;;;1;;;;
28/02/2021;09:30:00;3087;AC02 - Acidente com VITIMA;53;BR-040/RJ;JF;Queda de Moto;;;;1;;;;;;;0;1;;;
28/02/2021;15:47:00;3114;AC03 - Acidente sem VITIMA;93;BR-040/RJ;RJ;Choque - Objeto Fixo;1;;;;;;;;;;1;;;;
28/02/2021;18:55:00;3136;AC02 - Acidente com VITIMA;117;BR-040/RJ;JF;Choque - Objeto Fixo;1;;;;;;;;;;0;1;;;
28/02/2021;20:42:00;3142;AC02 - Acidente com VITIMA;101;BR-040/RJ;JF;Colisão Traseira;1;;;;1;;;;;;1;2;;;
28/02/2021;20:59:00;3145;AC03 - Acidente sem VITIMA;121;BR-040/RJ;JF;Tombamento;;;1;;;;;;;;1;;;;
01/03/2021;02:35:00;3;AC02 - Acidente com VITIMA;91;BR-040/RJ;RJ;Saída de Pista;;;1;;;;;;;;0;;1;;
01/03/2021;05:27:00;8;AC02 - Acidente com VITIMA;113;BR-040/RJ;RJ;Colisão Lateral;;;1;;;1;;;;;1;1;;;
01/03/2021;07:34:00;16;AC03 - Acidente sem VITIMA;111;BR-040/RJ;RJ;Engavetamento;;;3;;;;;;;;3;;;;
01/03/2021;13:39:00;46;AC02 - Acidente com VITIMA;123;BR-040/RJ;JF;Capotamento;;;1;;;;;;;;0;;1;;
01/03/2021;15:47:00;60;AC03 - Acidente sem VITIMA;108;BR-040/RJ;JF;Engavetamento;;;2;;;1;;;;;3;;;;
01/03/2021;18:14:00;76;AC02 - Acidente com VITIMA;122;BR-040/RJ;JF;Colisão Traseira;;;1;;;1;;;;;1;1;;;
02/03/2021;07:12:00;132;AC02 - Acidente com VITIMA;91;BR-040/RJ;JF;Queda de Moto;;;;;;1;;;;;0;1;;;
02/03/2021;10:35:00;152;AC03 - Acidente sem VITIMA;104;BR-040/RJ;JF;Colisão Lateral;;;2;;;;;;;;2;;;;
02/03/2021;18:50:00;209;AC03 - Acidente sem VITIMA;781;BR-040/MG;JF;Atropelamento - Animal;;;;;;;;;1;;1;;;;
03/03/2021;15:56:00;291;AC03 - Acidente sem VITIMA;84;BR-040/RJ;JF;Colisão Lateral;;;1;;;;;;1;;2;;;;
03/03/2021;19:57:00;326;AC03 - Acidente sem VITIMA;93;BR-040/RJ;RJ;Choque - Objeto Fixo;;;1;;;;;;;;1;;;;
03/03/2021;21:05:00;331;AC03 - Acidente sem VITIMA;7;BR-040/RJ;RJ;Colisão Frontal;;;2;;;;;;;;2;;;;
03/03/2021;21:21:00;332;AC02 - Acidente com VITIMA;84;BR-040/RJ;JF;Capotamento;;;1;;;;;;;;0;1;;;
04/03/2021;17:46:00;427;AC02 - Acidente com VITIMA;104;BR-040/RJ;JF;Colisão Lateral;1;;1;;;;;;;;1;;;1;
04/03/2021;21:15:00;442;AC02 - Acidente com VITIMA;784;BR-040/MG;JF;Tombamento;;;;;;1;;;;;0;2;;;
05/03/2021;00:26:00;457;AC02 - Acidente com VITIMA;104;BR-040/RJ;RJ;Choque - Objeto Fixo;;;1;;;;;;;;0;1;;;
05/03/2021;01:23:00;460;AC03 - Acidente sem VITIMA;121;BR-040/RJ;RJ;Saída de Pista;1;;;;;;;;;;1;;;;
05/03/2021;07:29:00;489;AC02 - Acidente com VITIMA;81;BR-040/RJ;JF;Choque - Objeto Fixo;;;1;;;;;;;;0;1;;;
05/03/2021;08:06:00;493;AC01 - Acidente com VITIMA FATAL;108;BR-040/RJ;RJ;Colisão Traseira;;;2;;;;;;;;1;;;;1
05/03/2021;09:08:00;499;AC02 - Acidente com VITIMA;104;BR-040/RJ;RJ;Queda de Moto;;;;;;1;;;;;0;1;;;
05/03/2021;09:27:00;500;AC01 - Acidente com VITIMA FATAL;89;BR-040/RJ;RJ;Choque - Objeto Fixo;;;;;;;1;;;;0;;;;2
05/03/2021;13:32:00;528;AC02 - Acidente com VITIMA;92;BR-040/RJ;JF;Queda de Moto;;;;;;1;;;;;0;1;;;
05/03/2021;15:38:00;539;AC02 - Acidente com VITIMA;60;BR-040/RJ;RJ;Colisão Traseira;;;1;;;;;;1;;0;2;;;
05/03/2021;17:07:00;552;AC02 - Acidente com VITIMA;824;BR-040/MG;RJ;Capotamento;;;1;;;;;;;;0;;;1;
05/03/2021;17:37:00;558;AC02 - Acidente com VITIMA;82;BR-040/RJ;RJ;Tombamento;;;1;;;;;;;;0;1;;;
05/03/2021;18:09:00;563;AC02 - Acidente com VITIMA;91;BR-040/RJ;RJ;Choque - Objeto Fixo;;;1;;;;;;;;0;3;;;
06/03/2021;06:37:00;605;AC02 - Acidente com VITIMA;43;BR-040/RJ;JF;Choque - Objeto Fixo;;;1;;;;;;;;0;1;;;
06/03/2021;06:42:00;607;AC03 - Acidente sem VITIMA;78;BR-040/RJ;RJ;Choque - Objeto Fixo;;;1;;;;;;;;1;;;;
06/03/2021;07:00:00;608;AC02 - Acidente com VITIMA;38;BR-040/RJ;JF;Choque - Objeto Fixo;;;1;;;;;;;;0;1;;;
06/03/2021;07:11:00;609;AC02 - Acidente com VITIMA;38;BR-040/RJ;JF;Choque - Objeto Fixo;;;1;;;;;;;;0;1;;;
06/03/2021;08:23:00;619;AC03 - Acidente sem VITIMA;114;BR-040/RJ;JF;Colisão Lateral;;;1;;;;;;1;;2;;;;
06/03/2021;08:11:00;620;AC03 - Acidente sem VITIMA;798;BR-040/MG;RJ;Choque - Objeto Fixo;;;1;;;;;;;;1;;;;
06/03/2021;16:02:00;665;AC02 - Acidente com VITIMA;47;BR-040/RJ;RJ;Choque - Objeto Fixo;;;1;;;;;;;;0;;1;;
06/03/2021;18:12:00;679;AC03 - Acidente sem VITIMA;96;BR-040/RJ;JF;Derrapagem;;;1;;;;;;;;1;;;;
06/03/2021;20:56:00;690;AC02 - Acidente com VITIMA;109;BR-040/RJ;JF;Colisão Lateral;;;1;;;1;;;;;1;1;;;
06/03/2021;21:11:00;693;AC02 - Acidente com VITIMA;96;BR-040/RJ;RJ;Queda de Moto;;;;;;1;;;;;0;1;;;
06/03/2021;22:00:00;700;AC02 - Acidente com VITIMA;118;BR-040/RJ;RJ;Colisão Traseira;;;2;;;;;;;;0;7;;;
06/03/2021;23:24:00;703;AC03 - Acidente sem VITIMA;113;BR-040/RJ;JF;Colisão Traseira;;;2;;;;;;;;2;;;;
06/03/2021;23:42:00;708;AC03 - Acidente sem VITIMA;119;BR-040/RJ;JF;Colisão Traseira;;;1;;;;;;;;1;;;;
07/03/2021;00:05:00;710;AC02 - Acidente com VITIMA;100;BR-040/RJ;JF;Capotamento;;;1;;;;;;;;0;1;;;
07/03/2021;00:07:00;711;AC02 - Acidente com VITIMA;113;BR-040/RJ;RJ;Engavetamento;;;3;;;;;;;;0;4;;;
07/03/2021;00:23:00;714;AC02 - Acidente com VITIMA;797;BR-040/MG;RJ;Capotamento;;;1;;;;;;;;0;2;1;;
07/03/2021;00:24:00;715;AC04 - Atropelamento;787;BR-040/MG;JF;Atropelamento - Pedestre;;;1;1;;;;;;;1;1;;;
07/03/2021;01:34:00;717;AC03 - Acidente sem VITIMA;113;BR-040/RJ;RJ;Colisão Frontal;;;2;;;;;;;;2;;;;
07/03/2021;02:39:00;720;AC03 - Acidente sem VITIMA;113;BR-040/RJ;RJ;Colisão Traseira;;;1;1;;;;;;;2;;;;
07/03/2021;08:12:00;731;AC03 - Acidente sem VITIMA;93;BR-040/RJ;RJ;Choque - Objeto Fixo;;;1;;;;;;;;1;;;;
07/03/2021;08:42:00;733;AC01 - Acidente com VITIMA FATAL;30;BR-040/RJ;JF;Tombamento;;;;;1;;;;1;;1;;;;1
07/03/2021;09:27:00;735;AC03 - Acidente sem VITIMA;93;BR-040/RJ;RJ;Choque - Objeto Fixo;;;1;;;;;;;;1;;;;
07/03/2021;10:18:00;737;AC03 - Acidente sem VITIMA;0;BR-040/RJ;JF;Choque - Objeto Fixo;;;1;;;;;;;;1;;;;
07/03/2021;10:39:00;738;AC02 - Acidente com VITIMA;74;BR-040/RJ;JF;Capotamento;;;1;;;;;;;;0;2;;;
07/03/2021;10:47:00;742;AC03 - Acidente sem VITIMA;86;BR-040/RJ;JF;Choque - Objeto Fixo;;;1;;;;;;;;1;;;;
07/03/2021;11:10:00;744;AC03 - Acidente sem VITIMA;91;BR-040/RJ;JF;Choque - Objeto Fixo;;;1;;;;;;;;1;;;;
07/03/2021;11:19:00;745;AC02 - Acidente com VITIMA;78;BR-040/RJ;RJ;Choque - Objeto Fixo;;;1;;;;;;;;0;5;;;
07/03/2021;11:24:00;746;AC03 - Acidente sem VITIMA;92;BR-040/RJ;RJ;Choque - Objeto Fixo;;;1;;;;;;;;1;;;;
07/03/2021;11:49:00;747;AC03 - Acidente sem VITIMA;91;BR-040/RJ;JF;Choque - Objeto Fixo;;;1;;;;;;;;1;;;;
07/03/2021;11:53:00;748;AC03 - Acidente sem VITIMA;82;BR-040/RJ;RJ;Choque - Objeto Fixo;;;1;;;;;;;;1;;;;
07/03/2021;12:04:00;749;AC03 - Acidente sem VITIMA;1;BR-040/RJ;JF;Choque - Objeto Fixo;;;1;;;;;;;;1;;;;
07/03/2021;12:25:00;750;AC03 - Acidente sem VITIMA;83;BR-040/RJ;RJ;Capotamento;;;1;;;;;;;;1;;;;
07/03/2021;12:32:00;751;AC03 - Acidente sem VITIMA;85;BR-040/RJ;JF;Choque - Objeto Fixo;;;1;;;;;;;;1;;;;
07/03/2021;12:46:00;753;AC03 - Acidente sem VITIMA;84;BR-040/RJ;JF;Derrapagem;;;1;;;;;;;;1;;;;
07/03/2021;13:28:00;756;AC02 - Acidente com VITIMA;96;BR-040/RJ;JF;Tombamento;;;1;;;;;;;;0;1;;;
07/03/2021;14:19:00;758;AC02 - Acidente com VITIMA;68;BR-040/RJ;JF;Capotamento;;;1;;;;;;;;0;2;;;
07/03/2021;14:44:00;762;AC02 - Acidente com VITIMA;810;BR-040/MG;JF;Colisão Frontal;;;1;;;1;;;;;1;1;;;
07/03/2021;14:50:00;764;AC02 - Acidente com VITIMA;3;BR-040/RJ;RJ;Saída de Pista;;;1;;;;;;;;0;3;;;
07/03/2021;15:06:00;765;AC03 - Acidente sem VITIMA;90;BR-040/RJ;RJ;Saída de Pista;;;1;;;;;;;;1;;;;
07/03/2021;15:23:00;767;AC03 - Acidente sem VITIMA;93;BR-040/RJ;RJ;Colisão Lateral;;;1;;;;;;;;1;;;;
07/03/2021;15:36:00;769;AC03 - Acidente sem VITIMA;92;BR-040/RJ;RJ;Choque - Objeto Fixo;;;1;;;;;;;;1;;;;
07/03/2021;16:02:00;771;AC03 - Acidente sem VITIMA;93;BR-040/RJ;RJ;Choque - Objeto Fixo;;;1;;;;;;;;1;;;;
07/03/2021;15:32:00;772;AC03 - Acidente sem VITIMA;93;BR-040/RJ;RJ;Choque - Objeto Fixo;;;1;;;;;;;;1;;;;
07/03/2021;16:38:00;775;AC03 - Acidente sem VITIMA;92;BR-040/RJ;RJ;Choque - Objeto Fixo;;;1;;;;;;;;1;;;;
07/03/2021;16:53:00;777;AC02 - Acidente com VITIMA;8;BR-040/RJ;JF;Choque - Objeto Fixo;;;1;;;;;;;;0;1;;;
07/03/2021;17:18:00;780;AC03 - Acidente sem VITIMA;92;BR-040/RJ;RJ;Choque - Objeto Fixo;;;1;;;;;;;;1;;;;
07/03/2021;17:41:00;784;AC03 - Acidente sem VITIMA;78;BR-040/RJ;RJ;Choque - Objeto Fixo;;;1;;;;;;;;1;;;;
07/03/2021;18:07:00;790;AC03 - Acidente sem VITIMA;91;BR-040/RJ;JF;Choque - Objeto Fixo;;;1;;;;;;;;1;;;;
07/03/2021;18:57:00;797;AC03 - Acidente sem VITIMA;92;BR-040/RJ;RJ;Choque - Objeto Fixo;;;1;;;;;;;;1;;;;
07/03/2021;19:55:00;799;AC03 - Acidente sem VITIMA;60;BR-040/RJ;RJ;Capotamento;;;1;;;;;;;;1;;;;
07/03/2021;20:00:00;800;AC03 - Acidente sem VITIMA;93;BR-040/RJ;RJ;Choque - Objeto Fixo;;;1;;;;;;;;1;;;;
07/03/2021;21:18:00;805;AC03 - Acidente sem VITIMA;105;BR-040/RJ;JF;Colisão Lateral;;;2;;;;;;;;2;;;;
07/03/2021;21:49:00;808;AC03 - Acidente sem VITIMA;823;BR-040/MG;RJ;Choque - Objeto Fixo;;;1;;;;;;;;1;;;;
08/03/2021;04:10:00;821;AC03 - Acidente sem VITIMA;112;BR-040/RJ;JF;Choque - Objeto Fixo;;;1;;;;;;;;1;;;;
08/03/2021;06:03:00;828;AC02 - Acidente com VITIMA;85;BR-040/RJ;JF;Choque - Objeto Fixo;;;1;;;;;;;;0;3;;;
08/03/2021;06:40:00;829;AC03 - Acidente sem VITIMA;793;BR-040/MG;JF;Choque - Objeto Fixo;;;1;;;;;;;;1;;;;
08/03/2021;09:31:00;844;AC03 - Acidente sem VITIMA;68;BR-040/RJ;JF;Choque - Objeto Fixo;;;1;;;;;;;;1;;;;
08/03/2021;09:21:00;846;AC03 - Acidente sem VITIMA;82;BR-040/RJ;RJ;Choque - Objeto Fixo;;;1;;;;;;;;1;;;;
08/03/2021;09:10:00;847;AC03 - Acidente sem VITIMA;67;BR-040/RJ;JF;Choque - Objeto Fixo;;;1;;;;;;;;1;;;;
08/03/2021;10:41:00;856;AC03 - Acidente sem VITIMA;784;BR-040/MG;RJ;Colisão Lateral;;;2;;;;;;;;2;;;;
08/03/2021;15:16:00;876;AC02 - Acidente com VITIMA;91;BR-040/RJ;RJ;Saída de Pista;;;1;;;;;;;;0;3;;;
08/03/2021;15:27:00;877;AC02 - Acidente com VITIMA;93;BR-040/RJ;RJ;Capotamento;;;1;;;;;;;;0;4;;;
08/03/2021;15:40:00;879;AC03 - Acidente sem VITIMA;84;BR-040/RJ;JF;Colisão Traseira;;;1;1;;;;;;;2;;;;
08/03/2021;15:52:00;881;AC03 - Acidente sem VITIMA;31;BR-040/RJ;JF;Choque - Objeto Fixo;;;;;;1;;;;;1;;;;
08/03/2021;15:55:00;885;AC03 - Acidente sem VITIMA;825;BR-040/MG;JF;Choque - Objeto Fixo;;;1;;;;;;;;1;;;;
08/03/2021;17:35:00;896;AC03 - Acidente sem VITIMA;2;BR-040/RJ;RJ;Choque - Objeto Fixo;;;1;;;;;;;;1;;;;
08/03/2021;17:59:00;898;AC03 - Acidente sem VITIMA;77;BR-040/RJ;RJ;Choque - Objeto Fixo;;;1;;;;;;;;1;;;;
08/03/2021;18:15:00;900;AC03 - Acidente sem VITIMA;1;BR-040/RJ;JF;Saída de Pista;;;1;;;;;;;;1;;;;
08/03/2021;23:33:00;928;AC02 - Acidente com VITIMA;822;BR-040/MG;JF;Saída de Pista;;;;;;1;;;;;0;1;;;
09/03/2021;07:23:00;952;AC02 - Acidente com VITIMA;123;BR-040/RJ;RJ;Colisão Lateral;;;1;;;1;;;;;1;2;;;
09/03/2021;09:22:00;965;AC02 - Acidente com VITIMA;123;BR-040/RJ;RJ;Colisão Traseira;;;;1;;1;;;;;1;1;;;
09/03/2021;10:09:00;971;AC03 - Acidente sem VITIMA;103;BR-040/RJ;RJ;Colisão Traseira;;;2;;;;;;;;2;;;;
09/03/2021;14:10:00;986;AC03 - Acidente sem VITIMA;94;BR-040/RJ;RJ;Choque - Objeto Fixo;;;1;;;;;;;;1;;;;
09/03/2021;17:13:00;1011;AC03 - Acidente sem VITIMA;6;BR-040/RJ;JF;Choque - Objeto Fixo;;;1;;;;;;;;1;;;;
09/03/2021;18:15:00;1017;AC03 - Acidente sem VITIMA;92;BR-040/RJ;JF;Colisão Lateral;;;1;;;;;;;;2;;;;
09/03/2021;19:10:00;1019;AC02 - Acidente com VITIMA;62;BR-040/RJ;JF;Atropelamento - Animal;;;1;;;;;;;;0;3;;;
09/03/2021;23:31:00;1032;AC02 - Acidente com VITIMA;116;BR-040/RJ;JF;Queda de Moto;;;;;;1;;;;;0;;1;;
10/03/2021;08:06:00;1055;AC03 - Acidente sem VITIMA;805;BR-040/MG;RJ;Atropelamento - Animal;;;1;;;;;;;;1;;;;
10/03/2021;10:54:00;1069;AC02 - Acidente com VITIMA;61;BR-040/RJ;RJ;Colisão Frontal;;;1;;;1;;;;;1;1;1;;
10/03/2021;11:40:00;1073;AC03 - Acidente sem VITIMA;75;BR-040/RJ;JF;Choque - Objeto Fixo;;;1;;;;;;;;1;;;;
10/03/2021;17:34:00;1107;AC03 - Acidente sem VITIMA;111;BR-040/RJ;RJ;Colisão Traseira;;;2;;;;;;;;2;;;;
10/03/2021;17:35:00;1108;AC03 - Acidente sem VITIMA;111;BR-040/RJ;RJ;Colisão Traseira;;;2;;;;;;;;2;;;;
11/03/2021;04:45:00;1146;AC03 - Acidente sem VITIMA;118;BR-040/RJ;JF;Choque - Objeto Fixo;;;1;;;;;;;;1;;;;
11/03/2021;06:13:00;1152;AC03 - Acidente sem VITIMA;91;BR-040/RJ;JF;Choque - Objeto Fixo;;;1;;;;;;;;1;;;;
11/03/2021;06:39:00;1154;AC03 - Acidente sem VITIMA;75;BR-040/RJ;RJ;Choque - Objeto Fixo;;;1;;;;;;;;1;;;;
11/03/2021;10:00:00;1182;AC03 - Acidente sem VITIMA;87;BR-040/RJ;JF;Choque - Objeto Fixo;;;1;;;;;;;;1;;;;
11/03/2021;13:47:00;1209;AC03 - Acidente sem VITIMA;80;BR-040/RJ;RJ;Choque - Objeto Fixo;;;1;;;;;;;;1;;;;
12/03/2021;13:36:00;1308;AC02 - Acidente com VITIMA;104;BR-040/RJ;JF;Choque - Objeto Fixo;;;1;;;;;;;;0;1;;;
12/03/2021;14:18:00;1317;AC02 - Acidente com VITIMA;71;BR-040/RJ;JF;Choque - Objeto Fixo;;;1;;;;;;;;0;1;;;
12/03/2021;15:08:00;1324;AC03 - Acidente sem VITIMA;96;BR-040/RJ;RJ;Choque - Objeto Fixo;;;;;;1;;;;;1;;;;
12/03/2021;15:21:00;1327;AC02 - Acidente com VITIMA;94;BR-040/RJ;RJ;Choque - Objeto Fixo;;;1;;;;;;;;0;2;;;
12/03/2021;16:33:00;1337;AC03 - Acidente sem VITIMA;804;BR-040/MG;RJ;Choque - Objeto Fixo;;;1;;;;;;;;1;;;;
12/03/2021;18:09:00;1350;AC02 - Acidente com VITIMA;118;BR-040/RJ;JF;Queda de Moto;;;1;;;1;;;;;1;2;;;
12/03/2021;18:57:00;1355;AC03 - Acidente sem VITIMA;821;BR-040/MG;RJ;Choque - Objeto Fixo;;;1;;;;;;;;1;;;;
13/03/2021;04:32:00;1383;AC03 - Acidente sem VITIMA;60;BR-040/RJ;JF;Atropelamento - Animal;;;1;;;;;;;;1;;;;
13/03/2021;09:11:00;1401;AC03 - Acidente sem VITIMA;82;BR-040/RJ;JF;Queda de Moto;;;;;;1;;;;;1;;;;
13/03/2021;13:17:00;1417;AC03 - Acidente sem VITIMA;99;BR-040/RJ;JF;Choque - Objeto Fixo;;;1;;;;;;;;1;;;;
13/03/2021;13:57:00;1421;AC03 - Acidente sem VITIMA;92;BR-040/RJ;RJ;Choque - Objeto Fixo;;;1;;;;;;;;1;;;;
13/03/2021;16:43:00;1438;AC03 - Acidente sem VITIMA;77;BR-040/RJ;JF;Choque - Objeto Fixo;;;1;;;;;;;;1;;;;
13/03/2021;20:00:00;1451;AC03 - Acidente sem VITIMA;112;BR-040/RJ;JF;Choque - Objeto Fixo;;;1;;;;;;;;1;;;;
13/03/2021;20:11:00;1452;AC02 - Acidente com VITIMA;108;BR-040/RJ;JF;Choque - Objeto Fixo;;;1;;;;;;;;0;1;;;
13/03/2021;21:32:00;1455;AC03 - Acidente sem VITIMA;109;BR-040/RJ;JF;Colisão Traseira;;;2;;;;;;;;2;;;;
14/03/2021;04:48:00;1467;AC03 - Acidente sem VITIMA;110;BR-040/RJ;JF;Choque - Objeto Fixo;;;1;;;;;;;;1;;;;
14/03/2021;08:10:00;1475;AC02 - Acidente com VITIMA;3;BR-040/RJ;RJ;Tombamento;;;1;;;;;;;;0;1;;;
14/03/2021;12:03:00;1502;AC02 - Acidente com VITIMA;115;BR-040/RJ;RJ;Queda de Moto;;;1;;;1;;;;;1;1;;;
14/03/2021;16:06:00;1524;AC02 - Acidente com VITIMA;86;BR-040/RJ;RJ;Queda de Moto;;;;;;1;;;;;0;2;;;
14/03/2021;16:16:00;1525;AC02 - Acidente com VITIMA;65;BR-040/RJ;JF;Queda de Moto;;;;;;1;;;;;0;2;;;
14/03/2021;16:30:00;1527;AC02 - Acidente com VITIMA;84;BR-040/RJ;RJ;Choque - Objeto Fixo;;;1;;;;;;;;0;4;;;
14/03/2021;18:46:00;1545;AC02 - Acidente com VITIMA;120;BR-040/RJ;JF;Colisão Traseira;;;1;;;1;;;;;0;2;1;;
14/03/2021;19:19:00;1548;AC02 - Acidente com VITIMA;823;BR-040/MG;JF;Capotamento;;;2;;;;;;;;0;4;;;
14/03/2021;19:41:00;1551;AC03 - Acidente sem VITIMA;123;BR-040/RJ;JF;Engavetamento;;;3;;;;;;;;3;;;;
14/03/2021;20:55:00;1555;AC03 - Acidente sem VITIMA;61;BR-040/RJ;RJ;Choque - Objeto Fixo;;;1;;;;;;;;1;;;;
15/03/2021;02:35:00;1575;AC03 - Acidente sem VITIMA;818;BR-040/MG;RJ;Atropelamento - Animal;;;1;;;;;;;;1;;;;
15/03/2021;06:03:00;1584;AC03 - Acidente sem VITIMA;105;BR-040/RJ;JF;Colisão Frontal;;;2;;;;;;;;2;;;;
15/03/2021;06:50:00;1587;AC03 - Acidente sem VITIMA;121;BR-040/RJ;RJ;Colisão Lateral;;;1;;;1;;;;;2;;;;
15/03/2021;11:18:00;1609;AC02 - Acidente com VITIMA;123;BR-040/RJ;RJ;Colisão Traseira;;;2;;;;;;;;1;1;;;
15/03/2021;18:19:00;1666;AC02 - Acidente com VITIMA;22;BR-040/RJ;RJ;Capotamento;;;1;;;;;;;;0;2;;;
16/03/2021;14:51:00;1734;AC02 - Acidente com VITIMA;94;BR-040/RJ;RJ;Tombamento;1;;;;;;;;;;0;1;;;
16/03/2021;16:54:00;1755;AC03 - Acidente sem VITIMA;85;BR-040/RJ;JF;Choque - Objeto Fixo;1;;;;;;;;;;1;;;;
16/03/2021;19:13:00;1769;AC03 - Acidente sem VITIMA;88;BR-040/RJ;JF;Choque - Objeto Fixo;1;;;;;;;;;;1;;;;
17/03/2021;12:49:00;1857;AC03 - Acidente sem VITIMA;78;BR-040/RJ;RJ;Choque - Objeto Fixo;1;;;;;;;;;;1;;;;
18/03/2021;11:34:00;1984;AC02 - Acidente com VITIMA;85;BR-040/RJ;JF;Choque - Objeto Fixo;;;1;;;;;;;;0;1;;;
18/03/2021;12:00:00;1988;AC02 - Acidente com VITIMA;85;BR-040/RJ;JF;Queda de Moto;;;;1;;;;;;;0;1;1;;
18/03/2021;14:19:00;1994;AC03 - Acidente sem VITIMA;13;BR-040/RJ;JF;Saída de Pista;;;1;;;;;;;;1;;;;
18/03/2021;15:40:00;2001;AC02 - Acidente com VITIMA;104;BR-040/RJ;JF;Colisão Lateral;2;;;;;;;;;;0;2;;;
18/03/2021;17:23:00;2015;AC03 - Acidente sem VITIMA;73;BR-040/RJ;RJ;Choque - Objeto Fixo;1;;;;;;;;;;1;;;;
19/03/2021;07:16:00;2065;AC03 - Acidente sem VITIMA;113;BR-040/RJ;RJ;Colisão Lateral;1;;1;;;;;;;;2;;;;
19/03/2021;08:21:00;2072;AC03 - Acidente sem VITIMA;101;BR-040/RJ;RJ;Queda de Moto;;;;1;;;;;;;1;;;;
19/03/2021;15:26:00;2116;AC03 - Acidente sem VITIMA;45;BR-040/RJ;JF;Colisão Traseira;1;;1;;;;;;;;2;;;;
19/03/2021;18:33:00;2150;AC03 - Acidente sem VITIMA;82;BR-040/RJ;RJ;Choque - Objeto Fixo;1;;;;;;;;;;1;;;;
19/03/2021;19:04:00;2154;AC02 - Acidente com VITIMA;111;BR-040/RJ;JF;Engavetamento;2;;;;;1;;;;;1;2;;;
20/03/2021;11:38:00;2217;AC03 - Acidente sem VITIMA;83;BR-040/RJ;RJ;Choque - Objeto Fixo;1;;;;;;;;;;1;;;;
20/03/2021;13:10:00;2226;AC02 - Acidente com VITIMA;97;BR-040/RJ;RJ;Tombamento;;;2;;;3;;;;;3;2;;;
20/03/2021;18:08:00;2257;AC03 - Acidente sem VITIMA;88;BR-040/RJ;RJ;Choque - Objeto Fixo;1;;;;;;;;;;1;;;;
21/03/2021;01:30:00;2291;AC03 - Acidente sem VITIMA;109;BR-040/RJ;JF;Colisão Lateral;2;;;;;;;;;;2;;;;
21/03/2021;07:58:00;2299;AC03 - Acidente sem VITIMA;119;BR-040/RJ;JF;Choque - Objeto Fixo;1;;;;;;;;;;1;;;;
21/03/2021;13:26:00;2324;AC02 - Acidente com VITIMA;120;BR-040/RJ;RJ;Capotamento;1;;;;;;;;;;0;1;;;
21/03/2021;16:42:00;2333;AC02 - Acidente com VITIMA;112;BR-040/RJ;JF;Queda de Moto;;;;1;;;;;;;0;2;;;
21/03/2021;19:07:00;2350;AC02 - Acidente com VITIMA;109;BR-040/RJ;RJ;Engavetamento;3;;;;;;;;;;2;1;;;
22/03/2021;09:18:00;2395;AC03 - Acidente sem VITIMA;84;BR-040/RJ;JF;Colisão Traseira;1;;1;;;;;;;;2;;;;
22/03/2021;09:36:00;2398;AC02 - Acidente com VITIMA;96;BR-040/RJ;JF;Tombamento;;;1;;;;;;;;0;2;;;
22/03/2021;10:02:00;2401;AC02 - Acidente com VITIMA;110;BR-040/RJ;RJ;Queda de Moto;;;;1;;;;;;;0;1;;;
22/03/2021;11:38:00;2412;AC03 - Acidente sem VITIMA;120;BR-040/RJ;JF;Colisão Lateral;1;;1;;;;;;;;2;;;;