data;horario;n_da_ocorrencia;tipo_de_ocorrencia;km;trecho;sentido;tipo_de_acidente;automovel;bicicleta;caminhao;moto;onibus;outros;tracao_animal;transporte_de_cargas_especiais;trator_maquinas;utilitarios;ilesos;levemente_feridos;moderadamente_feridos;gravemente_feridos;mortos
29/07/2021;18:48:00;3334;AC04 - Atropelamento;124;BR-040/RJ;JF;Atropelamento - Pedestre;;;;1;;1;;;;;1;1;;;
30/07/2021;00:50:00;3375;AC03 - Acidente sem VITIMA;102;BR-040/RJ;JF;Choque - Objeto Fixo;1;;;;;;;;;;1;;;;
30/07/2021;05:06:00;3384;AC03 - Acidente sem VITIMA;115;BR-040/RJ;RJ;Engavetamento;2;;1;;;;;;;;3;;;;
30/07/2021;12:18:00;3430;AC02 - Acidente com VITIMA;88;BR-040/RJ;RJ;Capotamento;1;;;;;;;;;;0;3;1;;
30/07/2021;17:29:00;3465;AC03 - Acidente sem VITIMA;801;BR-040/MG;RJ;Colisão Traseira;2;;;;;;;;;;2;;;;
30/07/2021;21:31:00;3492;AC03 - Acidente sem VITIMA;119;BR-040/RJ;JF;Colisão Traseira;2;;;;;;;;;;2;;;;
31/07/2021;00:11:00;3502;AC03 - Acidente sem VITIMA;94;BR-040/RJ;RJ;Choque - Objeto Fixo;1;;;;;;;;;;1;;;;
31/07/2021;04:06:00;3516;AC02 - Acidente com VITIMA;44;BR-040/RJ;RJ;Choque - Objeto Fixo;1;;;;;;;;;;0;1;;;
31/07/2021;06:38:00;3522;AC03 - Acidente sem VITIMA;84;BR-040/RJ;RJ;Capotamento;1;;;;;;;;;;1;;;;
31/07/2021;08:50:00;3531;AC03 - Acidente sem VITIMA;123;BR-040/RJ;RJ;Colisão Traseira;2;;;;;1;;;;;3;;;;
31/07/2021;19:26:00;3589;AC02 - Acidente com VITIMA;104;BR-040/RJ;JF;Atropelamento - Animal;;;;1;;;;;;;0;;1;;
31/07/2021;19:36:00;3592;AC02 - Acidente com VITIMA;93;BR-040/RJ;JF;Queda de Moto;;;;1;;;;;;;0;1;;;
31/07/2021;20:32:00;3594;AC03 - Acidente sem VITIMA;120;BR-040/RJ;RJ;Colisão Lateral;1;;;;;1;;;;;2;;;;
01/08/2021;01:24:00;3;AC03 - Acidente sem VITIMA;99;BR-040/RJ;RJ;Saída de Pista;1;;;;;;;;;;1;;;;
01/08/2021;04:16:00;8;AC03 - Acidente sem VITIMA;65;BR-040/RJ;RJ;Choque - Objeto Fixo;1;;;;;;;;;;1;;;;
01/08/2021;08:07:00;16;AC03 - Acidente sem VITIMA;805;BR-040/MG;RJ;Choque - Objeto Fixo;1;;;;;;;;;;1;;;;
01/08/2021;09:01:00;19;AC02 - Acidente com VITIMA;108;BR-040/RJ;JF;Colisão Traseira;;1;;;;1;;;;;1;1;;;
01/08/2021;11:28:00;26;AC03 - Acidente sem VITIMA;109;BR-040/RJ;JF;Colisão Lateral;2;;;;;;;;;;2;;;;
01/08/2021;14:20:00;39;AC03 - Acidente sem VITIMA;783;BR-040/MG;JF;Choque - Objeto Fixo;1;;;;;;;;;;0;1;;;
01/08/2021;22:06:00;67;AC04 - Atropelamento;104;BR-040/RJ;JF;Atropelamento - Pedestre;1;;;;;1;;;;;1;;;1;
02/08/2021;06:18:00;91;AC02 - Acidente com VITIMA;121;BR-040/RJ;RJ;Engavetamento;3;;;;;;;;;;0;2;2;;
02/08/2021;17:40:00;158;AC03 - Acidente sem VITIMA;110;BR-040/RJ;JF;Colisão Traseira;2;;;;;;;;;;2;;;;
02/08/2021;21:02:00;174;AC02 - Acidente com VITIMA;74;BR-040/RJ;JF;Tombamento;;;1;;;;;;;;0;1;;;
02/08/2021;23:48:00;179;AC03 - Acidente sem VITIMA;61;BR-040/RJ;RJ;Colisão Traseira;;;1;;;1;;;;;2;;;;
03/08/2021;13:32:00;223;AC03 - Acidente sem VITIMA;92;BR-040/RJ;RJ;Choque - Objeto Fixo;1;;;;;;;;;;1;;;;
03/08/2021;15:15:00;232;AC03 - Acidente sem VITIMA;79;BR-040/RJ;JF;Choque - Objeto Fixo;1;;;;;;;;;;1;;;;
03/08/2021;16:55:00;247;AC02 - Acidente com VITIMA;92;BR-040/RJ;RJ;Capotamento;1;;;;;;;;;;0;2;;;
04/08/2021;05:31:00;285;AC02 - Acidente com VITIMA;73;BR-040/RJ;JF;Choque - Objeto Fixo;1;;;;;;;;;;0;;1;;
04/08/2021;07:37:00;295;AC03 - Acidente sem VITIMA;121;BR-040/RJ;RJ;Colisão Lateral;1;;1;;;;;;;;2;;;;
04/08/2021;08:15:00;297;AC02 - Acidente com VITIMA;123;BR-040/RJ;RJ;Colisão Lateral;;;1;1;;;;;;;1;1;;;
04/08/2021;11:10:00;308;AC03 - Acidente sem VITIMA;117;BR-040/RJ;JF;Engavetamento;3;;;;;;;;;;3;;;;
04/08/2021;11:33:00;311;AC01 - Acidente com VITIMA FATAL;89;BR-040/RJ;RJ;Choque - Objeto Fixo;;;1;;;1;;;;;1;;;;1
04/08/2021;13:22:00;323;AC03 - Acidente sem VITIMA;79;BR-040/RJ;RJ;Choque - Objeto Fixo;;;1;;;;;;;;1;;;;
04/08/2021;19:31:00;357;AC02 - Acidente com VITIMA;93;BR-040/RJ;RJ;Capotamento;1;;;;;;;;;;0;1;;;
04/08/2021;20:29:00;361;AC03 - Acidente sem VITIMA;84;BR-040/RJ;RJ;Choque - Objeto Fixo;1;;;;;;;;;;1;;;;
04/08/2021;23:00:00;368;AC03 - Acidente sem VITIMA;108;BR-040/RJ;JF;Colisão Lateral;2;;1;;;;;;;;3;;;;
05/08/2021;01:55:00;374;AC03 - Acidente sem VITIMA;7;BR-040/RJ;JF;Atropelamento - Animal;;;1;;;;;;;;1;;;;
05/08/2021;10:17:00;406;AC02 - Acidente com VITIMA;117;BR-040/RJ;RJ;Colisão Lateral;1;;;1;;;;;;;1;1;;;
05/08/2021;19:24:00;467;AC03 - Acidente sem VITIMA;110;BR-040/RJ;JF;Colisão Lateral;1;;1;;;;;;;;2;;;;
05/08/2021;20:14:00;471;AC02 - Acidente com VITIMA;84;BR-040/RJ;RJ;Choque - Objeto Fixo;1;;;;;;;;;;0;2;;;
06/08/2021;07:33:00;498;AC02 - Acidente com VITIMA;119;BR-040/RJ;JF;Queda de Moto;;;;1;;;;;;;0;1;;;
06/08/2021;16:15:00;563;AC03 - Acidente sem VITIMA;86;BR-040/RJ;JF;Colisão Traseira;2;;;;;;;;;;2;;;;
06/08/2021;16:21:00;564;AC03 - Acidente sem VITIMA;115;BR-040/RJ;RJ;Saída de Pista;2;;;;;;;;;;2;;;;
06/08/2021;19:30:00;586;AC02 - Acidente com VITIMA;787;BR-040/MG;RJ;Colisão Traseira;2;;;;;;;;;;0;4;;;
06/08/2021;21:13:00;596;AC03 - Acidente sem VITIMA;122;BR-040/RJ;RJ;Colisão Lateral;1;;;1;;;;;;;2;;;;
06/08/2021;23:41:00;613;AC03 - Acidente sem VITIMA;62;BR-040/RJ;RJ;Choque - Objeto Fixo;1;;;;;;;;;;1;;;;
07/08/2021;01:01:00;622;AC02 - Acidente com VITIMA;6;BR-040/RJ;JF;Queda de Moto;;;;1;;;;;;;0;;1;;
07/08/2021;03:23:00;627;AC03 - Acidente sem VITIMA;37;BR-040/RJ;JF;Choque - Objeto Fixo;1;;;;;;;;;;1;;;;
07/08/2021;03:53:00;628;AC03 - Acidente sem VITIMA;800;BR-040/MG;JF;Saída de Pista;1;;;;;;;;;;1;;;;
07/08/2021;04:53:00;632;AC03 - Acidente sem VITIMA;109;BR-040/RJ;JF;Choque - Objeto Fixo;1;;;;;;;;;;1;;;;
07/08/2021;06:02:00;635;AC03 - Acidente sem VITIMA;72;BR-040/RJ;RJ;Choque - Objeto Fixo;1;;;;;;;;;;1;;;;
07/08/2021;08:32:00;650;AC02 - Acidente com VITIMA;122;BR-040/RJ;RJ;Colisão Traseira;1;;;1;;;;;;;1;1;;;
07/08/2021;14:23:00;689;AC03 - Acidente sem VITIMA;122;BR-040/RJ;JF;Colisão Traseira;1;;;;;;;;;;1;;;;
07/08/2021;16:35:00;706;AC02 - Acidente com VITIMA;101;BR-040/RJ;RJ;Queda de Moto;;;;1;;;;;;;0;;1;1;
07/08/2021;19:03:00;727;AC02 - Acidente com VITIMA;778;BR-040/MG;RJ;Colisão Traseira;2;;;;;;;;;;0;2;1;;
07/08/2021;20:10:00;734;AC03 - Acidente sem VITIMA;775;BR-040/MG;JF;Atropelamento - Animal;1;;;;;;;;;;1;;;;
07/08/2021;23:35:00;750;AC03 - Acidente sem VITIMA;122;BR-040/RJ;JF;Colisão Traseira;;;;1;1;;;;;;2;;;;
08/08/2021;06:19:00;765;AC03 - Acidente sem VITIMA;122;BR-040/RJ;RJ;Choque - Objeto Fixo;1;;;;;;;;;;1;;;;
08/08/2021;06:40:00;769;AC02 - Acidente com VITIMA;105;BR-040/RJ;JF;Capotamento;1;;;;;;;;;;0;1;;;
08/08/2021;15:55:00;810;AC03 - Acidente sem VITIMA;810;BR-040/MG;JF;Colisão Lateral;2;;;;;;;;;;2;;;;
08/08/2021;16:56:00;813;AC01 - Acidente com VITIMA FATAL;106;BR-040/RJ;JF;Choque - Objeto Fixo;;;;;;1;;;;;0;;;;1
08/08/2021;20:37:00;835;AC02 - Acidente com VITIMA;108;BR-040/RJ;JF;Colisão Frontal;2;;;;;;;;;;1;1;;;
09/08/2021;09:51:00;877;AC03 - Acidente sem VITIMA;108;BR-040/RJ;JF;Choque - Objeto Fixo;1;;;;;;;;;;1;;;;
09/08/2021;12:30:00;890;AC02 - Acidente com VITIMA;57;BR-040/RJ;RJ;Choque - Objeto Fixo;1;;;;;;;;;;0;1;;;
09/08/2021;17:54:00;922;AC02 - Acidente com VITIMA;111;BR-040/RJ;JF;Colisão Traseira;2;;;;;;;;;;0;2;;;
09/08/2021;20:15:00;936;AC03 - Acidente sem VITIMA;120;BR-040/RJ;RJ;Engavetamento;3;;;;;;;;;;3;;;;
10/08/2021;04:36:00;967;AC03 - Acidente sem VITIMA;816;BR-040/MG;JF;Atropelamento - Animal;;;1;;;;;;;;1;;;;
10/08/2021;04:36:00;969;AC03 - Acidente sem VITIMA;816;BR-040/MG;JF;Atropelamento - Animal;;;1;;;;;;;;1;;;;
10/08/2021;07:21:00;978;AC03 - Acidente sem VITIMA;123;BR-040/RJ;RJ;Colisão Lateral;1;;1;;;;;;;;2;;;;
10/08/2021;10:11:00;998;AC03 - Acidente sem VITIMA;89;BR-040/RJ;JF;Choque - Objeto Fixo;1;;;;;;;;;;1;;;;
10/08/2021;11:02:00;1004;AC02 - Acidente com VITIMA;116;BR-040/RJ;RJ;Colisão Traseira;2;;;;;;;;;;1;2;;;
10/08/2021;11:54:00;1007;AC02 - Acidente com VITIMA;45;BR-040/RJ;RJ;Queda de Moto;;;;1;;;;;;;0;1;;;
10/08/2021;12:05:00;1008;AC01 - Acidente com VITIMA FATAL;44;BR-040/RJ;JF;Tombamento;;;1;;;;;;;;0;;;;1
10/08/2021;17:10:00;1036;AC02 - Acidente com VITIMA;120;BR-040/RJ;JF;Queda de Moto;;;;1;;;;;;;0;;1;;
10/08/2021;18:24:00;1044;AC02 - Acidente com VITIMA;75;BR-040/RJ;RJ;Queda de Moto;;;;1;;;;;;;0;;1;;
11/08/2021;08:49:00;1082;AC02 - Acidente com VITIMA;104;BR-040/RJ;JF;Choque - Objeto Fixo;2;;;;;;;;;;1;1;;;
11/08/2021;12:09:00;1114;AC02 - Acidente com VITIMA;120;BR-040/RJ;RJ;Capotamento;1;;;;;;;;;;0;3;;;
11/08/2021;15:56:00;1136;AC02 - Acidente com VITIMA;78;BR-040/RJ;RJ;Choque - Objeto Fixo;1;;;;;;;;;;0;1;;;
11/08/2021;16:47:00;1145;AC02 - Acidente com VITIMA;102;BR-040/RJ;JF;Colisão Transversal;2;;;;;;;;;;0;2;;;
11/08/2021;16:48:00;1146;AC03 - Acidente sem VITIMA;75;BR-040/RJ;RJ;Saída de Pista;1;;;;;;;;;;1;;;;
11/08/2021;17:56:00;1156;AC02 - Acidente com VITIMA;807;BR-040/MG;JF;Colisão Traseira;1;;;1;;;;;;;1;;;1;
12/08/2021;06:08:00;1192;AC02 - Acidente com VITIMA;74;BR-040/RJ;JF;Capotamento;1;;;;;;;;;;0;;1;;
12/08/2021;06:33:00;1193;AC03 - Acidente sem VITIMA;91;BR-040/RJ;JF;Choque - Objeto Fixo;1;;;;;;;;;;1;;;;
12/08/2021;07:57:00;1202;AC03 - Acidente sem VITIMA;78;BR-040/RJ;RJ;Choque - Objeto Fixo;1;;;;;;;;;;1;;;;
12/08/2021;07:48:00;1204;AC03 - Acidente sem VITIMA;94;BR-040/RJ;RJ;Choque - Objeto Fixo;1;;;;;;;;;;1;;;;
12/08/2021;09:37:00;1216;AC03 - Acidente sem VITIMA;91;BR-040/RJ;JF;Choque - Objeto Fixo;1;;;;;;;;;;1;;;;
12/08/2021;10:29:00;1226;AC02 - Acidente com VITIMA;93;BR-040/RJ;RJ;Saída de Pista;1;;;;;;;;;;0;1;;;
12/08/2021;10:21:00;1227;AC03 - Acidente sem VITIMA;94;BR-040/RJ;RJ;Choque - Objeto Fixo;1;;;;;;;;;;1;;;;
12/08/2021;11:00:00;1229;AC03 - Acidente sem VITIMA;91;BR-040/RJ;JF;Choque - Objeto Fixo;1;;;;;;;;;;0;1;;;
12/08/2021;11:25:00;1230;AC02 - Acidente com VITIMA;100;BR-040/RJ;JF;Capotamento;1;;;;;;;;;;0;1;;;
12/08/2021;11:47:00;1232;AC03 - Acidente sem VITIMA;91;BR-040/RJ;RJ;Choque - Objeto Fixo;1;;;;;;;;;;1;;;;
12/08/2021;13:52:00;1242;AC03 - Acidente sem VITIMA;91;BR-040/RJ;RJ;Saída de Pista;1;;;;;;;;;;1;;;;
12/08/2021;14:11:00;1244;AC02 - Acidente com VITIMA;94;BR-040/RJ;RJ;Capotamento;1;;;;;;;;;;0;2;;;
12/08/2021;15:04:00;1250;AC02 - Acidente com VITIMA;90;BR-040/RJ;JF;Capotamento;1;;;;;;;;;;0;3;;;
12/08/2021;15:26:00;1253;AC03 - Acidente sem VITIMA;100;BR-040/RJ;JF;Choque - Objeto Fixo;1;;;;;;;;;;1;;;;
12/08/2021;15:44:00;1257;AC02 - Acidente com VITIMA;93;BR-040/RJ;RJ;Capotamento;1;;;;;;;;;;0;1;;;
12/08/2021;16:16:00;1263;AC03 - Acidente sem VITIMA;92;BR-040/RJ;RJ;Choque - Objeto Fixo;1;;;;;;;;;;1;;;;
12/08/2021;16:15:00;1265;AC03 - Acidente sem VITIMA;91;BR-040/RJ;JF;Choque - Objeto Fixo;1;;;;;;;;;;1;;;;
12/08/2021;17:23:00;1273;AC03 - Acidente sem VITIMA;78;BR-040/RJ;RJ;Saída de Pista;1;;;;;;;;;;1;;;;
13/08/2021;01:11:00;1303;AC03 - Acidente sem VITIMA;91;BR-040/RJ;RJ;Choque - Objeto Fixo;1;;;;;;;;;;1;;;;
13/08/2021;08:25:00;1326;AC02 - Acidente com VITIMA;788;BR-040/MG;JF;Choque - Objeto Fixo;1;;;;;;;;;;0;;1;;
13/08/2021;08:46:00;1328;AC03 - Acidente sem VITIMA;90;BR-040/RJ;RJ;Choque - Objeto Fixo;1;;;;;;;;;;1;;;;
13/08/2021;09:00:00;1331;AC03 - Acidente sem VITIMA;94;BR-040/RJ;RJ;Choque - Objeto Fixo;1;;;;;;;;;;1;;;;
13/08/2021;09:12:00;1334;AC03 - Acidente sem VITIMA;92;BR-040/RJ;RJ;Choque - Objeto Fixo;1;;;;;;;;;;1;;;;
13/08/2021;11:42:00;1353;AC03 - Acidente sem VITIMA;90;BR-040/RJ;RJ;Choque - Objeto Fixo;1;;;;;;;;;;1;;;;
13/08/2021;12:39:00;1363;AC03 - Acidente sem VITIMA;91;BR-040/RJ;RJ;Capotamento;1;;;;;;;;;;1;;;;
13/08/2021;14:08:00;1375;AC03 - Acidente sem VITIMA;91;BR-040/RJ;JF;Choque - Objeto Fixo;1;;;;;;;;;;1;;;;
13/08/2021;14:31:00;1376;AC03 - Acidente sem VITIMA;93;BR-040/RJ;RJ;Choque - Objeto Fixo;1;;;;;;;;;;1;;;;
13/08/2021;14:40:00;1377;AC03 - Acidente sem VITIMA;91;BR-040/RJ;JF;Choque - Objeto Fixo;1;;;;;;;;;;1;;;;
13/08/2021;15:34:00;1380;AC03 - Acidente sem VITIMA;93;BR-040/RJ;RJ;Choque - Objeto Fixo;1;;;;;;;;;;1;;;;
13/08/2021;16:35:00;1388;AC03 - Acidente sem VITIMA;91;BR-040/RJ;JF;Choque - Objeto Fixo;1;;;;;;;;;;1;;;;
13/08/2021;17:01:00;1390;AC02 - Acidente com VITIMA;78;BR-040/RJ;RJ;Capotamento;1;;;;;;;;;;0;2;1;;
13/08/2021;17:03:00;1391;AC02 - Acidente com VITIMA;97;BR-040/RJ;RJ;Capotamento;1;;;;;;;;;;0;4;;;
13/08/2021;17:39:00;1397;AC03 - Acidente sem VITIMA;94;BR-040/RJ;RJ;Choque - Objeto Fixo;1;;;;;;;;;;1;;;;
13/08/2021;18:24:00;1406;AC02 - Acidente com VITIMA;110;BR-040/RJ;RJ;Queda de Moto;1;;;1;;;;;;;1;;1;;
13/08/2021;18:55:00;1409;AC02 - Acidente com VITIMA;116;BR-040/RJ;JF;Colisão Lateral;1;;;1;;;;;;;1;1;;;
13/08/2021;18:58:00;1411;AC03 - Acidente sem VITIMA;23;BR-040/RJ;JF;Atropelamento - Animal;1;;;;;;;;;;1;;;;
13/08/2021;19:12:00;1412;AC03 - Acidente sem VITIMA;75;BR-040/RJ;RJ;Choque - Objeto Fixo;1;;;;;;;;;;1;;;;
13/08/2021;19:47:00;1413;AC03 - Acidente sem VITIMA;93;BR-040/RJ;RJ;Choque - Objeto Fixo;1;;;;;1;;;;;2;;;;
14/08/2021;01:23:00;1435;AC03 - Acidente sem VITIMA;119;BR-040/RJ;RJ;Choque - Objeto Fixo;1;;;;;;;;;;1;;;;
14/08/2021;05:30:00;1442;AC02 - Acidente com VITIMA;91;BR-040/RJ;RJ;Saída de Pista;1;;;;;;;;;;0;1;1;;
14/08/2021;07:29:00;1444;AC02 - Acidente com VITIMA;82;BR-040/RJ;RJ;Choque - Objeto Fixo;1;;;;;;;;;;0;1;;;
14/08/2021;07:39:00;1447;AC03 - Acidente sem VITIMA;91;BR-040/RJ;JF;Choque - Objeto Fixo;1;;;;;;;;;;1;;;;
14/08/2021;08:28:00;1450;AC03 - Acidente sem VITIMA;90;BR-040/RJ;JF;Choque - Objeto Fixo;1;;;;;;;;;;1;;;;
14/08/2021;08:41:00;1452;AC03 - Acidente sem VITIMA;85;BR-040/RJ;JF;Choque - Objeto Fixo;1;;;;;;;;;;1;;;;
14/08/2021;12:46:00;1473;AC02 - Acidente com VITIMA;64;BR-040/RJ;JF;Choque - Objeto Fixo;1;;;;;;;;;;0;1;;;
14/08/2021;13:14:00;1476;AC03 - Acidente sem VITIMA;90;BR-040/RJ;RJ;Capotamento;1;;;;;;;;;;1;;;;
14/08/2021;22:18:00;1519;AC03 - Acidente sem VITIMA;107;BR-040/RJ;JF;Colisão Traseira;2;;;;;;;;;;2;;;;
14/08/2021;23:35:00;1526;AC02 - Acidente com VITIMA;115;BR-040/RJ;JF;Colisão Traseira;2;;;;;;;;;;1;1;;;
15/08/2021;00:20:00;1530;AC03 - Acidente sem VITIMA;793;BR-040/MG;RJ;Colisão Traseira;1;;;;;;;;;;1;;;;
15/08/2021;00:20:00;1532;AC02 - Acidente com VITIMA;793;BR-040/MG;RJ;Queda de Moto;;;;1;;;;;;;0;;2;;
15/08/2021;04:53:00;1541;AC03 - Acidente sem VITIMA;84;BR-040/RJ;JF;Choque - Objeto Fixo;1;;;;;;;;;;1;;;;
15/08/2021;08:09:00;1553;AC02 - Acidente com VITIMA;94;BR-040/RJ;JF;Queda de Moto;;;;1;;;;;;;0;2;;;
15/08/2021;17:07:00;1606;AC03 - Acidente sem VITIMA;21;BR-040/RJ;JF;Saída de Pista;1;;;;;;;;;;1;;;;
15/08/2021;20:16:00;1631;AC02 - Acidente com VITIMA;787;BR-040/MG;RJ;Tombamento;1;;;;;;;;;;0;1;;;
15/08/2021;22:42:00;1642;AC02 - Acidente com VITIMA;109;BR-040/RJ;RJ;Choque - Objeto Fixo;1;;;;;;;;;;0;1;;;
16/08/2021;05:55:00;1662;AC02 - Acidente com VITIMA;101;BR-040/RJ;RJ;Colisão Traseira;;;1;1;;;;;;;1;1;;;
16/08/2021;06:46:00;1666;AC03 - Acidente sem VITIMA;796;BR-040/MG;RJ;Choque - Objeto Fixo;1;;;;;;;;;;1;;;;
16/08/2021;07:13:00;1669;AC03 - Acidente sem VITIMA;94;BR-040/RJ;JF;Colisão Lateral;2;;;;;;;;;;2;;;;
16/08/2021;08:17:00;1680;AC03 - Acidente sem VITIMA;114;BR-040/RJ;RJ;Saída de Pista;1;;;;;;;;;;1;;;;
16/08/2021;08:49:00;1687;AC02 - Acidente com VITIMA;121;BR-040/RJ;RJ;Queda de Moto;;;;1;;;;;;;0;1;;;
16/08/2021;14:29:00;1725;AC02 - Acidente com VITIMA;55;BR-040/RJ;JF;Colisão Traseira;1;;;1;;;;;;;1;;1;;
16/08/2021;17:53:00;1748;AC03 - Acidente sem VITIMA;111;BR-040/RJ;JF;Engavetamento;4;;;;;;;;;;4;;;;
16/08/2021;18:28:00;1753;AC03 - Acidente sem VITIMA;93;BR-040/RJ;RJ;Choque - Objeto Fixo;1;;;;;;;;;;1;;;;
16/08/2021;18:43:00;1756;AC02 - Acidente com VITIMA;78;BR-040/RJ;JF;Choque - Objeto Fixo;1;;;;;;;;;;0;2;;;
16/08/2021;19:36:00;1764;AC03 - Acidente sem VITIMA;87;BR-040/RJ;JF;Choque - Objeto Fixo;1;;;;;;;;;;1;;;;
16/08/2021;23:05:00;1786;AC02 - Acidente com VITIMA;101;BR-040/RJ;JF;Colisão Frontal;2;;;;;;;;;;0;3;;;
17/08/2021;07:34:00;1810;AC03 - Acidente sem VITIMA;124;BR-040/RJ;RJ;Colisão Lateral;1;;1;;;;;;;;2;;;;
17/08/2021;11:04:00;1828;AC03 - Acidente sem VITIMA;88;BR-040/RJ;JF;Choque - Objeto Fixo;1;;;;;;;;;;1;;;;
17/08/2021;14:47:00;1850;AC02 - Acidente com VITIMA;7;BR-040/RJ;JF;Choque - Objeto Fixo;1;;;;;;;;;;0;2;1;;
17/08/2021;20:39:00;1911;AC03 - Acidente sem VITIMA;98;BR-040/RJ;RJ;Choque - Objeto Fixo;1;;;;;;;;;;1;;;;
18/08/2021;01:31:00;1930;AC04 - Atropelamento;62;BR-040/RJ;JF;Atropelamento - Pedestre;1;;;;;1;;;;;0;2;;;
18/08/2021;01:32:00;1931;AC03 - Acidente sem VITIMA;816;BR-040/MG;JF;Choque - Objeto Fixo;;;1;;;;;;;;1;;;;
18/08/2021;07:47:00;1952;AC02 - Acidente com VITIMA;61;BR-040/RJ;RJ;Colisão Lateral;1;;;1;;;;;;;1;1;;;
18/08/2021;07:58:00;1954;AC03 - Acidente sem VITIMA;783;BR-040/MG;JF;Atropelamento - Pedestre;1;;;;;;;;;;1;;;;
18/08/2021;10:45:00;1972;AC03 - Acidente sem VITIMA;788;BR-040/MG;JF;Choque - Objeto Fixo;1;;;;;;;;;;1;;;;
18/08/2021;13:16:00;1997;AC03 - Acidente sem VITIMA;58;BR-040/RJ;JF;Colisão Traseira;1;;;;;1;;;;;2;;;;
18/08/2021;15:10:00;2011;AC02 - Acidente com VITIMA;111;BR-040/RJ;JF;Colisão Lateral;1;;;1;;;;;;;1;;1;;
18/08/2021;17:43:00;2030;AC03 - Acidente sem VITIMA;118;BR-040/RJ;RJ;Colisão Traseira;1;;;1;;;;;;;2;;;;
18/08/2021;19:05:00;2037;AC03 - Acidente sem VITIMA;124;BR-040/RJ;JF;Engavetamento;3;;;;;;;;;;3;;;;
18/08/2021;19:57:00;2041;AC03 - Acidente sem VITIMA;107;BR-040/RJ;JF;Choque - Objeto Fixo;1;;;;;;;;;;1;;;;
18/08/2021;21:10:00;2047;AC02 - Acidente com VITIMA;114;BR-040/RJ;JF;Colisão Lateral;1;;;1;;;;;;;1;;1;;
18/08/2021;22:16:00;2055;AC03 - Acidente sem VITIMA;45;BR-040/RJ;JF;Colisão Lateral;1;;1;;;;;;;;2;;;;
19/08/2021;06:35:00;2068;AC02 - Acidente com VITIMA;109;BR-040/RJ;RJ;Queda de Moto;;;;1;;;;;;;0;;1;;
19/08/2021;07:50:00;2076;AC02 - Acidente com VITIMA;78;BR-040/RJ;RJ;Capotamento;1;;;;;;;;;;0;1;;;
19/08/2021;15:40:00;2123;AC03 - Acidente sem VITIMA;78;BR-040/RJ;RJ;Saída de Pista;;;1;;;;;;;;1;;;;
19/08/2021;17:43:00;2136;AC02 - Acidente com VITIMA;109;BR-040/RJ;RJ;Choque - Objeto Fixo;;;1;;;;;;;;0;;1;;
19/08/2021;23:27:00;2166;AC03 - Acidente sem VITIMA;820;BR-040/MG;RJ;Choque - Objeto Fixo;1;;;;;;;;;;1;;;;
20/08/2021;01:10:00;2176;AC03 - Acidente sem VITIMA;779;BR-040/MG;JF;Choque - Objeto Fixo;1;;;;;;;;;;1;;;;
20/08/2021;09:44:00;2204;AC03 - Acidente sem VITIMA;85;BR-040/RJ;JF;Choque - Objeto Fixo;1;;;;;;;;;;1;;;;
20/08/2021;12:51:00;2221;AC02 - Acidente com VITIMA;119;BR-040/RJ;JF;Colisão Lateral;1;;1;;;;;;;;1;1;;;
20/08/2021;13:06:00;2223;AC02 - Acidente com VITIMA;59;BR-040/RJ;RJ;Choque - Objeto Fixo;1;;;;;;;;;;0;1;;;
20/08/2021;15:54:00;2245;AC03 - Acidente sem VITIMA;114;BR-040/RJ;RJ;Colisão Lateral;3;;;;;;;;;;3;;;;
20/08/2021;18:12:00;2267;AC03 - Acidente sem VITIMA;123;BR-040/RJ;JF;Colisão Lateral;1;;1;;;;;;;;2;;;;
20/08/2021;19:14:00;2272;AC03 - Acidente sem VITIMA;111;BR-040/RJ;JF;Capotamento;2;;;;;;;;;;2;;;;
20/08/2021;23:06:00;2290;AC03 - Acidente sem VITIMA;780;BR-040/MG;RJ;Atropelamento - Animal;1;;;;;;;;;;1;;;;
20/08/2021;23:08:00;2291;AC02 - Acidente com VITIMA;780;BR-040/MG;RJ;Atropelamento - Animal;1;;;;;;;;;;0;3;1;;
21/08/2021;00:16:00;2295;AC02 - Acidente com VITIMA;14;BR-040/RJ;JF;Capotamento;1;;;;;;;;;;0;4;;;
21/08/2021;00:58:00;2302;AC03 - Acidente sem VITIMA;786;BR-040/MG;RJ;Choque - Objeto Fixo;1;;;;;;;;;;1;;;;
21/08/2021;07:38:00;2319;AC03 - Acidente sem VITIMA;114;BR-040/RJ;JF;Choque - Objeto Fixo;1;;;;;;;;;;1;;;;
21/08/2021;13:00:00;2346;AC03 - Acidente sem VITIMA;122;BR-040/RJ;JF;Colisão Traseira;1;;;;;;;;;;1;;;;
21/08/2021;20:14:00;2396;AC02 - Acidente com VITIMA;48;BR-040/RJ;JF;Capotamento;1;;;;;;;;;;0;1;;;
21/08/2021;21:01:00;2402;AC02 - Acidente com VITIMA;67;BR-040/RJ;RJ;Colisão Traseira;2;;;;;;;;;;0;2;;;
22/08/2021;04:47:00;2426;AC05 - Atropelamento Fatal;59;BR-040/RJ;RJ;Atropelamento - Pedestre;;;;;;2;;;;;1;;;;1
22/08/2021;05:38:00;2430;AC03 - Acidente sem VITIMA;122;BR-040/RJ;RJ;Colisão Traseira;2;;;;;;;;;;2;;;;
22/08/2021;09:36:00;2444;AC02 - Acidente com VITIMA;91;BR-040/RJ;JF;Queda de Moto;;;;1;;;;;;;0;1;;;