data;horario;n_da_ocorrencia;tipo_de_ocorrencia;km;trecho;sentido;tipo_de_acidente;automovel;bicicleta;caminhao;moto;onibus;outros;tracao_animal;transporte_de_cargas_especiais;trator_maquinas;utilitarios;ilesos;levemente_feridos;moderadamente_feridos;gravemente_feridos;mortos
22/08/2021;13:58:00;2460;AC03 - Acidente sem VITIMA;9;BR-040/RJ;JF;Choque - Objeto Fixo;1;;;;;;;;;;1;;;;
22/08/2021;15:39:00;2475;AC03 - Acidente sem VITIMA;98;BR-040/RJ;RJ;Saída de Pista;1;;;;;;;;;;1;;;;
22/08/2021;15:57:00;2480;AC03 - Acidente sem VITIMA;780;BR-040/MG;RJ;Choque - Objeto Fixo;1;;;;;;;;;;1;;;;
22/08/2021;18:13:00;2495;AC02 - Acidente com VITIMA;799;BR-040/MG;RJ;Colisão Lateral;1;;;1;;;;;;;0;2;1;;
22/08/2021;18:36:00;2500;AC03 - Acidente sem VITIMA;62;BR-040/RJ;RJ;Choque - Objeto Fixo;1;;;;;;;;;;1;;;;
23/08/2021;02:56:00;2542;AC03 - Acidente sem VITIMA;55;BR-040/RJ;RJ;Choque - Objeto Fixo;;;1;;;;;;;;1;;;;
23/08/2021;15:23:00;2602;AC02 - Acidente com VITIMA;109;BR-040/RJ;RJ;Colisão Lateral;1;;1;;;;;;;;0;4;;;
24/08/2021;11:26:00;2705;AC01 - Acidente com VITIMA FATAL;42;BR-040/RJ;RJ;Colisão Traseira;1;;;1;;;;;;;0;1;;;1
24/08/2021;13:16:00;2716;AC02 - Acidente com VITIMA;121;BR-040/RJ;JF;Choque - Objeto Fixo;1;;;;;;;;;;0;;1;;
24/08/2021;16:11:00;2734;AC03 - Acidente sem VITIMA;110;BR-040/RJ;JF;Colisão Traseira;1;;1;;;;;;;;2;;;;
24/08/2021;16:28:00;2738;AC02 - Acidente com VITIMA;111;BR-040/RJ;JF;Colisão Traseira;;;;1;;;;;;1;1;1;;;
25/08/2021;06:06:00;2800;AC02 - Acidente com VITIMA;0;BR-040/RJ;RJ;Choque - Objeto Fixo;1;;;;;;;;;;0;;1;;
26/08/2021;08:59:00;2940;AC03 - Acidente sem VITIMA;91;BR-040/RJ;JF;Choque - Objeto Fixo;1;;;;;;;;;;1;;;;
26/08/2021;13:50:00;2971;AC02 - Acidente com VITIMA;786;BR-040/MG;JF;Queda de Moto;;;;1;;;;;;;0;2;;;
26/08/2021;16:53:00;2999;AC03 - Acidente sem VITIMA;117;BR-040/RJ;JF;Colisão Lateral;1;;;;;;;;;;1;;;;
26/08/2021;19:06:00;3025;AC02 - Acidente com VITIMA;108;BR-040/RJ;JF;Tombamento;;;1;;;;;;;;0;2;;;
27/08/2021;09:26:00;3087;AC03 - Acidente sem VITIMA;93;BR-040/RJ;RJ;Colisão Traseira;;;2;;;;;;;;2;;;;
27/08/2021;15:09:00;3131;AC03 - Acidente sem VITIMA;51;BR-040/RJ;JF;Saída de Pista;2;;;;;;;;;;2;;;;
27/08/2021;16:12:00;3140;AC03 - Acidente sem VITIMA;96;BR-040/RJ;RJ;Choque - Objeto Fixo;1;;;;;;;;;;1;;;;
27/08/2021;16:25:00;3142;AC03 - Acidente sem VITIMA;84;BR-040/RJ;JF;Choque - Objeto Fixo;1;;;;;;;;;;1;;;;
27/08/2021;16:50:00;3145;AC02 - Acidente com VITIMA;75;BR-040/RJ;RJ;Choque - Objeto Fixo;1;;;;;;;;;;0;1;;;
27/08/2021;17:49:00;3152;AC03 - Acidente sem VITIMA;93;BR-040/RJ;RJ;Choque - Objeto Fixo;1;;;;;;;;;;1;;;;
27/08/2021;18:24:00;3158;AC03 - Acidente sem VITIMA;81;BR-040/RJ;RJ;Choque - Objeto Fixo;1;;;;;;;;;;1;;;;
27/08/2021;18:26:00;3159;AC03 - Acidente sem VITIMA;114;BR-040/RJ;JF;Engavetamento;3;;;;;;;;;;3;;;;
27/08/2021;18:57:00;3163;AC03 - Acidente sem VITIMA;115;BR-040/RJ;JF;Colisão Lateral;1;;;1;;;;;;;2;;;;
28/08/2021;07:20:00;3216;AC03 - Acidente sem VITIMA;114;BR-040/RJ;JF;Choque - Objeto Fixo;1;;;;;;;;;;1;;;;
28/08/2021;08:28:00;3222;AC02 - Acidente com VITIMA;117;BR-040/RJ;JF;Queda de Moto;;;;1;;;;;;;0;1;;;
28/08/2021;08:56:00;3225;AC02 - Acidente com VITIMA;117;BR-040/RJ;JF;Queda de Moto;;;;1;;;;;;;0;;1;;
28/08/2021;13:15:00;3246;AC03 - Acidente sem VITIMA;23;BR-040/RJ;JF;Choque - Objeto Fixo;1;;;;;;;;;;1;;;;
28/08/2021;14:56:00;3260;AC03 - Acidente sem VITIMA;108;BR-040/RJ;JF;Choque - Objeto Fixo;1;;;;;;;;;;1;;;;
28/08/2021;17:41:00;3282;AC03 - Acidente sem VITIMA;93;BR-040/RJ;RJ;Choque - Objeto Fixo;1;;;;;;;;;;1;;;;
28/08/2021;17:42:00;3284;AC02 - Acidente com VITIMA;108;BR-040/RJ;RJ;Colisão Lateral;;;1;1;;;;;;;1;1;;;
28/08/2021;18:29:00;3290;AC04 - Atropelamento;121;BR-040/RJ;JF;Atropelamento - Pedestre;1;;;;;1;;;;;1;;;1;
28/08/2021;22:47:00;3306;AC03 - Acidente sem VITIMA;77;BR-040/RJ;RJ;Choque - Objeto Fixo;1;;;;;;;;;;1;;;;
29/08/2021;03:25:00;3315;AC03 - Acidente sem VITIMA;106;BR-040/RJ;RJ;Colisão Traseira;1;;;;;1;;;;;2;;;;
29/08/2021;03:31:00;3316;AC02 - Acidente com VITIMA;120;BR-040/RJ;JF;Colisão Traseira;2;;;;;;;;;;0;5;;;
29/08/2021;05:06:00;3319;AC02 - Acidente com VITIMA;120;BR-040/RJ;RJ;Colisão Lateral;2;;;;;;;;;;1;1;;;
29/08/2021;06:52:00;3324;AC03 - Acidente sem VITIMA;89;BR-040/RJ;JF;Choque - Objeto Fixo;1;;;;;;;;;;1;;;;
29/08/2021;06:53:00;3325;AC02 - Acidente com VITIMA;74;BR-040/RJ;RJ;Choque - Objeto Fixo;1;;;;;;;;;;0;2;1;;
29/08/2021;07:41:00;3328;AC02 - Acidente com VITIMA;78;BR-040/RJ;RJ;Capotamento;1;;;;;;;;;;0;1;;;
29/08/2021;10:26:00;3334;AC03 - Acidente sem VITIMA;109;BR-040/RJ;RJ;Saída de Pista;1;;;;;;;;;;1;;;;
29/08/2021;12:18:00;3340;AC02 - Acidente com VITIMA;108;BR-040/RJ;JF;Capotamento;1;;;;;1;;;;;1;2;;;
29/08/2021;13:50:00;3347;AC03 - Acidente sem VITIMA;74;BR-040/RJ;JF;Choque - Objeto Fixo;1;;;;;;;;;;1;;;;
29/08/2021;14:05:00;3348;AC02 - Acidente com VITIMA;77;BR-040/RJ;RJ;Capotamento;1;;;;;;;;;;0;2;;;
29/08/2021;14:28:00;3350;AC03 - Acidente sem VITIMA;73;BR-040/RJ;JF;Choque - Objeto Fixo;1;;;;;;;;;;1;;;;
29/08/2021;14:28:00;3351;AC03 - Acidente sem VITIMA;80;BR-040/RJ;RJ;Choque - Objeto Fixo;1;;;;;;;;;;1;;;;
29/08/2021;17:05:00;3369;AC03 - Acidente sem VITIMA;90;BR-040/RJ;RJ;Choque - Objeto Fixo;1;;;;;;;;;;1;;;;
29/08/2021;18:18:00;3373;AC05 - Atropelamento Fatal;56;BR-040/RJ;JF;Atropelamento - Pedestre;1;;;;;1;;;;;0;1;;;1
29/08/2021;18:30:00;3374;AC03 - Acidente sem VITIMA;90;BR-040/RJ;JF;Choque - Objeto Fixo;1;;;;;;;;;;1;;;;
29/08/2021;18:59:00;3377;AC03 - Acidente sem VITIMA;79;BR-040/RJ;RJ;Choque - Objeto Fixo;1;;;;;;;;;;1;;;;
29/08/2021;19:00:00;3378;AC03 - Acidente sem VITIMA;93;BR-040/RJ;RJ;Choque - Objeto Fixo;1;;;;;;;;;;1;;;;
29/08/2021;19:32:00;3382;AC03 - Acidente sem VITIMA;72;BR-040/RJ;JF;Choque - Objeto Fixo;1;;;;;;;;;;1;;;;
29/08/2021;20:51:00;3388;AC03 - Acidente sem VITIMA;123;BR-040/RJ;RJ;Colisão Traseira;2;;;;;;;;;;2;;;;
30/08/2021;04:18:00;3411;AC03 - Acidente sem VITIMA;77;BR-040/RJ;RJ;Choque - Objeto Fixo;1;;;;;;;;;;1;;;;
30/08/2021;06:20:00;3416;AC03 - Acidente sem VITIMA;115;BR-040/RJ;RJ;Colisão Traseira;1;;;;;1;;;;;2;;;;
30/08/2021;06:50:00;3420;AC03 - Acidente sem VITIMA;68;BR-040/RJ;JF;Colisão Traseira;2;;;;;;;;;;2;;;;
30/08/2021;07:38:00;3421;AC02 - Acidente com VITIMA;114;BR-040/RJ;RJ;Capotamento;1;;;;;;;;;;0;1;;;
30/08/2021;09:40:00;3442;AC03 - Acidente sem VITIMA;93;BR-040/RJ;JF;Choque - Objeto Fixo;1;;;;;;;;;;1;;;;
30/08/2021;11:50:00;3456;AC03 - Acidente sem VITIMA;97;BR-040/RJ;RJ;Choque - Objeto Fixo;1;;;;;;;;;;1;;;;
30/08/2021;12:23:00;3460;AC03 - Acidente sem VITIMA;90;BR-040/RJ;RJ;Choque - Objeto Fixo;1;;;;;;;;;;1;;;;
30/08/2021;12:37:00;3462;AC03 - Acidente sem VITIMA;90;BR-040/RJ;JF;Choque - Objeto Fixo;1;;;;;;;;;;1;;;;
30/08/2021;12:50:00;3464;AC03 - Acidente sem VITIMA;85;BR-040/RJ;JF;Choque - Objeto Fixo;1;;;;;;;;;;1;;;;
30/08/2021;12:54:00;3467;AC03 - Acidente sem VITIMA;88;BR-040/RJ;JF;Choque - Objeto Fixo;1;;;;;;;;;;1;;;;
30/08/2021;13:06:00;3472;AC03 - Acidente sem VITIMA;93;BR-040/RJ;RJ;Choque - Objeto Fixo;1;;;;;;;;;;1;;;;
30/08/2021;13:22:00;3476;AC03 - Acidente sem VITIMA;74;BR-040/RJ;JF;Choque - Objeto Fixo;1;;;;;;;;;;1;;;;
30/08/2021;13:15:00;3477;AC03 - Acidente sem VITIMA;78;BR-040/RJ;RJ;Choque - Objeto Fixo;1;;;;;;;;;;1;;;;
30/08/2021;14:34:00;3480;AC03 - Acidente sem VITIMA;100;BR-040/RJ;JF;Choque - Objeto Fixo;1;;;;;;;;;;1;;;;
30/08/2021;14:46:00;3481;AC03 - Acidente sem VITIMA;98;BR-040/RJ;JF;Choque - Objeto Fixo;1;;;;;;;;;;1;;;;
30/08/2021;14:48:00;3482;AC02 - Acidente com VITIMA;93;BR-040/RJ;RJ;Capotamento;1;;;;;;;;;;0;1;;;
30/08/2021;15:19:00;3485;AC03 - Acidente sem VITIMA;110;BR-040/RJ;JF;Colisão Traseira;;;2;;;;;;;;2;;;;
30/08/2021;15:23:00;3487;AC02 - Acidente com VITIMA;77;BR-040/RJ;RJ;Colisão Frontal;1;;1;;;;;;;;0;3;;1;
30/08/2021;15:55:00;3489;AC02 - Acidente com VITIMA;80;BR-040/RJ;RJ;Queda de Moto;;;;1;;;;;;;0;1;;;
30/08/2021;16:06:00;3490;AC03 - Acidente sem VITIMA;94;BR-040/RJ;RJ;Choque - Objeto Fixo;;;;;;1;;;;;1;;;;
30/08/2021;16:11:00;3492;AC03 - Acidente sem VITIMA;85;BR-040/RJ;JF;Queda de Moto;;;;1;;;;;;;1;;;;
30/08/2021;16:35:00;3494;AC02 - Acidente com VITIMA;791;BR-040/MG;JF;Choque - Objeto Fixo;1;;;;;;;;;;0;1;;;
30/08/2021;16:39:00;3495;AC03 - Acidente sem VITIMA;91;BR-040/RJ;JF;Choque - Objeto Fixo;1;;;;;;;;;;1;;;;
30/08/2021;16:53:00;3497;AC02 - Acidente com VITIMA;92;BR-040/RJ;RJ;Choque - Objeto Fixo;1;;;;;;;;;;0;2;;;
30/08/2021;17:36:00;3503;AC03 - Acidente sem VITIMA;86;BR-040/RJ;RJ;Choque - Objeto Fixo;1;;;;;;;;;;1;;;;
30/08/2021;19:01:00;3510;AC03 - Acidente sem VITIMA;91;BR-040/RJ;JF;Saída de Pista;1;;;;;;;;;;1;;;;
30/08/2021;19:10:00;3514;AC03 - Acidente sem VITIMA;91;BR-040/RJ;JF;Choque - Objeto Fixo;;;;1;;;;;;;1;;;;
30/08/2021;20:30:00;3518;AC03 - Acidente sem VITIMA;4;BR-040/RJ;JF;Choque - Objeto Fixo;;;1;;;;;;;;1;;;;
30/08/2021;22:28:00;3526;AC02 - Acidente com VITIMA;124;BR-040/RJ;RJ;Queda de Moto;;;;1;;;;;;;0;2;;;
31/08/2021;01:27:00;3533;AC03 - Acidente sem VITIMA;61;BR-040/RJ;RJ;Colisão Traseira;1;;1;;;;;;;;2;;;;
31/08/2021;04:53:00;3537;AC03 - Acidente sem VITIMA;39;BR-040/RJ;RJ;Choque - Objeto Fixo;1;;;;;;;;;;1;;;;
31/08/2021;07:38:00;3542;AC03 - Acidente sem VITIMA;96;BR-040/RJ;RJ;Choque - Objeto Fixo;1;;;;;;;;;;1;;;;
31/08/2021;07:08:00;3543;AC03 - Acidente sem VITIMA;121;BR-040/RJ;RJ;Engavetamento;2;;;1;;;;;;;3;;;;
31/08/2021;08:07:00;3546;AC03 - Acidente sem VITIMA;78;BR-040/RJ;RJ;Choque - Objeto Fixo;1;;;;;;;;;;1;;;;
31/08/2021;08:10:00;3549;AC03 - Acidente sem VITIMA;124;BR-040/RJ;RJ;Colisão Traseira;1;;;;;1;;;;;2;;;;
31/08/2021;09:45:00;3560;AC02 - Acidente com VITIMA;76;BR-040/RJ;RJ;Colisão Traseira;1;;;1;;;;;;;0;6;;;
31/08/2021;09:55:00;3561;AC02 - Acidente com VITIMA;94;BR-040/RJ;RJ;Choque - Objeto Fixo;1;;;;;;;;;;0;1;;;
31/08/2021;10:06:00;3562;AC02 - Acidente com VITIMA;123;BR-040/RJ;RJ;Colisão Lateral;1;;;1;;;;;;;1;1;;;
31/08/2021;10:10:00;3564;AC03 - Acidente sem VITIMA;91;BR-040/RJ;JF;Choque - Objeto Fixo;1;;;;;;;;;;1;;;;
31/08/2021;10:40:00;3571;AC03 - Acidente sem VITIMA;94;BR-040/RJ;RJ;Choque - Objeto Fixo;1;;;;;;;;;;1;;;;
31/08/2021;12:34:00;3582;AC03 - Acidente sem VITIMA;104;BR-040/RJ;JF;Colisão Frontal;1;;1;;;;;;;;2;;;;
31/08/2021;12:50:00;3586;AC03 - Acidente sem VITIMA;84;BR-040/RJ;RJ;Choque - Objeto Fixo;1;;;;;;;;;;1;;;;
31/08/2021;12:59:00;3589;AC03 - Acidente sem VITIMA;92;BR-040/RJ;RJ;Choque - Objeto Fixo;1;;;;;;;;;;1;;;;
31/08/2021;14:52:00;3602;AC03 - Acidente sem VITIMA;90;BR-040/RJ;JF;Choque - Objeto Fixo;1;;;;;;;;;;1;;;;
31/08/2021;15:23:00;3609;AC03 - Acidente sem VITIMA;85;BR-040/RJ;JF;Choque - Objeto Fixo;1;;;;;;;;;;1;;;;
31/08/2021;16:31:00;3619;AC03 - Acidente sem VITIMA;96;BR-040/RJ;RJ;Choque - Objeto Fixo;1;;;;;;;;;;1;;;;
31/08/2021;16:52:00;3623;AC02 - Acidente com VITIMA;72;BR-040/RJ;JF;Choque - Objeto Fixo;1;;;;;;;;;;0;2;;;
31/08/2021;16:58:00;3624;AC03 - Acidente sem VITIMA;81;BR-040/RJ;RJ;Choque - Objeto Fixo;1;;;;;;;;;;1;;;;
31/08/2021;19:20:00;3640;AC03 - Acidente sem VITIMA;94;BR-040/RJ;RJ;Choque - Objeto Fixo;1;;;;;;;;;;1;;;;
01/09/2021;04:52:00;12;AC03 - Acidente sem VITIMA;124;BR-040/RJ;RJ;Choque - Objeto Fixo;1;;;;;;;;;;1;;;;
01/09/2021;06:26:00;17;AC03 - Acidente sem VITIMA;72;BR-040/RJ;JF;Choque - Objeto Fixo;1;;;;;;;;;;1;;;;
01/09/2021;07:00:00;24;AC03 - Acidente sem VITIMA;779;BR-040/MG;RJ;Colisão Lateral;3;;;;;;;;;;3;;;;
01/09/2021;07:16:00;25;AC03 - Acidente sem VITIMA;94;BR-040/RJ;RJ;Choque - Objeto Fixo;1;;;;;;;;;;1;;;;
01/09/2021;07:38:00;26;AC02 - Acidente com VITIMA;104;BR-040/RJ;JF;Colisão Lateral;2;;;;;;;;;;1;;1;;
01/09/2021;07:45:00;28;AC03 - Acidente sem VITIMA;122;BR-040/RJ;JF;Colisão Lateral;;;1;;1;;;;;;2;;;;
01/09/2021;08:21:00;32;AC01 - Acidente com VITIMA FATAL;122;BR-040/RJ;RJ;Colisão Lateral;;;1;1;;;;;;;1;1;;;1
01/09/2021;10:45:00;48;AC03 - Acidente sem VITIMA;85;BR-040/RJ;JF;Choque - Objeto Fixo;1;;;;;;;;;;1;;;;
01/09/2021;11:25:00;53;AC02 - Acidente com VITIMA;30;BR-040/RJ;RJ;Choque - Objeto Fixo;1;;;;;;;;;;0;2;;;
01/09/2021;11:44:00;58;AC03 - Acidente sem VITIMA;30;BR-040/RJ;JF;Choque - Objeto Fixo;1;;;;;;;;;;1;;;;
01/09/2021;11:50:00;62;AC02 - Acidente com VITIMA;31;BR-040/RJ;RJ;Capotamento;1;;;;;;;;;;0;;1;;
01/09/2021;15:42:00;76;AC03 - Acidente sem VITIMA;121;BR-040/RJ;JF;Colisão Traseira;2;;;;;;;;;;2;;;;
01/09/2021;21:43:00;115;AC03 - Acidente sem VITIMA;106;BR-040/RJ;RJ;Colisão Lateral;1;;;;;1;;;;;2;;;;
02/09/2021;01:35:00;131;AC02 - Acidente com VITIMA;45;BR-040/RJ;RJ;Colisão Traseira;1;;1;;;;;;;;0;1;1;;
02/09/2021;06:41:00;142;AC02 - Acidente com VITIMA;121;BR-040/RJ;RJ;Colisão Traseira;1;;;1;;;;;;;1;1;;;
02/09/2021;11:03:00;167;AC03 - Acidente sem VITIMA;787;BR-040/MG;RJ;Choque - Objeto Fixo;;;1;;;;;;;;1;;;;
02/09/2021;13:40:00;181;AC03 - Acidente sem VITIMA;47;BR-040/RJ;RJ;Choque - Objeto Fixo;;;1;;;;;;;;1;;;;
02/09/2021;15:28:00;195;AC02 - Acidente com VITIMA;103;BR-040/RJ;RJ;Queda de Moto;;;;1;;;;;;;0;1;;;
02/09/2021;21:42:00;235;AC03 - Acidente sem VITIMA;27;BR-040/RJ;RJ;Colisão Lateral;1;;1;;;;;;;;2;;;;
03/09/2021;02:34:00;249;AC02 - Acidente com VITIMA;821;BR-040/MG;JF;Colisão Traseira;;;2;;;;;;;;1;;1;;
03/09/2021;09:19:00;275;AC03 - Acidente sem VITIMA;123;BR-040/RJ;RJ;Colisão Lateral;1;;1;;;;;;;;2;;;;
03/09/2021;09:19:00;276;AC02 - Acidente com VITIMA;102;BR-040/RJ;JF;Choque - Objeto Fixo;;;;1;;;;;;;0;1;;;
03/09/2021;12:27:00;294;AC02 - Acidente com VITIMA;112;BR-040/RJ;JF;Colisão Lateral;;;;2;;;;;;;1;2;;;
03/09/2021;12:45:00;297;AC02 - Acidente com VITIMA;8;BR-040/RJ;JF;Queda de Moto;;;;1;;;;;;;0;;1;;
03/09/2021;15:10:00;314;AC02 - Acidente com VITIMA;91;BR-040/RJ;JF;Queda de Moto;;;;1;;;;;;;0;1;;;
03/09/2021;16:11:00;321;AC03 - Acidente sem VITIMA;111;BR-040/RJ;JF;Engavetamento;4;;;;;;;;;;4;;;;
03/09/2021;17:18:00;331;AC03 - Acidente sem VITIMA;117;BR-040/RJ;JF;Colisão Traseira;2;;;;;;;;;;2;;;;
03/09/2021;18:02:00;339;AC02 - Acidente com VITIMA;110;BR-040/RJ;RJ;Choque - Objeto Fixo;1;;;;;;;;;;0;;2;1;
03/09/2021;19:44:00;352;AC02 - Acidente com VITIMA;39;BR-040/RJ;RJ;Colisão Traseira;1;;1;;;;;;;;1;1;;;
03/09/2021;23:26:00;374;AC03 - Acidente sem VITIMA;85;BR-040/RJ;JF;Choque - Objeto Fixo;1;;1;;;;;;;;2;;;;
04/09/2021;00:04:00;379;AC02 - Acidente com VITIMA;113;BR-040/RJ;RJ;Capotamento;1;;;;;;;;;;0;1;;;
04/09/2021;09:11:00;423;AC02 - Acidente com VITIMA;788;BR-040/MG;RJ;Colisão Traseira;1;1;;;;;;;;;1;;1;;
04/09/2021;12:27:00;450;AC03 - Acidente sem VITIMA;124;BR-040/RJ;RJ;Colisão Traseira;1;;;;;1;;;;;2;;;;
04/09/2021;16:44:00;493;AC02 - Acidente com VITIMA;121;BR-040/RJ;JF;Choque - Objeto Fixo;1;;;;;;;;;;0;1;;;
04/09/2021;18:33:00;509;AC02 - Acidente com VITIMA;89;BR-040/RJ;RJ;Colisão Lateral;1;;;1;;;;;;;0;3;1;;
05/09/2021;02:11:00;553;AC02 - Acidente com VITIMA;109;BR-040/RJ;JF;Colisão Traseira;1;;;1;;;;;;;1;1;;;
05/09/2021;04:51:00;558;AC03 - Acidente sem VITIMA;101;BR-040/RJ;JF;Choque - Objeto Fixo;1;;;;;;;;;;1;;;;
05/09/2021;15:25:00;611;AC03 - Acidente sem VITIMA;112;BR-040/RJ;RJ;Colisão Traseira;1;;;1;;;;;;;3;;;;
06/09/2021;02:41:00;654;AC02 - Acidente com VITIMA;42;BR-040/RJ;RJ;Capotamento;1;;;;;;;;;;0;2;1;;
06/09/2021;06:48:00;666;AC03 - Acidente sem VITIMA;104;BR-040/RJ;JF;Choque - Objeto Fixo;;;1;;;;;;;;1;;;;
06/09/2021;11:58:00;701;AC03 - Acidente sem VITIMA;824;BR-040/MG;RJ;Colisão Traseira;2;;;;;;;;;;2;;;;
06/09/2021;16:55:00;733;AC03 - Acidente sem VITIMA;88;BR-040/RJ;JF;Choque - Objeto Fixo;1;;;;;;;;;;1;;;;
06/09/2021;17:10:00;735;AC02 - Acidente com VITIMA;81;BR-040/RJ;RJ;Choque - Objeto Fixo;1;;;;;;;;;;0;3;1;;
06/09/2021;21:05:00;760;AC03 - Acidente sem VITIMA;84;BR-040/RJ;JF;Choque - Objeto Fixo;1;;;;;;;;;;1;;;;
07/09/2021;00:33:00;769;AC03 - Acidente sem VITIMA;773;BR-040/MG;JF;Saída de Pista;;;1;;;;;;;;1;;;;
07/09/2021;10:52:00;807;AC02 - Acidente com VITIMA;98;BR-040/RJ;RJ;Saída de Pista;1;;;;;;;;;;0;2;1;;
07/09/2021;16:40:00;844;AC03 - Acidente sem VITIMA;57;BR-040/RJ;JF;Colisão Frontal;1;;1;;;;;;;;2;;;;
08/09/2021;01:13:00;884;AC03 - Acidente sem VITIMA;774;BR-040/MG;RJ;Atropelamento - Animal;1;;;;;;;;;;1;;;;
08/09/2021;01:13:00;885;AC03 - Acidente sem VITIMA;774;BR-040/MG;RJ;Atropelamento - Animal;1;;;;;;;;;;1;;;;
08/09/2021;05:45:00;893;AC03 - Acidente sem VITIMA;121;BR-040/RJ;RJ;Engavetamento;3;;;;;;;;;;3;;;;
08/09/2021;09:06:00;915;AC03 - Acidente sem VITIMA;114;BR-040/RJ;RJ;Engavetamento;3;;;;;;;;;;3;;;;
08/09/2021;15:12:00;956;AC02 - Acidente com VITIMA;25;BR-040/RJ;RJ;Tombamento;;;1;;;;;;;;0;;1;;
08/09/2021;18:28:00;988;AC03 - Acidente sem VITIMA;111;BR-040/RJ;JF;Colisão Traseira;2;;;;;;;;;;2;;;;
08/09/2021;20:40:00;1007;AC03 - Acidente sem VITIMA;120;BR-040/RJ;JF;Colisão Traseira;1;;;;;1;;;;;2;;;;
09/09/2021;07:16:00;1040;AC03 - Acidente sem VITIMA;112;BR-040/RJ;RJ;Colisão Traseira;1;;1;;;;;;;;2;;;;
09/09/2021;08:29:00;1042;AC02 - Acidente com VITIMA;69;BR-040/RJ;RJ;Choque - Objeto Fixo;1;;;;;;;;;;0;3;1;;
09/09/2021;16:14:00;1107;AC03 - Acidente sem VITIMA;97;BR-040/RJ;JF;Choque - Objeto Fixo;1;;;;;;;;;;1;;;;
09/09/2021;19:38:00;1134;AC03 - Acidente sem VITIMA;63;BR-040/RJ;RJ;Colisão Transversal;2;;;;;;;;;;2;;;;
09/09/2021;21:50:00;1145;AC03 - Acidente sem VITIMA;113;BR-040/RJ;JF;Engavetamento;3;;;;;;;;;;3;;;;
10/09/2021;07:51:00;1170;AC02 - Acidente com VITIMA;109;BR-040/RJ;JF;Colisão Traseira;1;;;1;;;;;;;1;1;;;
10/09/2021;17:25:00;1231;AC03 - Acidente sem VITIMA;93;BR-040/RJ;RJ;Choque - Objeto Fixo;1;;;;;;;;;;1;;;;
10/09/2021;17:38:00;1233;AC03 - Acidente sem VITIMA;108;BR-040/RJ;JF;Colisão Traseira;2;;;;;;;;;;2;;;;
10/09/2021;17:38:00;1234;AC03 - Acidente sem VITIMA;91;BR-040/RJ;JF;Choque - Objeto Fixo;1;;;;;;;;;;1;;;;
10/09/2021;17:53:00;1237;AC03 - Acidente sem VITIMA;100;BR-040/RJ;RJ;Choque - Objeto Fixo;1;;;;;;;;;;1;;;;
10/09/2021;17:58:00;1238;AC02 - Acidente com VITIMA;81;BR-040/RJ;RJ;Tombamento;;;;;;;;;;1;0;2;;;
10/09/2021;19:11:00;1246;AC03 - Acidente sem VITIMA;91;BR-040/RJ;JF;Choque - Objeto Fixo;1;;;;;;;;;;1;;;;
10/09/2021;19:25:00;1247;AC02 - Acidente com VITIMA;91;BR-040/RJ;JF;Choque - Objeto Fixo;1;;;;;;;;;;0;1;;;
10/09/2021;19:33:00;1248;AC03 - Acidente sem VITIMA;122;BR-040/RJ;JF;Colisão Traseira;1;;;1;;;;;;;2;;;;
11/09/2021;06:46:00;1279;AC03 - Acidente sem VITIMA;86;BR-040/RJ;RJ;Derrapagem;1;;;;;;;;;;1;;;;
11/09/2021;07:24:00;1286;AC02 - Acidente com VITIMA;91;BR-040/RJ;RJ;Choque - Objeto Fixo;1;;;;;;;;;;0;4;;;
11/09/2021;07:26:00;1287;AC02 - Acidente com VITIMA;91;BR-040/RJ;RJ;Capotamento;1;;;;;;;;;;0;4;1;;
11/09/2021;07:27:00;1288;AC03 - Acidente sem VITIMA;91;BR-040/RJ;RJ;Choque - Objeto Fixo;1;;;;;;;;;;1;;;;
11/09/2021;07:57:00;1296;AC02 - Acidente com VITIMA;94;BR-040/RJ;RJ;Choque - Objeto Fixo;1;;;;;;;;;;0;3;;;
11/09/2021;08:07:00;1297;AC03 - Acidente sem VITIMA;94;BR-040/RJ;RJ;Derrapagem;1;;;;;;;;;;1;;;;
11/09/2021;08:19:00;1300;AC03 - Acidente sem VITIMA;87;BR-040/RJ;RJ;Choque - Objeto Fixo;1;;;;;;;;;;1;;;;
11/09/2021;08:54:00;1306;AC03 - Acidente sem VITIMA;99;BR-040/RJ;JF;Choque - Objeto Fixo;1;;;;;;;;;;1;;;;
11/09/2021;09:47:00;1312;AC03 - Acidente sem VITIMA;91;BR-040/RJ;JF;Choque - Objeto Fixo;1;;;;;;;;;;1;;;;
11/09/2021;11:28:00;1318;AC03 - Acidente sem VITIMA;92;BR-040/RJ;RJ;Choque - Objeto Fixo;1;;;;;;;;;;1;;;;
11/09/2021;11:28:00;1319;AC03 - Acidente sem VITIMA;92;BR-040/RJ;RJ;Choque - Objeto Fixo;1;;;;;;;;;;1;;;;
11/09/2021;12:21:00;1326;AC03 - Acidente sem VITIMA;90;BR-040/RJ;RJ;Choque - Objeto Fixo;1;;;;;;;;;;1;;;;
11/09/2021;12:37:00;1328;AC02 - Acidente com VITIMA;94;BR-040/RJ;RJ;Choque - Objeto Fixo;1;;;;;;;;;;0;1;1;;
11/09/2021;12:49:00;1330;AC03 - Acidente sem VITIMA;91;BR-040/RJ;JF;Choque - Objeto Fixo;1;;;;;;;;;;1;;;;
11/09/2021;12:56:00;1332;AC03 - Acidente sem VITIMA;93;BR-040/RJ;JF;Choque - Objeto Fixo;1;;;;;;;;;;1;;;;