data;horario;n_da_ocorrencia;tipo_de_ocorrencia;km;trecho;sentido;tipo_de_acidente;automovel;bicicleta;caminhao;moto;onibus;outros;tracao_animal;transporte_de_cargas_especiais;trator_maquinas;utilitarios;ilesos;levemente_feridos;moderadamente_feridos;gravemente_feridos;mortos
11/09/2021;13:30:00;1336;AC03 - Acidente sem VITIMA;93;BR-040/RJ;RJ;Choque - Objeto Fixo;1;;;;;;;;;;1;;;;
11/09/2021;16:20:00;1354;AC03 - Acidente sem VITIMA;93;BR-040/RJ;RJ;Choque - Objeto Fixo;1;;;;;;;;;;1;;;;
11/09/2021;16:23:00;1355;AC03 - Acidente sem VITIMA;74;BR-040/RJ;JF;Choque - Objeto Fixo;1;;;;;;;;;;1;;;;
11/09/2021;17:31:00;1364;AC02 - Acidente com VITIMA;801;BR-040/MG;RJ;Choque - Objeto Fixo;1;;;;;;;;;;0;1;1;;
11/09/2021;18:00:00;1366;AC03 - Acidente sem VITIMA;119;BR-040/RJ;JF;Colisão Frontal;2;;;;;;;;;;2;;;;
11/09/2021;18:26:00;1368;AC03 - Acidente sem VITIMA;90;BR-040/RJ;JF;Choque - Objeto Fixo;1;;;;;;;;;;1;;;;
11/09/2021;22:05:00;1385;AC03 - Acidente sem VITIMA;86;BR-040/RJ;RJ;Choque - Objeto Fixo;1;;;;;;;;;;1;;;;
12/09/2021;04:53:00;1407;AC03 - Acidente sem VITIMA;66;BR-040/RJ;JF;Choque - Objeto Fixo;1;;;;;;;;;;1;;;;
12/09/2021;17:03:00;1462;AC02 - Acidente com VITIMA;801;BR-040/MG;RJ;Tombamento;;;1;;;1;;;;;1;1;;;
13/09/2021;18:46:00;1594;AC03 - Acidente sem VITIMA;804;BR-040/MG;RJ;Queda de Moto;;;;1;;;;;;;1;;;;
13/09/2021;19:54:00;1600;AC02 - Acidente com VITIMA;108;BR-040/RJ;JF;Choque - Objeto Fixo;1;;;;;;;;;;1;;;;
13/09/2021;23:33:00;1617;AC02 - Acidente com VITIMA;123;BR-040/RJ;RJ;Queda de Moto;;;;1;;;;;;;0;1;;;
14/09/2021;07:29:00;1639;AC02 - Acidente com VITIMA;104;BR-040/RJ;JF;Colisão Lateral;2;;;;;;;;;;0;2;;;
14/09/2021;08:18:00;1649;AC02 - Acidente com VITIMA;110;BR-040/RJ;RJ;Queda de Moto;;;;1;;;;;;;0;2;;;
14/09/2021;09:55:00;1662;AC03 - Acidente sem VITIMA;98;BR-040/RJ;RJ;Colisão Lateral;2;;;;;;;;;;2;;;;
14/09/2021;11:20:00;1669;AC03 - Acidente sem VITIMA;796;BR-040/MG;RJ;Colisão Traseira;1;;1;;;;;;;;2;;;;
14/09/2021;14:21:00;1694;AC03 - Acidente sem VITIMA;118;BR-040/RJ;JF;Engavetamento;3;;;;;;;;;;3;;;;
14/09/2021;16:29:00;1712;AC03 - Acidente sem VITIMA;87;BR-040/RJ;RJ;Tombamento;;;1;;;;;;;;1;;;;
14/09/2021;20:04:00;1733;AC02 - Acidente com VITIMA;124;BR-040/RJ;JF;Queda de Moto;;;;1;;;;;;;0;1;;;
15/09/2021;01:59:00;1748;AC02 - Acidente com VITIMA;45;BR-040/RJ;RJ;Colisão Traseira;1;;1;;;;;;;;0;2;;;
15/09/2021;09:16:00;1767;AC02 - Acidente com VITIMA;109;BR-040/RJ;RJ;Engavetamento;3;;1;;1;;;;;;2;1;2;;
15/09/2021;14:47:00;1800;AC02 - Acidente com VITIMA;88;BR-040/RJ;RJ;Choque - Objeto Fixo;1;;;;;;;;;;0;;1;;
15/09/2021;17:35:00;1827;AC03 - Acidente sem VITIMA;99;BR-040/RJ;RJ;Choque - Objeto Fixo;1;;;;;;;;;;1;;;;
15/09/2021;22:52:00;1854;AC03 - Acidente sem VITIMA;91;BR-040/RJ;JF;Choque - Objeto Fixo;1;;;;;;;;;;1;;;;
16/09/2021;03:50:00;1863;AC03 - Acidente sem VITIMA;108;BR-040/RJ;JF;Choque - Objeto Fixo;1;;1;;;;;;;;2;;;;
16/09/2021;06:53:00;1873;AC03 - Acidente sem VITIMA;105;BR-040/RJ;JF;Colisão Traseira;2;;;;;;;;;;2;;;;
16/09/2021;09:12:00;1889;AC03 - Acidente sem VITIMA;86;BR-040/RJ;RJ;Choque - Objeto Fixo;1;;;;;;;;;;1;;;;
16/09/2021;09:15:00;1890;AC03 - Acidente sem VITIMA;93;BR-040/RJ;RJ;Saída de Pista;1;;;;;;;;;;1;;;;
16/09/2021;10:02:00;1895;AC02 - Acidente com VITIMA;92;BR-040/RJ;RJ;Capotamento;1;;;;;;;;;;0;2;;;
16/09/2021;11:02:00;1900;AC03 - Acidente sem VITIMA;78;BR-040/RJ;RJ;Choque - Objeto Fixo;1;;;;;;;;;;1;;;;
16/09/2021;12:44:00;1910;AC03 - Acidente sem VITIMA;91;BR-040/RJ;JF;Saída de Pista;1;;;;;;;;;;1;;;;
16/09/2021;14:27:00;1917;AC02 - Acidente com VITIMA;72;BR-040/RJ;JF;Capotamento;1;;;;;;;;;;0;1;;;
16/09/2021;14:49:00;1923;AC04 - Atropelamento;110;BR-040/RJ;JF;Atropelamento - Pedestre;;;;;;2;;;;;1;;1;;
16/09/2021;14:50:00;1926;AC03 - Acidente sem VITIMA;96;BR-040/RJ;RJ;Choque - Objeto Fixo;1;;;;;;;;;;1;;;;
16/09/2021;15:03:00;1928;AC02 - Acidente com VITIMA;75;BR-040/RJ;RJ;Capotamento;1;;;;;;;;;;0;;1;;
16/09/2021;15:25:00;1931;AC02 - Acidente com VITIMA;109;BR-040/RJ;RJ;Colisão Traseira;1;;1;;;;;;;;0;2;;;
16/09/2021;15:51:00;1932;AC03 - Acidente sem VITIMA;100;BR-040/RJ;JF;Capotamento;1;;;;;;;;;;1;;;;
16/09/2021;16:14:00;1933;AC03 - Acidente sem VITIMA;72;BR-040/RJ;JF;Choque - Objeto Fixo;1;;;;;;;;;;1;;;;
16/09/2021;16:26:00;1936;AC03 - Acidente sem VITIMA;78;BR-040/RJ;RJ;Choque - Objeto Fixo;1;;;;;;;;;;1;;;;
16/09/2021;17:00:00;1938;AC03 - Acidente sem VITIMA;90;BR-040/RJ;JF;Saída de Pista;1;;;;;;;;;;1;;;;
16/09/2021;17:28:00;1943;AC03 - Acidente sem VITIMA;111;BR-040/RJ;RJ;Colisão Traseira;2;;;;;;;;;;2;;;;
16/09/2021;19:28:00;1955;AC03 - Acidente sem VITIMA;121;BR-040/RJ;JF;Colisão Traseira;1;;1;;;;;;;;2;;;;
16/09/2021;20:13:00;1963;AC03 - Acidente sem VITIMA;109;BR-040/RJ;JF;Engavetamento;3;;;;;;;;;;3;;;;
16/09/2021;21:35:00;1968;AC02 - Acidente com VITIMA;803;BR-040/MG;JF;Colisão Traseira;1;;1;;;;;;;;1;1;1;;
16/09/2021;23:57:00;1972;AC02 - Acidente com VITIMA;777;BR-040/MG;JF;Atropelamento - Animal;1;;;;;1;;;;;1;1;;;
17/09/2021;03:03:00;1979;AC02 - Acidente com VITIMA;64;BR-040/RJ;RJ;Capotamento;1;;;;;;;;;;0;1;;;
17/09/2021;06:30:00;1987;AC03 - Acidente sem VITIMA;104;BR-040/RJ;JF;Queda de Moto;;;;1;;;;;;;1;;;;
17/09/2021;06:38:00;1988;AC03 - Acidente sem VITIMA;804;BR-040/MG;JF;Colisão Lateral;1;;;;;1;;;;;2;;;;
17/09/2021;06:53:00;1990;AC02 - Acidente com VITIMA;109;BR-040/RJ;RJ;Colisão Lateral;1;;1;;;;;;;;1;1;;;
17/09/2021;07:15:00;1992;AC03 - Acidente sem VITIMA;94;BR-040/RJ;RJ;Choque - Objeto Fixo;1;;;;;;;;;;1;;;;
17/09/2021;07:33:00;1997;AC03 - Acidente sem VITIMA;100;BR-040/RJ;JF;Capotamento;1;;;;;;;;;;1;;;;
17/09/2021;08:07:00;1999;AC03 - Acidente sem VITIMA;62;BR-040/RJ;RJ;Choque - Objeto Fixo;1;;;;;;;;;;1;;;;
17/09/2021;08:23:00;2004;AC02 - Acidente com VITIMA;79;BR-040/RJ;RJ;Choque - Objeto Fixo;1;;;;;;;;;;0;2;;;
17/09/2021;08:43:00;2007;AC03 - Acidente sem VITIMA;93;BR-040/RJ;RJ;Choque - Objeto Fixo;1;;;;;;;;;;1;;;;
17/09/2021;09:02:00;2008;AC03 - Acidente sem VITIMA;94;BR-040/RJ;RJ;Choque - Objeto Fixo;1;;;;;;;;;;1;;;;
17/09/2021;09:17:00;2011;AC02 - Acidente com VITIMA;90;BR-040/RJ;RJ;Choque - Objeto Fixo;3;;;;;;;;;;2;2;;;
17/09/2021;13:34:00;2042;AC03 - Acidente sem VITIMA;89;BR-040/RJ;RJ;Saída de Pista;1;;;;;;;;;;1;;;;
18/09/2021;06:08:00;2128;AC02 - Acidente com VITIMA;64;BR-040/RJ;RJ;Choque - Objeto Fixo;1;;;;;;;;;;0;1;;;
18/09/2021;07:27:00;2132;AC02 - Acidente com VITIMA;110;BR-040/RJ;JF;Colisão Traseira;1;;1;;;;;;;;1;2;;;
18/09/2021;15:50:00;2199;AC03 - Acidente sem VITIMA;80;BR-040/RJ;JF;Colisão Lateral;1;;1;;;;;;;;2;;;;
18/09/2021;20:18:00;2226;AC02 - Acidente com VITIMA;113;BR-040/RJ;JF;Queda de Moto;;;;1;;;;;;;0;;1;1;
19/09/2021;07:21:00;2257;AC03 - Acidente sem VITIMA;61;BR-040/RJ;RJ;Choque - Objeto Fixo;1;;;;;;;;;;1;;;;
19/09/2021;11:11:00;2275;AC02 - Acidente com VITIMA;812;BR-040/MG;JF;Queda de Moto;;;;1;;;;;;;0;;;2;
19/09/2021;15:49:00;2299;AC03 - Acidente sem VITIMA;116;BR-040/RJ;RJ;Saída de Pista;1;;;;;;;;;;1;;;;
19/09/2021;22:57:00;2343;AC03 - Acidente sem VITIMA;18;BR-040/RJ;JF;Atropelamento - Animal;1;;;;;;;;;;1;;;;
20/09/2021;00:21:00;2349;AC03 - Acidente sem VITIMA;18;BR-040/RJ;RJ;Atropelamento - Animal;1;;;;;;;;;;1;;;;
20/09/2021;00:21:00;2351;AC03 - Acidente sem VITIMA;18;BR-040/RJ;RJ;Atropelamento - Animal;;;1;;;;;;;;1;;;;
20/09/2021;05:04:00;2359;AC03 - Acidente sem VITIMA;102;BR-040/RJ;JF;Colisão Traseira;2;;;;;;;;;;2;;;;
20/09/2021;13:01:00;2412;AC03 - Acidente sem VITIMA;123;BR-040/RJ;RJ;Choque - Objeto Fixo;;;;;1;;;;;;1;;;;
20/09/2021;18:57:00;2445;AC02 - Acidente com VITIMA;118;BR-040/RJ;JF;Colisão Lateral;;;;1;1;;;;;;1;1;;;
21/09/2021;07:38:00;2487;AC03 - Acidente sem VITIMA;784;BR-040/MG;JF;Colisão Traseira;2;;;;;;;;;;2;;;;
21/09/2021;09:42:00;2503;AC03 - Acidente sem VITIMA;118;BR-040/RJ;RJ;Colisão Traseira;2;;;;;;;;;;2;;;;
21/09/2021;12:42:00;2523;AC04 - Atropelamento;106;BR-040/RJ;JF;Atropelamento - Pedestre;;1;1;;;;;;;;1;;1;;
21/09/2021;15:37:00;2544;AC03 - Acidente sem VITIMA;75;BR-040/RJ;RJ;Engavetamento;1;;2;;;;;;;;3;;;;
21/09/2021;19:21:00;2570;AC03 - Acidente sem VITIMA;90;BR-040/RJ;RJ;Choque - Objeto Fixo;1;;;;;;;;;;1;;;;
21/09/2021;21:40:00;2584;AC02 - Acidente com VITIMA;793;BR-040/MG;JF;Colisão Lateral;1;;1;;;;;;;;0;2;;;
21/09/2021;22:13:00;2586;AC03 - Acidente sem VITIMA;90;BR-040/RJ;RJ;Choque - Objeto Fixo;1;;;;;;;;;;1;;;;
22/09/2021;00:42:00;2592;AC03 - Acidente sem VITIMA;114;BR-040/RJ;JF;Atropelamento - Animal;1;;;;;;;;;;1;;;;
22/09/2021;02:54:00;2597;AC02 - Acidente com VITIMA;787;BR-040/MG;JF;Saída de Pista;1;;;;;;;;;;0;3;3;;
22/09/2021;05:38:00;2606;AC03 - Acidente sem VITIMA;116;BR-040/RJ;RJ;Engavetamento;3;;;;;;;;;;3;;;;
22/09/2021;06:38:00;2611;AC03 - Acidente sem VITIMA;90;BR-040/RJ;RJ;Choque - Objeto Fixo;1;;;;;;;;;;1;;;;
22/09/2021;08:08:00;2620;AC03 - Acidente sem VITIMA;95;BR-040/RJ;JF;Choque - Objeto Fixo;1;;;;;;;;;;1;;;;
22/09/2021;09:11:00;2632;AC03 - Acidente sem VITIMA;72;BR-040/RJ;JF;Choque - Objeto Fixo;1;;;;;;;;;;1;;;;
22/09/2021;09:52:00;2639;AC03 - Acidente sem VITIMA;780;BR-040/MG;RJ;Queda de Moto;;;;1;;;;;;;1;;;;
22/09/2021;16:21:00;2675;AC03 - Acidente sem VITIMA;76;BR-040/RJ;RJ;Choque - Objeto Fixo;1;;1;;;;;;;;2;;;;
22/09/2021;16:41:00;2677;AC03 - Acidente sem VITIMA;90;BR-040/RJ;RJ;Saída de Pista;1;;;;;;;;;;1;;;;
22/09/2021;17:37:00;2684;AC03 - Acidente sem VITIMA;94;BR-040/RJ;RJ;Choque - Objeto Fixo;1;;;;;;;;;;5;;;;
22/09/2021;18:46:00;2692;AC03 - Acidente sem VITIMA;105;BR-040/RJ;JF;Choque - Objeto Fixo;1;;;;;;;;;;1;;;;
23/09/2021;08:42:00;2740;AC02 - Acidente com VITIMA;103;BR-040/RJ;JF;Colisão Traseira;1;;;1;;;;;;;1;1;;;
23/09/2021;12:53:00;2769;AC03 - Acidente sem VITIMA;84;BR-040/RJ;JF;Colisão Traseira;2;;;;;;;;;;2;;;;
23/09/2021;15:08:00;2785;AC03 - Acidente sem VITIMA;80;BR-040/RJ;JF;Choque - Objeto Fixo;;;1;;;;;;;;1;;;;
23/09/2021;15:49:00;2786;AC03 - Acidente sem VITIMA;85;BR-040/RJ;JF;Choque - Objeto Fixo;1;;;;;;;;;;1;;;;
23/09/2021;18:34:00;2798;AC03 - Acidente sem VITIMA;110;BR-040/RJ;JF;Colisão Traseira;1;;1;;;;;;;;2;;;;
24/09/2021;06:32:00;2845;AC02 - Acidente com VITIMA;100;BR-040/RJ;JF;Colisão Lateral;2;;;;;;;;;;1;1;;;
24/09/2021;13:37:00;2910;AC02 - Acidente com VITIMA;109;BR-040/RJ;JF;Queda de Moto;;;;1;;;;;;;0;;1;;
24/09/2021;15:45:00;2924;AC03 - Acidente sem VITIMA;780;BR-040/MG;RJ;Colisão Traseira;2;;;;;;;;;;2;;;;
24/09/2021;17:07:00;2937;AC02 - Acidente com VITIMA;108;BR-040/RJ;JF;Colisão Traseira;1;;;1;;;;;;;1;1;;;
24/09/2021;22:33:00;2972;AC03 - Acidente sem VITIMA;122;BR-040/RJ;RJ;Colisão Traseira;2;;;;;;;;;;2;;;;
25/09/2021;05:19:00;2997;AC03 - Acidente sem VITIMA;805;BR-040/MG;JF;Saída de Pista;1;;;;;;;;;;1;;;;
25/09/2021;07:41:00;3006;AC03 - Acidente sem VITIMA;119;BR-040/RJ;RJ;Engavetamento;3;;;;;;;;;;3;;;;
25/09/2021;11:42:00;3041;AC03 - Acidente sem VITIMA;105;BR-040/RJ;JF;Colisão Lateral;2;;;;;;;;;;2;;;;
25/09/2021;15:32:00;3064;AC02 - Acidente com VITIMA;810;BR-040/MG;JF;Colisão Frontal;2;;;;;;;;;;0;2;;;
25/09/2021;16:46:00;3074;AC03 - Acidente sem VITIMA;108;BR-040/RJ;JF;Choque - Objeto Fixo;1;;;;;;;;;;1;;;;
25/09/2021;18:31:00;3083;AC03 - Acidente sem VITIMA;75;BR-040/RJ;RJ;Choque - Objeto Fixo;1;;;;;;;;;;1;;;;
25/09/2021;19:44:00;3090;AC02 - Acidente com VITIMA;797;BR-040/MG;RJ;Colisão Traseira;2;;;;;;;;;;1;3;1;;
25/09/2021;20:14:00;3093;AC03 - Acidente sem VITIMA;93;BR-040/RJ;RJ;Choque - Objeto Fixo;1;;;;;;;;;;1;;;;
25/09/2021;22:01:00;3101;AC03 - Acidente sem VITIMA;51;BR-040/RJ;RJ;Choque - Objeto Fixo;1;;;;;;;;;;1;;;;
26/09/2021;02:09:00;3109;AC03 - Acidente sem VITIMA;68;BR-040/RJ;JF;Choque - Objeto Fixo;1;;;;;;;;;;1;;;;
26/09/2021;03:33:00;3110;AC03 - Acidente sem VITIMA;118;BR-040/RJ;RJ;Choque - Objeto Fixo;1;;;;;;;;;;1;;;;
26/09/2021;08:31:00;3124;AC03 - Acidente sem VITIMA;93;BR-040/RJ;RJ;Choque - Objeto Fixo;1;;;;;;;;;;1;;;;
26/09/2021;08:36:00;3125;AC03 - Acidente sem VITIMA;89;BR-040/RJ;JF;Colisão Traseira;1;;1;;;;;;;;2;;;;
26/09/2021;11:36:00;3140;AC04 - Atropelamento;26;BR-040/RJ;JF;Colisão Traseira;;1;1;;;;;;;;1;;1;;
26/09/2021;19:24:00;3201;AC02 - Acidente com VITIMA;121;BR-040/RJ;JF;Colisão Lateral;2;;;;;;;;;;1;1;;;
26/09/2021;22:50:00;3216;AC03 - Acidente sem VITIMA;105;BR-040/RJ;JF;Colisão Frontal;2;;;;;;;;;;2;;;;
27/09/2021;00:40:00;3227;AC03 - Acidente sem VITIMA;118;BR-040/RJ;JF;Choque - Objeto Fixo;1;;;;;;;;;;1;;;;
27/09/2021;06:37:00;3241;AC03 - Acidente sem VITIMA;39;BR-040/RJ;RJ;Saída de Pista;1;;;;;;;;;;1;;;;
27/09/2021;08:51:00;3262;AC02 - Acidente com VITIMA;109;BR-040/RJ;RJ;Engavetamento;2;;1;;1;;;;;;3;1;;;
27/09/2021;13:34:00;3294;AC02 - Acidente com VITIMA;84;BR-040/RJ;RJ;Queda de Moto;;;;1;;;;;;;0;;1;;
27/09/2021;19:23:00;3336;AC03 - Acidente sem VITIMA;816;BR-040/MG;JF;Colisão Lateral;1;;1;;;;;;;;2;;;;
28/09/2021;05:13:00;3358;AC03 - Acidente sem VITIMA;90;BR-040/RJ;RJ;Choque - Objeto Fixo;1;;;;;;;;;;1;;;;
28/09/2021;05:22:00;3359;AC03 - Acidente sem VITIMA;59;BR-040/RJ;RJ;Saída de Pista;;;1;;;;;;;;1;;;;
28/09/2021;15:24:00;3436;AC03 - Acidente sem VITIMA;118;BR-040/RJ;RJ;Colisão Lateral;1;;;;;1;;;;;2;;;;
29/09/2021;08:28:00;3513;AC03 - Acidente sem VITIMA;84;BR-040/RJ;JF;Choque - Objeto Fixo;1;;;;;;;;;;1;;;;
29/09/2021;14:02:00;3549;AC02 - Acidente com VITIMA;42;BR-040/RJ;RJ;Colisão Traseira;1;;1;;;;;;;;1;;1;;
29/09/2021;14:54:00;3560;AC03 - Acidente sem VITIMA;121;BR-040/RJ;JF;Colisão Traseira;1;;1;;;;;;;;2;;;;
29/09/2021;18:42:00;3586;AC03 - Acidente sem VITIMA;825;BR-040/MG;RJ;Choque - Objeto Fixo;1;;;;;;;;;;1;;;;
29/09/2021;21:35:00;3602;AC03 - Acidente sem VITIMA;77;BR-040/RJ;RJ;Choque - Objeto Fixo;1;;;;;;;;;;1;;;;
29/09/2021;21:49:00;3603;AC03 - Acidente sem VITIMA;116;BR-040/RJ;RJ;Colisão Traseira;1;;;;;1;;;;;2;;;;
30/09/2021;06:55:00;3633;AC03 - Acidente sem VITIMA;62;BR-040/RJ;JF;Colisão Lateral;1;;1;;;;;;;;2;;;;
30/09/2021;07:30:00;3634;AC03 - Acidente sem VITIMA;121;BR-040/RJ;RJ;Colisão Traseira;2;;;;;;;;;;2;;;;
30/09/2021;09:40:00;3656;AC03 - Acidente sem VITIMA;119;BR-040/RJ;RJ;Choque - Objeto Fixo;1;;;;;;;;;;1;;;;
30/09/2021;12:14:00;3681;AC03 - Acidente sem VITIMA;123;BR-040/RJ;RJ;Colisão Lateral;1;;1;;;;;;;;2;;;;
30/09/2021;15:07:00;3699;AC02 - Acidente com VITIMA;80;BR-040/RJ;RJ;Tombamento;1;;;;;;;;;;0;2;;;
30/09/2021;18:34:00;3724;AC03 - Acidente sem VITIMA;81;BR-040/RJ;RJ;Choque - Objeto Fixo;1;;;;;;;;;;1;;;;
30/09/2021;18:48:00;3725;AC03 - Acidente sem VITIMA;77;BR-040/RJ;RJ;Choque - Objeto Fixo;1;;;;;;;;;;1;;;;
01/10/2021;15:35:00;79;AC02 - Acidente com VITIMA;114;BR-040/RJ;JF;Engavetamento;1;;1;;;;;;;;1;;2;;
01/10/2021;15:53:00;81;AC03 - Acidente sem VITIMA;114;BR-040/RJ;RJ;Colisão Traseira;2;;;;;;;;;;2;;;;
01/10/2021;17:05:00;92;AC02 - Acidente com VITIMA;98;BR-040/RJ;JF;Queda de Moto;;;;1;;;;;;;0;1;;;
01/10/2021;18:42:00;104;AC03 - Acidente sem VITIMA;91;BR-040/RJ;JF;Choque - Objeto Fixo;1;;;;;;;;;;1;;;;
01/10/2021;18:54:00;107;AC03 - Acidente sem VITIMA;91;BR-040/RJ;JF;Choque - Objeto Fixo;1;;;;;;;;;;1;;;;
01/10/2021;19:17:00;111;AC03 - Acidente sem VITIMA;91;BR-040/RJ;JF;Choque - Objeto Fixo;1;;;;;;;;;;1;;;;
01/10/2021;23:07:00;135;AC03 - Acidente sem VITIMA;79;BR-040/RJ;RJ;Choque - Objeto Fixo;1;;;;;;;;;;1;;;;
01/10/2021;23:55:00;139;AC03 - Acidente sem VITIMA;93;BR-040/RJ;RJ;Derrapagem;1;;;;;;;;;;1;;;;
02/10/2021;23:55:00;141;AC03 - Acidente sem VITIMA;93;BR-040/RJ;RJ;Derrapagem;1;;;;;;;;;;1;;;;
02/10/2021;00:01:00;142;AC03 - Acidente sem VITIMA;94;BR-040/RJ;RJ;Saída de Pista;1;;;;;;;;;;1;;;;
02/10/2021;00:19:00;145;AC03 - Acidente sem VITIMA;7;BR-040/RJ;JF;Colisão Traseira;;;1;;;1;;;;;2;;;;
02/10/2021;00:25:00;147;AC03 - Acidente sem VITIMA;83;BR-040/RJ;JF;Derrapagem;1;;;;;;;;;;1;;;;
02/10/2021;05:17:00;158;AC03 - Acidente sem VITIMA;101;BR-040/RJ;RJ;Saída de Pista;1;;;;;;;;;;1;;;;
02/10/2021;05:17:00;159;AC03 - Acidente sem VITIMA;117;BR-040/RJ;RJ;Colisão Traseira;1;;;;;1;;;;;2;;;;
02/10/2021;06:53:00;166;AC02 - Acidente com VITIMA;93;BR-040/RJ;RJ;Colisão Lateral;;;2;;;2;;;;;3;1;;;
02/10/2021;08:07:00;174;AC02 - Acidente com VITIMA;119;BR-040/RJ;RJ;Engavetamento;2;;;;1;;;;;;2;;2;;
02/10/2021;10:00:00;189;AC03 - Acidente sem VITIMA;2;BR-040/RJ;RJ;Choque - Objeto Fixo;1;;;;;;;;;;1;;;;
02/10/2021;16:31:00;235;AC03 - Acidente sem VITIMA;787;BR-040/MG;JF;Choque - Objeto Fixo;1;;;;;;;;;;1;;;;
02/10/2021;17:36:00;240;AC02 - Acidente com VITIMA;84;BR-040/RJ;RJ;Queda de Moto;;;;1;;;;;;;0;;1;;
02/10/2021;21:04:00;256;AC02 - Acidente com VITIMA;77;BR-040/RJ;RJ;Capotamento;1;;;;;;;;;;0;3;;;
02/10/2021;22:14:00;259;AC02 - Acidente com VITIMA;96;BR-040/RJ;RJ;Saída de Pista;1;;;;;;;;;;0;1;;;
02/10/2021;23:08:00;263;AC02 - Acidente com VITIMA;784;BR-040/MG;RJ;Choque - Objeto Fixo;1;;;;;;;;;;0;1;;;
03/10/2021;00:48:00;271;AC03 - Acidente sem VITIMA;111;BR-040/RJ;RJ;Choque - Objeto Fixo;2;;;;;;;;;;2;;;;
03/10/2021;02:30:00;274;AC01 - Acidente com VITIMA FATAL;789;BR-040/MG;JF;Colisão Frontal;1;;;;1;;;;;;0;1;;;1
03/10/2021;15:00:00;314;AC02 - Acidente com VITIMA;39;BR-040/RJ;JF;Queda de Moto;;;;1;;;;;;;0;;2;;
03/10/2021;18:07:00;345;AC03 - Acidente sem VITIMA;88;BR-040/RJ;JF;Choque - Objeto Fixo;1;;;;;;;;;;1;;;;
03/10/2021;18:24:00;351;AC03 - Acidente sem VITIMA;90;BR-040/RJ;RJ;Choque - Objeto Fixo;1;;;;;;;;;;1;;;;
03/10/2021;19:02:00;358;AC03 - Acidente sem VITIMA;93;BR-040/RJ;RJ;Choque - Objeto Fixo;1;;;;;;;;;;1;;;;
03/10/2021;20:39:00;372;AC03 - Acidente sem VITIMA;91;BR-040/RJ;JF;Choque - Objeto Fixo;1;;;;;;;;;;1;;;;
03/10/2021;20:43:00;373;AC02 - Acidente com VITIMA;112;BR-040/RJ;RJ;Atropelamento - Animal;1;;;;;;;;;;0;1;1;;
04/10/2021;06:36:00;408;AC03 - Acidente sem VITIMA;118;BR-040/RJ;RJ;Colisão Traseira;2;;;;;;;;;;2;;;;
04/10/2021;06:40:00;409;AC02 - Acidente com VITIMA;22;BR-040/RJ;RJ;Choque - Objeto Fixo;1;;;;;;;;;;0;;1;;
04/10/2021;09:49:00;428;AC03 - Acidente sem VITIMA;118;BR-040/RJ;RJ;Colisão Traseira;2;;;;;;;;;;2;;;;
04/10/2021;10:30:00;434;AC03 - Acidente sem VITIMA;124;BR-040/RJ;RJ;Colisão Lateral;1;;1;;;;;;;;2;;;;
04/10/2021;10:47:00;438;AC02 - Acidente com VITIMA;822;BR-040/MG;RJ;Capotamento;1;;;;;;;;;;0;;2;;
04/10/2021;13:51:00;459;AC02 - Acidente com VITIMA;122;BR-040/RJ;RJ;Colisão Traseira;1;;;1;;;;;;;1;1;;;
04/10/2021;17:57:00;493;AC03 - Acidente sem VITIMA;90;BR-040/RJ;RJ;Choque - Objeto Fixo;1;;;;;;;;;;1;;;;
04/10/2021;18:17:00;495;AC03 - Acidente sem VITIMA;785;BR-040/MG;RJ;Colisão Lateral;1;;;;;1;;;;;2;;;;
04/10/2021;18:52:00;497;AC02 - Acidente com VITIMA;53;BR-040/RJ;JF;Colisão Traseira;;;;1;;1;;;;;1;1;;;
04/10/2021;20:03:00;501;AC02 - Acidente com VITIMA;787;BR-040/MG;RJ;Choque - Objeto Fixo;1;;;;;;;;;;0;1;;;
05/10/2021;06:52:00;521;AC03 - Acidente sem VITIMA;90;BR-040/RJ;RJ;Choque - Objeto Fixo;1;;;;;;;;;;1;;;;
05/10/2021;07:39:00;527;AC03 - Acidente sem VITIMA;93;BR-040/RJ;RJ;Choque - Objeto Fixo;1;;;;;;;;;;1;;;;
05/10/2021;07:42:00;528;AC03 - Acidente sem VITIMA;96;BR-040/RJ;RJ;Choque - Objeto Fixo;1;;;;;;;;;;1;;;;
05/10/2021;07:42:00;529;AC03 - Acidente sem VITIMA;90;BR-040/RJ;RJ;Queda de Moto;;;;1;;;;;;;1;;;;
05/10/2021;08:11:00;534;AC03 - Acidente sem VITIMA;94;BR-040/RJ;RJ;Choque - Objeto Fixo;;;1;;;;;;;;1;;;;
05/10/2021;10:06:00;543;AC03 - Acidente sem VITIMA;72;BR-040/RJ;JF;Choque - Objeto Fixo;1;;;;;;;;;;1;;;;
05/10/2021;12:03:00;552;AC03 - Acidente sem VITIMA;93;BR-040/RJ;RJ;Choque - Objeto Fixo;1;;;;;;;;;;1;;;;
05/10/2021;12:35:00;560;AC02 - Acidente com VITIMA;79;BR-040/RJ;JF;Choque - Objeto Fixo;1;;;;;;;;;;0;1;;;
05/10/2021;13:30:00;567;AC03 - Acidente sem VITIMA;93;BR-040/RJ;RJ;Choque - Objeto Fixo;1;;;;;;;;;;1;;;;
05/10/2021;13:32:00;568;AC03 - Acidente sem VITIMA;93;BR-040/RJ;RJ;Choque - Objeto Fixo;1;;;;;;;;;;1;;;;