data;horario;n_da_ocorrencia;tipo_de_ocorrencia;km;trecho;sentido;tipo_de_acidente;automovel;bicicleta;caminhao;moto;onibus;outros;tracao_animal;transporte_de_cargas_especiais;trator_maquinas;utilitarios;ilesos;levemente_feridos;moderadamente_feridos;gravemente_feridos;mortos
05/10/2021;14:45:00;575;AC02 - Acidente com VITIMA;82;BR-040/RJ;RJ;Capotamento;1;;;;;;;;;;0;1;;;
05/10/2021;16:46:00;588;AC02 - Acidente com VITIMA;91;BR-040/RJ;RJ;Capotamento;1;;;;;;;;;;0;1;1;;
05/10/2021;16:48:00;589;AC02 - Acidente com VITIMA;96;BR-040/RJ;RJ;Tombamento;;;;;;;;;;1;0;2;;;
05/10/2021;17:11:00;593;AC03 - Acidente sem VITIMA;93;BR-040/RJ;RJ;Choque - Objeto Fixo;1;;;;;;;;;;1;;;;
05/10/2021;17:55:00;597;AC03 - Acidente sem VITIMA;93;BR-040/RJ;RJ;Colisão Traseira;1;;;;;1;;;;;2;;;;
06/10/2021;01:30:00;623;AC02 - Acidente com VITIMA;112;BR-040/RJ;JF;Capotamento;1;;;;;;;;;;0;1;;;
06/10/2021;05:37:00;631;AC03 - Acidente sem VITIMA;85;BR-040/RJ;JF;Choque - Objeto Fixo;1;;;;;;;;;;1;;;;
06/10/2021;06:22:00;635;AC03 - Acidente sem VITIMA;792;BR-040/MG;JF;Saída de Pista;1;;;;;;;;;;1;;;;
06/10/2021;07:25:00;642;AC02 - Acidente com VITIMA;111;BR-040/RJ;RJ;Colisão Lateral;;;1;1;;1;;;;;2;;1;;
06/10/2021;07:40:00;648;AC03 - Acidente sem VITIMA;93;BR-040/RJ;JF;Choque - Objeto Fixo;1;;;;;1;;;;;2;;;;
06/10/2021;07:50:00;649;AC02 - Acidente com VITIMA;59;BR-040/RJ;JF;Colisão Traseira;2;;;;;;;;;;0;4;;;
06/10/2021;08:17:00;655;AC03 - Acidente sem VITIMA;92;BR-040/RJ;JF;Choque - Objeto Fixo;1;;;;;;;;;;1;;;;
06/10/2021;09:59:00;669;AC03 - Acidente sem VITIMA;90;BR-040/RJ;JF;Choque - Objeto Fixo;1;;;;;;;;;;1;;;;
06/10/2021;10:04:00;670;AC03 - Acidente sem VITIMA;59;BR-040/RJ;RJ;Colisão Lateral;1;;1;;;;;;;;2;;;;
06/10/2021;12:45:00;688;AC02 - Acidente com VITIMA;55;BR-040/RJ;RJ;Choque - Objeto Fixo;1;;;;;;;;;;0;2;;;
06/10/2021;14:46:00;697;AC02 - Acidente com VITIMA;55;BR-040/RJ;RJ;Queda de Moto;;;;1;;;;;;;0;1;;;
06/10/2021;17:05:00;710;AC02 - Acidente com VITIMA;113;BR-040/RJ;JF;Queda de Moto;;;;1;;;;;;;0;1;;;
06/10/2021;21:24:00;730;AC03 - Acidente sem VITIMA;19;BR-040/RJ;RJ;Choque - Objeto Fixo;1;;;;;;;;;;1;;;;
06/10/2021;22:32:00;732;AC03 - Acidente sem VITIMA;90;BR-040/RJ;JF;Choque - Objeto Fixo;1;;;;;;;;;;1;;;;
07/10/2021;08:24:00;768;AC02 - Acidente com VITIMA;65;BR-040/RJ;RJ;Colisão Frontal;1;;;1;;;;;;;0;1;1;;
07/10/2021;09:54:00;779;AC02 - Acidente com VITIMA;104;BR-040/RJ;RJ;Colisão Traseira;2;;;;;;;;;;0;4;;;
07/10/2021;10:20:00;787;AC03 - Acidente sem VITIMA;88;BR-040/RJ;JF;Colisão Traseira;2;;;;;;;;;;2;;;;
07/10/2021;13:06:00;809;AC02 - Acidente com VITIMA;119;BR-040/RJ;RJ;Queda de Moto;;;;1;;;;;;;0;2;;;
07/10/2021;13:13:00;811;AC02 - Acidente com VITIMA;93;BR-040/RJ;RJ;Choque - Objeto Fixo;;;1;;;;;;;;0;;1;;
07/10/2021;15:33:00;821;AC03 - Acidente sem VITIMA;90;BR-040/RJ;RJ;Choque - Objeto Fixo;1;;;;;;;;;;1;;;;
07/10/2021;16:50:00;830;AC02 - Acidente com VITIMA;80;BR-040/RJ;JF;Choque - Objeto Fixo;1;;;;;;;;;;0;1;;;
07/10/2021;17:01:00;831;AC03 - Acidente sem VITIMA;801;BR-040/MG;JF;Choque - Objeto Fixo;1;;;;;;;;;;1;;;;
07/10/2021;17:39:00;835;AC02 - Acidente com VITIMA;31;BR-040/RJ;JF;Capotamento;1;;;;;;;;;;0;2;;;
07/10/2021;18:20:00;843;AC02 - Acidente com VITIMA;111;BR-040/RJ;JF;Capotamento;1;;;;;;;;;;0;1;;;
07/10/2021;18:31:00;845;AC02 - Acidente com VITIMA;118;BR-040/RJ;RJ;Colisão Traseira;2;;;;;;;;;;0;2;;;
08/10/2021;05:51:00;888;AC03 - Acidente sem VITIMA;90;BR-040/RJ;RJ;Saída de Pista;1;;;;;;;;;;1;;;;
08/10/2021;05:51:00;889;AC03 - Acidente sem VITIMA;90;BR-040/RJ;RJ;Saída de Pista;1;;;;;;;;;;1;;;;
08/10/2021;06:34:00;894;AC02 - Acidente com VITIMA;81;BR-040/RJ;RJ;Choque - Objeto Fixo;1;;;;;;;;;;0;1;;;
08/10/2021;07:15:00;897;AC03 - Acidente sem VITIMA;84;BR-040/RJ;RJ;Choque - Objeto Fixo;1;;;;;;;;;;1;;;;
08/10/2021;07:41:00;899;AC02 - Acidente com VITIMA;87;BR-040/RJ;JF;Choque - Objeto Fixo;1;;;;;;;;;;0;2;;;
08/10/2021;11:24:00;926;AC03 - Acidente sem VITIMA;122;BR-040/RJ;RJ;Colisão Lateral;1;;;;1;;;;;;2;;;;
08/10/2021;12:14:00;937;AC03 - Acidente sem VITIMA;119;BR-040/RJ;JF;Colisão Traseira;2;;;;;;;;;;2;;;;
08/10/2021;13:46:00;947;AC03 - Acidente sem VITIMA;805;BR-040/MG;JF;Colisão Traseira;1;;1;;;;;;;;2;;;;
08/10/2021;16:27:00;961;AC02 - Acidente com VITIMA;104;BR-040/RJ;JF;Queda de Moto;;;;1;;;;;;;0;;1;;
08/10/2021;16:39:00;962;AC03 - Acidente sem VITIMA;109;BR-040/RJ;JF;Colisão Lateral;1;;1;;;;;;;;2;;;;
08/10/2021;16:45:00;964;AC03 - Acidente sem VITIMA;72;BR-040/RJ;JF;Choque - Objeto Fixo;1;;;;;;;;;;1;;;;
08/10/2021;19:28:00;986;AC03 - Acidente sem VITIMA;94;BR-040/RJ;RJ;Choque - Objeto Fixo;1;;;;;;;;;;1;;;;
08/10/2021;19:34:00;988;AC03 - Acidente sem VITIMA;93;BR-040/RJ;JF;Saída de Pista;1;;;;;;;;;;1;;;;
08/10/2021;20:16:00;992;AC03 - Acidente sem VITIMA;90;BR-040/RJ;RJ;Choque - Objeto Fixo;1;;;;;;;;;;1;;;;
09/10/2021;01:04:00;1013;AC03 - Acidente sem VITIMA;93;BR-040/RJ;RJ;Saída de Pista;1;;;;;;;;;;1;;;;
09/10/2021;02:00:00;1017;AC03 - Acidente sem VITIMA;86;BR-040/RJ;JF;Choque - Objeto Fixo;1;;;;;;;;;;1;;;;
09/10/2021;03:28:00;1019;AC03 - Acidente sem VITIMA;91;BR-040/RJ;RJ;Saída de Pista;1;;;;;;;;;;1;;;;
09/10/2021;03:32:00;1020;AC02 - Acidente com VITIMA;810;BR-040/MG;RJ;Colisão Lateral;1;;1;;;;;;;;0;6;;;
09/10/2021;04:09:00;1022;AC03 - Acidente sem VITIMA;90;BR-040/RJ;RJ;Choque - Objeto Fixo;1;;;;;;;;;;1;;;;
09/10/2021;04:25:00;1023;AC03 - Acidente sem VITIMA;90;BR-040/RJ;RJ;Choque - Objeto Fixo;1;;;;;;;;;;1;;;;
09/10/2021;04:32:00;1024;AC03 - Acidente sem VITIMA;72;BR-040/RJ;JF;Choque - Objeto Fixo;;;1;;;;;;;;1;;;;
09/10/2021;05:11:00;1026;AC03 - Acidente sem VITIMA;93;BR-040/RJ;RJ;Choque - Objeto Fixo;1;;;;;;;;;;1;;;;
09/10/2021;05:54:00;1029;AC02 - Acidente com VITIMA;124;BR-040/RJ;RJ;Choque - Objeto Fixo;1;;;;;;;;;;0;1;;;
09/10/2021;07:42:00;1041;AC03 - Acidente sem VITIMA;71;BR-040/RJ;JF;Capotamento;1;;;;;;;;;;1;;;;
09/10/2021;07:46:00;1043;AC03 - Acidente sem VITIMA;91;BR-040/RJ;RJ;Choque - Objeto Fixo;1;;;;;;;;;;1;;;;
09/10/2021;08:34:00;1050;AC03 - Acidente sem VITIMA;93;BR-040/RJ;RJ;Choque - Objeto Fixo;1;;;;;;;;;;1;;;;
09/10/2021;08:47:00;1053;AC02 - Acidente com VITIMA;123;BR-040/RJ;RJ;Engavetamento;1;;;2;;;;;;;1;1;1;;
09/10/2021;08:50:00;1054;AC03 - Acidente sem VITIMA;92;BR-040/RJ;RJ;Choque - Objeto Fixo;1;;;;;;;;;;1;;;;
09/10/2021;09:03:00;1056;AC03 - Acidente sem VITIMA;826;BR-040/MG;JF;Choque - Objeto Fixo;1;;;;;;;;;;1;;;;
09/10/2021;09:04:00;1057;AC03 - Acidente sem VITIMA;81;BR-040/RJ;RJ;Choque - Objeto Fixo;1;;;;;;;;;;1;;;;
09/10/2021;09:16:00;1059;AC03 - Acidente sem VITIMA;8;BR-040/RJ;JF;Choque - Objeto Fixo;1;;;;;;;;;;1;;;;
09/10/2021;09:21:00;1060;AC02 - Acidente com VITIMA;43;BR-040/RJ;JF;Choque - Objeto Fixo;1;;;;;;;;;;0;1;;;
09/10/2021;09:24:00;1063;AC03 - Acidente sem VITIMA;82;BR-040/RJ;RJ;Saída de Pista;1;;;;;;;;;;1;;;;
09/10/2021;09:33:00;1066;AC03 - Acidente sem VITIMA;94;BR-040/RJ;JF;Choque - Objeto Fixo;1;;;;;;;;;;1;;;;
09/10/2021;09:34:00;1067;AC03 - Acidente sem VITIMA;31;BR-040/RJ;RJ;Choque - Objeto Fixo;1;;;;;;;;;;1;;;;
09/10/2021;09:37:00;1068;AC03 - Acidente sem VITIMA;84;BR-040/RJ;RJ;Choque - Objeto Fixo;1;;;;;;;;;;1;;;;
09/10/2021;09:41:00;1070;AC03 - Acidente sem VITIMA;4;BR-040/RJ;RJ;Choque - Objeto Fixo;1;;;;;;;;;;1;;;;
09/10/2021;09:43:00;1072;AC03 - Acidente sem VITIMA;3;BR-040/RJ;RJ;Choque - Objeto Fixo;1;;;;;;;;;;1;;;;
09/10/2021;09:47:00;1074;AC03 - Acidente sem VITIMA;88;BR-040/RJ;JF;Choque - Objeto Fixo;1;;;;;;;;;;1;;;;
09/10/2021;10:11:00;1079;AC02 - Acidente com VITIMA;824;BR-040/MG;RJ;Choque - Objeto Fixo;1;;;;;;;;;;0;;1;;
09/10/2021;13:58:00;1100;AC02 - Acidente com VITIMA;123;BR-040/RJ;JF;Queda de Moto;;;;1;;;;;;;0;1;;;
09/10/2021;16:02:00;1123;AC03 - Acidente sem VITIMA;88;BR-040/RJ;JF;Engavetamento;2;;1;;;;;;;;3;;;;
09/10/2021;17:05:00;1131;AC03 - Acidente sem VITIMA;110;BR-040/RJ;JF;Colisão Traseira;1;;;;;1;;;;;2;;;;
09/10/2021;17:20:00;1133;AC03 - Acidente sem VITIMA;93;BR-040/RJ;RJ;Choque - Objeto Fixo;1;;;;;;;;;;1;;;;
09/10/2021;19:48:00;1150;AC03 - Acidente sem VITIMA;122;BR-040/RJ;JF;Colisão Traseira;2;;;;;;;;;;2;;;;
10/10/2021;03:20:00;1173;AC03 - Acidente sem VITIMA;94;BR-040/RJ;RJ;Derrapagem;1;;;;;;;;;;1;;;;
10/10/2021;03:29:00;1174;AC03 - Acidente sem VITIMA;784;BR-040/MG;JF;Choque - Objeto Fixo;1;;;;;;;;;;1;;;;
10/10/2021;04:46:00;1181;AC02 - Acidente com VITIMA;116;BR-040/RJ;RJ;Colisão Traseira;2;;;;;;;;;;0;4;;;
10/10/2021;04:56:00;1182;AC03 - Acidente sem VITIMA;113;BR-040/RJ;RJ;Choque - Objeto Fixo;1;;;;;;;;;;1;;;;
10/10/2021;06:04:00;1186;AC03 - Acidente sem VITIMA;113;BR-040/RJ;JF;Colisão Traseira;2;;;;;;;;;;2;;;;
10/10/2021;06:37:00;1189;AC02 - Acidente com VITIMA;95;BR-040/RJ;RJ;Saída de Pista;1;;;;;;;;;;0;1;;;
10/10/2021;07:03:00;1191;AC03 - Acidente sem VITIMA;99;BR-040/RJ;JF;Choque - Objeto Fixo;1;;;;;;;;;;1;;;;
10/10/2021;07:32:00;1194;AC03 - Acidente sem VITIMA;91;BR-040/RJ;RJ;Saída de Pista;1;;;;;;;;;;1;;;;
10/10/2021;08:08:00;1196;AC03 - Acidente sem VITIMA;92;BR-040/RJ;RJ;Choque - Objeto Fixo;1;;;;;;;;;;1;;;;
10/10/2021;08:25:00;1197;AC03 - Acidente sem VITIMA;92;BR-040/RJ;RJ;Capotamento;1;;;;;;;;;;1;;;;
10/10/2021;08:25:00;1198;AC03 - Acidente sem VITIMA;92;BR-040/RJ;RJ;Choque - Objeto Fixo;1;;;;;;;;;;1;;;;
10/10/2021;08:36:00;1200;AC03 - Acidente sem VITIMA;1;BR-040/RJ;JF;Choque - Objeto Fixo;1;;;;;;;;;;1;;;;
10/10/2021;08:41:00;1203;AC03 - Acidente sem VITIMA;85;BR-040/RJ;JF;Choque - Objeto Fixo;1;;;;;;;;;;1;;;;
10/10/2021;10:30:00;1214;AC03 - Acidente sem VITIMA;31;BR-040/RJ;RJ;Saída de Pista;1;;;;;;;;;;1;;;;
10/10/2021;11:15:00;1220;AC03 - Acidente sem VITIMA;786;BR-040/MG;JF;Derrapagem;1;;;;;;;;;;1;;;;
10/10/2021;11:15:00;1223;AC03 - Acidente sem VITIMA;826;BR-040/MG;JF;Choque - Objeto Fixo;1;;;;;;;;;;1;;;;
10/10/2021;12:04:00;1225;AC03 - Acidente sem VITIMA;825;BR-040/MG;RJ;Choque - Objeto Fixo;1;;;;;;;;;;1;;;;
10/10/2021;13:16:00;1228;AC03 - Acidente sem VITIMA;93;BR-040/RJ;RJ;Choque - Objeto Fixo;1;;;;;;;;;;1;;;;
10/10/2021;13:18:00;1230;AC03 - Acidente sem VITIMA;76;BR-040/RJ;JF;Choque - Objeto Fixo;1;;;;;;;;;;1;;;;
10/10/2021;13:35:00;1234;AC03 - Acidente sem VITIMA;92;BR-040/RJ;RJ;Queda de Moto;;;;1;;;;;;;1;;;;
10/10/2021;13:27:00;1235;AC03 - Acidente sem VITIMA;91;BR-040/RJ;JF;Choque - Objeto Fixo;1;;;;;;;;;;1;;;;
10/10/2021;14:18:00;1238;AC03 - Acidente sem VITIMA;83;BR-040/RJ;RJ;Choque - Objeto Fixo;1;;;;;;;;;;1;;;;
10/10/2021;15:10:00;1243;AC03 - Acidente sem VITIMA;78;BR-040/RJ;RJ;Choque - Objeto Fixo;1;;;;;;;;;;1;;;;
10/10/2021;15:23:00;1244;AC02 - Acidente com VITIMA;824;BR-040/MG;RJ;Choque - Objeto Fixo;1;;;;;;;;;;0;1;;;
10/10/2021;15:31:00;1245;AC02 - Acidente com VITIMA;53;BR-040/RJ;JF;Capotamento;1;;;;;;;;;;0;2;;;
10/10/2021;15:34:00;1246;AC03 - Acidente sem VITIMA;91;BR-040/RJ;RJ;Saída de Pista;1;;;;;;;;;;1;;;;
10/10/2021;16:20:00;1247;AC03 - Acidente sem VITIMA;91;BR-040/RJ;JF;Choque - Objeto Fixo;1;;;;;;;;;;1;;;;
10/10/2021;17:00:00;1248;AC03 - Acidente sem VITIMA;90;BR-040/RJ;RJ;Choque - Objeto Fixo;1;;;;;;;;;;1;;;;
10/10/2021;16:51:00;1252;AC03 - Acidente sem VITIMA;78;BR-040/RJ;RJ;Choque - Objeto Fixo;1;;;;;;;;;;1;;;;
10/10/2021;17:22:00;1253;AC02 - Acidente com VITIMA;92;BR-040/RJ;RJ;Capotamento;1;;;;;;;;;;0;4;;;
10/10/2021;17:42:00;1255;AC02 - Acidente com VITIMA;93;BR-040/RJ;RJ;Saída de Pista;1;;;;;;;;;;0;1;;;
10/10/2021;19:15:00;1261;AC03 - Acidente sem VITIMA;43;BR-040/RJ;JF;Choque - Objeto Fixo;1;;;;;;;;;;1;;;;
10/10/2021;19:18:00;1262;AC02 - Acidente com VITIMA;34;BR-040/RJ;RJ;Choque - Objeto Fixo;1;;;;;;;;;;0;1;;;
10/10/2021;19:32:00;1263;AC03 - Acidente sem VITIMA;89;BR-040/RJ;RJ;Choque - Objeto Fixo;1;;;;;;;;;;1;;;;
11/10/2021;02:47:00;1297;AC02 - Acidente com VITIMA;90;BR-040/RJ;RJ;Colisão Traseira;;;2;;;;;;;;1;1;1;;
11/10/2021;04:44:00;1302;AC02 - Acidente com VITIMA;0;BR-040/RJ;RJ;Choque - Objeto Fixo;;;;;;1;;;;;0;3;;;
11/10/2021;05:33:00;1305;AC03 - Acidente sem VITIMA;113;BR-040/RJ;RJ;Choque - Objeto Fixo;1;;;;;;;;;;1;;;;
11/10/2021;06:16:00;1308;AC03 - Acidente sem VITIMA;108;BR-040/RJ;JF;Choque - Objeto Fixo;1;;;;;;;;;;1;;;;
11/10/2021;06:27:00;1310;AC03 - Acidente sem VITIMA;1;BR-040/RJ;JF;Choque - Objeto Fixo;1;;;;;;;;;;1;;;;
11/10/2021;06:31:00;1311;AC03 - Acidente sem VITIMA;113;BR-040/RJ;JF;Colisão Frontal;3;;;;;;;;;;3;;;;
11/10/2021;06:48:00;1314;AC02 - Acidente com VITIMA;84;BR-040/RJ;RJ;Colisão Traseira;2;;;;;;;;;;1;;1;;
11/10/2021;07:41:00;1323;AC03 - Acidente sem VITIMA;80;BR-040/RJ;RJ;Choque - Objeto Fixo;1;;;;;;;;;;1;;;;
11/10/2021;08:32:00;1325;AC03 - Acidente sem VITIMA;113;BR-040/RJ;JF;Choque - Objeto Fixo;1;;;;;;;;;;1;;;;
11/10/2021;08:45:00;1328;AC03 - Acidente sem VITIMA;32;BR-040/RJ;JF;Choque - Objeto Fixo;1;;;;;;;;;;1;;;;
11/10/2021;09:54:00;1335;AC03 - Acidente sem VITIMA;72;BR-040/RJ;JF;Capotamento;1;;;;;;;;;;1;;;;
11/10/2021;10:07:00;1338;AC03 - Acidente sem VITIMA;94;BR-040/RJ;RJ;Choque - Objeto Fixo;1;;;;;;;;;;1;;;;
11/10/2021;11:14:00;1343;AC02 - Acidente com VITIMA;87;BR-040/RJ;RJ;Engavetamento;3;;;;;;;;;;0;4;1;;
11/10/2021;11:19:00;1344;AC03 - Acidente sem VITIMA;34;BR-040/RJ;JF;Choque - Objeto Fixo;1;;;;;;;;;;1;;;;
11/10/2021;11:46:00;1348;AC02 - Acidente com VITIMA;93;BR-040/RJ;RJ;Choque - Objeto Fixo;1;;;;;;;;;;0;1;1;;
11/10/2021;12:55:00;1354;AC03 - Acidente sem VITIMA;124;BR-040/RJ;JF;Colisão Traseira;1;;1;;;;;;;;2;;;;
11/10/2021;13:05:00;1356;AC03 - Acidente sem VITIMA;32;BR-040/RJ;JF;Derrapagem;1;;;;;;;;;;1;;;;
11/10/2021;13:54:00;1360;AC02 - Acidente com VITIMA;827;BR-040/MG;RJ;Choque - Objeto Fixo;1;;;;;;;;;;0;5;;;
11/10/2021;14:29:00;1362;AC02 - Acidente com VITIMA;32;BR-040/RJ;RJ;Choque - Objeto Fixo;1;;;;;;;;;;0;1;;;
11/10/2021;14:45:00;1366;AC03 - Acidente sem VITIMA;91;BR-040/RJ;JF;Choque - Objeto Fixo;1;;;;;;;;;;1;;;;
11/10/2021;14:50:00;1367;AC02 - Acidente com VITIMA;1;BR-040/RJ;JF;Choque - Objeto Fixo;1;;;;;;;;;;2;2;;;
11/10/2021;15:01:00;1369;AC03 - Acidente sem VITIMA;113;BR-040/RJ;JF;Colisão Traseira;1;;;;;1;;;;;2;;;;
11/10/2021;15:07:00;1372;AC03 - Acidente sem VITIMA;93;BR-040/RJ;RJ;Choque - Objeto Fixo;1;;;;;;;;;;1;;;;
11/10/2021;15:19:00;1374;AC02 - Acidente com VITIMA;5;BR-040/RJ;JF;Saída de Pista;1;;;;;;;;;;0;2;;;
11/10/2021;15:26:00;1375;AC02 - Acidente com VITIMA;93;BR-040/RJ;RJ;Capotamento;1;;;;;;;;;;0;3;;;
11/10/2021;15:25:00;1380;AC02 - Acidente com VITIMA;5;BR-040/RJ;JF;Saída de Pista;1;;;;;;;;;;0;3;;;
11/10/2021;16:10:00;1383;AC02 - Acidente com VITIMA;124;BR-040/RJ;JF;Engavetamento;2;;1;;;;;;;;2;1;;;
11/10/2021;16:05:00;1384;AC03 - Acidente sem VITIMA;94;BR-040/RJ;RJ;Choque - Objeto Fixo;1;;;;;;;;;;1;;;;
11/10/2021;16:34:00;1385;AC02 - Acidente com VITIMA;823;BR-040/MG;RJ;Choque - Objeto Fixo;1;;;;;;;;;;0;4;;;
11/10/2021;16:25:00;1386;AC03 - Acidente sem VITIMA;81;BR-040/RJ;RJ;Choque - Objeto Fixo;1;;;;;;;;;;1;;;;
11/10/2021;16:48:00;1387;AC02 - Acidente com VITIMA;786;BR-040/MG;JF;Capotamento;1;;;;;;;;;;0;2;2;;
11/10/2021;16:16:00;1388;AC03 - Acidente sem VITIMA;1;BR-040/RJ;JF;Choque - Objeto Fixo;1;;;;;;;;;;1;;;;
11/10/2021;16:43:00;1389;AC03 - Acidente sem VITIMA;783;BR-040/MG;JF;Choque - Objeto Fixo;1;;;;;;;;;;1;;;;
11/10/2021;18:47:00;1393;AC03 - Acidente sem VITIMA;124;BR-040/RJ;RJ;Choque - Objeto Fixo;1;;;;;;;;;;1;;;;
11/10/2021;18:59:00;1394;AC03 - Acidente sem VITIMA;116;BR-040/RJ;JF;Colisão Lateral;1;;1;;;;;;;;2;;;;
11/10/2021;21:56:00;1415;AC02 - Acidente com VITIMA;119;BR-040/RJ;RJ;Colisão Traseira;2;;;;;;;;;;1;1;;;
11/10/2021;22:14:00;1416;AC03 - Acidente sem VITIMA;110;BR-040/RJ;RJ;Choque - Objeto Fixo;1;;;;;;;;;;1;;;;
12/10/2021;06:02:00;1426;AC03 - Acidente sem VITIMA;796;BR-040/MG;RJ;Choque - Objeto Fixo;1;;;;;;;;;;1;;;;
12/10/2021;06:41:00;1429;AC03 - Acidente sem VITIMA;113;BR-040/RJ;JF;Colisão Lateral;2;;;;;;;;;;2;;;;
12/10/2021;06:48:00;1433;AC03 - Acidente sem VITIMA;113;BR-040/RJ;JF;Colisão Traseira;2;;;;;;;;;;2;;;;
12/10/2021;08:00:00;1434;AC03 - Acidente sem VITIMA;117;BR-040/RJ;RJ;Choque - Objeto Fixo;1;;;;;;;;;;1;;;;
12/10/2021;09:45:00;1443;AC03 - Acidente sem VITIMA;91;BR-040/RJ;RJ;Choque - Objeto Fixo;1;;;;;;;;;;1;;;;
12/10/2021;10:30:00;1446;AC02 - Acidente com VITIMA;91;BR-040/RJ;RJ;Choque - Objeto Fixo;1;;;;;;;;;;0;6;;;
12/10/2021;11:32:00;1452;AC03 - Acidente sem VITIMA;825;BR-040/MG;RJ;Choque - Objeto Fixo;1;;;;;;;;;;1;;;;
12/10/2021;12:24:00;1456;AC02 - Acidente com VITIMA;2;BR-040/RJ;JF;Choque - Objeto Fixo;1;;;;;;;;;;0;2;1;;
12/10/2021;12:39:00;1459;AC02 - Acidente com VITIMA;44;BR-040/RJ;JF;Choque - Objeto Fixo;1;;;;;;;;;;0;2;;;
12/10/2021;14:30:00;1472;AC02 - Acidente com VITIMA;37;BR-040/RJ;JF;Choque - Objeto Fixo;1;;;;;;;;;;0;4;;;
12/10/2021;15:07:00;1476;AC03 - Acidente sem VITIMA;19;BR-040/RJ;RJ;Saída de Pista;;;1;;;;;;;;1;;;;
12/10/2021;14:25:00;1477;AC03 - Acidente sem VITIMA;44;BR-040/RJ;JF;Choque - Objeto Fixo;1;;;;;;;;;;1;;;;
12/10/2021;20:30:00;1516;AC03 - Acidente sem VITIMA;68;BR-040/RJ;JF;Choque - Objeto Fixo;1;;;;;;;;;;1;;;;
13/10/2021;04:40:00;1541;AC03 - Acidente sem VITIMA;78;BR-040/RJ;RJ;Choque - Objeto Fixo;1;;;;;;;;;;1;;;;
13/10/2021;06:04:00;1548;AC03 - Acidente sem VITIMA;30;BR-040/RJ;JF;Choque - Objeto Fixo;1;;;;;;;;;;1;;;;
13/10/2021;08:00:00;1558;AC02 - Acidente com VITIMA;34;BR-040/RJ;JF;Capotamento;1;;;;;;;;;;0;1;;;
13/10/2021;09:50:00;1572;AC02 - Acidente com VITIMA;88;BR-040/RJ;RJ;Saída de Pista;1;;;;;;;;;;0;;;1;
13/10/2021;16:47:00;1617;AC02 - Acidente com VITIMA;111;BR-040/RJ;JF;Colisão Lateral;;1;1;;;;;;;;1;1;;;
13/10/2021;18:01:00;1622;AC03 - Acidente sem VITIMA;33;BR-040/RJ;JF;Colisão Lateral;1;;1;;;;;;;;2;;;;
13/10/2021;20:42:00;1637;AC02 - Acidente com VITIMA;106;BR-040/RJ;RJ;Colisão Lateral;1;;;1;;;;;;;1;1;;;
14/10/2021;01:32:00;1654;AC04 - Atropelamento;82;BR-040/RJ;RJ;Atropelamento - Pedestre;;;;;;2;;;;;1;1;;;
14/10/2021;05:54:00;1668;AC02 - Acidente com VITIMA;79;BR-040/RJ;RJ;Colisão Traseira;;;2;;;;;;;;0;3;;;
14/10/2021;07:28:00;1678;AC03 - Acidente sem VITIMA;94;BR-040/RJ;RJ;Choque - Objeto Fixo;;;2;;;;;;;;2;;;;
14/10/2021;07:54:00;1686;AC03 - Acidente sem VITIMA;122;BR-040/RJ;RJ;Colisão Lateral;1;;1;;;;;;;;2;;;;
14/10/2021;08:44:00;1690;AC02 - Acidente com VITIMA;88;BR-040/RJ;JF;Queda de Moto;;;;1;;;;;;;0;2;;;
14/10/2021;21:40:00;1763;AC03 - Acidente sem VITIMA;84;BR-040/RJ;JF;Choque - Objeto Fixo;1;;;;;;;;;;1;;;;
15/10/2021;02:29:00;1775;AC02 - Acidente com VITIMA;816;BR-040/MG;JF;Colisão Lateral;;;2;;;;;;;;0;2;;;
15/10/2021;08:36:00;1797;AC03 - Acidente sem VITIMA;109;BR-040/RJ;JF;Colisão Lateral;2;;;;;;;;;;2;;;;
15/10/2021;11:13:00;1817;AC02 - Acidente com VITIMA;31;BR-040/RJ;JF;Choque - Objeto Fixo;1;;;;;;;;;;0;2;;;
15/10/2021;13:18:00;1838;AC04 - Atropelamento;105;BR-040/RJ;JF;Atropelamento - Pedestre;;;;;1;1;;;;;1;1;;;
15/10/2021;13:55:00;1845;AC02 - Acidente com VITIMA;125;BR-040/RJ;RJ;Colisão Lateral;;;1;2;;;;;;;2;2;;;
15/10/2021;22:09:00;1915;AC03 - Acidente sem VITIMA;118;BR-040/RJ;JF;Colisão Traseira;1;;1;;;;;;;;2;;;;
16/10/2021;00:25:00;1925;AC03 - Acidente sem VITIMA;111;BR-040/RJ;RJ;Colisão Traseira;2;;;;;;;;;;2;;;;
16/10/2021;04:13:00;1937;AC02 - Acidente com VITIMA;108;BR-040/RJ;RJ;Queda de Moto;;;;1;;;;;;;0;;;1;
16/10/2021;04:13:00;1940;AC03 - Acidente sem VITIMA;108;BR-040/RJ;RJ;Colisão Traseira;;;1;1;;;;;;;2;;;;
16/10/2021;06:54:00;1945;AC03 - Acidente sem VITIMA;93;BR-040/RJ;RJ;Choque - Objeto Fixo;1;;;;;;;;;;1;;;;
16/10/2021;06:58:00;1946;AC03 - Acidente sem VITIMA;91;BR-040/RJ;JF;Choque - Objeto Fixo;1;;;;;;;;;;1;;;;
16/10/2021;07:14:00;1949;AC02 - Acidente com VITIMA;117;BR-040/RJ;RJ;Colisão Traseira;1;;;1;;;;;;;1;1;;;
16/10/2021;07:23:00;1952;AC03 - Acidente sem VITIMA;96;BR-040/RJ;RJ;Choque - Objeto Fixo;1;;;;;;;;;;1;;;;
16/10/2021;07:58:00;1956;AC02 - Acidente com VITIMA;122;BR-040/RJ;RJ;Choque - Objeto Fixo;1;;;;;;;;;;0;1;;;