data;horario;n_da_ocorrencia;tipo_de_ocorrencia;km;trecho;sentido;tipo_de_acidente;automovel;bicicleta;caminhao;moto;onibus;outros;tracao_animal;transporte_de_cargas_especiais;trator_maquinas;utilitarios;ilesos;levemente_feridos;moderadamente_feridos;gravemente_feridos;mortos
31/10/2021;10:24:00;3872;AC04 - Atropelamento;124;BR-040/RJ;RJ;Atropelamento - Pedestre;1;;;;;1;;;;;1;1;;;
31/10/2021;13:31:00;3887;AC02 - Acidente com VITIMA;84;BR-040/RJ;RJ;Capotamento;1;;;;;;;;;;0;;;1;
31/10/2021;14:49:00;3898;AC02 - Acidente com VITIMA;116;BR-040/RJ;JF;Colisão Traseira;2;;;;;;;;;;1;3;;;
31/10/2021;15:04:00;3900;AC02 - Acidente com VITIMA;120;BR-040/RJ;RJ;Queda de Moto;;;;1;;1;;;;;1;1;;;
31/10/2021;17:15:00;3917;AC03 - Acidente sem VITIMA;52;BR-040/RJ;JF;Choque - Objeto Fixo;1;;;;;;;;;;1;;;;
31/10/2021;17:34:00;3918;AC03 - Acidente sem VITIMA;85;BR-040/RJ;JF;Choque - Objeto Fixo;1;;;;;;;;;;1;;;;
31/10/2021;17:36:00;3920;AC03 - Acidente sem VITIMA;93;BR-040/RJ;RJ;Choque - Objeto Fixo;1;;;;;;;;;;1;;;;
31/10/2021;22:08:00;3935;AC02 - Acidente com VITIMA;77;BR-040/RJ;RJ;Choque - Objeto Fixo;1;;;;;;;;;;0;2;;;
31/10/2021;22:50:00;3938;AC03 - Acidente sem VITIMA;820;BR-040/MG;JF;Choque - Objeto Fixo;1;;;;;;;;;;1;;;;
01/11/2021;00:55:00;4;AC03 - Acidente sem VITIMA;113;BR-040/RJ;JF;Choque - Objeto Fixo;1;;;;;;;;;;1;;;;
01/11/2021;02:02:00;7;AC03 - Acidente sem VITIMA;112;BR-040/RJ;JF;Choque - Objeto Fixo;1;;;;;;;;;;1;;;;
01/11/2021;05:40:00;18;AC03 - Acidente sem VITIMA;58;BR-040/RJ;JF;Choque - Objeto Fixo;1;;;;;;;;;;1;;;;
01/11/2021;07:33:00;24;AC03 - Acidente sem VITIMA;92;BR-040/RJ;RJ;Choque - Objeto Fixo;1;;;;;;;;;;1;;;;
01/11/2021;08:01:00;26;AC03 - Acidente sem VITIMA;55;BR-040/RJ;RJ;Choque - Objeto Fixo;1;;;;;;;;;;1;;;;
01/11/2021;09:39:00;36;AC03 - Acidente sem VITIMA;1;BR-040/RJ;JF;Choque - Objeto Fixo;1;;;;;;;;;;1;;;;
01/11/2021;10:09:00;38;AC02 - Acidente com VITIMA;84;BR-040/RJ;RJ;Choque - Objeto Fixo;1;;;;;;;;;;0;3;;;
01/11/2021;13:04:00;57;AC03 - Acidente sem VITIMA;96;BR-040/RJ;RJ;Choque - Objeto Fixo;1;;;;;;;;;;1;;;;
01/11/2021;13:24:00;61;AC03 - Acidente sem VITIMA;788;BR-040/MG;RJ;Choque - Objeto Fixo;1;;;;;;;;;;1;;;;
01/11/2021;13:30:00;65;AC03 - Acidente sem VITIMA;82;BR-040/RJ;JF;Colisão Frontal;1;;1;;;;;;;;2;;;;
01/11/2021;14:25:00;72;AC03 - Acidente sem VITIMA;93;BR-040/RJ;RJ;Choque - Objeto Fixo;1;;;;;;;;;;1;;;;
01/11/2021;15:01:00;76;AC03 - Acidente sem VITIMA;63;BR-040/RJ;RJ;Choque - Objeto Fixo;;;1;;;;;;;;1;;;;
01/11/2021;15:17:00;80;AC02 - Acidente com VITIMA;91;BR-040/RJ;RJ;Saída de Pista;1;;;;;;;;;;0;1;;;
01/11/2021;15:18:00;81;AC03 - Acidente sem VITIMA;823;BR-040/MG;RJ;Choque - Objeto Fixo;1;;;;;;;;;;1;;;;
01/11/2021;15:24:00;82;AC02 - Acidente com VITIMA;43;BR-040/RJ;JF;Choque - Objeto Fixo;1;;;;;;;;;;0;5;;;
01/11/2021;15:29:00;83;AC03 - Acidente sem VITIMA;71;BR-040/RJ;JF;Capotamento;1;;;;;;;;;;1;;;;
01/11/2021;15:30:00;84;AC03 - Acidente sem VITIMA;91;BR-040/RJ;RJ;Saída de Pista;1;;;;;;;;;;1;;;;
01/11/2021;16:00:00;92;AC03 - Acidente sem VITIMA;93;BR-040/RJ;RJ;Choque - Objeto Fixo;1;;;;;;;;;;1;;;;
01/11/2021;16:08:00;93;AC02 - Acidente com VITIMA;793;BR-040/MG;RJ;Capotamento;1;;;;;;;;;;0;;1;;
01/11/2021;16:32:00;99;AC03 - Acidente sem VITIMA;123;BR-040/RJ;JF;Colisão Lateral;1;;1;;;;;;;;2;;;;
01/11/2021;16:35:00;101;AC03 - Acidente sem VITIMA;33;BR-040/RJ;JF;Saída de Pista;1;;;;;;;;;;1;;;;
01/11/2021;16:49:00;102;AC02 - Acidente com VITIMA;84;BR-040/RJ;RJ;Choque - Objeto Fixo;;;1;;;;;;;;0;3;;;
01/11/2021;17:13:00;103;AC02 - Acidente com VITIMA;1;BR-040/RJ;JF;Choque - Objeto Fixo;1;;;;;;;;;;0;2;;;
01/11/2021;17:27:00;105;AC03 - Acidente sem VITIMA;92;BR-040/RJ;JF;Choque - Objeto Fixo;1;;;;;;;;;;1;;;;
01/11/2021;17:47:00;107;AC02 - Acidente com VITIMA;5;BR-040/RJ;JF;Capotamento;1;;;;;;;;;;0;3;;;
01/11/2021;17:20:00;110;AC02 - Acidente com VITIMA;1;BR-040/RJ;JF;Saída de Pista;1;;;;;;;;;;0;3;;;
01/11/2021;19:52:00;122;AC03 - Acidente sem VITIMA;86;BR-040/RJ;RJ;Choque - Objeto Fixo;;;1;;;;;;;;1;;;;
02/11/2021;02:01:00;151;AC03 - Acidente sem VITIMA;102;BR-040/RJ;RJ;Choque - Objeto Fixo;;;1;;;;;;;;1;;;;
02/11/2021;04:59:00;156;AC03 - Acidente sem VITIMA;84;BR-040/RJ;JF;Choque - Objeto Fixo;1;;;;;;;;;;1;;;;
02/11/2021;07:12:00;167;AC03 - Acidente sem VITIMA;93;BR-040/RJ;RJ;Capotamento;1;;;;;;;;;;1;;;;
02/11/2021;10:12:00;185;AC02 - Acidente com VITIMA;90;BR-040/RJ;RJ;Choque - Objeto Fixo;1;;;;;;;;;;0;4;;;
02/11/2021;10:27:00;187;AC02 - Acidente com VITIMA;91;BR-040/RJ;RJ;Choque - Objeto Fixo;1;;;;;;;;;;0;3;;;
02/11/2021;11:18:00;194;AC02 - Acidente com VITIMA;93;BR-040/RJ;RJ;Choque - Objeto Fixo;1;;;;;;;;;;0;1;;;
02/11/2021;11:20:00;195;AC03 - Acidente sem VITIMA;94;BR-040/RJ;RJ;Choque - Objeto Fixo;1;;;;;;;;;;1;;;;
02/11/2021;11:44:00;200;AC03 - Acidente sem VITIMA;90;BR-040/RJ;RJ;Choque - Objeto Fixo;1;;;;;;;;;;1;;;;
02/11/2021;11:48:00;201;AC03 - Acidente sem VITIMA;91;BR-040/RJ;JF;Derrapagem;1;;;;;;;;;;1;;;;
02/11/2021;14:39:00;221;AC03 - Acidente sem VITIMA;74;BR-040/RJ;JF;Choque - Objeto Fixo;1;;;;;;;;;;1;;;;
02/11/2021;19:24:00;267;AC02 - Acidente com VITIMA;99;BR-040/RJ;RJ;Colisão Traseira;2;;;;;;;;;;0;4;;;
02/11/2021;23:36:00;293;AC02 - Acidente com VITIMA;113;BR-040/RJ;RJ;Choque - Objeto Fixo;1;;;;;;;;;;0;2;;;
03/11/2021;01:28:00;300;AC03 - Acidente sem VITIMA;124;BR-040/RJ;RJ;Capotamento;1;;;;;;;;;;1;;;;
03/11/2021;07:07:00;316;AC03 - Acidente sem VITIMA;94;BR-040/RJ;RJ;Choque - Objeto Fixo;1;;;;;;;;;;1;;;;
03/11/2021;08:23:00;325;AC03 - Acidente sem VITIMA;91;BR-040/RJ;JF;Choque - Objeto Fixo;1;;;;;;;;;;1;;;;
03/11/2021;08:26:00;327;AC03 - Acidente sem VITIMA;121;BR-040/RJ;RJ;Colisão Traseira;1;;2;;;;;;;;3;;;;
03/11/2021;08:46:00;330;AC03 - Acidente sem VITIMA;72;BR-040/RJ;JF;Choque - Objeto Fixo;1;;;;;;;;;;1;;;;
03/11/2021;08:46:00;331;AC03 - Acidente sem VITIMA;72;BR-040/RJ;JF;Choque - Objeto Fixo;1;;;;;;;;;;1;;;;
03/11/2021;09:35:00;340;AC03 - Acidente sem VITIMA;82;BR-040/RJ;RJ;Choque - Objeto Fixo;1;;;;;;;;;;1;;;;
03/11/2021;10:07:00;342;AC02 - Acidente com VITIMA;104;BR-040/RJ;JF;Choque - Objeto Fixo;1;;;;;;;;;;0;;1;;
03/11/2021;11:03:00;347;AC02 - Acidente com VITIMA;87;BR-040/RJ;RJ;Choque - Objeto Fixo;1;;;;;;;;;;0;1;;;
03/11/2021;16:20:00;390;AC03 - Acidente sem VITIMA;124;BR-040/RJ;JF;Colisão Traseira;2;;;;;;;;;;2;;;;
03/11/2021;22:39:00;423;AC03 - Acidente sem VITIMA;84;BR-040/RJ;RJ;Choque - Objeto Fixo;1;;;;;;;;;;1;;;;
04/11/2021;05:34:00;435;AC03 - Acidente sem VITIMA;116;BR-040/RJ;RJ;Choque - Objeto Fixo;1;;1;;;;;;;;2;;;;
04/11/2021;06:21:00;437;AC02 - Acidente com VITIMA;823;BR-040/MG;JF;Colisão Traseira;1;;1;;;;;;;;1;1;;;
04/11/2021;06:42:00;439;AC03 - Acidente sem VITIMA;91;BR-040/RJ;JF;Choque - Objeto Fixo;1;;;;;;;;;;1;;;;
04/11/2021;07:50:00;451;AC02 - Acidente com VITIMA;119;BR-040/RJ;RJ;Queda de Moto;;;;1;;;;;;;0;1;;;
04/11/2021;20:30:00;544;AC03 - Acidente sem VITIMA;114;BR-040/RJ;RJ;Colisão Lateral;2;;;;;;;;;;2;;;;
04/11/2021;22:44:00;551;AC04 - Atropelamento;107;BR-040/RJ;RJ;Colisão Traseira;1;1;;;;;;;;;1;1;;;
05/11/2021;09:20:00;583;AC03 - Acidente sem VITIMA;90;BR-040/RJ;JF;Colisão Lateral;1;;1;;;;;;;;2;;;;
05/11/2021;10:54:00;593;AC02 - Acidente com VITIMA;61;BR-040/RJ;RJ;Queda de Moto;;;;1;;;;;;;0;1;1;;
05/11/2021;12:11:00;605;AC02 - Acidente com VITIMA;51;BR-040/RJ;JF;Capotamento;1;;;;;;;;;;0;;1;;
05/11/2021;13:58:00;614;AC02 - Acidente com VITIMA;116;BR-040/RJ;JF;Colisão Traseira;1;;1;;;;;;;;1;1;;;
05/11/2021;15:35:00;626;AC03 - Acidente sem VITIMA;118;BR-040/RJ;JF;Engavetamento;2;;1;;;;;;;;3;;;;
06/11/2021;05:07:00;693;AC02 - Acidente com VITIMA;116;BR-040/RJ;RJ;Colisão Lateral;1;;1;;;;;;;;0;4;;;
06/11/2021;07:15:00;704;AC03 - Acidente sem VITIMA;105;BR-040/RJ;RJ;Colisão Lateral;2;;;;;;;;;;2;;;;
06/11/2021;10:14:00;723;AC03 - Acidente sem VITIMA;121;BR-040/RJ;RJ;Colisão Lateral;2;;;;;;;;;;2;;;;
06/11/2021;10:15:00;724;AC03 - Acidente sem VITIMA;90;BR-040/RJ;RJ;Queda de Moto;;;;1;;;;;;;1;;;;
06/11/2021;12:26:00;742;AC03 - Acidente sem VITIMA;84;BR-040/RJ;JF;Choque - Objeto Fixo;1;;;;;;;;;;1;;;;
06/11/2021;13:40:00;751;AC03 - Acidente sem VITIMA;113;BR-040/RJ;JF;Colisão Lateral;1;;;;1;;;;;;2;;;;
06/11/2021;14:38:00;760;AC02 - Acidente com VITIMA;114;BR-040/RJ;RJ;Engavetamento;4;;1;;;;;;;;4;;1;;
06/11/2021;16:20:00;774;AC03 - Acidente sem VITIMA;84;BR-040/RJ;RJ;Choque - Objeto Fixo;1;;;;;;;;;;1;;;;
06/11/2021;18:59:00;788;AC02 - Acidente com VITIMA;124;BR-040/RJ;JF;Colisão Traseira;2;;;;;;;;;;1;1;;;
06/11/2021;21:06:00;797;AC02 - Acidente com VITIMA;112;BR-040/RJ;JF;Choque - Objeto Fixo;1;;;;;;;;;;0;5;;;
06/11/2021;22:37:00;802;AC03 - Acidente sem VITIMA;112;BR-040/RJ;JF;Colisão Traseira;2;;;;;;;;;;2;;;;
07/11/2021;04:17:00;820;AC03 - Acidente sem VITIMA;789;BR-040/MG;JF;Saída de Pista;1;;;;;1;;;;;2;;;;
07/11/2021;09:49:00;839;AC02 - Acidente com VITIMA;88;BR-040/RJ;JF;Queda de Moto;;;;1;;;;;;;0;1;;;
07/11/2021;13:01:00;853;AC02 - Acidente com VITIMA;780;BR-040/MG;RJ;Capotamento;1;;;;;;;;;;0;1;;;
07/11/2021;16:04:00;869;AC02 - Acidente com VITIMA;67;BR-040/RJ;JF;Choque - Objeto Fixo;1;;;;;;;;;;0;1;;;
07/11/2021;20:23:00;891;AC02 - Acidente com VITIMA;55;BR-040/RJ;RJ;Colisão Lateral;2;;;;;;;;;;0;3;1;;
07/11/2021;21:33:00;901;AC03 - Acidente sem VITIMA;54;BR-040/RJ;RJ;Choque - Objeto Fixo;1;;;;;;;;;;1;;;;
08/11/2021;09:57:00;963;AC03 - Acidente sem VITIMA;92;BR-040/RJ;RJ;Tombamento;;;1;;;;;;;;1;;;;
08/11/2021;17:10:00;1009;AC03 - Acidente sem VITIMA;122;BR-040/RJ;JF;Colisão Lateral;1;;1;;;;;;;;2;;;;
08/11/2021;20:37:00;1029;AC02 - Acidente com VITIMA;112;BR-040/RJ;JF;Colisão Traseira;1;;1;;;1;;;;;2;1;;;
09/11/2021;15:41:00;1116;AC02 - Acidente com VITIMA;93;BR-040/RJ;RJ;Choque - Objeto Fixo;1;;;;;;;;;;0;1;;;
09/11/2021;15:54:00;1120;AC03 - Acidente sem VITIMA;93;BR-040/RJ;RJ;Choque - Objeto Fixo;1;;;;;;;;;;1;;;;
09/11/2021;16:08:00;1123;AC03 - Acidente sem VITIMA;92;BR-040/RJ;RJ;Choque - Objeto Fixo;1;;;;;;;;;;1;;;;
09/11/2021;17:56:00;1141;AC02 - Acidente com VITIMA;93;BR-040/RJ;RJ;Queda de Moto;;;;1;;;;;;;0;;1;;
09/11/2021;18:41:00;1146;AC03 - Acidente sem VITIMA;100;BR-040/RJ;JF;Choque - Objeto Fixo;1;;;;;;;;;;1;;;;
09/11/2021;19:31:00;1151;AC02 - Acidente com VITIMA;74;BR-040/RJ;JF;Capotamento;1;;;;;;;;;;0;1;;;
09/11/2021;20:58:00;1156;AC03 - Acidente sem VITIMA;90;BR-040/RJ;JF;Choque - Objeto Fixo;1;;;;;;;;;;1;;;;
10/11/2021;05:22:00;1168;AC03 - Acidente sem VITIMA;92;BR-040/RJ;JF;Choque - Objeto Fixo;1;;;;;;;;;;1;;;;
10/11/2021;06:54:00;1176;AC02 - Acidente com VITIMA;120;BR-040/RJ;JF;Choque - Objeto Fixo;2;;;;;;;;;;0;2;;;
10/11/2021;09:08:00;1191;AC03 - Acidente sem VITIMA;91;BR-040/RJ;JF;Choque - Objeto Fixo;1;;;;;;;;;;1;;;;
10/11/2021;09:42:00;1194;AC03 - Acidente sem VITIMA;91;BR-040/RJ;JF;Choque - Objeto Fixo;1;;;;;;;;;;1;;;;
10/11/2021;10:16:00;1202;AC03 - Acidente sem VITIMA;90;BR-040/RJ;JF;Choque - Objeto Fixo;1;;;;;;;;;;1;;;;
10/11/2021;10:27:00;1204;AC03 - Acidente sem VITIMA;111;BR-040/RJ;JF;Colisão Lateral;2;;;;;;;;;;2;;;;
10/11/2021;11:12:00;1209;AC02 - Acidente com VITIMA;120;BR-040/RJ;RJ;Engavetamento;4;;1;;;;;;;;4;;1;;
10/11/2021;15:50:00;1235;AC03 - Acidente sem VITIMA;84;BR-040/RJ;RJ;Choque - Objeto Fixo;1;;;;;;;;;;1;;;;
10/11/2021;16:54:00;1242;AC03 - Acidente sem VITIMA;90;BR-040/RJ;RJ;Choque - Objeto Fixo;1;;;;;;;;;;1;;;;
10/11/2021;21:37:00;1268;AC03 - Acidente sem VITIMA;804;BR-040/MG;RJ;Choque - Objeto Fixo;1;;;;;;;;;;1;;;;
10/11/2021;21:59:00;1270;AC03 - Acidente sem VITIMA;74;BR-040/RJ;JF;Choque - Objeto Fixo;1;;;;;;;;;;1;;;;
10/11/2021;23:18:00;1276;AC03 - Acidente sem VITIMA;113;BR-040/RJ;JF;Choque - Objeto Fixo;1;;;;;;;;;;1;;;;
11/11/2021;08:34:00;1308;AC02 - Acidente com VITIMA;91;BR-040/RJ;RJ;Choque - Objeto Fixo;1;;;;;;;;;;0;;1;;
11/11/2021;09:20:00;1315;AC02 - Acidente com VITIMA;93;BR-040/RJ;RJ;Choque - Objeto Fixo;1;;;;;;;;;;0;;1;;
11/11/2021;09:30:00;1316;AC02 - Acidente com VITIMA;90;BR-040/RJ;RJ;Capotamento;1;;;;;;;;;;0;1;;;
11/11/2021;10:36:00;1318;AC03 - Acidente sem VITIMA;93;BR-040/RJ;RJ;Choque - Objeto Fixo;1;;;;;;;;;;1;;;;
11/11/2021;11:19:00;1325;AC03 - Acidente sem VITIMA;92;BR-040/RJ;RJ;Choque - Objeto Fixo;1;;;;;;;;;;1;;;;
11/11/2021;13:19:00;1332;AC03 - Acidente sem VITIMA;93;BR-040/RJ;RJ;Choque - Objeto Fixo;1;;;;;;;;;;1;;;;
11/11/2021;14:07:00;1336;AC03 - Acidente sem VITIMA;93;BR-040/RJ;RJ;Choque - Objeto Fixo;1;;;;;;;;;;1;;;;
11/11/2021;15:13:00;1343;AC02 - Acidente com VITIMA;97;BR-040/RJ;RJ;Capotamento;1;;;;;;;;;;0;2;;;
11/11/2021;15:23:00;1347;AC02 - Acidente com VITIMA;52;BR-040/RJ;JF;Tombamento;;;1;;;;;;;;0;2;;;
11/11/2021;20:06:00;1372;AC03 - Acidente sem VITIMA;93;BR-040/RJ;RJ;Choque - Objeto Fixo;1;;;;;;;;;;1;;;;
12/11/2021;05:01:00;1400;AC03 - Acidente sem VITIMA;824;BR-040/MG;RJ;Saída de Pista;1;;;;;;;;;;1;;;;
12/11/2021;07:41:00;1422;AC03 - Acidente sem VITIMA;90;BR-040/RJ;RJ;Choque - Objeto Fixo;1;;;;;;;;;;1;;;;
12/11/2021;07:43:00;1424;AC03 - Acidente sem VITIMA;94;BR-040/RJ;RJ;Choque - Objeto Fixo;1;;;;;;;;;;1;;;;
12/11/2021;07:45:00;1425;AC02 - Acidente com VITIMA;113;BR-040/RJ;RJ;Engavetamento;;;1;2;;;;;;;2;1;;;
12/11/2021;07:50:00;1429;AC03 - Acidente sem VITIMA;84;BR-040/RJ;RJ;Choque - Objeto Fixo;1;;;;;;;;;;1;;;;
12/11/2021;08:18:00;1432;AC02 - Acidente com VITIMA;76;BR-040/RJ;RJ;Choque - Objeto Fixo;1;;;;;;;;;;0;1;;;
12/11/2021;09:13:00;1439;AC03 - Acidente sem VITIMA;824;BR-040/MG;RJ;Choque - Objeto Fixo;1;;;;;;;;;;1;;;;
12/11/2021;09:22:00;1441;AC02 - Acidente com VITIMA;78;BR-040/RJ;RJ;Choque - Objeto Fixo;1;;;;;;;;;;0;2;;;
12/11/2021;09:38:00;1442;AC03 - Acidente sem VITIMA;92;BR-040/RJ;RJ;Choque - Objeto Fixo;1;;;;;;;;;;1;;;;
12/11/2021;10:41:00;1452;AC03 - Acidente sem VITIMA;91;BR-040/RJ;JF;Queda de Moto;;;;1;;;;;;;1;;;;
12/11/2021;11:00:00;1455;AC03 - Acidente sem VITIMA;92;BR-040/RJ;RJ;Choque - Objeto Fixo;1;;;;;;;;;;1;;;;
12/11/2021;11:01:00;1456;AC03 - Acidente sem VITIMA;87;BR-040/RJ;JF;Choque - Objeto Fixo;1;;;;;;;;;;1;;;;
12/11/2021;11:30:00;1458;AC03 - Acidente sem VITIMA;77;BR-040/RJ;RJ;Choque - Objeto Fixo;1;;;;;;;;;;1;;;;
12/11/2021;11:48:00;1460;AC03 - Acidente sem VITIMA;78;BR-040/RJ;RJ;Capotamento;1;;;;;;;;;;1;;;;
12/11/2021;12:29:00;1463;AC03 - Acidente sem VITIMA;84;BR-040/RJ;RJ;Choque - Objeto Fixo;1;;;;;;;;;;1;;;;
12/11/2021;12:41:00;1466;AC03 - Acidente sem VITIMA;43;BR-040/RJ;RJ;Choque - Objeto Fixo;1;;;;;;;;;;1;;;;
12/11/2021;12:46:00;1469;AC03 - Acidente sem VITIMA;90;BR-040/RJ;JF;Choque - Objeto Fixo;1;;;;;;;;;;1;;;;
12/11/2021;12:52:00;1472;AC03 - Acidente sem VITIMA;72;BR-040/RJ;JF;Saída de Pista;1;;;;;;;;;;1;;;;
12/11/2021;13:15:00;1478;AC02 - Acidente com VITIMA;72;BR-040/RJ;JF;Derrapagem;2;;;;;2;;;;;0;2;2;;
12/11/2021;13:52:00;1484;AC03 - Acidente sem VITIMA;93;BR-040/RJ;RJ;Choque - Objeto Fixo;1;;;;;;;;;;1;;;;
12/11/2021;14:58:00;1487;AC03 - Acidente sem VITIMA;84;BR-040/RJ;RJ;Choque - Objeto Fixo;1;;;;;;;;;;1;;;;
12/11/2021;15:30:00;1494;AC03 - Acidente sem VITIMA;91;BR-040/RJ;RJ;Choque - Objeto Fixo;1;;;;;;;;;;1;;;;
12/11/2021;15:45:00;1496;AC03 - Acidente sem VITIMA;90;BR-040/RJ;RJ;Saída de Pista;1;;;;;;;;;;1;;;;
12/11/2021;15:51:00;1501;AC03 - Acidente sem VITIMA;90;BR-040/RJ;RJ;Choque - Objeto Fixo;1;;;;;;;;;;1;;;;
12/11/2021;16:47:00;1504;AC03 - Acidente sem VITIMA;93;BR-040/RJ;RJ;Choque - Objeto Fixo;1;;;;;;;;;;1;;;;
12/11/2021;16:51:00;1506;AC03 - Acidente sem VITIMA;93;BR-040/RJ;RJ;Saída de Pista;1;;;;;;;;;;1;;;;
12/11/2021;19:20:00;1524;AC03 - Acidente sem VITIMA;85;BR-040/RJ;RJ;Choque - Objeto Fixo;1;;;;;;;;;;1;;;;
12/11/2021;20:15:00;1532;AC03 - Acidente sem VITIMA;27;BR-040/RJ;JF;Choque - Objeto Fixo;1;;;;;;;;;;1;;;;
12/11/2021;20:37:00;1534;AC03 - Acidente sem VITIMA;84;BR-040/RJ;RJ;Choque - Objeto Fixo;1;;;;;;;;;;1;;;;
12/11/2021;21:12:00;1539;AC03 - Acidente sem VITIMA;87;BR-040/RJ;RJ;Choque - Objeto Fixo;1;;;;;;;;;;1;;;;
12/11/2021;21:25:00;1544;AC03 - Acidente sem VITIMA;91;BR-040/RJ;JF;Saída de Pista;1;;;;;;;;;;1;;;;
12/11/2021;21:47:00;1548;AC03 - Acidente sem VITIMA;91;BR-040/RJ;RJ;Choque - Objeto Fixo;1;;;;;;;;;;1;;;;
13/11/2021;00:51:00;1561;AC03 - Acidente sem VITIMA;113;BR-040/RJ;RJ;Saída de Pista;1;;;;;;;;;;1;;;;
13/11/2021;01:26:00;1563;AC03 - Acidente sem VITIMA;80;BR-040/RJ;JF;Atropelamento - Animal;;;;1;;;;;;;1;;;;
13/11/2021;05:52:00;1581;AC03 - Acidente sem VITIMA;102;BR-040/RJ;JF;Colisão Traseira;2;;;;;;;;;;2;;;;
13/11/2021;16:24:00;1646;AC02 - Acidente com VITIMA;85;BR-040/RJ;JF;Choque - Objeto Fixo;1;;;;;;;;;;0;1;;;
13/11/2021;23:43:00;1691;AC02 - Acidente com VITIMA;121;BR-040/RJ;JF;Colisão Traseira;1;;;1;;;;;;;1;;1;;
14/11/2021;00:11:00;1695;AC03 - Acidente sem VITIMA;808;BR-040/MG;JF;Choque - Objeto Fixo;1;;;;;;;;;;1;;;;
14/11/2021;00:20:00;1696;AC03 - Acidente sem VITIMA;103;BR-040/RJ;JF;Colisão Frontal;1;;;;;1;;;;;2;;;;
14/11/2021;02:00:00;1703;AC02 - Acidente com VITIMA;84;BR-040/RJ;RJ;Capotamento;1;;;;;;;;;;0;2;;;
14/11/2021;04:54:00;1704;AC03 - Acidente sem VITIMA;17;BR-040/RJ;JF;Choque - Objeto Fixo;1;;;;;;;;;;1;;;;
14/11/2021;06:53:00;1709;AC02 - Acidente com VITIMA;63;BR-040/RJ;JF;Choque - Objeto Fixo;1;;;;;;;;;;0;1;;;
14/11/2021;07:16:00;1713;AC03 - Acidente sem VITIMA;810;BR-040/MG;JF;Choque - Objeto Fixo;1;;;;;;;;;;1;;;;
14/11/2021;09:03:00;1723;AC03 - Acidente sem VITIMA;111;BR-040/RJ;RJ;Choque - Objeto Fixo;1;;;;;;;;;;1;;;;
14/11/2021;18:22:00;1770;AC03 - Acidente sem VITIMA;22;BR-040/RJ;JF;Capotamento;1;;;;;;;;;;1;;;;
16/11/2021;08:27:00;1939;AC02 - Acidente com VITIMA;105;BR-040/RJ;JF;Colisão Frontal;1;;;1;;;;;;;1;;1;;
16/11/2021;09:15:00;1948;AC03 - Acidente sem VITIMA;120;BR-040/RJ;RJ;Engavetamento;1;;;;;3;;;;;4;;;;
16/11/2021;15:05:00;1990;AC02 - Acidente com VITIMA;64;BR-040/RJ;RJ;Colisão Lateral;2;;;;;;;;;;0;2;;;
17/11/2021;11:24:00;2091;AC03 - Acidente sem VITIMA;122;BR-040/RJ;RJ;Colisão Lateral;2;;;1;;;;;;;3;;;;
17/11/2021;11:59:00;2097;AC04 - Atropelamento;121;BR-040/RJ;RJ;Atropelamento - Pedestre;;;;1;;1;;;;;0;1;1;;
17/11/2021;17:06:00;2149;AC03 - Acidente sem VITIMA;65;BR-040/RJ;JF;Colisão Traseira;2;;;;;;;;;;2;;;;
17/11/2021;22:43:00;2180;AC03 - Acidente sem VITIMA;91;BR-040/RJ;JF;Saída de Pista;;;1;;;;;;;;1;;;;
18/11/2021;09:45:00;2223;AC01 - Acidente com VITIMA FATAL;109;BR-040/RJ;JF;Colisão Traseira;;1;2;;;;;;;;2;;;;1
18/11/2021;10:08:00;2226;AC01 - Acidente com VITIMA FATAL;82;BR-040/RJ;RJ;Tombamento;;;1;;;;;;;;0;1;;;1
18/11/2021;12:23:00;2234;AC03 - Acidente sem VITIMA;117;BR-040/RJ;RJ;Engavetamento;2;;1;;;;;;;;3;;;;
18/11/2021;13:00:00;2242;AC03 - Acidente sem VITIMA;53;BR-040/RJ;JF;Choque - Objeto Fixo;1;;;;;;;;;;1;;;;
18/11/2021;14:37:00;2249;AC03 - Acidente sem VITIMA;118;BR-040/RJ;JF;Choque - Objeto Fixo;1;;;;;;;;;;1;;;;
18/11/2021;17:18:00;2263;AC03 - Acidente sem VITIMA;93;BR-040/RJ;RJ;Saída de Pista;1;;;;;;;;;;1;;;;
19/11/2021;06:22:00;2306;AC03 - Acidente sem VITIMA;34;BR-040/RJ;JF;Choque - Objeto Fixo;1;;;;;;;;;;1;;;;
19/11/2021;07:15:00;2317;AC03 - Acidente sem VITIMA;72;BR-040/RJ;JF;Choque - Objeto Fixo;1;;;;;;;;;;1;;;;
19/11/2021;07:42:00;2319;AC03 - Acidente sem VITIMA;77;BR-040/RJ;RJ;Colisão Traseira;2;;;;;;;;;;2;;;;
19/11/2021;08:39:00;2326;AC03 - Acidente sem VITIMA;3;BR-040/RJ;RJ;Choque - Objeto Fixo;1;;;;;;;;;;1;;;;
19/11/2021;08:32:00;2328;AC03 - Acidente sem VITIMA;93;BR-040/RJ;RJ;Choque - Objeto Fixo;1;;;;;;;;;;1;;;;
19/11/2021;08:58:00;2329;AC02 - Acidente com VITIMA;119;BR-040/RJ;RJ;Colisão Lateral;1;;;1;;;;;;;1;1;;;
19/11/2021;11:32:00;2337;AC02 - Acidente com VITIMA;1;BR-040/RJ;JF;Choque - Objeto Fixo;1;;;;;;;;;;0;2;;;
19/11/2021;11:44:00;2338;AC03 - Acidente sem VITIMA;90;BR-040/RJ;RJ;Colisão Traseira;2;;;;;;;;;;2;;;;
19/11/2021;12:03:00;2342;AC03 - Acidente sem VITIMA;94;BR-040/RJ;RJ;Choque - Objeto Fixo;1;;;;;;;;;;1;;;;