data;horario;n_da_ocorrencia;tipo_de_ocorrencia;km;trecho;sentido;tipo_de_acidente;automovel;bicicleta;caminhao;moto;onibus;outros;tracao_animal;transporte_de_cargas_especiais;trator_maquinas;utilitarios;ilesos;levemente_feridos;moderadamente_feridos;gravemente_feridos;mortos
19/11/2021;13:16:00;2352;AC03 - Acidente sem VITIMA;78;BR-040/RJ;RJ;Saída de Pista;1;;;;;;;;;;1;;;;
19/11/2021;13:55:00;2358;AC03 - Acidente sem VITIMA;93;BR-040/RJ;RJ;Choque - Objeto Fixo;1;;;;;;;;;;1;;;;
19/11/2021;13:56:00;2359;AC03 - Acidente sem VITIMA;75;BR-040/RJ;RJ;Choque - Objeto Fixo;1;;;;;;;;;;1;;;;
19/11/2021;14:40:00;2365;AC03 - Acidente sem VITIMA;84;BR-040/RJ;JF;Choque - Objeto Fixo;1;;;;;;;;;;1;;;;
19/11/2021;14:47:00;2367;AC03 - Acidente sem VITIMA;90;BR-040/RJ;RJ;Saída de Pista;1;;;;;;;;;;1;;;;
19/11/2021;14:58:00;2369;AC02 - Acidente com VITIMA;60;BR-040/RJ;RJ;Choque - Objeto Fixo;2;;;;;;;;;;1;;1;;
19/11/2021;17:47:00;2393;AC03 - Acidente sem VITIMA;90;BR-040/RJ;RJ;Capotamento;1;;;;;;;;;;1;;;;
19/11/2021;18:09:00;2396;AC03 - Acidente sem VITIMA;96;BR-040/RJ;RJ;Choque - Objeto Fixo;1;;;;;;;;;;1;;;;
19/11/2021;20:06:00;2404;AC02 - Acidente com VITIMA;20;BR-040/RJ;RJ;Choque - Objeto Fixo;1;;;;;;;;;;0;1;;;
19/11/2021;23:01:00;2421;AC03 - Acidente sem VITIMA;89;BR-040/RJ;JF;Queda de Moto;;;;1;;;;;;;1;;;;
20/11/2021;00:29:00;2429;AC03 - Acidente sem VITIMA;80;BR-040/RJ;RJ;Choque - Objeto Fixo;1;;;;;;;;;;1;;;;
20/11/2021;02:44:00;2436;AC03 - Acidente sem VITIMA;113;BR-040/RJ;JF;Colisão Traseira;2;;;;;;;;;;2;;;;
20/11/2021;02:56:00;2437;AC03 - Acidente sem VITIMA;90;BR-040/RJ;RJ;Saída de Pista;1;;;;;;;;;;1;;;;
20/11/2021;04:12:00;2441;AC03 - Acidente sem VITIMA;113;BR-040/RJ;JF;Choque - Objeto Fixo;1;;;;;;;;;;1;;;;
20/11/2021;05:21:00;2449;AC03 - Acidente sem VITIMA;93;BR-040/RJ;JF;Choque - Objeto Fixo;1;;;;;;;;;;1;;;;
20/11/2021;08:11:00;2465;AC03 - Acidente sem VITIMA;83;BR-040/RJ;RJ;Choque - Objeto Fixo;1;;;;;;;;;;1;;;;
20/11/2021;08:12:00;2466;AC03 - Acidente sem VITIMA;90;BR-040/RJ;RJ;Choque - Objeto Fixo;1;;;;;;;;;;1;;;;
20/11/2021;08:50:00;2472;AC02 - Acidente com VITIMA;94;BR-040/RJ;RJ;Capotamento;1;;;;;;;;;;0;;;1;
20/11/2021;10:59:00;2487;AC03 - Acidente sem VITIMA;123;BR-040/RJ;JF;Colisão Traseira;1;;1;;;;;;;;2;;;;
20/11/2021;12:12:00;2497;AC03 - Acidente sem VITIMA;93;BR-040/RJ;RJ;Choque - Objeto Fixo;1;;;;;;;;;;1;;;;
20/11/2021;13:32:00;2504;AC03 - Acidente sem VITIMA;122;BR-040/RJ;RJ;Colisão Lateral;1;;;1;;;;;;;2;;;;
20/11/2021;13:51:00;2505;AC02 - Acidente com VITIMA;93;BR-040/RJ;RJ;Capotamento;1;;;;;;;;;;0;1;;;
20/11/2021;14:00:00;2508;AC02 - Acidente com VITIMA;75;BR-040/RJ;RJ;Capotamento;1;;;;;;;;;;0;1;;;
20/11/2021;16:21:00;2522;AC03 - Acidente sem VITIMA;91;BR-040/RJ;JF;Choque - Objeto Fixo;1;;;;;;;;;;1;;;;
20/11/2021;16:46:00;2523;AC03 - Acidente sem VITIMA;91;BR-040/RJ;JF;Saída de Pista;1;;;;;;;;;;1;;;;
20/11/2021;17:24:00;2529;AC03 - Acidente sem VITIMA;94;BR-040/RJ;RJ;Choque - Objeto Fixo;1;;;;;;;;;;1;;;;
20/11/2021;17:25:00;2533;AC03 - Acidente sem VITIMA;93;BR-040/RJ;RJ;Saída de Pista;1;;;;;;;;;;1;;;;
20/11/2021;21:00:00;2548;AC03 - Acidente sem VITIMA;93;BR-040/RJ;RJ;Capotamento;1;;;;;;;;;;1;;;;
20/11/2021;21:33:00;2552;AC02 - Acidente com VITIMA;118;BR-040/RJ;RJ;Colisão Frontal;2;;;;;;;;;;1;1;;;
21/11/2021;01:08:00;2558;AC03 - Acidente sem VITIMA;91;BR-040/RJ;JF;Choque - Objeto Fixo;1;;;;;;;;;;1;;;;
21/11/2021;03:10:00;2561;AC03 - Acidente sem VITIMA;796;BR-040/MG;JF;Saída de Pista;1;;;;;;;;;;1;;;;
21/11/2021;04:56:00;2570;AC03 - Acidente sem VITIMA;780;BR-040/MG;RJ;Choque - Objeto Fixo;1;;;;;;;;;;1;;;;
21/11/2021;07:31:00;2579;AC03 - Acidente sem VITIMA;85;BR-040/RJ;JF;Choque - Objeto Fixo;1;;;;;;;;;;1;;;;
21/11/2021;08:04:00;2583;AC02 - Acidente com VITIMA;90;BR-040/RJ;RJ;Saída de Pista;1;;;;;;;;;;0;1;;;
21/11/2021;08:48:00;2593;AC03 - Acidente sem VITIMA;91;BR-040/RJ;JF;Choque - Objeto Fixo;1;;;;;;;;;;1;;;;
21/11/2021;09:33:00;2597;AC03 - Acidente sem VITIMA;89;BR-040/RJ;RJ;Choque - Objeto Fixo;1;;;;;;;;;;1;;;;
21/11/2021;17:40:00;2655;AC03 - Acidente sem VITIMA;83;BR-040/RJ;JF;Colisão Frontal;1;;;;;1;;;;;2;;;;
22/11/2021;01:59:00;2696;AC02 - Acidente com VITIMA;31;BR-040/RJ;JF;Tombamento;;;;;;1;;;;;0;1;;;
22/11/2021;08:54:00;2726;AC03 - Acidente sem VITIMA;121;BR-040/RJ;RJ;Colisão Lateral;1;;1;;;;;;;;2;;;;
22/11/2021;09:48:00;2737;AC03 - Acidente sem VITIMA;123;BR-040/RJ;RJ;Colisão Lateral;1;;1;;;;;;;;2;;;;
23/11/2021;09:31:00;2871;AC03 - Acidente sem VITIMA;84;BR-040/RJ;RJ;Choque - Objeto Fixo;1;;;;;;;;;;1;;;;
23/11/2021;16:59:00;2928;AC02 - Acidente com VITIMA;112;BR-040/RJ;JF;Colisão Traseira;;;;1;;1;;;;;1;;1;;
24/11/2021;08:49:00;3004;AC02 - Acidente com VITIMA;96;BR-040/RJ;JF;Colisão Lateral;1;;;1;;;;;;;0;2;;;
24/11/2021;16:07:00;3058;AC02 - Acidente com VITIMA;91;BR-040/RJ;RJ;Tombamento;;;1;;;;;;;;0;;1;;
24/11/2021;16:53:00;3068;AC02 - Acidente com VITIMA;117;BR-040/RJ;JF;Choque - Objeto Fixo;2;;;;;;;;;;1;2;;;
25/11/2021;18:53:00;3201;AC03 - Acidente sem VITIMA;109;BR-040/RJ;RJ;Colisão Traseira;1;;1;;;;;;;;2;;;;
26/11/2021;05:29:00;3229;AC03 - Acidente sem VITIMA;94;BR-040/RJ;RJ;Saída de Pista;1;;;;;;;;;;1;;;;
26/11/2021;10:58:00;3272;AC03 - Acidente sem VITIMA;120;BR-040/RJ;JF;Colisão Traseira;2;;;;;;;;;;2;;;;
26/11/2021;17:06:00;3342;AC02 - Acidente com VITIMA;21;BR-040/RJ;JF;Capotamento;1;;;;;;;;;;0;2;3;;
26/11/2021;17:27:00;3344;AC02 - Acidente com VITIMA;78;BR-040/RJ;RJ;Queda de Moto;;;;1;;;;;;;0;1;;;
26/11/2021;17:53:00;3347;AC03 - Acidente sem VITIMA;38;BR-040/RJ;JF;Choque - Objeto Fixo;1;;;;;;;;;;1;;;;
26/11/2021;18:55:00;3356;AC02 - Acidente com VITIMA;122;BR-040/RJ;RJ;Colisão Traseira;2;;;;;;;;;;1;1;1;;
26/11/2021;19:55:00;3362;AC03 - Acidente sem VITIMA;22;BR-040/RJ;JF;Colisão Traseira;1;;;;;1;;;;;2;;;;
26/11/2021;22:01:00;3376;AC03 - Acidente sem VITIMA;91;BR-040/RJ;JF;Choque - Objeto Fixo;1;;;;;;;;;;1;;;;
26/11/2021;21:54:00;3379;AC03 - Acidente sem VITIMA;104;BR-040/RJ;RJ;Saída de Pista;;;;;1;;;;;;1;;;;
27/11/2021;01:12:00;3385;AC02 - Acidente com VITIMA;107;BR-040/RJ;JF;Colisão Traseira;2;;;;;;;;;;1;1;;;
27/11/2021;05:49:00;3396;AC03 - Acidente sem VITIMA;799;BR-040/MG;RJ;Capotamento;1;;;;;;;;;;1;;;;
27/11/2021;16:08:00;3451;AC02 - Acidente com VITIMA;817;BR-040/MG;JF;Saída de Pista;1;;;;;;;;;;0;3;1;;
27/11/2021;20:42:00;3471;AC02 - Acidente com VITIMA;121;BR-040/RJ;JF;Colisão Traseira;1;;;;1;;;;;;1;1;;;
27/11/2021;23:53:00;3489;AC02 - Acidente com VITIMA;103;BR-040/RJ;JF;Queda de Moto;;;;1;;;;;;;0;1;;;
28/11/2021;01:34:00;3493;AC02 - Acidente com VITIMA;120;BR-040/RJ;JF;Colisão Lateral;1;;;1;;;;;;;1;2;;;
28/11/2021;05:14:00;3500;AC03 - Acidente sem VITIMA;118;BR-040/RJ;JF;Colisão Traseira;2;;;;;;;;;;2;;;;
28/11/2021;06:36:00;3502;AC03 - Acidente sem VITIMA;119;BR-040/RJ;RJ;Choque - Objeto Fixo;1;;;;;;;;;;1;;;;
28/11/2021;07:24:00;3505;AC03 - Acidente sem VITIMA;799;BR-040/MG;JF;Choque - Objeto Fixo;1;;;;;;;;;;1;;;;
28/11/2021;08:13:00;3513;AC03 - Acidente sem VITIMA;122;BR-040/RJ;JF;Choque - Objeto Fixo;1;;;;;;;;;;1;;;;
28/11/2021;08:58:00;3517;AC02 - Acidente com VITIMA;116;BR-040/RJ;JF;Capotamento;1;;;;;;;;;;0;5;;;
28/11/2021;09:00:00;3519;AC01 - Acidente com VITIMA FATAL;104;BR-040/RJ;JF;Colisão Transversal;1;1;;;;;;;;;1;;;;1
28/11/2021;14:09:00;3557;AC02 - Acidente com VITIMA;786;BR-040/MG;JF;Choque - Objeto Fixo;1;;;;;;;;;;0;3;;;
28/11/2021;14:30:00;3564;AC02 - Acidente com VITIMA;786;BR-040/MG;JF;Colisão Traseira;1;;1;;;;;;;;0;4;;;
28/11/2021;15:18:00;3565;AC03 - Acidente sem VITIMA;85;BR-040/RJ;JF;Capotamento;1;;;;;;;;;;1;;;;
28/11/2021;15:33:00;3569;AC03 - Acidente sem VITIMA;93;BR-040/RJ;RJ;Choque - Objeto Fixo;1;;;;;;;;;;1;;;;
28/11/2021;15:38:00;3570;AC03 - Acidente sem VITIMA;93;BR-040/RJ;RJ;Choque - Objeto Fixo;1;;;;;;;;;;1;;;;
28/11/2021;16:06:00;3571;AC03 - Acidente sem VITIMA;87;BR-040/RJ;RJ;Choque - Objeto Fixo;1;;;;;;;;;;1;;;;
28/11/2021;16:38:00;3577;AC03 - Acidente sem VITIMA;90;BR-040/RJ;RJ;Choque - Objeto Fixo;1;;;;;;;;;;1;;;;
28/11/2021;21:06:00;3599;AC02 - Acidente com VITIMA;100;BR-040/RJ;RJ;Queda de Moto;;;;1;;;;;;;0;2;;;
28/11/2021;23:10:00;3607;AC03 - Acidente sem VITIMA;782;BR-040/MG;RJ;Colisão Lateral;1;;;;1;;;;;;2;;;;
29/11/2021;07:04:00;3630;AC02 - Acidente com VITIMA;782;BR-040/MG;JF;Colisão Traseira;1;;1;;;;;;;;0;2;;;
29/11/2021;10:37:00;3649;AC02 - Acidente com VITIMA;79;BR-040/RJ;RJ;Choque - Objeto Fixo;1;;;;;;;;;;0;1;;;
29/11/2021;14:20:00;3685;AC02 - Acidente com VITIMA;85;BR-040/RJ;JF;Queda de Moto;;;;1;;;;;;;0;1;;;
29/11/2021;15:04:00;3694;AC02 - Acidente com VITIMA;66;BR-040/RJ;JF;Choque - Objeto Fixo;1;;;;;;;;;;0;1;1;;
29/11/2021;15:08:00;3695;AC02 - Acidente com VITIMA;113;BR-040/RJ;JF;Capotamento;1;;;;;;;;;;0;1;;;
29/11/2021;15:24:00;3696;AC03 - Acidente sem VITIMA;113;BR-040/RJ;JF;Colisão Traseira;1;;;;;1;;;;;2;;;;
29/11/2021;18:44:00;3718;AC02 - Acidente com VITIMA;60;BR-040/RJ;JF;Capotamento;1;;;;;;;;;;0;2;;;
30/11/2021;13:36:00;3804;AC03 - Acidente sem VITIMA;109;BR-040/RJ;JF;Choque - Objeto Fixo;1;;;;;;;;;;1;;;;
30/11/2021;13:41:00;3806;AC03 - Acidente sem VITIMA;75;BR-040/RJ;RJ;Choque - Objeto Fixo;1;;;;;;;;;;1;;;;
30/11/2021;14:28:00;3809;AC02 - Acidente com VITIMA;92;BR-040/RJ;RJ;Choque - Objeto Fixo;1;;;;;;;;;;0;1;;;
30/11/2021;14:45:00;3812;AC02 - Acidente com VITIMA;105;BR-040/RJ;JF;Colisão Frontal;1;1;;;;;;;;;1;1;;;
30/11/2021;14:30:00;3813;AC03 - Acidente sem VITIMA;83;BR-040/RJ;RJ;Choque - Objeto Fixo;1;;;;;;;;;;1;;;;
30/11/2021;15:33:00;3818;AC03 - Acidente sem VITIMA;72;BR-040/RJ;JF;Choque - Objeto Fixo;1;;;;;;;;;;1;;;;
30/11/2021;15:52:00;3821;AC03 - Acidente sem VITIMA;67;BR-040/RJ;JF;Choque - Objeto Fixo;1;;;;;;;;;;1;;;;
30/11/2021;16:40:00;3827;AC03 - Acidente sem VITIMA;2;BR-040/RJ;RJ;Choque - Objeto Fixo;1;;;;;;;;;;1;;;;
30/11/2021;16:40:00;3828;AC03 - Acidente sem VITIMA;75;BR-040/RJ;RJ;Choque - Objeto Fixo;1;;;;;;;;;;1;;;;
30/11/2021;19:02:00;3837;AC03 - Acidente sem VITIMA;93;BR-040/RJ;RJ;Saída de Pista;1;;;;;;;;;;1;;;;
30/11/2021;19:52:00;3841;AC03 - Acidente sem VITIMA;96;BR-040/RJ;RJ;Choque - Objeto Fixo;;;1;;;;;;;;1;;;;
30/11/2021;22:56:00;3853;AC03 - Acidente sem VITIMA;60;BR-040/RJ;RJ;Choque - Objeto Fixo;1;;;;;;;;;;1;;;;
01/12/2021;02:13:00;3;AC02 - Acidente com VITIMA;116;BR-040/RJ;RJ;Colisão Traseira;2;;;;;;;;;;1;2;;;
01/12/2021;05:22:00;6;AC03 - Acidente sem VITIMA;101;BR-040/RJ;RJ;Colisão Traseira;1;;1;;;;;;;;2;;;;
01/12/2021;14:25:00;67;AC03 - Acidente sem VITIMA;39;BR-040/RJ;RJ;Choque - Objeto Fixo;1;;;;;;;;;;1;;;;
01/12/2021;15:27:00;72;AC03 - Acidente sem VITIMA;783;BR-040/MG;JF;Saída de Pista;1;;;;;;;;;;1;;;;
01/12/2021;16:20:00;78;AC03 - Acidente sem VITIMA;93;BR-040/RJ;RJ;Choque - Objeto Fixo;1;;;;;;;;;;1;;;;
01/12/2021;16:00:00;79;AC03 - Acidente sem VITIMA;103;BR-040/RJ;RJ;Colisão Traseira;;;1;;1;;;;;;2;;;;
01/12/2021;16:22:00;80;AC03 - Acidente sem VITIMA;93;BR-040/RJ;RJ;Choque - Objeto Fixo;1;;;;;;;;;;1;;;;
01/12/2021;16:25:00;83;AC03 - Acidente sem VITIMA;93;BR-040/RJ;RJ;Choque - Objeto Fixo;1;;;;;;;;;;1;;;;
01/12/2021;16:39:00;88;AC03 - Acidente sem VITIMA;90;BR-040/RJ;RJ;Choque - Objeto Fixo;1;;;;;;;;;;1;;;;
01/12/2021;16:52:00;90;AC03 - Acidente sem VITIMA;91;BR-040/RJ;RJ;Choque - Objeto Fixo;1;;;;;;;;;;1;;;;
01/12/2021;21:04:00;113;AC03 - Acidente sem VITIMA;100;BR-040/RJ;JF;Choque - Objeto Fixo;1;;;;;;;;;;1;;;;
02/12/2021;08:11:00;156;AC03 - Acidente sem VITIMA;123;BR-040/RJ;JF;Colisão Lateral;1;;1;;;;;;;;2;;;;
02/12/2021;11:08:00;182;AC02 - Acidente com VITIMA;31;BR-040/RJ;JF;Capotamento;1;;;;;;;;;;0;2;;;
02/12/2021;22:46:00;259;AC03 - Acidente sem VITIMA;91;BR-040/RJ;JF;Saída de Pista;1;;;;;;;;;;1;;;;
02/12/2021;23:59:00;263;AC03 - Acidente sem VITIMA;90;BR-040/RJ;JF;Choque - Objeto Fixo;1;;;;;;;;;;1;;;;
03/12/2021;05:29:00;274;AC03 - Acidente sem VITIMA;91;BR-040/RJ;JF;Choque - Objeto Fixo;;;1;;;;;;;;1;;;;
03/12/2021;06:56:00;282;AC03 - Acidente sem VITIMA;93;BR-040/RJ;RJ;Tombamento;1;;;;;;;;;;1;;;;
03/12/2021;07:51:00;290;AC03 - Acidente sem VITIMA;94;BR-040/RJ;RJ;Choque - Objeto Fixo;1;;;;;;;;;;1;;;;
03/12/2021;08:51:00;300;AC03 - Acidente sem VITIMA;91;BR-040/RJ;JF;Choque - Objeto Fixo;1;;;;;;;;;;1;;;;
03/12/2021;16:07:00;344;AC02 - Acidente com VITIMA;775;BR-040/MG;JF;Capotamento;1;;;;;;;;;;0;2;;;
03/12/2021;18:11:00;356;AC02 - Acidente com VITIMA;121;BR-040/RJ;JF;Colisão Traseira;;;;1;;1;;;;;1;1;;;
03/12/2021;20:52:00;365;AC03 - Acidente sem VITIMA;93;BR-040/RJ;RJ;Choque - Objeto Fixo;1;;;;;;;;;;1;;;;
04/12/2021;04:03:00;386;AC02 - Acidente com VITIMA;110;BR-040/RJ;JF;Capotamento;1;;;;;;;;;;0;1;;;
04/12/2021;05:34:00;391;AC03 - Acidente sem VITIMA;109;BR-040/RJ;JF;Choque - Objeto Fixo;1;;;;;;;;;;1;;;;
04/12/2021;06:34:00;396;AC02 - Acidente com VITIMA;819;BR-040/MG;RJ;Choque - Objeto Fixo;1;;;;;;;;;;0;1;;;
04/12/2021;07:17:00;401;AC03 - Acidente sem VITIMA;118;BR-040/RJ;JF;Engavetamento;3;;1;;;;;;;;4;;;;
04/12/2021;07:58:00;405;AC02 - Acidente com VITIMA;123;BR-040/RJ;RJ;Colisão Traseira;;;;;2;;;;;;1;3;;;
04/12/2021;13:13:00;451;AC03 - Acidente sem VITIMA;123;BR-040/RJ;JF;Colisão Traseira;1;;1;;;;;;;;2;;;;
04/12/2021;19:22:00;487;AC01 - Acidente com VITIMA FATAL;42;BR-040/RJ;JF;Capotamento;1;;;;;3;;;;;1;;1;;2
05/12/2021;00:19:00;499;AC03 - Acidente sem VITIMA;84;BR-040/RJ;JF;Capotamento;1;;;;;;;;;;1;;;;
05/12/2021;10:54:00;527;AC02 - Acidente com VITIMA;45;BR-040/RJ;JF;Colisão Lateral;;;1;1;;;;;;;1;1;;;
05/12/2021;11:47:00;534;AC02 - Acidente com VITIMA;84;BR-040/RJ;RJ;Capotamento;1;;;;;;;;;;0;2;;;
05/12/2021;15:44:00;557;AC03 - Acidente sem VITIMA;76;BR-040/RJ;JF;Choque - Objeto Fixo;1;;;;;;;;;;1;;;;
05/12/2021;17:05:00;569;AC02 - Acidente com VITIMA;122;BR-040/RJ;RJ;Choque - Objeto Fixo;1;;;;;;;;;;0;2;;;
05/12/2021;19:49:00;584;AC03 - Acidente sem VITIMA;113;BR-040/RJ;JF;Choque - Objeto Fixo;1;;;;;;;;;;1;;;;
06/12/2021;01:03:00;605;AC02 - Acidente com VITIMA;17;BR-040/RJ;RJ;Saída de Pista;1;;;;;;;;;;0;1;;;
06/12/2021;06:43:00;619;AC03 - Acidente sem VITIMA;109;BR-040/RJ;RJ;Colisão Traseira;1;;;1;;;;;;;2;;;;
06/12/2021;07:04:00;623;AC03 - Acidente sem VITIMA;62;BR-040/RJ;RJ;Colisão Traseira;1;;1;;;;;;;;2;;;;
06/12/2021;07:20:00;628;AC03 - Acidente sem VITIMA;825;BR-040/MG;RJ;Choque - Objeto Fixo;1;;;;;;;;;;1;;;;
06/12/2021;07:41:00;629;AC03 - Acidente sem VITIMA;79;BR-040/RJ;JF;Choque - Objeto Fixo;1;;;;;;;;;;1;;;;
06/12/2021;07:58:00;633;AC03 - Acidente sem VITIMA;39;BR-040/RJ;JF;Choque - Objeto Fixo;1;;;;;;;;;;1;;;;
06/12/2021;10:40:00;648;AC02 - Acidente com VITIMA;121;BR-040/RJ;RJ;Engavetamento;3;;1;;;;;;;;3;4;;;
06/12/2021;12:40:00;659;AC02 - Acidente com VITIMA;105;BR-040/RJ;JF;Colisão Lateral;1;;;1;;;;;;;1;;1;;
06/12/2021;12:15:00;662;AC03 - Acidente sem VITIMA;825;BR-040/MG;JF;Choque - Objeto Fixo;1;;;;;;;;;;1;;;;
06/12/2021;13:55:00;665;AC03 - Acidente sem VITIMA;2;BR-040/RJ;JF;Choque - Objeto Fixo;1;;;;;;;;;;1;;;;
06/12/2021;14:44:00;668;AC03 - Acidente sem VITIMA;0;BR-040/RJ;RJ;Saída de Pista;1;;;;;;;;;;1;;;;
06/12/2021;15:05:00;673;AC03 - Acidente sem VITIMA;78;BR-040/RJ;JF;Choque - Objeto Fixo;;;;;;1;;;;;1;;;;
06/12/2021;15:26:00;675;AC03 - Acidente sem VITIMA;60;BR-040/RJ;RJ;Choque - Objeto Fixo;1;;;;;;;;;;1;;;;
06/12/2021;15:25:00;676;AC03 - Acidente sem VITIMA;827;BR-040/MG;RJ;Choque - Objeto Fixo;1;;;;;;;;;;1;;;;
06/12/2021;15:56:00;680;AC03 - Acidente sem VITIMA;47;BR-040/RJ;JF;Choque - Objeto Fixo;1;;;;;;;;;;1;;;;
06/12/2021;16:02:00;681;AC02 - Acidente com VITIMA;80;BR-040/RJ;RJ;Choque - Objeto Fixo;;;1;;;;;;;;0;2;;;
06/12/2021;16:27:00;684;AC03 - Acidente sem VITIMA;43;BR-040/RJ;JF;Choque - Objeto Fixo;1;;;;;;;;;;1;;;;
06/12/2021;16:39:00;685;AC03 - Acidente sem VITIMA;4;BR-040/RJ;JF;Choque - Objeto Fixo;1;;;;;;;;;;1;;;;
06/12/2021;17:13:00;691;AC02 - Acidente com VITIMA;29;BR-040/RJ;JF;Choque - Objeto Fixo;1;;1;;;;;;;;1;4;;;
06/12/2021;17:15:00;692;AC03 - Acidente sem VITIMA;78;BR-040/RJ;RJ;Choque - Objeto Fixo;1;;;;;;;;;;1;;;;
06/12/2021;18:10:00;696;AC02 - Acidente com VITIMA;101;BR-040/RJ;JF;Queda de Moto;;;;1;;;;;;;0;1;;;
06/12/2021;21:03:00;709;AC03 - Acidente sem VITIMA;94;BR-040/RJ;RJ;Choque - Objeto Fixo;1;;;;;;;;;;1;;;;
07/12/2021;08:15:00;757;AC03 - Acidente sem VITIMA;72;BR-040/RJ;JF;Choque - Objeto Fixo;1;;;;;;;;;;1;;;;
07/12/2021;08:32:00;760;AC03 - Acidente sem VITIMA;91;BR-040/RJ;RJ;Saída de Pista;1;;;;;;;;;;1;;;;
07/12/2021;08:50:00;767;AC02 - Acidente com VITIMA;813;BR-040/MG;RJ;Colisão Traseira;1;;1;;;;;;;;1;1;;;
07/12/2021;10:18:00;782;AC03 - Acidente sem VITIMA;78;BR-040/RJ;RJ;Choque - Objeto Fixo;1;;;;;;;;;;1;;;;
07/12/2021;12:52:00;806;AC03 - Acidente sem VITIMA;92;BR-040/RJ;RJ;Choque - Objeto Fixo;1;;;;;;;;;;1;;;;
07/12/2021;15:05:00;818;AC03 - Acidente sem VITIMA;119;BR-040/RJ;JF;Colisão Traseira;2;;;;;;;;;;2;;;;
07/12/2021;15:25:00;821;AC03 - Acidente sem VITIMA;93;BR-040/RJ;RJ;Choque - Objeto Fixo;1;;;;;;;;;;1;;;;
07/12/2021;16:15:00;828;AC02 - Acidente com VITIMA;94;BR-040/RJ;RJ;Capotamento;1;;;;;;;;;;0;5;;;
07/12/2021;17:10:00;832;AC02 - Acidente com VITIMA;84;BR-040/RJ;RJ;Colisão Traseira;1;;1;;;;;;;;1;1;;;
07/12/2021;18:12:00;839;AC03 - Acidente sem VITIMA;100;BR-040/RJ;JF;Choque - Objeto Fixo;1;;;;;;;;;;1;;;;
08/12/2021;05:19:00;876;AC03 - Acidente sem VITIMA;62;BR-040/RJ;JF;Choque - Objeto Fixo;1;;;;;;;;;;1;;;;
08/12/2021;07:31:00;892;AC03 - Acidente sem VITIMA;33;BR-040/RJ;RJ;Choque - Objeto Fixo;1;;;;;;;;;;1;;;;
08/12/2021;08:18:00;899;AC03 - Acidente sem VITIMA;2;BR-040/RJ;RJ;Choque - Objeto Fixo;1;;;;;;;;;;1;;;;
08/12/2021;08:36:00;900;AC02 - Acidente com VITIMA;823;BR-040/MG;RJ;Saída de Pista;1;;;;;;;;;;0;1;;;
08/12/2021;08:43:00;901;AC03 - Acidente sem VITIMA;90;BR-040/RJ;RJ;Choque - Objeto Fixo;1;;;;;;;;;;1;;;;
08/12/2021;08:32:00;902;AC03 - Acidente sem VITIMA;77;BR-040/RJ;RJ;Choque - Objeto Fixo;1;;;;;;;;;;1;;;;
08/12/2021;09:02:00;905;AC03 - Acidente sem VITIMA;93;BR-040/RJ;RJ;Choque - Objeto Fixo;1;;;;;;;;;;1;;;;
08/12/2021;09:53:00;913;AC02 - Acidente com VITIMA;16;BR-040/RJ;RJ;Choque - Objeto Fixo;1;;;;;;;;;;0;1;1;;
08/12/2021;12:14:00;931;AC03 - Acidente sem VITIMA;109;BR-040/RJ;JF;Colisão Traseira;1;;1;;;;;;;;2;;;;
08/12/2021;12:49:00;934;AC02 - Acidente com VITIMA;43;BR-040/RJ;JF;Choque - Objeto Fixo;1;;;;;;;;;;0;3;;;
08/12/2021;12:53:00;935;AC03 - Acidente sem VITIMA;91;BR-040/RJ;RJ;Choque - Objeto Fixo;1;;;;;;;;;;1;;;;
08/12/2021;13:03:00;938;AC03 - Acidente sem VITIMA;91;BR-040/RJ;RJ;Choque - Objeto Fixo;1;;;;;;;;;;1;;;;
08/12/2021;13:04:00;940;AC03 - Acidente sem VITIMA;88;BR-040/RJ;RJ;Colisão Traseira;;;2;;;;;;;;2;;;;
08/12/2021;13:11:00;944;AC03 - Acidente sem VITIMA;120;BR-040/RJ;RJ;Engavetamento;3;;;;;;;;;;3;;;;
08/12/2021;13:42:00;946;AC02 - Acidente com VITIMA;62;BR-040/RJ;RJ;Choque - Objeto Fixo;1;;;;;;;;;;0;;1;;
08/12/2021;14:50:00;953;AC03 - Acidente sem VITIMA;91;BR-040/RJ;RJ;Choque - Objeto Fixo;1;;;;;;;;;;1;;;;
08/12/2021;15:26:00;955;AC03 - Acidente sem VITIMA;90;BR-040/RJ;RJ;Choque - Objeto Fixo;1;;;;;;;;;;1;;;;
08/12/2021;16:09:00;957;AC03 - Acidente sem VITIMA;94;BR-040/RJ;RJ;Choque - Objeto Fixo;1;;;;;;;;;;1;;;;
08/12/2021;16:16:00;960;AC03 - Acidente sem VITIMA;90;BR-040/RJ;RJ;Choque - Objeto Fixo;1;;;;;;;;;;1;;;;
08/12/2021;18:37:00;977;AC03 - Acidente sem VITIMA;72;BR-040/RJ;JF;Choque - Objeto Fixo;1;;;;;;;;;;1;;;;
08/12/2021;19:28:00;983;AC03 - Acidente sem VITIMA;122;BR-040/RJ;JF;Colisão Traseira;1;;;;;1;;;;;2;;;;
08/12/2021;22:00:00;993;AC03 - Acidente sem VITIMA;78;BR-040/RJ;RJ;Choque - Objeto Fixo;1;;;;;;;;;;1;;;;
09/12/2021;06:51:00;1014;AC02 - Acidente com VITIMA;102;BR-040/RJ;JF;Choque - Objeto Fixo;1;;;;;;;;;;0;1;;;
09/12/2021;07:35:00;1020;AC03 - Acidente sem VITIMA;58;BR-040/RJ;JF;Choque - Objeto Fixo;2;;;;;1;;;;;3;;;;