data;horario;n_da_ocorrencia;tipo_de_ocorrencia;km;trecho;sentido;tipo_de_acidente;automovel;bicicleta;caminhao;moto;onibus;outros;tracao_animal;transporte_de_cargas_especiais;trator_maquinas;utilitarios;ilesos;levemente_feridos;moderadamente_feridos;gravemente_feridos;mortos
09/12/2021;09:38:00;1032;AC02 - Acidente com VITIMA;81;BR-040/RJ;RJ;Capotamento;2;;;;;;;;;;1;2;;;
09/12/2021;07:35:00;1037;AC03 - Acidente sem VITIMA;58;BR-040/RJ;JF;Colisão Traseira;1;;;;;1;;;;;2;;;;
09/12/2021;13:06:00;1061;AC03 - Acidente sem VITIMA;101;BR-040/RJ;JF;Colisão Frontal;2;;;;;1;;;;;3;;;;
09/12/2021;16:47:00;1089;AC03 - Acidente sem VITIMA;26;BR-040/RJ;JF;Choque - Objeto Fixo;1;;;;;;;;;;1;;;;
09/12/2021;17:08:00;1091;AC02 - Acidente com VITIMA;117;BR-040/RJ;JF;Choque - Objeto Fixo;;;1;;;;;;;;0;2;;;
10/12/2021;12:24:00;1190;AC02 - Acidente com VITIMA;122;BR-040/RJ;RJ;Capotamento;2;;1;;;;;;;;2;2;;;
10/12/2021;16:28:00;1223;AC03 - Acidente sem VITIMA;122;BR-040/RJ;RJ;Colisão Traseira;1;;;;;1;;;;;2;;;;
10/12/2021;17:00:00;1226;AC03 - Acidente sem VITIMA;782;BR-040/MG;JF;Saída de Pista;;;1;;;;;;;;1;;;;
11/12/2021;10:26:00;1303;AC03 - Acidente sem VITIMA;120;BR-040/RJ;JF;Colisão Traseira;1;;1;;;;;;;;2;;;;
11/12/2021;18:12:00;1369;AC02 - Acidente com VITIMA;75;BR-040/RJ;RJ;Capotamento;1;;;;;;;;;;0;1;;;
11/12/2021;19:39:00;1382;AC03 - Acidente sem VITIMA;75;BR-040/RJ;RJ;Choque - Objeto Fixo;1;;;;;;;;;;1;;;;
11/12/2021;20:02:00;1384;AC04 - Atropelamento;124;BR-040/RJ;JF;Atropelamento - Pedestre;1;;;;;1;;;;;1;1;;;
11/12/2021;21:18:00;1394;AC03 - Acidente sem VITIMA;80;BR-040/RJ;JF;Choque - Objeto Fixo;1;;;;;;;;;;1;;;;
11/12/2021;21:30:00;1395;AC03 - Acidente sem VITIMA;119;BR-040/RJ;JF;Choque - Objeto Fixo;1;;;;;;;;;;1;;;;
12/12/2021;02:48:00;1403;AC03 - Acidente sem VITIMA;57;BR-040/RJ;RJ;Choque - Objeto Fixo;1;;;;;;;;;;1;;;;
12/12/2021;06:47:00;1413;AC03 - Acidente sem VITIMA;84;BR-040/RJ;JF;Choque - Objeto Fixo;1;;;;;;;;;;1;;;;
12/12/2021;13:52:00;1460;AC02 - Acidente com VITIMA;52;BR-040/RJ;JF;Capotamento;1;;;;;;;;;;0;;2;;
12/12/2021;14:59:00;1468;AC03 - Acidente sem VITIMA;94;BR-040/RJ;RJ;Choque - Objeto Fixo;1;;;;;;;;;;1;;;;
12/12/2021;16:19:00;1481;AC02 - Acidente com VITIMA;84;BR-040/RJ;RJ;Choque - Objeto Fixo;1;;;;;;;;;;0;2;;;
12/12/2021;16:36:00;1486;AC03 - Acidente sem VITIMA;82;BR-040/RJ;RJ;Choque - Objeto Fixo;1;;;;;;;;;;1;;;;
12/12/2021;16:41:00;1489;AC03 - Acidente sem VITIMA;98;BR-040/RJ;JF;Choque - Objeto Fixo;1;;;;;;;;;;1;;;;
12/12/2021;16:56:00;1491;AC03 - Acidente sem VITIMA;93;BR-040/RJ;RJ;Choque - Objeto Fixo;1;;;;;;;;;;1;;;;
12/12/2021;17:02:00;1492;AC03 - Acidente sem VITIMA;95;BR-040/RJ;RJ;Choque - Objeto Fixo;1;;;;;;;;;;1;;;;
12/12/2021;17:58:00;1498;AC03 - Acidente sem VITIMA;82;BR-040/RJ;RJ;Choque - Objeto Fixo;1;;;;;;;;;;1;;;;
12/12/2021;18:05:00;1499;AC03 - Acidente sem VITIMA;116;BR-040/RJ;JF;Choque - Objeto Fixo;1;;;;;;;;;;1;;;;
12/12/2021;18:07:00;1500;AC02 - Acidente com VITIMA;32;BR-040/RJ;JF;Saída de Pista;1;;;;;;;;;;0;1;;;
12/12/2021;18:21:00;1504;AC03 - Acidente sem VITIMA;804;BR-040/MG;RJ;Choque - Objeto Fixo;1;;;;;;;;;;1;;;;
12/12/2021;19:19:00;1515;AC02 - Acidente com VITIMA;100;BR-040/RJ;RJ;Choque - Objeto Fixo;1;;;;;;;;;;0;;;1;
12/12/2021;19:36:00;1517;AC03 - Acidente sem VITIMA;67;BR-040/RJ;JF;Choque - Objeto Fixo;1;;;;;;;;;;1;;;;
13/12/2021;07:33:00;1561;AC02 - Acidente com VITIMA;792;BR-040/MG;JF;Choque - Objeto Fixo;1;;;;;;;;;;0;;;1;
13/12/2021;09:59:00;1581;AC03 - Acidente sem VITIMA;806;BR-040/MG;JF;Colisão Traseira;1;;1;;;;;;;;2;;;;
13/12/2021;12:08:00;1597;AC03 - Acidente sem VITIMA;96;BR-040/RJ;JF;Colisão Lateral;;;1;;1;;;;;;2;;;;
13/12/2021;16:26:00;1632;AC03 - Acidente sem VITIMA;11;BR-040/RJ;JF;Choque - Objeto Fixo;1;;;;;;;;;;1;;;;
13/12/2021;19:39:00;1662;AC02 - Acidente com VITIMA;78;BR-040/RJ;RJ;Choque - Objeto Fixo;1;;;;;;;;;;0;2;;;
13/12/2021;21:05:00;1667;AC04 - Atropelamento;105;BR-040/RJ;JF;Atropelamento - Pedestre;1;;;;;1;;;;;1;;1;;
14/12/2021;12:34:00;1742;AC02 - Acidente com VITIMA;794;BR-040/MG;RJ;Saída de Pista;1;;;;;;;;;;0;2;;;
14/12/2021;13:31:00;1749;AC03 - Acidente sem VITIMA;121;BR-040/RJ;JF;Colisão Traseira;1;;;;;1;;;;;2;;;;
14/12/2021;14:45:00;1760;AC04 - Atropelamento;105;BR-040/RJ;JF;Atropelamento - Pedestre;;;;;;2;;;;;1;;1;;
14/12/2021;17:59:00;1797;AC03 - Acidente sem VITIMA;93;BR-040/RJ;RJ;Choque - Objeto Fixo;1;;;;;;;;;;1;;;;
15/12/2021;00:20:00;1826;AC03 - Acidente sem VITIMA;21;BR-040/RJ;JF;Choque - Objeto Fixo;1;;;;;;;;;;1;;;;
15/12/2021;04:10:00;1836;AC03 - Acidente sem VITIMA;56;BR-040/RJ;RJ;Choque - Objeto Fixo;1;;;;;;;;;;1;;;;
15/12/2021;11:38:00;1878;AC03 - Acidente sem VITIMA;782;BR-040/MG;JF;Choque - Objeto Fixo;1;;;;;;;;;;1;;;;
15/12/2021;14:27:00;1903;AC03 - Acidente sem VITIMA;121;BR-040/RJ;RJ;Colisão Traseira;2;;;;;;;;;;2;;;;
15/12/2021;15:30:00;1911;AC02 - Acidente com VITIMA;113;BR-040/RJ;RJ;Colisão Traseira;2;;;;;;;;;;3;2;;;
15/12/2021;15:49:00;1914;AC03 - Acidente sem VITIMA;122;BR-040/RJ;RJ;Choque - Objeto Fixo;1;;;;;;;;;;1;;;;
15/12/2021;16:25:00;1923;AC03 - Acidente sem VITIMA;83;BR-040/RJ;JF;Choque - Objeto Fixo;1;;;;;;;;;;1;;;;
15/12/2021;17:00:00;1929;AC03 - Acidente sem VITIMA;91;BR-040/RJ;JF;Choque - Objeto Fixo;1;;;;;;;;;;1;;;;
15/12/2021;18:42:00;1941;AC03 - Acidente sem VITIMA;78;BR-040/RJ;RJ;Choque - Objeto Fixo;1;;;;;;;;;;1;;;;
15/12/2021;18:51:00;1942;AC02 - Acidente com VITIMA;1;BR-040/RJ;JF;Capotamento;1;;;;;;;;;;0;1;;;
16/12/2021;09:53:00;1999;AC02 - Acidente com VITIMA;31;BR-040/RJ;JF;Choque - Objeto Fixo;1;;;;;;;;;;0;2;;;
16/12/2021;09:54:00;2005;AC02 - Acidente com VITIMA;31;BR-040/RJ;JF;Capotamento;1;;;;;;;;;;0;1;;;
16/12/2021;18:26:00;2079;AC02 - Acidente com VITIMA;104;BR-040/RJ;JF;Choque - Objeto Fixo;1;;;;;;;;;;0;2;;1;
16/12/2021;23:41:00;2107;AC03 - Acidente sem VITIMA;65;BR-040/RJ;RJ;Choque - Objeto Fixo;1;;;;;;;;;;1;;;;
17/12/2021;08:06:00;2148;AC03 - Acidente sem VITIMA;121;BR-040/RJ;RJ;Colisão Lateral;3;;1;;;;;;;;4;;;;
17/12/2021;08:16:00;2149;AC03 - Acidente sem VITIMA;114;BR-040/RJ;RJ;Choque - Objeto Fixo;;;1;;;;;;;;1;;;;
17/12/2021;09:05:00;2156;AC03 - Acidente sem VITIMA;72;BR-040/RJ;JF;Choque - Objeto Fixo;1;;;;;;;;;;1;;;;
17/12/2021;09:40:00;2158;AC03 - Acidente sem VITIMA;824;BR-040/MG;JF;Choque - Objeto Fixo;1;;;;;;;;;;1;;;;
17/12/2021;10:46:00;2167;AC03 - Acidente sem VITIMA;111;BR-040/RJ;RJ;Colisão Traseira;2;;;;;;;;;;2;;;;
17/12/2021;10:52:00;2169;AC03 - Acidente sem VITIMA;56;BR-040/RJ;RJ;Choque - Objeto Fixo;1;;;;;;;;;;1;;;;
17/12/2021;11:12:00;2172;AC03 - Acidente sem VITIMA;110;BR-040/RJ;RJ;Colisão Traseira;2;;;;;;;;;;2;;;;
17/12/2021;11:35:00;2176;AC02 - Acidente com VITIMA;84;BR-040/RJ;RJ;Engavetamento;2;;1;;1;;;;;;0;4;;;
17/12/2021;11:40:00;2177;AC02 - Acidente com VITIMA;84;BR-040/RJ;RJ;Choque - Objeto Fixo;1;;;;;;;;;;0;1;;;
17/12/2021;14:22:00;2199;AC02 - Acidente com VITIMA;89;BR-040/RJ;RJ;Tombamento;1;;1;;;;;;;;0;4;;;
17/12/2021;14:27:00;2200;AC02 - Acidente com VITIMA;100;BR-040/RJ;JF;Choque - Objeto Fixo;1;;;;;;;;;;0;3;;;
17/12/2021;15:10:00;2203;AC03 - Acidente sem VITIMA;93;BR-040/RJ;RJ;Choque - Objeto Fixo;1;;;;;;;;;;1;;;;
17/12/2021;16:08:00;2218;AC03 - Acidente sem VITIMA;804;BR-040/MG;RJ;Colisão Traseira;1;;1;;;;;;;;2;;;;
17/12/2021;17:44:00;2235;AC02 - Acidente com VITIMA;86;BR-040/RJ;JF;Choque - Objeto Fixo;1;;;;;;;;;;0;3;;;
17/12/2021;18:46:00;2245;AC03 - Acidente sem VITIMA;76;BR-040/RJ;RJ;Choque - Objeto Fixo;1;;;;;;;;;;1;;;;
17/12/2021;19:38:00;2251;AC02 - Acidente com VITIMA;20;BR-040/RJ;JF;Choque - Objeto Fixo;1;;;;;;;;;;0;1;;;
17/12/2021;21:56:00;2271;AC03 - Acidente sem VITIMA;91;BR-040/RJ;JF;Saída de Pista;;;;;1;;;;;;1;;;;
18/12/2021;05:20:00;2311;AC03 - Acidente sem VITIMA;22;BR-040/RJ;JF;Choque - Objeto Fixo;1;;;;;;;;;;1;;;;
18/12/2021;05:40:00;2312;AC03 - Acidente sem VITIMA;97;BR-040/RJ;JF;Choque - Objeto Fixo;1;;;;;;;;;;1;;;;
18/12/2021;07:13:00;2320;AC03 - Acidente sem VITIMA;80;BR-040/RJ;RJ;Choque - Objeto Fixo;1;;;;;;;;;;1;;;;
18/12/2021;07:48:00;2325;AC03 - Acidente sem VITIMA;81;BR-040/RJ;RJ;Choque - Objeto Fixo;1;;;;;;;;;;1;;;;
18/12/2021;09:34:00;2339;AC02 - Acidente com VITIMA;85;BR-040/RJ;JF;Choque - Objeto Fixo;1;;;;;;;;;;1;1;;;
18/12/2021;09:40:00;2340;AC03 - Acidente sem VITIMA;94;BR-040/RJ;RJ;Choque - Objeto Fixo;1;;;;;;;;;;1;;;;
18/12/2021;13:07:00;2366;AC03 - Acidente sem VITIMA;92;BR-040/RJ;RJ;Choque - Objeto Fixo;1;;;;;;;;;;1;;;;
18/12/2021;13:34:00;2370;AC03 - Acidente sem VITIMA;94;BR-040/RJ;RJ;Choque - Objeto Fixo;1;;;;;;;;;;1;;;;
18/12/2021;13:34:00;2372;AC03 - Acidente sem VITIMA;88;BR-040/RJ;JF;Choque - Objeto Fixo;1;;;;;;;;;;1;;;;
18/12/2021;16:19:00;2393;AC03 - Acidente sem VITIMA;102;BR-040/RJ;RJ;Colisão Traseira;1;;;;;1;;;;;2;;;;
18/12/2021;16:25:00;2394;AC03 - Acidente sem VITIMA;91;BR-040/RJ;RJ;Choque - Objeto Fixo;1;;;;;;;;;;1;;;;
18/12/2021;16:32:00;2396;AC02 - Acidente com VITIMA;91;BR-040/RJ;RJ;Choque - Objeto Fixo;1;;;;;;;;;;0;3;;;
18/12/2021;16:50:00;2400;AC03 - Acidente sem VITIMA;85;BR-040/RJ;JF;Choque - Objeto Fixo;1;;;;;;;;;;1;;;;
18/12/2021;17:07:00;2402;AC02 - Acidente com VITIMA;21;BR-040/RJ;JF;Colisão Lateral;1;1;;;;;;;;;1;1;;;
18/12/2021;17:36:00;2404;AC03 - Acidente sem VITIMA;55;BR-040/RJ;RJ;Choque - Objeto Fixo;1;;;;;;;;;;1;;;;
18/12/2021;20:36:00;2429;AC03 - Acidente sem VITIMA;111;BR-040/RJ;JF;Colisão Lateral;1;;;;;;;;;;1;;;;
18/12/2021;20:48:00;2430;AC02 - Acidente com VITIMA;90;BR-040/RJ;RJ;Capotamento;1;;;;;;;;;;0;2;;;
18/12/2021;23:18:00;2443;AC03 - Acidente sem VITIMA;92;BR-040/RJ;JF;Choque - Objeto Fixo;1;;;;;;;;;;1;;;;
19/12/2021;00:47:00;2451;AC02 - Acidente com VITIMA;83;BR-040/RJ;RJ;Capotamento;1;;;;;;;;;;0;3;;;
19/12/2021;09:26:00;2489;AC03 - Acidente sem VITIMA;94;BR-040/RJ;RJ;Choque - Objeto Fixo;1;;;;;;;;;;1;;;;
19/12/2021;12:24:00;2511;AC02 - Acidente com VITIMA;93;BR-040/RJ;RJ;Capotamento;1;;;;;;;;;;0;4;;;
19/12/2021;12:59:00;2516;AC03 - Acidente sem VITIMA;91;BR-040/RJ;JF;Choque - Objeto Fixo;1;;;;;;;;;;1;;;;
19/12/2021;13:04:00;2518;AC02 - Acidente com VITIMA;92;BR-040/RJ;RJ;Choque - Objeto Fixo;1;;;;;;;;;;0;2;;;
19/12/2021;13:22:00;2520;AC02 - Acidente com VITIMA;92;BR-040/RJ;RJ;Choque - Objeto Fixo;1;;;;;;;;;;0;1;;;
19/12/2021;13:41:00;2522;AC02 - Acidente com VITIMA;113;BR-040/RJ;RJ;Queda de Moto;;;;1;;;;;;;0;1;1;;
19/12/2021;14:15:00;2528;AC02 - Acidente com VITIMA;91;BR-040/RJ;RJ;Saída de Pista;1;;;;;;;;;;1;2;;;
19/12/2021;15:03:00;2536;AC02 - Acidente com VITIMA;85;BR-040/RJ;JF;Tombamento;1;;;;;;;;;;0;4;;;
19/12/2021;17:12:00;2557;AC03 - Acidente sem VITIMA;94;BR-040/RJ;JF;Choque - Objeto Fixo;1;;;;;;;;;;1;;;;
19/12/2021;17:26:00;2559;AC03 - Acidente sem VITIMA;117;BR-040/RJ;RJ;Choque - Objeto Fixo;1;;;;;;;;;;1;;;;
19/12/2021;18:57:00;2570;AC03 - Acidente sem VITIMA;89;BR-040/RJ;RJ;Choque - Objeto Fixo;1;;;;;;;;;;1;;;;
20/12/2021;01:30:00;2600;AC02 - Acidente com VITIMA;101;BR-040/RJ;RJ;Queda de Moto;;;;1;;;;;;;0;1;;;
20/12/2021;05:35:00;2608;AC02 - Acidente com VITIMA;800;BR-040/MG;RJ;Choque - Objeto Fixo;1;;;;;;;;;;0;1;1;2;
20/12/2021;11:48:00;2657;AC03 - Acidente sem VITIMA;91;BR-040/RJ;JF;Engavetamento;3;;;;;;;;;;3;;;;
20/12/2021;16:29:00;2703;AC03 - Acidente sem VITIMA;89;BR-040/RJ;JF;Colisão Traseira;1;;1;;;;;;;;2;;;;
20/12/2021;17:36:00;2717;AC03 - Acidente sem VITIMA;93;BR-040/RJ;JF;Choque - Objeto Fixo;1;;;;;;;;;;1;;;;
20/12/2021;18:06:00;2723;AC03 - Acidente sem VITIMA;83;BR-040/RJ;JF;Choque - Objeto Fixo;1;;;;;;;;;;1;;;;
20/12/2021;21:12:00;2752;AC02 - Acidente com VITIMA;117;BR-040/RJ;JF;Choque - Objeto Fixo;1;;;;;;;;;;0;2;1;;
21/12/2021;12:20:00;2832;AC03 - Acidente sem VITIMA;117;BR-040/RJ;JF;Colisão Traseira;3;;;;;;;;;;3;;;;
21/12/2021;14:34:00;2855;AC03 - Acidente sem VITIMA;62;BR-040/RJ;RJ;Choque - Objeto Fixo;1;;;;;;;;;;1;;;;
21/12/2021;17:09:00;2878;AC03 - Acidente sem VITIMA;84;BR-040/RJ;RJ;Choque - Objeto Fixo;1;;;;;;;;;;1;;;;
21/12/2021;17:52:00;2890;AC02 - Acidente com VITIMA;104;BR-040/RJ;JF;Colisão Traseira;;1;;;;1;;;;;1;1;;;
22/12/2021;09:58:00;2961;AC02 - Acidente com VITIMA;119;BR-040/RJ;RJ;Colisão Traseira;1;;;1;;;;;;;1;1;;;
22/12/2021;12:12:00;2982;AC03 - Acidente sem VITIMA;5;BR-040/RJ;JF;Choque - Objeto Fixo;1;;;;;;;;;;1;;;;
22/12/2021;18:50:00;3063;AC03 - Acidente sem VITIMA;84;BR-040/RJ;RJ;Queda de Moto;1;;;;;;;;;;1;;;;
22/12/2021;20:25:00;3078;AC03 - Acidente sem VITIMA;112;BR-040/RJ;JF;Colisão Traseira;2;;;;;;;;;;2;;;;
22/12/2021;20:45:00;3084;AC03 - Acidente sem VITIMA;84;BR-040/RJ;RJ;Choque - Objeto Fixo;1;;;;;;;;;;1;;;;
23/12/2021;05:52:00;3129;AC03 - Acidente sem VITIMA;90;BR-040/RJ;RJ;Derrapagem;1;;;;;;;;;;1;;;;
23/12/2021;07:00:00;3136;AC03 - Acidente sem VITIMA;92;BR-040/RJ;RJ;Choque - Objeto Fixo;1;;;;;;;;;;1;;;;
23/12/2021;07:12:00;3140;AC03 - Acidente sem VITIMA;120;BR-040/RJ;RJ;Colisão Traseira;1;;;1;;;;;;;2;;;;
23/12/2021;07:15:00;3141;AC03 - Acidente sem VITIMA;91;BR-040/RJ;JF;Choque - Objeto Fixo;1;;;;;;;;;;1;;;;
23/12/2021;08:56:00;3159;AC03 - Acidente sem VITIMA;91;BR-040/RJ;RJ;Choque - Objeto Fixo;1;;;;;;;;;;1;;;;
23/12/2021;09:36:00;3168;AC03 - Acidente sem VITIMA;94;BR-040/RJ;RJ;Choque - Objeto Fixo;1;;;;;;;;;;1;;;;
23/12/2021;10:29:00;3177;AC02 - Acidente com VITIMA;96;BR-040/RJ;RJ;Colisão Traseira;1;;1;;;;;;;;1;1;;;
23/12/2021;11:45:00;3191;AC03 - Acidente sem VITIMA;92;BR-040/RJ;RJ;Choque - Objeto Fixo;1;;;;;;;;;;1;;;;
23/12/2021;12:14:00;3194;AC03 - Acidente sem VITIMA;91;BR-040/RJ;RJ;Choque - Objeto Fixo;1;;;;;;;;;;1;;;;
23/12/2021;12:19:00;3197;AC03 - Acidente sem VITIMA;93;BR-040/RJ;RJ;Choque - Objeto Fixo;1;;;;;;;;;;1;;;;
23/12/2021;12:29:00;3202;AC02 - Acidente com VITIMA;123;BR-040/RJ;RJ;Colisão Traseira;1;;;1;;;;;;;1;1;;;
23/12/2021;12:56:00;3204;AC03 - Acidente sem VITIMA;90;BR-040/RJ;RJ;Choque - Objeto Fixo;1;;;;;;;;;;1;;;;
23/12/2021;13:41:00;3208;AC03 - Acidente sem VITIMA;92;BR-040/RJ;RJ;Choque - Objeto Fixo;1;;;;;;;;;;1;;;;
23/12/2021;13:35:00;3209;AC03 - Acidente sem VITIMA;90;BR-040/RJ;JF;Choque - Objeto Fixo;1;;;;;;;;;;1;;;;
23/12/2021;14:00:00;3210;AC03 - Acidente sem VITIMA;84;BR-040/RJ;RJ;Choque - Objeto Fixo;1;;;;;;;;;;1;;;;
23/12/2021;15:38:00;3218;AC03 - Acidente sem VITIMA;90;BR-040/RJ;RJ;Engavetamento;4;;;;;;;;;;4;;;;
23/12/2021;16:08:00;3220;AC03 - Acidente sem VITIMA;82;BR-040/RJ;RJ;Choque - Objeto Fixo;1;;;;;;;;;;1;;;;
23/12/2021;16:25:00;3224;AC03 - Acidente sem VITIMA;91;BR-040/RJ;RJ;Choque - Objeto Fixo;1;;;;;;;;;;1;;;;
23/12/2021;17:24:00;3230;AC02 - Acidente com VITIMA;93;BR-040/RJ;RJ;Capotamento;1;;;;;;;;;;0;2;;;
23/12/2021;17:28:00;3232;AC02 - Acidente com VITIMA;65;BR-040/RJ;RJ;Atropelamento - Pedestre;1;;;;;1;;;;;0;1;1;;
23/12/2021;18:00:00;3235;AC02 - Acidente com VITIMA;68;BR-040/RJ;JF;Choque - Objeto Fixo;1;;;;;;;;;;0;1;;;
23/12/2021;18:09:00;3237;AC03 - Acidente sem VITIMA;84;BR-040/RJ;RJ;Choque - Objeto Fixo;1;;;;;;;;;;1;;;;
23/12/2021;20:25:00;3253;AC03 - Acidente sem VITIMA;94;BR-040/RJ;RJ;Choque - Objeto Fixo;1;;;;;;;;;;1;;;;
23/12/2021;21:21:00;3257;AC03 - Acidente sem VITIMA;94;BR-040/RJ;RJ;Choque - Objeto Fixo;1;;;;;;;;;;1;;;;
23/12/2021;22:45:00;3265;AC03 - Acidente sem VITIMA;78;BR-040/RJ;RJ;Choque - Objeto Fixo;1;;;;;;;;;;1;;;;
24/12/2021;00:43:00;3273;AC03 - Acidente sem VITIMA;115;BR-040/RJ;JF;Choque - Objeto Fixo;1;;;;;;;;;;1;;;;
24/12/2021;00:44:00;3274;AC03 - Acidente sem VITIMA;91;BR-040/RJ;JF;Choque - Objeto Fixo;1;;;;;;;;;;1;;;;
24/12/2021;03:11:00;3280;AC03 - Acidente sem VITIMA;93;BR-040/RJ;JF;Choque - Objeto Fixo;1;;;;;;;;;;1;;;;
24/12/2021;06:31:00;3295;AC03 - Acidente sem VITIMA;96;BR-040/RJ;RJ;Choque - Objeto Fixo;1;;;;;;;;;;1;;;;
24/12/2021;07:32:00;3306;AC03 - Acidente sem VITIMA;87;BR-040/RJ;JF;Choque - Objeto Fixo;1;;;;;;;;;;1;;;;
24/12/2021;07:40:00;3309;AC03 - Acidente sem VITIMA;92;BR-040/RJ;JF;Choque - Objeto Fixo;1;;;;;;;;;;1;;;;
24/12/2021;07:45:00;3313;AC03 - Acidente sem VITIMA;91;BR-040/RJ;JF;Choque - Objeto Fixo;1;;;;;;;;;;1;;;;
24/12/2021;08:13:00;3317;AC03 - Acidente sem VITIMA;92;BR-040/RJ;RJ;Choque - Objeto Fixo;1;;;;;;;;;;1;;;;
24/12/2021;09:12:00;3327;AC03 - Acidente sem VITIMA;86;BR-040/RJ;RJ;Choque - Objeto Fixo;1;;;;;;;;;;1;;;;
24/12/2021;10:33:00;3343;AC03 - Acidente sem VITIMA;78;BR-040/RJ;RJ;Choque - Objeto Fixo;1;;;;;;;;;;1;;;;
24/12/2021;17:34:00;3388;AC03 - Acidente sem VITIMA;113;BR-040/RJ;RJ;Choque - Objeto Fixo;1;;;;;;;;;;1;;;;
24/12/2021;18:12:00;3390;AC03 - Acidente sem VITIMA;94;BR-040/RJ;RJ;Choque - Objeto Fixo;1;;;;;;;;;;1;;;;
24/12/2021;18:37:00;3394;AC03 - Acidente sem VITIMA;92;BR-040/RJ;RJ;Choque - Objeto Fixo;1;;;;;;;;;;1;;;;
24/12/2021;19:01:00;3397;AC03 - Acidente sem VITIMA;93;BR-040/RJ;RJ;Choque - Objeto Fixo;1;;;;;;;;;;1;;;;
24/12/2021;23:18:00;3413;AC03 - Acidente sem VITIMA;93;BR-040/RJ;RJ;Saída de Pista;1;;;;;;;;;;1;;;;
25/12/2021;01:14:00;3423;AC02 - Acidente com VITIMA;61;BR-040/RJ;RJ;Saída de Pista;1;;;;;;;;;;0;;1;;
25/12/2021;10:11:00;3445;AC02 - Acidente com VITIMA;97;BR-040/RJ;JF;Queda de Moto;;;;1;;;;;;;0;1;;;
25/12/2021;14:16:00;3464;AC02 - Acidente com VITIMA;17;BR-040/RJ;RJ;Queda de Moto;;;;1;;;;;;;0;1;1;;
26/12/2021;02:00:00;3518;AC03 - Acidente sem VITIMA;90;BR-040/RJ;RJ;Saída de Pista;1;;;;;;;;;;1;;;;
26/12/2021;06:17:00;3520;AC03 - Acidente sem VITIMA;117;BR-040/RJ;JF;Capotamento;1;;;;;1;;;;;2;;;;
26/12/2021;06:44:00;3522;AC02 - Acidente com VITIMA;102;BR-040/RJ;JF;Choque - Objeto Fixo;1;;;;;;;;;;0;1;;;
26/12/2021;12:05:00;3559;AC02 - Acidente com VITIMA;122;BR-040/RJ;JF;Colisão Traseira;2;;;;;;;;;;0;2;1;;
26/12/2021;12:16:00;3560;AC02 - Acidente com VITIMA;84;BR-040/RJ;RJ;Colisão Traseira;1;;1;;;;;;;;0;3;;;
26/12/2021;12:21:00;3564;AC03 - Acidente sem VITIMA;84;BR-040/RJ;RJ;Colisão Traseira;2;;;;;;;;;;2;;;;
26/12/2021;14:48:00;3579;AC03 - Acidente sem VITIMA;96;BR-040/RJ;JF;Choque - Objeto Fixo;1;;;;;;;;;;1;;;;
26/12/2021;18:54:00;3630;AC02 - Acidente com VITIMA;115;BR-040/RJ;RJ;Queda de Moto;;;;1;;;;;;;0;2;;;
26/12/2021;23:00:00;3658;AC03 - Acidente sem VITIMA;106;BR-040/RJ;RJ;Choque - Objeto Fixo;1;;;;;;;;;;1;;;;
27/12/2021;07:18:00;3685;AC02 - Acidente com VITIMA;92;BR-040/RJ;RJ;Tombamento;;;1;;;;;;;;0;2;;;
27/12/2021;07:35:00;3689;AC02 - Acidente com VITIMA;100;BR-040/RJ;JF;Queda de Moto;;;;1;;;;;;;0;1;;;
27/12/2021;10:10:00;3702;AC02 - Acidente com VITIMA;117;BR-040/RJ;RJ;Queda de Moto;;;;1;;;;;;;0;;1;;
27/12/2021;10:29:00;3705;AC02 - Acidente com VITIMA;117;BR-040/RJ;RJ;Colisão Lateral;1;;;1;;;;;;;1;1;;;
27/12/2021;15:24:00;3749;AC03 - Acidente sem VITIMA;85;BR-040/RJ;JF;Colisão Lateral;;;1;;;;;;;1;2;;;;
27/12/2021;15:42:00;3751;AC03 - Acidente sem VITIMA;93;BR-040/RJ;RJ;Choque - Objeto Fixo;1;;;;;;;;;;1;;;;
27/12/2021;16:07:00;3754;AC03 - Acidente sem VITIMA;89;BR-040/RJ;RJ;Choque - Objeto Fixo;1;;;;;;;;;;1;;;;
27/12/2021;15:59:00;3755;AC03 - Acidente sem VITIMA;91;BR-040/RJ;RJ;Choque - Objeto Fixo;1;;;;;;;;;;1;;;;
27/12/2021;16:54:00;3757;AC03 - Acidente sem VITIMA;82;BR-040/RJ;RJ;Choque - Objeto Fixo;1;;;;;;;;;;1;;;;
27/12/2021;16:35:00;3760;AC03 - Acidente sem VITIMA;53;BR-040/RJ;RJ;Choque - Objeto Fixo;1;;;;;;;;;;1;;;;
27/12/2021;16:40:00;3761;AC03 - Acidente sem VITIMA;122;BR-040/RJ;JF;Colisão Traseira;2;;;;;;;;;;2;;;;
27/12/2021;17:32:00;3762;AC03 - Acidente sem VITIMA;84;BR-040/RJ;RJ;Choque - Objeto Fixo;1;;;;;;;;;;1;;;;
27/12/2021;17:34:00;3763;AC02 - Acidente com VITIMA;91;BR-040/RJ;RJ;Saída de Pista;1;;;;;;;;;;0;1;;;
27/12/2021;17:47:00;3765;AC02 - Acidente com VITIMA;91;BR-040/RJ;RJ;Capotamento;1;;;;;;;;;;0;3;;;
27/12/2021;17:50:00;3766;AC03 - Acidente sem VITIMA;25;BR-040/RJ;JF;Choque - Objeto Fixo;1;;;;;;;;;;1;;;;
27/12/2021;18:01:00;3770;AC03 - Acidente sem VITIMA;94;BR-040/RJ;RJ;Choque - Objeto Fixo;1;;;;;;;;;;1;;;;