data;horario;n_da_ocorrencia;tipo_de_ocorrencia;km;trecho;sentido;tipo_de_acidente;automovel;bicicleta;caminhao;moto;onibus;outros;tracao_animal;transporte_de_cargas_especiais;trator_maquinas;utilitarios;ilesos;levemente_feridos;moderadamente_feridos;gravemente_feridos;mortos
27/12/2021;18:20:00;3772;AC02 - Acidente com VITIMA;78;BR-040/RJ;RJ;Choque - Objeto Fixo;1;;;;;;;;;;0;2;;;
27/12/2021;19:20:00;3778;AC03 - Acidente sem VITIMA;2;BR-040/RJ;RJ;Choque - Objeto Fixo;1;;;;;;;;;;1;;;;
28/12/2021;06:47:00;3811;AC03 - Acidente sem VITIMA;84;BR-040/RJ;RJ;Choque - Objeto Fixo;1;;;;;;;;;;1;;;;
28/12/2021;08:15:00;3819;AC03 - Acidente sem VITIMA;123;BR-040/RJ;RJ;Colisão Traseira;;;1;1;;;;;;;2;;;;
28/12/2021;08:15:00;3820;AC03 - Acidente sem VITIMA;104;BR-040/RJ;JF;Colisão Transversal;1;;;1;;;;;;;2;;;;
28/12/2021;14:30:00;3869;AC03 - Acidente sem VITIMA;79;BR-040/RJ;RJ;Colisão Transversal;1;;;;;;;;;;1;;;;
28/12/2021;18:38:00;3903;AC02 - Acidente com VITIMA;120;BR-040/RJ;RJ;Colisão Lateral;;;1;1;;;;;;;1;1;;;
28/12/2021;19:04:00;3904;AC03 - Acidente sem VITIMA;109;BR-040/RJ;JF;Colisão Traseira;2;;;;;;;;;;2;;;;
28/12/2021;21:55:00;3922;AC02 - Acidente com VITIMA;85;BR-040/RJ;RJ;Choque - Objeto Fixo;1;;;;;;;;;;0;1;;;
29/12/2021;01:19:00;3929;AC03 - Acidente sem VITIMA;95;BR-040/RJ;RJ;Saída de Pista;;;1;;;;;;;;1;;;;
29/12/2021;09:27:00;3962;AC03 - Acidente sem VITIMA;109;BR-040/RJ;RJ;Colisão Traseira;2;;;;;;;;;;2;;;;
29/12/2021;11:04:00;3981;AC03 - Acidente sem VITIMA;99;BR-040/RJ;JF;Colisão Lateral;;;1;;1;;;;;;2;;;;
29/12/2021;11:09:00;3984;AC03 - Acidente sem VITIMA;63;BR-040/RJ;RJ;Choque - Objeto Fixo;1;;;;;;;;;;1;;;;
29/12/2021;11:23:00;3990;AC03 - Acidente sem VITIMA;123;BR-040/RJ;JF;Engavetamento;5;;;;;;;;;;5;;;;
29/12/2021;13:31:00;4003;AC03 - Acidente sem VITIMA;63;BR-040/RJ;JF;Choque - Objeto Fixo;1;;;;;;;;;;1;;;;
29/12/2021;15:07:00;4019;AC03 - Acidente sem VITIMA;75;BR-040/RJ;RJ;Choque - Objeto Fixo;1;;;;;;;;;;1;;;;
29/12/2021;15:30:00;4024;AC02 - Acidente com VITIMA;110;BR-040/RJ;JF;Engavetamento;1;;;;1;1;;;;;1;4;;;
29/12/2021;18:10:00;4041;AC03 - Acidente sem VITIMA;84;BR-040/RJ;RJ;Choque - Objeto Fixo;1;;;;;;;;;;1;;;;
29/12/2021;19:22:00;4049;AC02 - Acidente com VITIMA;104;BR-040/RJ;RJ;Colisão Traseira;;;;1;1;;;;;;1;;1;;
29/12/2021;20:04:00;4056;AC03 - Acidente sem VITIMA;111;BR-040/RJ;RJ;Colisão Traseira;1;;;;;1;;;;;2;;;;
30/12/2021;08:21:00;4097;AC03 - Acidente sem VITIMA;121;BR-040/RJ;JF;Colisão Lateral;1;;1;;;;;;;;2;;;;
30/12/2021;12:56:00;4136;AC03 - Acidente sem VITIMA;805;BR-040/MG;JF;Saída de Pista;1;;;;;;;;;;1;;;;
30/12/2021;13:56:00;4146;AC03 - Acidente sem VITIMA;87;BR-040/RJ;RJ;Saída de Pista;1;;;;;;;;;;1;;;;
30/12/2021;14:27:00;4149;AC03 - Acidente sem VITIMA;799;BR-040/MG;RJ;Choque - Objeto Fixo;1;;;;;;;;;;1;;;;
30/12/2021;14:30:00;4150;AC03 - Acidente sem VITIMA;73;BR-040/RJ;JF;Choque - Objeto Fixo;1;;;;;;;;;;1;;;;
30/12/2021;14:41:00;4152;AC02 - Acidente com VITIMA;93;BR-040/RJ;RJ;Capotamento;1;;;;;;;;;;0;1;;;
30/12/2021;14:27:00;4154;AC03 - Acidente sem VITIMA;799;BR-040/MG;RJ;Choque - Objeto Fixo;1;;;;;;;;;;1;;;;
30/12/2021;14:47:00;4156;AC03 - Acidente sem VITIMA;85;BR-040/RJ;JF;Choque - Objeto Fixo;1;;;;;;;;;;1;;;;
30/12/2021;15:37:00;4160;AC03 - Acidente sem VITIMA;92;BR-040/RJ;RJ;Choque - Objeto Fixo;1;;;;;;;;;;1;;;;
30/12/2021;15:44:00;4162;AC03 - Acidente sem VITIMA;87;BR-040/RJ;RJ;Choque - Objeto Fixo;1;;;;;;;;;;1;;;;
30/12/2021;16:36:00;4169;AC02 - Acidente com VITIMA;806;BR-040/MG;RJ;Colisão Traseira;;;2;;;;;;;;1;3;;;
30/12/2021;16:17:00;4170;AC03 - Acidente sem VITIMA;91;BR-040/RJ;JF;Choque - Objeto Fixo;1;;;;;;;;;;1;;;;
30/12/2021;17:27:00;4178;AC03 - Acidente sem VITIMA;75;BR-040/RJ;RJ;Choque - Objeto Fixo;1;;;;;;;;;;1;;;;
30/12/2021;17:37:00;4181;AC03 - Acidente sem VITIMA;96;BR-040/RJ;RJ;Choque - Objeto Fixo;1;;;;;;;;;;1;;;;
30/12/2021;18:08:00;4187;AC03 - Acidente sem VITIMA;823;BR-040/MG;RJ;Choque - Objeto Fixo;1;;;;;;;;;;1;;;;
30/12/2021;18:22:00;4188;AC03 - Acidente sem VITIMA;92;BR-040/RJ;RJ;Saída de Pista;1;;;;;;;;;;1;;;;
30/12/2021;19:33:00;4202;AC03 - Acidente sem VITIMA;77;BR-040/RJ;RJ;Choque - Objeto Fixo;1;;;;;;;;;;1;;;;
30/12/2021;18:39:00;4204;AC03 - Acidente sem VITIMA;37;BR-040/RJ;JF;Choque - Objeto Fixo;1;;;;;;;;;;1;;;;
30/12/2021;20:01:00;4206;AC02 - Acidente com VITIMA;77;BR-040/RJ;RJ;Capotamento;1;;;;;;;;;;0;2;;;
30/12/2021;20:15:00;4207;AC03 - Acidente sem VITIMA;789;BR-040/MG;JF;Colisão Lateral;2;;;;;;;;;;2;;;;
30/12/2021;20:29:00;4208;AC03 - Acidente sem VITIMA;88;BR-040/RJ;JF;Choque - Objeto Fixo;1;;;;;;;;;;1;;;;
30/12/2021;21:04:00;4211;AC03 - Acidente sem VITIMA;80;BR-040/RJ;RJ;Choque - Objeto Fixo;1;;;;;;;;;;1;;;;
30/12/2021;21:05:00;4212;AC02 - Acidente com VITIMA;61;BR-040/RJ;RJ;Colisão Traseira;2;;;;;;;;;;1;2;;;
31/12/2021;02:05:00;4231;AC03 - Acidente sem VITIMA;113;BR-040/RJ;RJ;Choque - Objeto Fixo;1;;;;;;;;;;1;;;;
31/12/2021;04:15:00;4238;AC03 - Acidente sem VITIMA;93;BR-040/RJ;RJ;Choque - Objeto Fixo;1;;;;;;;;;;1;;;;
31/12/2021;04:18:00;4239;AC03 - Acidente sem VITIMA;84;BR-040/RJ;RJ;Choque - Objeto Fixo;1;;;;;;;;;;1;;;;
31/12/2021;05:17:00;4242;AC03 - Acidente sem VITIMA;77;BR-040/RJ;RJ;Choque - Objeto Fixo;1;;;;;;;;;;1;;;;
31/12/2021;04:57:00;4244;AC03 - Acidente sem VITIMA;93;BR-040/RJ;RJ;Choque - Objeto Fixo;1;;;;;;;;;;1;;;;
31/12/2021;06:02:00;4246;AC03 - Acidente sem VITIMA;91;BR-040/RJ;JF;Choque - Objeto Fixo;1;;;;;;;;;;1;;;;
31/12/2021;06:09:00;4247;AC03 - Acidente sem VITIMA;77;BR-040/RJ;RJ;Choque - Objeto Fixo;1;;;;;;;;;;1;;;;
31/12/2021;06:29:00;4249;AC02 - Acidente com VITIMA;32;BR-040/RJ;JF;Capotamento;1;;;;;;;;;;0;3;;;
31/12/2021;06:56:00;4251;AC03 - Acidente sem VITIMA;78;BR-040/RJ;RJ;Choque - Objeto Fixo;1;;;;;;;;;;1;;;;
31/12/2021;06:57:00;4252;AC02 - Acidente com VITIMA;25;BR-040/RJ;JF;Choque - Objeto Fixo;1;;;;;;;;;;0;4;;;
31/12/2021;07:02:00;4254;AC03 - Acidente sem VITIMA;4;BR-040/RJ;JF;Choque - Objeto Fixo;1;;;;;;;;;;1;;;;
31/12/2021;07:48:00;4260;AC03 - Acidente sem VITIMA;30;BR-040/RJ;JF;Choque - Objeto Fixo;1;;;;;;;;;;1;;;;
31/12/2021;08:04:00;4263;AC03 - Acidente sem VITIMA;77;BR-040/RJ;RJ;Choque - Objeto Fixo;1;;;;;;;;;;1;;;;
31/12/2021;09:02:00;4265;AC03 - Acidente sem VITIMA;82;BR-040/RJ;RJ;Choque - Objeto Fixo;1;;;;;;;;;;1;;;;
31/12/2021;09:28:00;4268;AC03 - Acidente sem VITIMA;84;BR-040/RJ;RJ;Choque - Objeto Fixo;1;;;;;;;;;;1;;;;
31/12/2021;09:20:00;4270;AC03 - Acidente sem VITIMA;78;BR-040/RJ;RJ;Choque - Objeto Fixo;1;;;;;;;;;;1;;;;
31/12/2021;09:44:00;4271;AC02 - Acidente com VITIMA;113;BR-040/RJ;JF;Colisão Traseira;1;;1;;;;;;;;1;1;;;
31/12/2021;10:10:00;4275;AC03 - Acidente sem VITIMA;13;BR-040/RJ;JF;Choque - Objeto Fixo;1;;;;;;;;;;1;;;;
31/12/2021;10:11:00;4276;AC03 - Acidente sem VITIMA;84;BR-040/RJ;RJ;Choque - Objeto Fixo;1;;;;;;;;;;1;;;;
31/12/2021;10:19:00;4278;AC03 - Acidente sem VITIMA;32;BR-040/RJ;JF;Choque - Objeto Fixo;1;;;;;;;;;;1;;;;
31/12/2021;10:31:00;4283;AC03 - Acidente sem VITIMA;86;BR-040/RJ;RJ;Choque - Objeto Fixo;1;;;;;;;;;;1;;;;
31/12/2021;10:43:00;4285;AC03 - Acidente sem VITIMA;43;BR-040/RJ;RJ;Choque - Objeto Fixo;1;;;;;;;;;;1;;;;
31/12/2021;11:23:00;4290;AC03 - Acidente sem VITIMA;1;BR-040/RJ;JF;Choque - Objeto Fixo;1;;;;;;;;;;1;;;;
31/12/2021;11:49:00;4293;AC02 - Acidente com VITIMA;43;BR-040/RJ;JF;Choque - Objeto Fixo;1;;;;;;;;;;0;1;2;;
31/12/2021;12:03:00;4296;AC03 - Acidente sem VITIMA;25;BR-040/RJ;JF;Choque - Objeto Fixo;1;;;;;;;;;;1;;;;
31/12/2021;12:27:00;4299;AC03 - Acidente sem VITIMA;4;BR-040/RJ;RJ;Choque - Objeto Fixo;1;;;;;;;;;;1;;;;
31/12/2021;12:46:00;4302;AC03 - Acidente sem VITIMA;84;BR-040/RJ;RJ;Choque - Objeto Fixo;1;;;;;;;;;;1;;;;
31/12/2021;12:42:00;4308;AC03 - Acidente sem VITIMA;35;BR-040/RJ;JF;Choque - Objeto Fixo;1;;;;;;;;;;1;;;;
31/12/2021;12:40:00;4311;AC03 - Acidente sem VITIMA;78;BR-040/RJ;RJ;Choque - Objeto Fixo;1;;;;;;;;;;1;;;;
31/12/2021;13:15:00;4312;AC03 - Acidente sem VITIMA;84;BR-040/RJ;RJ;Choque - Objeto Fixo;1;;;;;;;;;;1;;;;
31/12/2021;13:16:00;4313;AC03 - Acidente sem VITIMA;84;BR-040/RJ;RJ;Choque - Objeto Fixo;1;;;;;;;;;;1;;;;
31/12/2021;13:18:00;4314;AC02 - Acidente com VITIMA;78;BR-040/RJ;RJ;Choque - Objeto Fixo;1;;;;;;;;;;0;4;;;
31/12/2021;13:36:00;4317;AC03 - Acidente sem VITIMA;84;BR-040/RJ;RJ;Choque - Objeto Fixo;1;;;;;;;;;;1;;;;
31/12/2021;13:35:00;4318;AC03 - Acidente sem VITIMA;91;BR-040/RJ;RJ;Saída de Pista;1;;;;;;;;;;1;;;;
31/12/2021;13:47:00;4320;AC03 - Acidente sem VITIMA;92;BR-040/RJ;RJ;Choque - Objeto Fixo;1;;;;;;;;;;1;;;;
31/12/2021;13:54:00;4321;AC03 - Acidente sem VITIMA;798;BR-040/MG;JF;Colisão Traseira;2;;;;;;;;;;2;;;;
31/12/2021;13:57:00;4322;AC02 - Acidente com VITIMA;777;BR-040/MG;RJ;Capotamento;1;;;;;;;;;;0;3;3;;
31/12/2021;13:15:00;4323;AC02 - Acidente com VITIMA;78;BR-040/RJ;RJ;Choque - Objeto Fixo;1;;;;;;;;;;0;2;;;
31/12/2021;13:08:00;4324;AC03 - Acidente sem VITIMA;78;BR-040/RJ;RJ;Choque - Objeto Fixo;1;;;;;;;;;;1;;;;
31/12/2021;14:06:00;4326;AC03 - Acidente sem VITIMA;109;BR-040/RJ;JF;Colisão Traseira;1;;;;;1;;;;;2;;;;
31/12/2021;14:48:00;4327;AC03 - Acidente sem VITIMA;78;BR-040/RJ;RJ;Choque - Objeto Fixo;1;;;;;;;;;;1;;;;
31/12/2021;14:48:00;4329;AC03 - Acidente sem VITIMA;78;BR-040/RJ;RJ;Choque - Objeto Fixo;1;;;;;;;;;;1;;;;
31/12/2021;14:52:00;4330;AC03 - Acidente sem VITIMA;91;BR-040/RJ;JF;Choque - Objeto Fixo;1;;;;;;;;;;1;;;;
31/12/2021;15:15:00;4331;AC03 - Acidente sem VITIMA;91;BR-040/RJ;RJ;Choque - Objeto Fixo;1;;;;;;;;;;1;;;;
31/12/2021;15:28:00;4334;AC03 - Acidente sem VITIMA;89;BR-040/RJ;RJ;Choque - Objeto Fixo;1;;;;;;;;;;1;;;;
31/12/2021;15:42:00;4336;AC02 - Acidente com VITIMA;93;BR-040/RJ;RJ;Choque - Objeto Fixo;1;;;;;;;;;;0;2;;;
31/12/2021;16:13:00;4339;AC03 - Acidente sem VITIMA;90;BR-040/RJ;RJ;Choque - Objeto Fixo;1;;;;;;;;;;1;;;;
31/12/2021;16:23:00;4341;AC02 - Acidente com VITIMA;824;BR-040/MG;RJ;Choque - Objeto Fixo;1;;;;;;;;;;0;;1;;
31/12/2021;16:39:00;4342;AC02 - Acidente com VITIMA;796;BR-040/MG;RJ;Capotamento;1;;;;;;;;;;0;1;1;;
31/12/2021;16:51:00;4345;AC03 - Acidente sem VITIMA;100;BR-040/RJ;JF;Choque - Objeto Fixo;1;;;;;;;;;;1;;;;
31/12/2021;17:10:00;4350;AC03 - Acidente sem VITIMA;34;BR-040/RJ;RJ;Choque - Objeto Fixo;1;;;;;;;;;;1;;;;
31/12/2021;17:44:00;4353;AC03 - Acidente sem VITIMA;88;BR-040/RJ;JF;Choque - Objeto Fixo;1;;;;;;;;;;1;;;;
31/12/2021;17:50:00;4355;AC03 - Acidente sem VITIMA;93;BR-040/RJ;RJ;Choque - Objeto Fixo;1;;;;;;;;;;1;;;;
31/12/2021;18:02:00;4356;AC03 - Acidente sem VITIMA;93;BR-040/RJ;RJ;Choque - Objeto Fixo;1;;;;;;;;;;1;;;;
31/12/2021;18:16:00;4360;AC03 - Acidente sem VITIMA;92;BR-040/RJ;RJ;Choque - Objeto Fixo;1;;;;;;;;;;1;;;;
31/12/2021;18:28:00;4362;AC03 - Acidente sem VITIMA;79;BR-040/RJ;RJ;Choque - Objeto Fixo;1;;;;;;;;;;1;;;;
31/12/2021;23:07:00;4379;AC03 - Acidente sem VITIMA;84;BR-040/RJ;RJ;Choque - Objeto Fixo;1;;;;;;;;;;1;;;;
01/01/2022;03:28:00;12;AC03 - Acidente sem VITIMA;113;BR-040/RJ;RJ;Saída de Pista;1;;;;;;;;;;1;;;;
01/01/2022;05:24:00;22;AC03 - Acidente sem VITIMA;3;BR-040/RJ;RJ;Choque - Objeto Fixo;1;;;;;;;;;;1;;;;
01/01/2022;05:58:00;24;AC02 - Acidente com VITIMA;113;BR-040/RJ;JF;Capotamento;1;;;;;;;;;;0;5;;;
01/01/2022;06:11:00;25;AC03 - Acidente sem VITIMA;801;BR-040/MG;RJ;Choque - Objeto Fixo;1;;;;;;;;;;1;;;;
01/01/2022;06:17:00;27;AC03 - Acidente sem VITIMA;78;BR-040/RJ;RJ;Choque - Objeto Fixo;1;;;;;;;;;;1;;;;
01/01/2022;06:10:00;28;AC03 - Acidente sem VITIMA;824;BR-040/MG;RJ;Choque - Objeto Fixo;1;;;;;;;;;;1;;;;
01/01/2022;07:00:00;33;AC03 - Acidente sem VITIMA;78;BR-040/RJ;RJ;Choque - Objeto Fixo;1;;;;;;;;;;1;;;;
01/01/2022;07:16:00;34;AC03 - Acidente sem VITIMA;113;BR-040/RJ;JF;Choque - Objeto Fixo;1;;;;;;;;;;1;;;;
01/01/2022;07:33:00;37;AC03 - Acidente sem VITIMA;75;BR-040/RJ;RJ;Choque - Objeto Fixo;1;;;;;;;;;;1;;;;
01/01/2022;08:33:00;43;AC03 - Acidente sem VITIMA;89;BR-040/RJ;RJ;Choque - Objeto Fixo;1;;;;;;;;;;1;;;;
01/01/2022;08:40:00;44;AC03 - Acidente sem VITIMA;88;BR-040/RJ;JF;Choque - Objeto Fixo;1;;;;;;;;;;1;;;;
01/01/2022;09:18:00;45;AC03 - Acidente sem VITIMA;78;BR-040/RJ;RJ;Choque - Objeto Fixo;1;;;;;;;;;;1;;;;
01/01/2022;10:39:00;50;AC03 - Acidente sem VITIMA;84;BR-040/RJ;RJ;Choque - Objeto Fixo;1;;;;;;;;;;1;;;;
01/01/2022;11:26:00;52;AC03 - Acidente sem VITIMA;75;BR-040/RJ;RJ;Choque - Objeto Fixo;1;;;;;;;;;;1;;;;
01/01/2022;12:31:00;58;AC03 - Acidente sem VITIMA;78;BR-040/RJ;RJ;Choque - Objeto Fixo;1;;;;;;;;;;1;;;;
01/01/2022;12:37:00;62;AC03 - Acidente sem VITIMA;25;BR-040/RJ;JF;Choque - Objeto Fixo;1;;;;;;;;;;1;;;;
01/01/2022;13:10:00;66;AC03 - Acidente sem VITIMA;85;BR-040/RJ;RJ;Choque - Objeto Fixo;1;;;;;;;;;;1;;;;
01/01/2022;13:18:00;67;AC03 - Acidente sem VITIMA;94;BR-040/RJ;RJ;Choque - Objeto Fixo;1;;;;;;;;;;1;;;;
01/01/2022;15:30:00;74;AC03 - Acidente sem VITIMA;35;BR-040/RJ;JF;Choque - Objeto Fixo;1;;;;;;;;;;1;;;;
01/01/2022;15:48:00;75;AC02 - Acidente com VITIMA;43;BR-040/RJ;JF;Choque - Objeto Fixo;1;;;;;;;;;;0;5;1;;
01/01/2022;16:59:00;85;AC02 - Acidente com VITIMA;84;BR-040/RJ;RJ;Capotamento;1;;;;;;;;;;0;2;;;
01/01/2022;17:33:00;88;AC02 - Acidente com VITIMA;43;BR-040/RJ;JF;Choque - Objeto Fixo;1;;;;;;;;;;0;1;1;;
01/01/2022;18:15:00;91;AC03 - Acidente sem VITIMA;93;BR-040/RJ;RJ;Choque - Objeto Fixo;1;;;;;;;;;;1;;;;
01/01/2022;18:27:00;93;AC03 - Acidente sem VITIMA;93;BR-040/RJ;RJ;Choque - Objeto Fixo;1;;;;;;;;;;1;;;;
01/01/2022;18:47:00;94;AC03 - Acidente sem VITIMA;69;BR-040/RJ;JF;Capotamento;1;;;;;;;;;;1;;;;
01/01/2022;19:08:00;96;AC04 - Atropelamento;105;BR-040/RJ;JF;Atropelamento - Pedestre;;;;;;2;;;;;1;1;;;
02/01/2022;05:49:00;125;AC03 - Acidente sem VITIMA;87;BR-040/RJ;RJ;Choque - Objeto Fixo;1;;;;;;;;;;1;;;;
02/01/2022;07:01:00;130;AC03 - Acidente sem VITIMA;92;BR-040/RJ;RJ;Choque - Objeto Fixo;1;;;;;;;;;;1;;;;
02/01/2022;08:01:00;138;AC03 - Acidente sem VITIMA;78;BR-040/RJ;RJ;Choque - Objeto Fixo;1;;;;;;;;;;1;;;;
02/01/2022;08:40:00;140;AC03 - Acidente sem VITIMA;826;BR-040/MG;RJ;Choque - Objeto Fixo;1;;;;;;;;;;1;;;;
02/01/2022;09:18:00;141;AC03 - Acidente sem VITIMA;98;BR-040/RJ;JF;Colisão Lateral;2;;;;;;;;;;2;;;;
02/01/2022;09:29:00;143;AC02 - Acidente com VITIMA;4;BR-040/RJ;RJ;Capotamento;1;;;;;;;;;;0;;1;;
02/01/2022;09:57:00;148;AC02 - Acidente com VITIMA;82;BR-040/RJ;RJ;Choque - Objeto Fixo;1;;;;;;;;;;0;2;;;
02/01/2022;09:15:00;151;AC03 - Acidente sem VITIMA;78;BR-040/RJ;RJ;Colisão Traseira;2;;;;;;;;;;2;;;;
02/01/2022;10:11:00;152;AC03 - Acidente sem VITIMA;91;BR-040/RJ;RJ;Choque - Objeto Fixo;1;;;;;;;;;;1;;;;
02/01/2022;10:15:00;153;AC03 - Acidente sem VITIMA;76;BR-040/RJ;RJ;Choque - Objeto Fixo;1;;;;;;;;;;1;;;;
02/01/2022;10:40:00;156;AC03 - Acidente sem VITIMA;81;BR-040/RJ;RJ;Choque - Objeto Fixo;1;;;;;;;;;;1;;;;
02/01/2022;11:14:00;159;AC03 - Acidente sem VITIMA;94;BR-040/RJ;JF;Saída de Pista;1;;;;;;;;;;1;;;;
02/01/2022;11:17:00;160;AC03 - Acidente sem VITIMA;91;BR-040/RJ;JF;Colisão Lateral;2;;;;;;;;;;2;;;;
02/01/2022;11:18:00;161;AC03 - Acidente sem VITIMA;90;BR-040/RJ;RJ;Choque - Objeto Fixo;1;;;;;;;;;;1;;;;
02/01/2022;11:36:00;163;AC03 - Acidente sem VITIMA;125;BR-040/RJ;RJ;Tombamento;;;1;;;;;;;;1;;;;
02/01/2022;12:21:00;167;AC03 - Acidente sem VITIMA;1;BR-040/RJ;JF;Choque - Objeto Fixo;1;;;;;;;;;;1;;;;
02/01/2022;17:08:00;204;AC02 - Acidente com VITIMA;70;BR-040/RJ;RJ;Colisão Traseira;2;;;;;;;;;;0;4;;;
02/01/2022;17:45:00;211;AC03 - Acidente sem VITIMA;36;BR-040/RJ;JF;Saída de Pista;1;;;;;;;;;;1;;;;
02/01/2022;18:35:00;215;AC03 - Acidente sem VITIMA;4;BR-040/RJ;JF;Choque - Objeto Fixo;1;;;;;;;;;;1;;;;
02/01/2022;18:55:00;219;AC03 - Acidente sem VITIMA;82;BR-040/RJ;RJ;Choque - Objeto Fixo;1;;;;;;;;;;1;;;;
02/01/2022;20:01:00;228;AC03 - Acidente sem VITIMA;787;BR-040/MG;JF;Choque - Objeto Fixo;1;;;;;;;;;;1;;;;
02/01/2022;20:33:00;229;AC03 - Acidente sem VITIMA;74;BR-040/RJ;RJ;Choque - Objeto Fixo;1;;;;;;;;;;1;;;;
02/01/2022;21:07:00;231;AC02 - Acidente com VITIMA;43;BR-040/RJ;JF;Choque - Objeto Fixo;1;;;;;;;;;;0;4;;;
02/01/2022;21:38:00;234;AC03 - Acidente sem VITIMA;85;BR-040/RJ;JF;Choque - Objeto Fixo;1;;;;;;;;;;1;;;;
02/01/2022;23:19:00;239;AC03 - Acidente sem VITIMA;43;BR-040/RJ;JF;Choque - Objeto Fixo;1;;;;;;;;;;1;;;;
03/01/2022;00:06:00;247;AC03 - Acidente sem VITIMA;43;BR-040/RJ;JF;Colisão Traseira;2;;;;;;;;;;2;;;;
03/01/2022;01:06:00;253;AC03 - Acidente sem VITIMA;93;BR-040/RJ;RJ;Derrapagem;1;;;;;;;;;;1;;;;
03/01/2022;05:25:00;275;AC02 - Acidente com VITIMA;43;BR-040/RJ;JF;Choque - Objeto Fixo;1;;;;;;;;;;0;2;;;
03/01/2022;05:30:00;276;AC02 - Acidente com VITIMA;104;BR-040/RJ;JF;Colisão Lateral;1;;;;1;;;;;;1;1;;;
03/01/2022;05:58:00;280;AC03 - Acidente sem VITIMA;85;BR-040/RJ;JF;Choque - Objeto Fixo;1;;;;;;;;;;1;;;;
03/01/2022;06:22:00;282;AC02 - Acidente com VITIMA;31;BR-040/RJ;JF;Choque - Objeto Fixo;1;;;;;;;;;;0;1;;;
03/01/2022;07:18:00;288;AC03 - Acidente sem VITIMA;123;BR-040/RJ;RJ;Colisão Lateral;1;;1;;;;;;;;2;;;;
03/01/2022;09:05:00;304;AC03 - Acidente sem VITIMA;773;BR-040/MG;RJ;Saída de Pista;1;;;;;;;;;;1;;;;
03/01/2022;09:54:00;310;AC02 - Acidente com VITIMA;783;BR-040/MG;JF;Capotamento;1;;;;;;;;;;0;1;;4;
03/01/2022;10:37:00;316;AC03 - Acidente sem VITIMA;816;BR-040/MG;JF;Colisão Traseira;2;;;;;;;;;;2;;;;
03/01/2022;10:51:00;321;AC03 - Acidente sem VITIMA;97;BR-040/RJ;JF;Engavetamento;4;;;;;;;;;;4;;;;
03/01/2022;14:17:00;352;AC02 - Acidente com VITIMA;34;BR-040/RJ;RJ;Saída de Pista;1;;;;;;;;;;0;2;;;
03/01/2022;15:38:00;368;AC02 - Acidente com VITIMA;815;BR-040/MG;JF;Capotamento;1;;;;;;;;;;0;1;;;
03/01/2022;17:56:00;392;AC02 - Acidente com VITIMA;76;BR-040/RJ;RJ;Queda de Moto;;;;1;;;;;;;0;;1;;
03/01/2022;22:41:00;419;AC02 - Acidente com VITIMA;91;BR-040/RJ;RJ;Saída de Pista;1;;;;;;;;;;0;2;;;
04/01/2022;01:19:00;422;AC02 - Acidente com VITIMA;79;BR-040/RJ;RJ;Tombamento;;;1;;;;;;;;0;1;;;
04/01/2022;01:38:00;423;AC02 - Acidente com VITIMA;812;BR-040/MG;JF;Choque - Objeto Fixo;;;;;1;;;;;;0;2;;;
04/01/2022;01:46:00;424;AC02 - Acidente com VITIMA;15;BR-040/RJ;RJ;Tombamento;;;1;;;;;;;;0;1;;;
04/01/2022;19:52:00;559;AC03 - Acidente sem VITIMA;84;BR-040/RJ;RJ;Choque - Objeto Fixo;1;;;;;;;;;;1;;;;
04/01/2022;23:18:00;572;AC03 - Acidente sem VITIMA;14;BR-040/RJ;RJ;Tombamento;;;1;;;;;;;;1;;;;
05/01/2022;11:09:00;629;AC02 - Acidente com VITIMA;116;BR-040/RJ;JF;Engavetamento;2;;1;;;;;;;;2;;1;;
05/01/2022;12:08:00;634;AC03 - Acidente sem VITIMA;104;BR-040/RJ;JF;Colisão Lateral;2;;;;;;;;;;2;;;;
05/01/2022;14:49:00;654;AC03 - Acidente sem VITIMA;113;BR-040/RJ;JF;Choque - Objeto Fixo;1;;;;;;;;;;1;;;;
05/01/2022;15:11:00;658;AC03 - Acidente sem VITIMA;109;BR-040/RJ;JF;Colisão Lateral;1;;;;1;;;;;;2;;;;
05/01/2022;16:09:00;665;AC02 - Acidente com VITIMA;33;BR-040/RJ;JF;Capotamento;;;1;;;;;;;;0;4;;;
05/01/2022;16:47:00;670;AC03 - Acidente sem VITIMA;84;BR-040/RJ;RJ;Choque - Objeto Fixo;1;;;;;;;;;;1;;;;
05/01/2022;18:31:00;682;AC03 - Acidente sem VITIMA;93;BR-040/RJ;RJ;Choque - Objeto Fixo;1;;;;;;;;;;1;;;;
05/01/2022;18:55:00;686;AC03 - Acidente sem VITIMA;94;BR-040/RJ;RJ;Choque - Objeto Fixo;1;;;;;;;;;;1;;;;
05/01/2022;20:50:00;691;AC02 - Acidente com VITIMA;121;BR-040/RJ;RJ;Colisão Lateral;1;;;1;;;;;;;1;;1;;
05/01/2022;20:52:00;696;AC03 - Acidente sem VITIMA;93;BR-040/RJ;RJ;Choque - Objeto Fixo;1;;;;;;;;;;1;;;;
06/01/2022;00:25:00;707;AC03 - Acidente sem VITIMA;107;BR-040/RJ;JF;Colisão Traseira;;;;;2;;;;;;2;;;;
06/01/2022;05:38:00;720;AC03 - Acidente sem VITIMA;90;BR-040/RJ;RJ;Choque - Objeto Fixo;1;;;;;;;;;;1;;;;
06/01/2022;06:03:00;724;AC03 - Acidente sem VITIMA;92;BR-040/RJ;RJ;Derrapagem;1;;;;;;;;;;1;;;;
06/01/2022;06:34:00;725;AC02 - Acidente com VITIMA;32;BR-040/RJ;JF;Capotamento;1;;;;;;;;;;0;1;;;