data;horario;n_da_ocorrencia;tipo_de_ocorrencia;km;trecho;sentido;tipo_de_acidente;automovel;bicicleta;caminhao;moto;onibus;outros;tracao_animal;transporte_de_cargas_especiais;trator_maquinas;utilitarios;ilesos;levemente_feridos;moderadamente_feridos;gravemente_feridos;mortos
06/01/2022;06:39:00;728;AC03 - Acidente sem VITIMA;784;BR-040/MG;RJ;Queda de Moto;;;;1;;;;;;;1;;;;
06/01/2022;07:18:00;733;AC03 - Acidente sem VITIMA;58;BR-040/RJ;RJ;Choque - Objeto Fixo;1;;;;;;;;;;1;;;;
06/01/2022;07:48:00;737;AC03 - Acidente sem VITIMA;66;BR-040/RJ;JF;Choque - Objeto Fixo;1;;;;;;;;;;1;;;;
06/01/2022;08:39:00;745;AC03 - Acidente sem VITIMA;86;BR-040/RJ;RJ;Choque - Objeto Fixo;1;;;;;;;;;;1;;;;
06/01/2022;09:26:00;749;AC02 - Acidente com VITIMA;77;BR-040/RJ;RJ;Choque - Objeto Fixo;1;;;;;;;;;;0;;3;;
06/01/2022;09:31:00;750;AC03 - Acidente sem VITIMA;825;BR-040/MG;RJ;Choque - Objeto Fixo;1;;;;;;;;;;1;;;;
06/01/2022;10:03:00;755;AC03 - Acidente sem VITIMA;85;BR-040/RJ;RJ;Choque - Objeto Fixo;1;;;;;;;;;;1;;;;
06/01/2022;10:21:00;757;AC03 - Acidente sem VITIMA;94;BR-040/RJ;RJ;Choque - Objeto Fixo;1;;;;;;;;;;1;;;;
06/01/2022;10:22:00;758;AC03 - Acidente sem VITIMA;16;BR-040/RJ;RJ;Choque - Objeto Fixo;1;;;;;;;;;;1;;;;
06/01/2022;13:33:00;783;AC03 - Acidente sem VITIMA;77;BR-040/RJ;RJ;Choque - Objeto Fixo;1;;;;;;;;;;1;;;;
06/01/2022;13:47:00;786;AC03 - Acidente sem VITIMA;91;BR-040/RJ;JF;Choque - Objeto Fixo;1;;;;;;;;;;1;;;;
06/01/2022;13:49:00;787;AC03 - Acidente sem VITIMA;84;BR-040/RJ;RJ;Choque - Objeto Fixo;1;;;;;;;;;;1;;;;
06/01/2022;13:56:00;788;AC02 - Acidente com VITIMA;783;BR-040/MG;JF;Saída de Pista;1;;;;;;;;;;0;;4;;
06/01/2022;14:00:00;789;AC03 - Acidente sem VITIMA;82;BR-040/RJ;RJ;Choque - Objeto Fixo;1;;;;;;;;;;1;;;;
06/01/2022;14:11:00;790;AC03 - Acidente sem VITIMA;82;BR-040/RJ;RJ;Choque - Objeto Fixo;1;;;;;;;;;;1;;;;
06/01/2022;14:59:00;793;AC03 - Acidente sem VITIMA;81;BR-040/RJ;RJ;Choque - Objeto Fixo;1;;;;;;;;;;1;;;;
06/01/2022;15:58:00;799;AC03 - Acidente sem VITIMA;69;BR-040/RJ;JF;Choque - Objeto Fixo;;;1;;;;;;;;1;;;;
06/01/2022;16:54:00;809;AC03 - Acidente sem VITIMA;108;BR-040/RJ;JF;Colisão Traseira;2;;;;;;;;;;2;;;;
06/01/2022;19:30:00;825;AC03 - Acidente sem VITIMA;92;BR-040/RJ;JF;Choque - Objeto Fixo;1;;;;;;;;;;1;;;;
06/01/2022;23:33:00;841;AC03 - Acidente sem VITIMA;120;BR-040/RJ;RJ;Choque - Objeto Fixo;2;;;;;;;;;;2;;;;
07/01/2022;05:27:00;855;AC03 - Acidente sem VITIMA;90;BR-040/RJ;RJ;Choque - Objeto Fixo;1;;;;;;;;;;1;;;;
07/01/2022;06:09:00;860;AC03 - Acidente sem VITIMA;93;BR-040/RJ;RJ;Choque - Objeto Fixo;1;;;;;;;;;;1;;;;
07/01/2022;06:53:00;862;AC02 - Acidente com VITIMA;113;BR-040/RJ;RJ;Colisão Traseira;1;;;1;;;;;;;1;1;;;
07/01/2022;07:50:00;869;AC03 - Acidente sem VITIMA;90;BR-040/RJ;RJ;Choque - Objeto Fixo;1;;;;;;;;;;1;;;;
07/01/2022;08:24:00;873;AC03 - Acidente sem VITIMA;91;BR-040/RJ;RJ;Choque - Objeto Fixo;1;;;;;;;;;;1;;;;
07/01/2022;08:49:00;877;AC03 - Acidente sem VITIMA;3;BR-040/RJ;RJ;Choque - Objeto Fixo;1;;;;;;;;;;1;;;;
07/01/2022;09:26:00;880;AC03 - Acidente sem VITIMA;100;BR-040/RJ;JF;Choque - Objeto Fixo;1;;;;;;;;;;1;;;;
07/01/2022;09:33:00;881;AC03 - Acidente sem VITIMA;100;BR-040/RJ;RJ;Choque - Objeto Fixo;1;;1;;;;;;;;2;;;;
07/01/2022;10:01:00;888;AC03 - Acidente sem VITIMA;93;BR-040/RJ;RJ;Choque - Objeto Fixo;1;;;;;;;;;;1;;;;
07/01/2022;10:40:00;894;AC03 - Acidente sem VITIMA;90;BR-040/RJ;RJ;Colisão Lateral;1;;1;;;;;;;;2;;;;
07/01/2022;11:25:00;904;AC02 - Acidente com VITIMA;17;BR-040/RJ;JF;Tombamento;;;1;;;;;;;;0;1;;;
07/01/2022;11:49:00;907;AC03 - Acidente sem VITIMA;94;BR-040/RJ;RJ;Choque - Objeto Fixo;1;;;;;;;;;;1;;;;
07/01/2022;12:07:00;908;AC03 - Acidente sem VITIMA;87;BR-040/RJ;RJ;Choque - Objeto Fixo;1;;;;;;;;;;1;;;;
07/01/2022;13:42:00;918;AC03 - Acidente sem VITIMA;90;BR-040/RJ;RJ;Choque - Objeto Fixo;1;;;;;;;;;;1;;;;
07/01/2022;15:07:00;934;AC03 - Acidente sem VITIMA;118;BR-040/RJ;JF;Choque - Objeto Fixo;1;;;;;;;;;;1;;;;
07/01/2022;15:22:00;937;AC03 - Acidente sem VITIMA;94;BR-040/RJ;RJ;Choque - Objeto Fixo;1;;;;;;;;;;1;;;;
07/01/2022;17:35:00;961;AC03 - Acidente sem VITIMA;105;BR-040/RJ;JF;Choque - Objeto Fixo;1;;;;;;;;;;1;;;;
07/01/2022;18:13:00;967;AC03 - Acidente sem VITIMA;84;BR-040/RJ;RJ;Choque - Objeto Fixo;1;;;;;;;;;;1;;;;
07/01/2022;19:04:00;974;AC03 - Acidente sem VITIMA;96;BR-040/RJ;RJ;Choque - Objeto Fixo;1;;;;;;;;;;1;;;;
07/01/2022;19:14:00;978;AC03 - Acidente sem VITIMA;96;BR-040/RJ;RJ;Choque - Objeto Fixo;1;;;;;;;;;;1;;;;
07/01/2022;19:49:00;979;AC03 - Acidente sem VITIMA;96;BR-040/RJ;RJ;Colisão Traseira;2;;;;;;;;;;2;;;;
07/01/2022;22:44:00;991;AC03 - Acidente sem VITIMA;816;BR-040/MG;RJ;Atropelamento - Animal;1;;;;;;;;;;1;;;;
08/01/2022;00:03:00;997;AC03 - Acidente sem VITIMA;791;BR-040/MG;RJ;Saída de Pista;1;;;;;;;;;;1;;;;
08/01/2022;00:17:00;1000;AC03 - Acidente sem VITIMA;78;BR-040/RJ;RJ;Choque - Objeto Fixo;1;;;;;;;;;;1;;;;
08/01/2022;07:16:00;1034;AC03 - Acidente sem VITIMA;84;BR-040/RJ;RJ;Choque - Objeto Fixo;1;;;;;;;;;;1;;;;
08/01/2022;07:21:00;1036;AC03 - Acidente sem VITIMA;90;BR-040/RJ;RJ;Choque - Objeto Fixo;1;;;;;;;;;;1;;;;
08/01/2022;08:01:00;1045;AC03 - Acidente sem VITIMA;90;BR-040/RJ;RJ;Saída de Pista;1;;;;;;;;;;1;;;;
08/01/2022;09:24:00;1052;AC03 - Acidente sem VITIMA;90;BR-040/RJ;RJ;Saída de Pista;1;;;;;;;;;;1;;;;
08/01/2022;10:21:00;1061;AC03 - Acidente sem VITIMA;82;BR-040/RJ;RJ;Choque - Objeto Fixo;1;;;;;;;;;;1;;;;
08/01/2022;10:31:00;1062;AC03 - Acidente sem VITIMA;72;BR-040/RJ;JF;Capotamento;1;;;;;;;;;;1;;;;
08/01/2022;11:02:00;1070;AC03 - Acidente sem VITIMA;94;BR-040/RJ;RJ;Saída de Pista;1;;;;;;;;;;1;;;;
08/01/2022;11:41:00;1072;AC03 - Acidente sem VITIMA;4;BR-040/RJ;JF;Choque - Objeto Fixo;1;;;;;;;;;;1;;;;
08/01/2022;12:32:00;1079;AC03 - Acidente sem VITIMA;91;BR-040/RJ;JF;Derrapagem;1;;;;;;;;;;1;;;;
08/01/2022;12:40:00;1082;AC03 - Acidente sem VITIMA;92;BR-040/RJ;RJ;Choque - Objeto Fixo;1;;;;;;;;;;1;;;;
08/01/2022;13:37:00;1086;AC03 - Acidente sem VITIMA;85;BR-040/RJ;JF;Choque - Objeto Fixo;1;;;;;;;;;;1;;;;
08/01/2022;14:00:00;1092;AC02 - Acidente com VITIMA;8;BR-040/RJ;JF;Choque - Objeto Fixo;1;;;;;;;;;;0;;1;1;
08/01/2022;14:37:00;1096;AC03 - Acidente sem VITIMA;93;BR-040/RJ;RJ;Saída de Pista;1;;;;;;;;;;1;;;;
08/01/2022;15:53:00;1104;AC03 - Acidente sem VITIMA;84;BR-040/RJ;RJ;Choque - Objeto Fixo;1;;;;;;;;;;1;;;;
08/01/2022;17:40:00;1118;AC03 - Acidente sem VITIMA;123;BR-040/RJ;RJ;Colisão Traseira;2;;;;;;;;;;2;;;;
08/01/2022;18:24:00;1124;AC02 - Acidente com VITIMA;82;BR-040/RJ;RJ;Capotamento;1;;;;;;;;;;0;3;;;
08/01/2022;20:48:00;1134;AC03 - Acidente sem VITIMA;113;BR-040/RJ;JF;Choque - Objeto Fixo;1;;;;;;;;;;1;;;;
08/01/2022;22:09:00;1139;AC02 - Acidente com VITIMA;113;BR-040/RJ;RJ;Tombamento;1;;;;;;;;;;0;1;;;
09/01/2022;01:45:00;1161;AC03 - Acidente sem VITIMA;92;BR-040/RJ;RJ;Choque - Objeto Fixo;1;;;;;;;;;;1;;;;
09/01/2022;08:15:00;1176;AC02 - Acidente com VITIMA;34;BR-040/RJ;JF;Choque - Objeto Fixo;1;;;;;;;;;;0;5;;;
09/01/2022;08:27:00;1180;AC03 - Acidente sem VITIMA;82;BR-040/RJ;RJ;Choque - Objeto Fixo;1;;;;;;;;;;1;;;;
09/01/2022;08:38:00;1182;AC03 - Acidente sem VITIMA;90;BR-040/RJ;JF;Choque - Objeto Fixo;1;;;;;;;;;;1;;;;
09/01/2022;08:54:00;1184;AC03 - Acidente sem VITIMA;92;BR-040/RJ;JF;Choque - Objeto Fixo;1;;;;;;;;;;1;;;;
09/01/2022;09:32:00;1189;AC03 - Acidente sem VITIMA;93;BR-040/RJ;RJ;Saída de Pista;1;;;;;;;;;;1;;;;
09/01/2022;10:00:00;1192;AC03 - Acidente sem VITIMA;45;BR-040/RJ;JF;Choque - Objeto Fixo;1;;;;;;;;;;1;;;;
09/01/2022;10:17:00;1194;AC03 - Acidente sem VITIMA;93;BR-040/RJ;RJ;Choque - Objeto Fixo;1;;;;;;;;;;1;;;;
09/01/2022;10:27:00;1195;AC03 - Acidente sem VITIMA;89;BR-040/RJ;RJ;Choque - Objeto Fixo;1;;;;;;;;;;1;;;;
09/01/2022;11:06:00;1200;AC03 - Acidente sem VITIMA;92;BR-040/RJ;RJ;Choque - Objeto Fixo;1;;;;;;;;;;1;;;;
09/01/2022;11:51:00;1205;AC02 - Acidente com VITIMA;75;BR-040/RJ;RJ;Saída de Pista;1;;;;;;;;;;0;;2;;
09/01/2022;11:56:00;1207;AC03 - Acidente sem VITIMA;90;BR-040/RJ;JF;Colisão Traseira;1;;1;;;1;;;;;3;;;;
09/01/2022;12:13:00;1209;AC03 - Acidente sem VITIMA;77;BR-040/RJ;RJ;Choque - Objeto Fixo;1;;;;;;;;;;1;;;;
09/01/2022;12:30:00;1212;AC02 - Acidente com VITIMA;809;BR-040/MG;JF;Choque - Objeto Fixo;1;;;;;;;;;;0;2;;;
09/01/2022;12:41:00;1215;AC03 - Acidente sem VITIMA;93;BR-040/RJ;RJ;Choque - Objeto Fixo;1;;;;;;;;;;1;;;;
09/01/2022;12:44:00;1216;AC03 - Acidente sem VITIMA;25;BR-040/RJ;JF;Choque - Objeto Fixo;1;;;;;;;;;;1;;;;
09/01/2022;12:54:00;1218;AC03 - Acidente sem VITIMA;84;BR-040/RJ;JF;Choque - Objeto Fixo;1;;;;;;;;;;1;;;;
09/01/2022;15:12:00;1228;AC03 - Acidente sem VITIMA;75;BR-040/RJ;RJ;Choque - Objeto Fixo;1;;;;;;;;;;1;;;;
09/01/2022;15:22:00;1230;AC02 - Acidente com VITIMA;91;BR-040/RJ;RJ;Choque - Objeto Fixo;1;;;;;;;;;;0;3;;;
09/01/2022;17:00:00;1241;AC03 - Acidente sem VITIMA;78;BR-040/RJ;RJ;Choque - Objeto Fixo;1;;;;;;;;;;1;;;;
09/01/2022;17:03:00;1242;AC02 - Acidente com VITIMA;93;BR-040/RJ;RJ;Capotamento;1;;;;;;;;;;0;2;;;
09/01/2022;17:23:00;1245;AC03 - Acidente sem VITIMA;85;BR-040/RJ;JF;Choque - Objeto Fixo;1;;;;;;;;;;1;;;;
09/01/2022;17:28:00;1247;AC03 - Acidente sem VITIMA;92;BR-040/RJ;RJ;Choque - Objeto Fixo;1;;;;;;;;;;1;;;;
09/01/2022;18:02:00;1252;AC02 - Acidente com VITIMA;82;BR-040/RJ;RJ;Choque - Objeto Fixo;1;;;;;;;;;;0;4;1;;
09/01/2022;18:26:00;1256;AC03 - Acidente sem VITIMA;101;BR-040/RJ;JF;Colisão Traseira;2;;;;;;;;;;2;;;;
09/01/2022;18:54:00;1261;AC03 - Acidente sem VITIMA;92;BR-040/RJ;RJ;Choque - Objeto Fixo;1;;;;;;;;;;1;;;;
09/01/2022;18:59:00;1263;AC02 - Acidente com VITIMA;74;BR-040/RJ;JF;Queda de Moto;;;;1;;;;;;;0;1;;;
09/01/2022;22:27:00;1281;AC03 - Acidente sem VITIMA;84;BR-040/RJ;RJ;Derrapagem;1;;;;;;;;;;1;;;;
10/01/2022;04:05:00;1298;AC03 - Acidente sem VITIMA;86;BR-040/RJ;JF;Choque - Objeto Fixo;1;;;;;;;;;;1;;;;
10/01/2022;04:06:00;1299;AC02 - Acidente com VITIMA;64;BR-040/RJ;RJ;Saída de Pista;;;1;;;;;;;;0;1;;;
10/01/2022;07:49:00;1315;AC02 - Acidente com VITIMA;124;BR-040/RJ;RJ;Engavetamento;4;;;;;;;;;;3;;1;;
10/01/2022;08:58:00;1325;AC03 - Acidente sem VITIMA;91;BR-040/RJ;RJ;Choque - Objeto Fixo;1;;;;;;;;;;1;;;;
10/01/2022;09:10:00;1328;AC03 - Acidente sem VITIMA;82;BR-040/RJ;RJ;Colisão Lateral;1;;1;;;;;;;;2;;;;
10/01/2022;09:17:00;1330;AC03 - Acidente sem VITIMA;22;BR-040/RJ;RJ;Choque - Objeto Fixo;1;;;;;;;;;;1;;;;
10/01/2022;12:40:00;1358;AC03 - Acidente sem VITIMA;3;BR-040/RJ;JF;Colisão Traseira;2;;;;;;;;;;2;;;;
10/01/2022;13:21:00;1365;AC02 - Acidente com VITIMA;84;BR-040/RJ;RJ;Engavetamento;4;;;;;;;;;;0;10;;;
10/01/2022;14:23:00;1375;AC03 - Acidente sem VITIMA;816;BR-040/MG;RJ;Colisão Lateral;1;;1;;;;;;;;2;;;;
10/01/2022;16:11:00;1389;AC02 - Acidente com VITIMA;17;BR-040/RJ;JF;Capotamento;1;;;;;;;;;;0;;1;;
10/01/2022;16:32:00;1393;AC03 - Acidente sem VITIMA;92;BR-040/RJ;RJ;Choque - Objeto Fixo;1;;;;;;;;;;1;;;;
10/01/2022;18:28:00;1407;AC03 - Acidente sem VITIMA;33;BR-040/RJ;JF;Choque - Objeto Fixo;;;1;;;;;;;;1;;;;
10/01/2022;19:48:00;1412;AC02 - Acidente com VITIMA;43;BR-040/RJ;JF;Choque - Objeto Fixo;;;1;;;;;;;;0;1;;;
11/01/2022;00:32:00;1423;AC02 - Acidente com VITIMA;110;BR-040/RJ;RJ;Capotamento;1;;;;;;;;;;0;1;;;
11/01/2022;07:03:00;1445;AC03 - Acidente sem VITIMA;123;BR-040/RJ;RJ;Colisão Traseira;1;;1;;;;;;;;2;;;;
11/01/2022;10:07:00;1479;AC03 - Acidente sem VITIMA;85;BR-040/RJ;JF;Choque - Objeto Fixo;1;;;;;;;;;;1;;;;
11/01/2022;14:58:00;1524;AC03 - Acidente sem VITIMA;84;BR-040/RJ;RJ;Choque - Objeto Fixo;1;;;;;;;;;;1;;;;
11/01/2022;15:45:00;1532;AC02 - Acidente com VITIMA;77;BR-040/RJ;JF;Saída de Pista;1;;;;;;;;;;0;1;1;;
11/01/2022;19:45:00;1572;AC03 - Acidente sem VITIMA;78;BR-040/RJ;RJ;Choque - Objeto Fixo;1;;;;;;;;;;1;;;;
11/01/2022;21:00:00;1576;AC02 - Acidente com VITIMA;120;BR-040/RJ;RJ;Queda de Moto;;;;1;;;;;;;0;1;;;
11/01/2022;23:48:00;1588;AC02 - Acidente com VITIMA;11;BR-040/RJ;JF;Tombamento;;;1;;;;;;;;0;1;;;
12/01/2022;06:30:00;1607;AC02 - Acidente com VITIMA;805;BR-040/MG;RJ;Capotamento;1;;1;;;;;;;;0;5;;;
12/01/2022;10:07:00;1621;AC02 - Acidente com VITIMA;104;BR-040/RJ;JF;Colisão Transversal;1;;;1;;;;;;;1;1;1;;
12/01/2022;10:30:00;1625;AC03 - Acidente sem VITIMA;84;BR-040/RJ;RJ;Choque - Objeto Fixo;1;;;;;;;;;;1;;;;
12/01/2022;21:08:00;1708;AC03 - Acidente sem VITIMA;118;BR-040/RJ;RJ;Colisão Lateral;2;;;;;;;;;;2;;;;
12/01/2022;21:15:00;1711;AC02 - Acidente com VITIMA;113;BR-040/RJ;RJ;Colisão Lateral;2;;;;;;;;;;1;1;;;
13/01/2022;10:42:00;1771;AC02 - Acidente com VITIMA;779;BR-040/MG;RJ;Colisão Traseira;2;;;;;;;;;;0;;1;1;
13/01/2022;11:23:00;1776;AC03 - Acidente sem VITIMA;85;BR-040/RJ;JF;Choque - Objeto Fixo;1;;;;;;;;;;1;;;;
13/01/2022;15:41:00;1804;AC02 - Acidente com VITIMA;53;BR-040/RJ;RJ;Tombamento;1;;;;;;;;;;0;2;;;
13/01/2022;18:10:00;1824;AC02 - Acidente com VITIMA;113;BR-040/RJ;RJ;Capotamento;1;;;;;;;;;;0;2;1;;
14/01/2022;08:30:00;1883;AC02 - Acidente com VITIMA;40;BR-040/RJ;RJ;Colisão Traseira;1;;1;;;;;;;;0;1;1;;
14/01/2022;08:36:00;1884;AC03 - Acidente sem VITIMA;84;BR-040/RJ;RJ;Choque - Objeto Fixo;1;;;;;;;;;;1;;;;
14/01/2022;13:45:00;1921;AC03 - Acidente sem VITIMA;17;BR-040/RJ;JF;Choque - Objeto Fixo;1;;;;;;;;;;1;;;;
14/01/2022;16:02:00;1943;AC03 - Acidente sem VITIMA;81;BR-040/RJ;JF;Colisão Traseira;2;;;;;;;;;;2;;;;
14/01/2022;16:00:00;1944;AC03 - Acidente sem VITIMA;76;BR-040/RJ;RJ;Saída de Pista;1;;;;;;;;;;1;;;;
15/01/2022;02:33:00;1997;AC03 - Acidente sem VITIMA;51;BR-040/RJ;JF;Choque - Objeto Fixo;1;;;;;;;;;;1;;;;
15/01/2022;05:27:00;2005;AC02 - Acidente com VITIMA;114;BR-040/RJ;JF;Colisão Traseira;1;;1;;;;;;;;1;1;1;;
15/01/2022;08:19:00;2017;AC03 - Acidente sem VITIMA;84;BR-040/RJ;JF;Choque - Objeto Fixo;1;;;;;;;;;;1;;;;
15/01/2022;18:18:00;2077;AC03 - Acidente sem VITIMA;90;BR-040/RJ;RJ;Choque - Objeto Fixo;1;;;;;;;;;;1;;;;
15/01/2022;18:43:00;2078;AC02 - Acidente com VITIMA;75;BR-040/RJ;RJ;Queda de Moto;;;;1;;;;;;;0;;;1;
16/01/2022;04:09:00;2112;AC02 - Acidente com VITIMA;42;BR-040/RJ;RJ;Colisão Traseira;;;1;;1;1;;;;;2;37;1;;
16/01/2022;05:27:00;2113;AC02 - Acidente com VITIMA;110;BR-040/RJ;RJ;Capotamento;1;;;;;;;;;;0;;1;;
16/01/2022;06:28:00;2116;AC03 - Acidente sem VITIMA;108;BR-040/RJ;RJ;Atropelamento - Animal;1;;;;;;;;;;1;;;;
16/01/2022;14:43:00;2152;AC03 - Acidente sem VITIMA;84;BR-040/RJ;RJ;Choque - Objeto Fixo;1;;;;;;;;;;1;;;;
16/01/2022;16:43:00;2162;AC03 - Acidente sem VITIMA;118;BR-040/RJ;JF;Queda de Moto;;;;1;;;;;;;1;;;;
16/01/2022;18:43:00;2181;AC03 - Acidente sem VITIMA;93;BR-040/RJ;RJ;Choque - Objeto Fixo;1;;;;;;;;;;1;;;;
16/01/2022;20:29:00;2185;AC03 - Acidente sem VITIMA;93;BR-040/RJ;JF;Choque - Objeto Fixo;1;;;;;;;;;;1;;;;
16/01/2022;22:40:00;2194;AC03 - Acidente sem VITIMA;86;BR-040/RJ;JF;Choque - Objeto Fixo;1;;;;;;;;;;1;;;;
17/01/2022;15:58:00;2272;AC03 - Acidente sem VITIMA;82;BR-040/RJ;JF;Engavetamento;3;;;;;;;;;;3;;;;
17/01/2022;16:17:00;2276;AC03 - Acidente sem VITIMA;84;BR-040/RJ;RJ;Choque - Objeto Fixo;1;;;;;;;;;;1;;;;
17/01/2022;16:30:00;2280;AC03 - Acidente sem VITIMA;91;BR-040/RJ;JF;Colisão Lateral;2;;;;;;;;;;2;;;;
17/01/2022;17:26:00;2287;AC04 - Atropelamento;105;BR-040/RJ;RJ;Atropelamento - Pedestre;1;;1;;;1;;;;;2;;1;;
17/01/2022;17:50:00;2291;AC02 - Acidente com VITIMA;123;BR-040/RJ;RJ;Colisão Traseira;1;;;1;;;;;;;1;1;;;
18/01/2022;00:31:00;2320;AC01 - Acidente com VITIMA FATAL;91;BR-040/RJ;RJ;Tombamento;;;1;;;;;;;;0;;;;1
18/01/2022;17:31:00;2410;AC03 - Acidente sem VITIMA;90;BR-040/RJ;JF;Choque - Objeto Fixo;1;;;;;;;;;;1;;;;
19/01/2022;10:25:00;2484;AC02 - Acidente com VITIMA;93;BR-040/RJ;JF;Queda de Moto;;;;1;;;;;;;0;1;;;
19/01/2022;11:18:00;2492;AC02 - Acidente com VITIMA;118;BR-040/RJ;RJ;Colisão Lateral;1;;;1;;;;;;;1;1;;;
19/01/2022;12:56:00;2499;AC03 - Acidente sem VITIMA;88;BR-040/RJ;RJ;Choque - Objeto Fixo;1;;;;;;;;;;1;;;;
19/01/2022;13:44:00;2510;AC03 - Acidente sem VITIMA;94;BR-040/RJ;RJ;Choque - Objeto Fixo;1;;;;;;;;;;1;;;;
19/01/2022;17:58:00;2544;AC03 - Acidente sem VITIMA;83;BR-040/RJ;JF;Tombamento;1;;;;;;;;;;0;2;;;
20/01/2022;03:19:00;2571;AC02 - Acidente com VITIMA;828;BR-040/MG;RJ;Colisão Traseira;1;;;;1;;;;;;1;2;;;
20/01/2022;06:20:00;2580;AC02 - Acidente com VITIMA;118;BR-040/RJ;RJ;Colisão Traseira;1;1;;;;;;;;;1;1;1;;
20/01/2022;09:00:00;2597;AC03 - Acidente sem VITIMA;63;BR-040/RJ;JF;Colisão Traseira;2;;;;;;;;;;2;;;;
20/01/2022;09:30:00;2600;AC02 - Acidente com VITIMA;119;BR-040/RJ;JF;Choque - Objeto Fixo;1;;1;;;;;;;;1;1;;;
20/01/2022;10:00:00;2602;AC03 - Acidente sem VITIMA;72;BR-040/RJ;JF;Choque - Objeto Fixo;1;;;;;;;;;;1;;;;
20/01/2022;12:20:00;2614;AC03 - Acidente sem VITIMA;45;BR-040/RJ;JF;Choque - Objeto Fixo;;;1;;;;;;;;1;;;;
20/01/2022;16:16:00;2640;AC02 - Acidente com VITIMA;70;BR-040/RJ;JF;Choque - Objeto Fixo;1;;;;;;;;;;0;;;1;
20/01/2022;19:23:00;2660;AC03 - Acidente sem VITIMA;70;BR-040/RJ;JF;Colisão Traseira;;;1;;1;;;;;;2;;;;
21/01/2022;11:39:00;2716;AC02 - Acidente com VITIMA;101;BR-040/RJ;JF;Queda de Moto;;;;1;;;;;;;0;1;;;
21/01/2022;12:40:00;2730;AC02 - Acidente com VITIMA;75;BR-040/RJ;JF;Colisão Transversal;;;;2;;;;;;;0;1;1;;
21/01/2022;14:43:00;2741;AC02 - Acidente com VITIMA;9;BR-040/RJ;JF;Colisão Traseira;;;1;1;;;;;;;1;1;1;;
21/01/2022;15:25:00;2745;AC02 - Acidente com VITIMA;97;BR-040/RJ;RJ;Tombamento;;;1;;;;;;;;0;1;2;;
21/01/2022;18:47:00;2769;AC03 - Acidente sem VITIMA;90;BR-040/RJ;JF;Choque - Objeto Fixo;1;;;;;;;;;;1;;;;
22/01/2022;00:24:00;2797;AC02 - Acidente com VITIMA;111;BR-040/RJ;RJ;Choque - Objeto Fixo;1;;;;;;;;;;0;1;;;
22/01/2022;05:23:00;2807;AC02 - Acidente com VITIMA;109;BR-040/RJ;RJ;Colisão Frontal;1;;;1;;;;;;;1;1;;;
22/01/2022;07:11:00;2814;AC02 - Acidente com VITIMA;123;BR-040/RJ;JF;Colisão Traseira;1;;;1;;;;;;;3;;;1;
22/01/2022;08:23:00;2820;AC03 - Acidente sem VITIMA;91;BR-040/RJ;JF;Queda de Moto;;;;1;;;;;;;1;;;;
22/01/2022;08:57:00;2824;AC03 - Acidente sem VITIMA;78;BR-040/RJ;RJ;Choque - Objeto Fixo;1;;;;;;;;;;1;;;;
22/01/2022;13:50:00;2856;AC02 - Acidente com VITIMA;109;BR-040/RJ;JF;Capotamento;1;;1;;;;;;;;1;1;;;
23/01/2022;11:22:00;2949;AC02 - Acidente com VITIMA;111;BR-040/RJ;RJ;Capotamento;1;;;;;;;;;;0;1;;;
23/01/2022;12:21:00;2954;AC03 - Acidente sem VITIMA;784;BR-040/MG;RJ;Queda de Moto;;;;1;;;;;;;1;;;;
23/01/2022;15:33:00;2975;AC02 - Acidente com VITIMA;113;BR-040/RJ;JF;Tombamento;;;1;;;;;;;;0;1;;;
23/01/2022;17:34:00;2987;AC02 - Acidente com VITIMA;110;BR-040/RJ;RJ;Engavetamento;3;;;;;;;;;;2;1;;;
23/01/2022;19:28:00;3002;AC03 - Acidente sem VITIMA;109;BR-040/RJ;RJ;Engavetamento;3;;;;;;;;;;3;;;;
23/01/2022;19:48:00;3005;AC03 - Acidente sem VITIMA;93;BR-040/RJ;JF;Colisão Lateral;2;;;;;;;;;;2;;;;
24/01/2022;00:27:00;3027;AC02 - Acidente com VITIMA;116;BR-040/RJ;JF;Colisão Traseira;;;1;1;;;;;;;1;;1;;
24/01/2022;00:40:00;3028;AC02 - Acidente com VITIMA;115;BR-040/RJ;JF;Colisão Traseira;;;;2;;;;;;;0;3;;;
24/01/2022;02:08:00;3032;AC02 - Acidente com VITIMA;82;BR-040/RJ;RJ;Choque - Objeto Fixo;1;;;;;;;;;;0;1;;;
24/01/2022;09:41:00;3059;AC03 - Acidente sem VITIMA;117;BR-040/RJ;JF;Choque - Objeto Fixo;1;;;;;;;;;;1;;;;
24/01/2022;11:20:00;3071;AC02 - Acidente com VITIMA;113;BR-040/RJ;JF;Colisão Traseira;2;;;;;;;;;;1;1;;;
24/01/2022;14:26:00;3092;AC02 - Acidente com VITIMA;120;BR-040/RJ;JF;Colisão Lateral;;;;;2;;;;;;1;;1;;
24/01/2022;14:49:00;3094;AC03 - Acidente sem VITIMA;123;BR-040/RJ;JF;Colisão Traseira;1;;;;;1;;;;;2;;;;
24/01/2022;16:19:00;3107;AC02 - Acidente com VITIMA;81;BR-040/RJ;RJ;Queda de Moto;;;;1;;;;;;;0;1;;;
24/01/2022;17:45:00;3125;AC03 - Acidente sem VITIMA;92;BR-040/RJ;JF;Engavetamento;3;;;;;;;;;;3;;;;
24/01/2022;18:43:00;3131;AC03 - Acidente sem VITIMA;85;BR-040/RJ;JF;Colisão Lateral;1;;1;;;;;;;;2;;;;