data;horario;n_da_ocorrencia;tipo_de_ocorrencia;km;trecho;sentido;tipo_de_acidente;automovel;bicicleta;caminhao;moto;onibus;outros;tracao_animal;transporte_de_cargas_especiais;trator_maquinas;utilitarios;ilesos;levemente_feridos;moderadamente_feridos;gravemente_feridos;mortos
25/01/2022;08:36:00;3172;AC03 - Acidente sem VITIMA;122;BR-040/RJ;JF;Colisão Traseira;2;;;;;;;;;;2;;;;
25/01/2022;11:09:00;3189;AC03 - Acidente sem VITIMA;34;BR-040/RJ;JF;Tombamento;;;1;;;1;;;;;2;;;;
25/01/2022;16:10:00;3223;AC03 - Acidente sem VITIMA;110;BR-040/RJ;JF;Colisão Traseira;2;;;;;;;;;;2;;;;
26/01/2022;09:53:00;3291;AC02 - Acidente com VITIMA;45;BR-040/RJ;JF;Colisão Traseira;1;;1;;;;;;;;0;4;1;;
26/01/2022;15:39:00;3325;AC03 - Acidente sem VITIMA;113;BR-040/RJ;JF;Colisão Traseira;1;;;;;;;;;;1;;;;
26/01/2022;20:08:00;3355;AC02 - Acidente com VITIMA;787;BR-040/MG;JF;Choque - Objeto Fixo;;;;;;1;;;;;0;;1;;
27/01/2022;19:51:00;3495;AC02 - Acidente com VITIMA;84;BR-040/RJ;RJ;Choque - Objeto Fixo;1;;;;;;;;;;0;1;;;
27/01/2022;19:53:00;3500;AC03 - Acidente sem VITIMA;84;BR-040/RJ;RJ;Colisão Traseira;2;;;;;;;;;;2;;;;
28/01/2022;07:28:00;3529;AC03 - Acidente sem VITIMA;114;BR-040/RJ;RJ;Atropelamento - Animal;1;;;;;;;;;;1;;;;
28/01/2022;13:03:00;3580;AC03 - Acidente sem VITIMA;1;BR-040/RJ;JF;Choque - Objeto Fixo;1;;;;;;;;;;1;;;;
28/01/2022;13:37:00;3586;AC03 - Acidente sem VITIMA;112;BR-040/RJ;JF;Colisão Lateral;;;;;1;1;;;;;2;;;;
28/01/2022;14:40:00;3593;AC03 - Acidente sem VITIMA;62;BR-040/RJ;RJ;Capotamento;1;;;;;;;;;;1;;;;
28/01/2022;15:12:00;3598;AC03 - Acidente sem VITIMA;109;BR-040/RJ;RJ;Engavetamento;4;;;;;;;;;;4;;;;
28/01/2022;15:25:00;3599;AC03 - Acidente sem VITIMA;79;BR-040/RJ;RJ;Choque - Objeto Fixo;1;;;;;;;;;;1;;;;
28/01/2022;16:08:00;3607;AC03 - Acidente sem VITIMA;100;BR-040/RJ;JF;Choque - Objeto Fixo;1;;;;;;;;;;1;;;;
28/01/2022;16:43:00;3613;AC03 - Acidente sem VITIMA;118;BR-040/RJ;JF;Colisão Traseira;2;;;;;;;;;;2;;;;
28/01/2022;17:34:00;3621;AC02 - Acidente com VITIMA;108;BR-040/RJ;JF;Colisão Lateral;1;;;1;;;;;;;1;1;;;
28/01/2022;20:09:00;3635;AC03 - Acidente sem VITIMA;113;BR-040/RJ;JF;Engavetamento;3;;;;;;;;;;3;;;;
28/01/2022;21:46:00;3643;AC03 - Acidente sem VITIMA;43;BR-040/RJ;JF;Atropelamento - Animal;1;;;;;;;;;;1;;;;
29/01/2022;03:22:00;3652;AC03 - Acidente sem VITIMA;815;BR-040/MG;JF;Choque - Objeto Fixo;1;;;;;;;;;;1;;;;
29/01/2022;03:29:00;3653;AC03 - Acidente sem VITIMA;84;BR-040/RJ;RJ;Choque - Objeto Fixo;1;;;;;;;;;;1;;;;
29/01/2022;03:47:00;3655;AC03 - Acidente sem VITIMA;787;BR-040/MG;RJ;Choque - Objeto Fixo;1;;;;;;;;;;1;;;;
29/01/2022;04:03:00;3656;AC03 - Acidente sem VITIMA;92;BR-040/RJ;JF;Choque - Objeto Fixo;1;;;;;;;;;;1;;;;
29/01/2022;07:51:00;3671;AC03 - Acidente sem VITIMA;32;BR-040/RJ;JF;Choque - Objeto Fixo;1;;;;;;;;;;1;;;;
29/01/2022;09:50:00;3684;AC02 - Acidente com VITIMA;116;BR-040/RJ;RJ;Colisão Lateral;2;;;;;;;;;;1;1;;;
29/01/2022;13:06:00;3710;AC03 - Acidente sem VITIMA;114;BR-040/RJ;RJ;Engavetamento;2;;1;;;;;;;;3;;;;
29/01/2022;16:08:00;3736;AC03 - Acidente sem VITIMA;95;BR-040/RJ;RJ;Choque - Objeto Fixo;1;;;;;;;;;;1;;;;
29/01/2022;16:05:00;3737;AC03 - Acidente sem VITIMA;84;BR-040/RJ;RJ;Choque - Objeto Fixo;1;;;;;;;;;;1;;;;
29/01/2022;16:46:00;3743;AC02 - Acidente com VITIMA;7;BR-040/RJ;JF;Choque - Objeto Fixo;1;;;;;;;;;;0;1;;;
29/01/2022;16:49:00;3745;AC03 - Acidente sem VITIMA;93;BR-040/RJ;RJ;Choque - Objeto Fixo;1;;;;;;;;;;1;;;;
29/01/2022;17:11:00;3747;AC03 - Acidente sem VITIMA;92;BR-040/RJ;RJ;Choque - Objeto Fixo;1;;;;;;;;;;1;;;;
29/01/2022;17:21:00;3748;AC03 - Acidente sem VITIMA;90;BR-040/RJ;RJ;Choque - Objeto Fixo;1;;;;;;;;;;1;;;;
29/01/2022;17:45:00;3752;AC03 - Acidente sem VITIMA;89;BR-040/RJ;RJ;Colisão Transversal;2;;;;;;;;;;2;;;;
29/01/2022;18:08:00;3753;AC03 - Acidente sem VITIMA;77;BR-040/RJ;RJ;Choque - Objeto Fixo;1;;;;;;;;;;1;;;;
29/01/2022;19:09:00;3755;AC02 - Acidente com VITIMA;108;BR-040/RJ;JF;Choque - Objeto Fixo;1;;;;;;;;;;0;1;;;
29/01/2022;20:41:00;3761;AC03 - Acidente sem VITIMA;93;BR-040/RJ;RJ;Choque - Objeto Fixo;1;;;;;;;;;;1;;;;
29/01/2022;20:55:00;3763;AC03 - Acidente sem VITIMA;119;BR-040/RJ;RJ;Choque - Objeto Fixo;1;;;;;;;;;;1;;;;
29/01/2022;21:18:00;3764;AC03 - Acidente sem VITIMA;109;BR-040/RJ;JF;Choque - Objeto Fixo;2;;;;;;;;;;2;;;;
30/01/2022;01:25:00;3778;AC03 - Acidente sem VITIMA;59;BR-040/RJ;JF;Choque - Objeto Fixo;1;;;;;;;;;;1;;;;
30/01/2022;03:33:00;3780;AC02 - Acidente com VITIMA;810;BR-040/MG;RJ;Saída de Pista;1;;;;;;;;;;0;1;;;
30/01/2022;05:35:00;3782;AC03 - Acidente sem VITIMA;113;BR-040/RJ;JF;Choque - Objeto Fixo;1;;;;;;;;;;1;;;;
30/01/2022;05:38:00;3783;AC02 - Acidente com VITIMA;96;BR-040/RJ;RJ;Capotamento;1;;;;;;;;;;0;4;;;
30/01/2022;06:07:00;3787;AC02 - Acidente com VITIMA;113;BR-040/RJ;JF;Colisão Lateral;1;;1;;;1;;;;;0;1;1;2;
30/01/2022;10:05:00;3808;AC02 - Acidente com VITIMA;7;BR-040/RJ;JF;Queda de Moto;;;;1;;;;;;;0;;1;;
30/01/2022;16:54:00;3846;AC03 - Acidente sem VITIMA;56;BR-040/RJ;JF;Colisão Lateral;2;;;;;;;;;;2;;;;
30/01/2022;17:25:00;3849;AC03 - Acidente sem VITIMA;786;BR-040/MG;JF;Choque - Objeto Fixo;1;;;;;;;;;;1;;;;
30/01/2022;19:18:00;3859;AC03 - Acidente sem VITIMA;51;BR-040/RJ;RJ;Choque - Objeto Fixo;1;;;;;;;;;;1;;;;
30/01/2022;20:00:00;3865;AC03 - Acidente sem VITIMA;39;BR-040/RJ;JF;Saída de Pista;1;;;;;;;;;;1;;;;
30/01/2022;20:29:00;3867;AC03 - Acidente sem VITIMA;91;BR-040/RJ;JF;Choque - Objeto Fixo;1;;;;;;;;;;1;;;;
30/01/2022;22:15:00;3884;AC04 - Atropelamento;112;BR-040/RJ;RJ;Atropelamento - Pedestre;2;;;;;;;;;;1;1;;;
30/01/2022;22:44:00;3888;AC03 - Acidente sem VITIMA;11;BR-040/RJ;JF;Choque - Objeto Fixo;1;;;;;;;;;;1;;;;
30/01/2022;23:27:00;3889;AC03 - Acidente sem VITIMA;79;BR-040/RJ;RJ;Choque - Objeto Fixo;1;;;;;;;;;;1;;;;
31/01/2022;00:53:00;3894;AC02 - Acidente com VITIMA;113;BR-040/RJ;JF;Capotamento;2;;;;;;;;;;1;2;;;
31/01/2022;02:48:00;3899;AC03 - Acidente sem VITIMA;114;BR-040/RJ;RJ;Saída de Pista;1;;;;;;;;;;1;;;;
31/01/2022;07:54:00;3915;AC03 - Acidente sem VITIMA;109;BR-040/RJ;JF;Choque - Objeto Fixo;1;;;;;;;;;;1;;;;
31/01/2022;08:26:00;3919;AC02 - Acidente com VITIMA;81;BR-040/RJ;RJ;Capotamento;1;;;;;;;;;;0;2;;;
31/01/2022;08:28:00;3920;AC03 - Acidente sem VITIMA;90;BR-040/RJ;JF;Choque - Objeto Fixo;1;;;;;;;;;;1;;;;
31/01/2022;08:26:00;3921;AC03 - Acidente sem VITIMA;93;BR-040/RJ;JF;Choque - Objeto Fixo;1;;;;;;;;;;1;;;;
31/01/2022;08:50:00;3922;AC03 - Acidente sem VITIMA;89;BR-040/RJ;RJ;Choque - Objeto Fixo;1;;;;;;;;;;1;;;;
31/01/2022;09:47:00;3929;AC02 - Acidente com VITIMA;102;BR-040/RJ;RJ;Colisão Traseira;2;;;;;;;;;;0;2;;;
31/01/2022;11:53:00;3947;AC03 - Acidente sem VITIMA;806;BR-040/MG;RJ;Choque - Objeto Fixo;1;;;;;;;;;;1;;;;
31/01/2022;12:46:00;3954;AC03 - Acidente sem VITIMA;824;BR-040/MG;RJ;Derrapagem;1;;;;;;;;;;1;;;;
31/01/2022;18:04:00;3998;AC03 - Acidente sem VITIMA;26;BR-040/RJ;JF;Capotamento;1;;;;;;;;;;1;;;;
31/01/2022;21:27:00;4010;AC02 - Acidente com VITIMA;116;BR-040/RJ;JF;Queda de Moto;;;;1;;;;;;;0;2;;;
01/02/2022;01:49:00;4;AC03 - Acidente sem VITIMA;65;BR-040/RJ;RJ;Saída de Pista;1;;;;;;;;;;1;;;;
01/02/2022;07:01:00;16;AC02 - Acidente com VITIMA;104;BR-040/RJ;RJ;Colisão Traseira;;1;1;;;;;;;;0;;2;;
01/02/2022;07:06:00;18;AC02 - Acidente com VITIMA;121;BR-040/RJ;RJ;Colisão Lateral;1;;;1;;;;;;;1;1;;;
01/02/2022;07:18:00;21;AC02 - Acidente com VITIMA;91;BR-040/RJ;RJ;Choque - Objeto Fixo;1;;;;;;;;;;0;1;;;
01/02/2022;08:01:00;23;AC02 - Acidente com VITIMA;108;BR-040/RJ;RJ;Tombamento;;;1;;;;;;;;0;1;;;
01/02/2022;16:12:00;80;AC03 - Acidente sem VITIMA;90;BR-040/RJ;JF;Choque - Objeto Fixo;1;;;;;;;;;;1;;;;
01/02/2022;16:19:00;82;AC02 - Acidente com VITIMA;817;BR-040/MG;JF;Saída de Pista;1;;;;;;;;;;0;1;;;
01/02/2022;18:00:00;100;AC03 - Acidente sem VITIMA;31;BR-040/RJ;JF;Choque - Objeto Fixo;1;;;;;;;;;;1;;;;
01/02/2022;19:44:00;112;AC02 - Acidente com VITIMA;116;BR-040/RJ;JF;Colisão Traseira;2;;;;;;;;;;0;2;;;
01/02/2022;20:56:00;118;AC03 - Acidente sem VITIMA;92;BR-040/RJ;RJ;Choque - Objeto Fixo;1;;;;;;;;;;1;;;;
01/02/2022;21:48:00;122;AC03 - Acidente sem VITIMA;124;BR-040/RJ;JF;Choque - Objeto Fixo;1;;;;;;;;;;1;;;;
01/02/2022;22:03:00;123;AC03 - Acidente sem VITIMA;79;BR-040/RJ;RJ;Choque - Objeto Fixo;1;;;;;;;;;;1;;;;
01/02/2022;22:51:00;125;AC03 - Acidente sem VITIMA;52;BR-040/RJ;JF;Choque - Objeto Fixo;1;;;;;;;;;;1;;;;
02/02/2022;04:35:00;134;AC02 - Acidente com VITIMA;121;BR-040/RJ;RJ;Capotamento;1;;;;;;;;;;0;1;;;
02/02/2022;07:32:00;149;AC03 - Acidente sem VITIMA;100;BR-040/RJ;RJ;Atropelamento - Animal;1;;;;;;;;;;1;;;;
02/02/2022;11:07:00;176;AC03 - Acidente sem VITIMA;805;BR-040/MG;RJ;Saída de Pista;1;;;;;;;;;;1;;;;
02/02/2022;12:59:00;189;AC03 - Acidente sem VITIMA;75;BR-040/RJ;RJ;Choque - Objeto Fixo;1;;;;;;;;;;1;;;;
02/02/2022;12:59:00;190;AC03 - Acidente sem VITIMA;75;BR-040/RJ;RJ;Choque - Objeto Fixo;1;;;;;1;;;;;2;;;;
02/02/2022;13:18:00;193;AC03 - Acidente sem VITIMA;63;BR-040/RJ;RJ;Colisão Traseira;2;;;;;;;;;;2;;;;
02/02/2022;13:42:00;194;AC03 - Acidente sem VITIMA;82;BR-040/RJ;JF;Saída de Pista;;;1;;;;;;;;1;;;;
02/02/2022;16:42:00;208;AC03 - Acidente sem VITIMA;93;BR-040/RJ;RJ;Choque - Objeto Fixo;1;;;;;;;;;;1;;;;
02/02/2022;18:22:00;217;AC03 - Acidente sem VITIMA;90;BR-040/RJ;RJ;Saída de Pista;1;;;;;;;;;;1;;;;
02/02/2022;18:27:00;219;AC03 - Acidente sem VITIMA;58;BR-040/RJ;RJ;Choque - Objeto Fixo;1;;;;;;;;;;1;;;;
02/02/2022;19:45:00;227;AC03 - Acidente sem VITIMA;84;BR-040/RJ;RJ;Choque - Objeto Fixo;1;;;;;;;;;;1;;;;
02/02/2022;22:27:00;236;AC02 - Acidente com VITIMA;105;BR-040/RJ;JF;Colisão Frontal;1;;;1;;;;;;;1;;1;;
03/02/2022;13:00:00;289;AC03 - Acidente sem VITIMA;83;BR-040/RJ;JF;Choque - Objeto Fixo;1;;;;;;;;;;1;;;;
03/02/2022;14:19:00;292;AC03 - Acidente sem VITIMA;92;BR-040/RJ;RJ;Choque - Objeto Fixo;1;;;;;;;;;;1;;;;
03/02/2022;15:03:00;299;AC03 - Acidente sem VITIMA;84;BR-040/RJ;RJ;Choque - Objeto Fixo;1;;;;;;;;;;1;;;;
03/02/2022;16:03:00;305;AC02 - Acidente com VITIMA;78;BR-040/RJ;RJ;Capotamento;1;;;;;;;;;;0;1;;;
03/02/2022;15:54:00;306;AC03 - Acidente sem VITIMA;90;BR-040/RJ;JF;Choque - Objeto Fixo;1;;;;;;;;;;1;;;;
03/02/2022;17:21:00;314;AC03 - Acidente sem VITIMA;84;BR-040/RJ;RJ;Choque - Objeto Fixo;;;1;;;;;;;;1;;;;
03/02/2022;22:33:00;339;AC03 - Acidente sem VITIMA;113;BR-040/RJ;RJ;Saída de Pista;;;1;;;;;;;;1;;;;
04/02/2022;05:07:00;346;AC02 - Acidente com VITIMA;49;BR-040/RJ;JF;Tombamento;;;1;;;;;;;;0;1;;;
04/02/2022;07:10:00;355;AC02 - Acidente com VITIMA;118;BR-040/RJ;JF;Colisão Lateral;1;;;1;;;;;;;1;1;;;
04/02/2022;08:59:00;365;AC03 - Acidente sem VITIMA;57;BR-040/RJ;RJ;Choque - Objeto Fixo;1;;;;;;;;;;1;;;;
04/02/2022;09:21:00;366;AC03 - Acidente sem VITIMA;104;BR-040/RJ;JF;Choque - Objeto Fixo;1;;;;;;;;;;1;;;;
04/02/2022;11:47:00;378;AC02 - Acidente com VITIMA;73;BR-040/RJ;JF;Choque - Objeto Fixo;1;;;;;;;;;;0;1;;;
04/02/2022;12:02:00;381;AC03 - Acidente sem VITIMA;94;BR-040/RJ;JF;Choque - Objeto Fixo;1;;;;;;;;;;1;;;;
04/02/2022;12:30:00;384;AC03 - Acidente sem VITIMA;109;BR-040/RJ;JF;Engavetamento;1;;2;;;;;;;;3;;;;
04/02/2022;15:07:00;399;AC03 - Acidente sem VITIMA;60;BR-040/RJ;JF;Colisão Traseira;1;;;1;;;;;;;2;;;;
04/02/2022;16:22:00;407;AC03 - Acidente sem VITIMA;120;BR-040/RJ;JF;Colisão Traseira;1;;1;;;;;;;;2;;;;
04/02/2022;16:38:00;409;AC03 - Acidente sem VITIMA;105;BR-040/RJ;JF;Colisão Transversal;1;;;;1;;;;;;2;;;;
04/02/2022;20:36:00;438;AC02 - Acidente com VITIMA;79;BR-040/RJ;JF;Colisão Frontal;1;1;;;;;;;;;1;;;1;
04/02/2022;20:36:00;439;AC03 - Acidente sem VITIMA;782;BR-040/MG;JF;Atropelamento - Animal;1;;;;;;;;;;1;;;;
04/02/2022;23:49:00;451;AC02 - Acidente com VITIMA;107;BR-040/RJ;RJ;Colisão Traseira;2;;;1;;;;;;;2;;;1;
05/02/2022;00:55:00;454;AC03 - Acidente sem VITIMA;789;BR-040/MG;RJ;Atropelamento - Animal;1;;;;;;;;;;1;;;;
05/02/2022;07:01:00;473;AC03 - Acidente sem VITIMA;98;BR-040/RJ;JF;Colisão Traseira;1;;;;;1;;;;;2;;;;
05/02/2022;11:39:00;508;AC03 - Acidente sem VITIMA;103;BR-040/RJ;RJ;Choque - Objeto Fixo;1;;;;;;;;;;1;;;;
05/02/2022;11:53:00;511;AC03 - Acidente sem VITIMA;23;BR-040/RJ;JF;Choque - Objeto Fixo;1;;;;;;;;;;1;;;;
05/02/2022;14:41:00;535;AC02 - Acidente com VITIMA;84;BR-040/RJ;RJ;Choque - Objeto Fixo;1;;;;;;;;;;0;3;;;
05/02/2022;14:56:00;536;AC03 - Acidente sem VITIMA;85;BR-040/RJ;JF;Choque - Objeto Fixo;1;;;;;;;;;;1;;;;
05/02/2022;16:10:00;542;AC03 - Acidente sem VITIMA;91;BR-040/RJ;JF;Colisão Lateral;2;;;;;;;;;;2;;;;
05/02/2022;16:16:00;543;AC02 - Acidente com VITIMA;94;BR-040/RJ;JF;Queda de Moto;;;;1;;;;;;;0;1;;;
05/02/2022;17:19:00;551;AC03 - Acidente sem VITIMA;85;BR-040/RJ;JF;Choque - Objeto Fixo;1;;;;;;;;;;1;;;;
06/02/2022;08:10:00;590;AC03 - Acidente sem VITIMA;125;BR-040/RJ;JF;Colisão Lateral;2;;;;;;;;;;2;;;;
06/02/2022;10:05:00;604;AC03 - Acidente sem VITIMA;827;BR-040/MG;JF;Choque - Objeto Fixo;1;;;;;;;;;;1;;;;
06/02/2022;10:47:00;607;AC03 - Acidente sem VITIMA;108;BR-040/RJ;JF;Choque - Objeto Fixo;1;;;;;;;;;;1;;;;
06/02/2022;15:41:00;634;AC02 - Acidente com VITIMA;787;BR-040/MG;JF;Capotamento;1;;;;;;;;;;0;1;1;;
06/02/2022;18:00:00;649;AC02 - Acidente com VITIMA;1;BR-040/RJ;RJ;Capotamento;1;;;;;;;;;;0;3;;;
06/02/2022;18:28:00;654;AC03 - Acidente sem VITIMA;109;BR-040/RJ;RJ;Colisão Traseira;1;;1;;;;;;;;2;;;;
06/02/2022;19:35:00;658;AC03 - Acidente sem VITIMA;32;BR-040/RJ;JF;Colisão Traseira;2;;;;;;;;;;2;;;;
06/02/2022;19:50:00;661;AC03 - Acidente sem VITIMA;95;BR-040/RJ;JF;Choque - Objeto Fixo;1;;;;;;;;;;1;;;;
06/02/2022;20:48:00;667;AC03 - Acidente sem VITIMA;91;BR-040/RJ;JF;Choque - Objeto Fixo;1;;;;;;;;;;1;;;;
06/02/2022;22:42:00;679;AC03 - Acidente sem VITIMA;79;BR-040/RJ;RJ;Choque - Objeto Fixo;1;;;;;;;;;;1;;;;
07/02/2022;08:15:00;707;AC03 - Acidente sem VITIMA;120;BR-040/RJ;RJ;Colisão Traseira;2;;;;;;;;;;2;;;;
07/02/2022;13:54:00;738;AC03 - Acidente sem VITIMA;31;BR-040/RJ;RJ;Choque - Objeto Fixo;;;1;;;;;;;;1;;;;
07/02/2022;15:19:00;751;AC03 - Acidente sem VITIMA;75;BR-040/RJ;RJ;Saída de Pista;1;;;;;;;;;;1;;;;
07/02/2022;16:20:00;755;AC03 - Acidente sem VITIMA;108;BR-040/RJ;JF;Choque - Objeto Fixo;1;;;;;;;;;;1;;;;
07/02/2022;19:01:00;772;AC02 - Acidente com VITIMA;824;BR-040/MG;RJ;Choque - Objeto Fixo;1;;;;;;;;;;0;;1;;
08/02/2022;06:45:00;826;AC02 - Acidente com VITIMA;77;BR-040/RJ;RJ;Choque - Objeto Fixo;1;;;;;;;;;;0;1;;;
08/02/2022;07:16:00;829;AC03 - Acidente sem VITIMA;83;BR-040/RJ;RJ;Choque - Objeto Fixo;1;;;;;;;;;;1;;;;
08/02/2022;08:40:00;839;AC03 - Acidente sem VITIMA;78;BR-040/RJ;RJ;Choque - Objeto Fixo;1;;;;;;;;;;1;;;;
08/02/2022;09:21:00;848;AC03 - Acidente sem VITIMA;77;BR-040/RJ;RJ;Saída de Pista;1;;;;;;;;;;1;;;;
08/02/2022;11:05:00;864;AC03 - Acidente sem VITIMA;6;BR-040/RJ;JF;Capotamento;1;;;;;;;;;;1;;;;
08/02/2022;11:06:00;866;AC03 - Acidente sem VITIMA;93;BR-040/RJ;RJ;Choque - Objeto Fixo;1;;;;;;;;;;1;;;;
08/02/2022;11:20:00;870;AC03 - Acidente sem VITIMA;94;BR-040/RJ;RJ;Choque - Objeto Fixo;1;;;;;;;;;;1;;;;
08/02/2022;12:37:00;888;AC03 - Acidente sem VITIMA;92;BR-040/RJ;RJ;Derrapagem;1;;;;;;;;;;1;;;;
08/02/2022;12:42:00;891;AC03 - Acidente sem VITIMA;77;BR-040/RJ;RJ;Choque - Objeto Fixo;1;;;;;;;;;;1;;;;
08/02/2022;13:25:00;900;AC03 - Acidente sem VITIMA;93;BR-040/RJ;RJ;Choque - Objeto Fixo;1;;;;;;;;;;1;;;;
08/02/2022;14:17:00;904;AC02 - Acidente com VITIMA;75;BR-040/RJ;RJ;Choque - Objeto Fixo;1;;;;;;;;;;0;1;;;
08/02/2022;14:32:00;906;AC03 - Acidente sem VITIMA;94;BR-040/RJ;RJ;Choque - Objeto Fixo;1;;;;;;;;;;1;;;;
08/02/2022;15:49:00;914;AC02 - Acidente com VITIMA;35;BR-040/RJ;JF;Capotamento;1;;;;;;;;;;0;1;;;
08/02/2022;19:09:00;929;AC02 - Acidente com VITIMA;788;BR-040/MG;RJ;Colisão Transversal;2;;;;;;;;;;0;2;;;
08/02/2022;21:06:00;938;AC02 - Acidente com VITIMA;107;BR-040/RJ;JF;Choque - Objeto Fixo;1;;;;;;;;;;0;2;;;
08/02/2022;21:23:00;939;AC03 - Acidente sem VITIMA;89;BR-040/RJ;JF;Choque - Objeto Fixo;1;;;;;;;;;;1;;;;
09/02/2022;04:41:00;955;AC02 - Acidente com VITIMA;119;BR-040/RJ;JF;Atropelamento - Animal;1;;;;;;;;;;0;1;;;
09/02/2022;07:10:00;964;AC03 - Acidente sem VITIMA;90;BR-040/RJ;JF;Colisão Traseira;2;;;;;;;;;;2;;;;
09/02/2022;08:07:00;970;AC03 - Acidente sem VITIMA;94;BR-040/RJ;RJ;Choque - Objeto Fixo;1;;;;;;;;;;1;;;;
09/02/2022;08:48:00;980;AC03 - Acidente sem VITIMA;84;BR-040/RJ;RJ;Choque - Objeto Fixo;1;;;;;;;;;;1;;;;
09/02/2022;12:53:00;1007;AC03 - Acidente sem VITIMA;122;BR-040/RJ;JF;Colisão Lateral;1;;1;;;;;;;;2;;;;
09/02/2022;12:54:00;1009;AC05 - Atropelamento Fatal;113;BR-040/RJ;JF;Atropelamento - Pedestre;2;;;;;1;;;;;2;;;;1
09/02/2022;13:02:00;1010;AC02 - Acidente com VITIMA;122;BR-040/RJ;RJ;Colisão Lateral;1;;;1;;;;;;;1;2;;;
09/02/2022;13:09:00;1011;AC03 - Acidente sem VITIMA;74;BR-040/RJ;RJ;Choque - Objeto Fixo;1;;;;;;;;;;1;;;;
09/02/2022;13:48:00;1016;AC02 - Acidente com VITIMA;815;BR-040/MG;RJ;Colisão veiculo parado acostamento;;;1;;;;;;;;0;1;;;
09/02/2022;14:42:00;1020;AC03 - Acidente sem VITIMA;124;BR-040/RJ;RJ;Colisão Traseira;1;;;;;1;;;;;2;;;;
09/02/2022;17:11:00;1039;AC03 - Acidente sem VITIMA;89;BR-040/RJ;RJ;Choque - Objeto Fixo;1;;;;;;;;;;1;;;;
09/02/2022;17:22:00;1040;AC03 - Acidente sem VITIMA;93;BR-040/RJ;RJ;Choque - Objeto Fixo;1;;;;;;;;;;1;;;;
09/02/2022;17:22:00;1043;AC03 - Acidente sem VITIMA;93;BR-040/RJ;RJ;Colisão Lateral;1;;;;;1;;;;;2;;;;
09/02/2022;20:09:00;1056;AC03 - Acidente sem VITIMA;104;BR-040/RJ;JF;Colisão Frontal;2;;;;;;;;;;2;;;;
10/02/2022;05:47:00;1073;AC03 - Acidente sem VITIMA;94;BR-040/RJ;RJ;Choque - Objeto Fixo;1;;;;;;;;;;1;;;;
10/02/2022;06:04:00;1077;AC03 - Acidente sem VITIMA;57;BR-040/RJ;RJ;Choque - Objeto Fixo;1;;;;;;;;;;1;;;;
10/02/2022;06:09:00;1078;AC03 - Acidente sem VITIMA;121;BR-040/RJ;JF;Colisão Lateral;2;;;;;;;;;;2;;;;
10/02/2022;06:53:00;1082;AC02 - Acidente com VITIMA;59;BR-040/RJ;RJ;Tombamento;;;1;;;;;;;;0;;1;;
10/02/2022;12:38:00;1114;AC02 - Acidente com VITIMA;38;BR-040/RJ;JF;Choque - Objeto Fixo;1;;;;;;;;;;0;1;;;
10/02/2022;12:50:00;1117;AC03 - Acidente sem VITIMA;78;BR-040/RJ;RJ;Choque - Objeto Fixo;1;;;;;;;;;;1;;;;
10/02/2022;13:41:00;1124;AC03 - Acidente sem VITIMA;82;BR-040/RJ;RJ;Choque - Objeto Fixo;1;;;;;;;;;;1;;;;
10/02/2022;14:15:00;1126;AC02 - Acidente com VITIMA;59;BR-040/RJ;RJ;Colisão Traseira;1;;1;;;;;;;;0;2;;;
10/02/2022;15:39:00;1135;AC03 - Acidente sem VITIMA;108;BR-040/RJ;JF;Queda de Moto;;;;1;;;;;;;1;;;;
10/02/2022;15:47:00;1137;AC03 - Acidente sem VITIMA;108;BR-040/RJ;JF;Choque - Objeto Fixo;1;;;;;;;;;;1;;;;
10/02/2022;16:24:00;1142;AC02 - Acidente com VITIMA;112;BR-040/RJ;JF;Engavetamento;1;;2;;;;;;;;2;1;;;
10/02/2022;18:26:00;1158;AC02 - Acidente com VITIMA;123;BR-040/RJ;RJ;Queda de Moto;;;;1;;;;;;;0;1;;;
11/02/2022;06:51:00;1197;AC03 - Acidente sem VITIMA;791;BR-040/MG;RJ;Colisão Lateral;1;;;;;;;;;;1;;;;
11/02/2022;09:01:00;1208;AC02 - Acidente com VITIMA;113;BR-040/RJ;JF;Queda de Moto;;;;1;;;;;;;0;1;;;
11/02/2022;16:39:00;1257;AC02 - Acidente com VITIMA;110;BR-040/RJ;JF;Queda de Moto;;;;1;;;;;;;0;2;;;
11/02/2022;18:37:00;1275;AC03 - Acidente sem VITIMA;98;BR-040/RJ;RJ;Saída de Pista;1;;;;;;;;;;1;;;;
11/02/2022;22:15:00;1302;AC03 - Acidente sem VITIMA;93;BR-040/RJ;RJ;Choque - Objeto Fixo;1;;;;;;;;;;1;;;;
12/02/2022;00:01:00;1311;AC03 - Acidente sem VITIMA;80;BR-040/RJ;JF;Choque - Objeto Fixo;1;;;;;;;;;;1;;;;
12/02/2022;08:22:00;1335;AC03 - Acidente sem VITIMA;85;BR-040/RJ;JF;Choque - Objeto Fixo;1;;;;;;;;;;1;;;;
12/02/2022;09:37:00;1343;AC03 - Acidente sem VITIMA;820;BR-040/MG;RJ;Choque - Objeto Fixo;1;;;;;;;;;;1;;;;
12/02/2022;10:53:00;1350;AC03 - Acidente sem VITIMA;819;BR-040/MG;RJ;Choque - Objeto Fixo;1;;;;;;;;;;1;;;;
12/02/2022;12:14:00;1353;AC03 - Acidente sem VITIMA;94;BR-040/RJ;RJ;Choque - Objeto Fixo;1;;;;;;;;;;1;;;;