data;horario;n_da_ocorrencia;tipo_de_ocorrencia;km;trecho;sentido;tipo_de_acidente;automovel;bicicleta;caminhao;moto;onibus;outros;tracao_animal;transporte_de_cargas_especiais;trator_maquinas;utilitarios;ilesos;levemente_feridos;moderadamente_feridos;gravemente_feridos;mortos
12/02/2022;12:30:00;1356;AC03 - Acidente sem VITIMA;91;BR-040/RJ;JF;Choque - Objeto Fixo;1;;;;;;;;;;1;;;;
12/02/2022;14:15:00;1366;AC02 - Acidente com VITIMA;785;BR-040/MG;JF;Engavetamento;3;;;;;;;;;;0;4;3;;
12/02/2022;14:22:00;1367;AC02 - Acidente com VITIMA;91;BR-040/RJ;RJ;Saída de Pista;1;;;;;;;;;;0;3;;;
12/02/2022;14:53:00;1369;AC03 - Acidente sem VITIMA;94;BR-040/RJ;RJ;Saída de Pista;1;;;;;;;;;;1;;;;
12/02/2022;18:07:00;1391;AC02 - Acidente com VITIMA;84;BR-040/RJ;RJ;Choque - Objeto Fixo;1;;;;;;;;;;1;1;;;
12/02/2022;18:19:00;1392;AC03 - Acidente sem VITIMA;824;BR-040/MG;RJ;Choque - Objeto Fixo;1;;;;;;;;;;1;;;;
12/02/2022;22:07:00;1406;AC02 - Acidente com VITIMA;103;BR-040/RJ;RJ;Queda de Moto;;;;1;;;;;;;0;1;;;
12/02/2022;22:27:00;1408;AC03 - Acidente sem VITIMA;84;BR-040/RJ;RJ;Choque - Objeto Fixo;1;;;;;;;;;;1;;;;
13/02/2022;02:57:00;1420;AC03 - Acidente sem VITIMA;92;BR-040/RJ;RJ;Choque - Objeto Fixo;1;;;;;;;;;;1;;;;
13/02/2022;03:58:00;1421;AC03 - Acidente sem VITIMA;118;BR-040/RJ;RJ;Atropelamento - Animal;1;;;;;;;;;;1;;;;
13/02/2022;18:29:00;1488;AC02 - Acidente com VITIMA;114;BR-040/RJ;RJ;Colisão Lateral;1;;;1;;1;;;;;2;1;;;
13/02/2022;19:24:00;1501;AC03 - Acidente sem VITIMA;77;BR-040/RJ;JF;Colisão Traseira;1;;;;;1;;;;;2;;;;
13/02/2022;20:22:00;1509;AC03 - Acidente sem VITIMA;115;BR-040/RJ;RJ;Saída de Pista;1;;;;;;;;;;1;;;;
14/02/2022;00:50:00;1525;AC01 - Acidente com VITIMA FATAL;123;BR-040/RJ;JF;Colisão Traseira;1;;;1;;;;;;;1;;;;1
14/02/2022;07:33:00;1543;AC03 - Acidente sem VITIMA;120;BR-040/RJ;RJ;Engavetamento;3;;;;;;;;;;3;;;;
14/02/2022;10:41:00;1569;AC03 - Acidente sem VITIMA;123;BR-040/RJ;JF;Choque - Objeto Fixo;1;;;;;;;;;;1;;;;
14/02/2022;17:47:00;1629;AC03 - Acidente sem VITIMA;94;BR-040/RJ;RJ;Choque - Objeto Fixo;1;;;;;;;;;;1;;;;
14/02/2022;18:10:00;1632;AC02 - Acidente com VITIMA;92;BR-040/RJ;RJ;Tombamento;;;1;;;;;;;;0;1;;;
14/02/2022;19:00:00;1636;AC02 - Acidente com VITIMA;59;BR-040/RJ;JF;Colisão Lateral;2;;;;;;;;;;1;2;;;
15/02/2022;13:16:00;1726;AC03 - Acidente sem VITIMA;84;BR-040/RJ;JF;Choque - Objeto Fixo;1;;;;;;;;;;1;;;;
15/02/2022;21:17:00;1766;AC02 - Acidente com VITIMA;104;BR-040/RJ;RJ;Colisão Traseira;2;;;;;;;;;;1;;1;;
16/02/2022;07:53:00;1791;AC02 - Acidente com VITIMA;80;BR-040/RJ;RJ;Colisão Traseira;1;;1;;;;;;;;1;;1;;
16/02/2022;10:39:00;1809;AC03 - Acidente sem VITIMA;105;BR-040/RJ;JF;Colisão Traseira;2;;;;;;;;;;2;;;;
16/02/2022;18:35:00;1858;AC03 - Acidente sem VITIMA;93;BR-040/RJ;JF;Colisão Lateral;1;;;;;1;;;;;2;;;;
17/02/2022;11:16:00;1916;AC02 - Acidente com VITIMA;782;BR-040/MG;JF;Colisão Traseira;1;;;1;;;;;;;1;;1;;
17/02/2022;17:52:00;1963;AC03 - Acidente sem VITIMA;72;BR-040/RJ;JF;Choque - Objeto Fixo;1;;;;;;;;;;1;;;;
17/02/2022;18:39:00;1975;AC03 - Acidente sem VITIMA;123;BR-040/RJ;JF;Choque - Objeto Fixo;1;;;;;;;;;;1;;;;
17/02/2022;20:24:00;1984;AC03 - Acidente sem VITIMA;112;BR-040/RJ;JF;Engavetamento;2;;1;;;1;;;;;4;;;;
17/02/2022;22:25:00;1993;AC02 - Acidente com VITIMA;120;BR-040/RJ;RJ;Capotamento;1;;;;;2;;;;;2;;1;;
18/02/2022;08:03:00;2031;AC03 - Acidente sem VITIMA;33;BR-040/RJ;RJ;Choque - Objeto Fixo;1;;;;;;;;;;1;;;;
18/02/2022;09:18:00;2037;AC03 - Acidente sem VITIMA;52;BR-040/RJ;JF;Choque - Objeto Fixo;1;;;;;;;;;;1;;;;
18/02/2022;09:20:00;2038;AC02 - Acidente com VITIMA;0;BR-040/RJ;JF;Capotamento;1;;;;;;;;;;0;1;;;
18/02/2022;10:49:00;2046;AC03 - Acidente sem VITIMA;89;BR-040/RJ;RJ;Choque - Objeto Fixo;1;;;;;;;;;;1;;;;
18/02/2022;16:23:00;2087;AC03 - Acidente sem VITIMA;91;BR-040/RJ;JF;Choque - Objeto Fixo;1;;;;;;;;;;1;;;;
18/02/2022;17:12:00;2092;AC03 - Acidente sem VITIMA;110;BR-040/RJ;JF;Colisão Traseira;2;;;;;;;;;;2;;;;
18/02/2022;17:20:00;2095;AC01 - Acidente com VITIMA FATAL;101;BR-040/RJ;JF;Colisão Lateral;;;1;1;;;;;;;1;;;;1
18/02/2022;19:30:00;2106;AC03 - Acidente sem VITIMA;94;BR-040/RJ;RJ;Choque - Objeto Fixo;1;;;;;;;;;;1;;;;
18/02/2022;23:56:00;2139;AC03 - Acidente sem VITIMA;112;BR-040/RJ;JF;Saída de Pista;1;;;;;;;;;;1;;;;
19/02/2022;07:00:00;2163;AC03 - Acidente sem VITIMA;795;BR-040/MG;JF;Choque - Objeto Fixo;1;;;;;;;;;;1;;;;
19/02/2022;13:47:00;2227;AC03 - Acidente sem VITIMA;96;BR-040/RJ;RJ;Choque - Objeto Fixo;1;;;;;;;;;;1;;;;
19/02/2022;15:51:00;2242;AC02 - Acidente com VITIMA;791;BR-040/MG;JF;Capotamento;1;;;;;;;;;;0;1;;;
19/02/2022;16:34:00;2248;AC02 - Acidente com VITIMA;84;BR-040/RJ;JF;Choque - Objeto Fixo;1;;;;;;;;;;0;1;;;
19/02/2022;18:03:00;2256;AC03 - Acidente sem VITIMA;784;BR-040/MG;RJ;Choque - Objeto Fixo;1;;;;;;;;;;1;;;;
19/02/2022;21:34:00;2275;AC03 - Acidente sem VITIMA;121;BR-040/RJ;JF;Colisão Lateral;1;;;;;1;;;;;2;;;;
19/02/2022;22:12:00;2280;AC03 - Acidente sem VITIMA;789;BR-040/MG;JF;Saída de Pista;1;;;;;;;;;;1;;;;
20/02/2022;02:56:00;2294;AC03 - Acidente sem VITIMA;73;BR-040/RJ;RJ;Choque - Objeto Fixo;;;1;;;;;;;;1;;;;
20/02/2022;09:11:00;2314;AC03 - Acidente sem VITIMA;80;BR-040/RJ;RJ;Choque - Objeto Fixo;1;;;;;;;;;;1;;;;
20/02/2022;10:35:00;2323;AC02 - Acidente com VITIMA;115;BR-040/RJ;JF;Colisão Transversal;1;;1;;;;;;;;1;1;;;
20/02/2022;13:27:00;2347;AC02 - Acidente com VITIMA;793;BR-040/MG;JF;Capotamento;1;;;;;;;;;;0;1;1;;
20/02/2022;16:57:00;2368;AC03 - Acidente sem VITIMA;792;BR-040/MG;JF;Choque - Objeto Fixo;1;;;;;;;;;;1;;;;
20/02/2022;18:02:00;2375;AC02 - Acidente com VITIMA;817;BR-040/MG;JF;Capotamento;1;;;;;;;;;;0;4;;;
20/02/2022;20:28:00;2384;AC05 - Atropelamento Fatal;785;BR-040/MG;JF;Atropelamento - Pedestre;;;;;1;1;;;;;1;;;;1
20/02/2022;20:31:00;2385;AC03 - Acidente sem VITIMA;118;BR-040/RJ;RJ;Colisão Traseira;1;;;;;1;;;;;2;;;;
20/02/2022;23:50:00;2395;AC02 - Acidente com VITIMA;107;BR-040/RJ;JF;Queda de Moto;;;;1;;;;;;;0;1;;;
21/02/2022;11:37:00;2453;AC03 - Acidente sem VITIMA;113;BR-040/RJ;RJ;Colisão Lateral;1;;1;;;;;;;;2;;;;
21/02/2022;12:36:00;2462;AC03 - Acidente sem VITIMA;785;BR-040/MG;JF;Saída de Pista;1;;;;;;;;;;1;;;;
21/02/2022;18:58:00;2510;AC02 - Acidente com VITIMA;96;BR-040/RJ;RJ;Choque - Objeto Fixo;1;;;;;;;;;;0;5;;;
21/02/2022;19:38:00;2516;AC03 - Acidente sem VITIMA;104;BR-040/RJ;JF;Colisão Lateral;2;;;;;;;;;;2;;;;
22/02/2022;04:06:00;2547;AC03 - Acidente sem VITIMA;65;BR-040/RJ;RJ;Choque - Objeto Fixo;1;;;;;;;;;;1;;;;
22/02/2022;11:35:00;2603;AC04 - Atropelamento;101;BR-040/RJ;RJ;Atropelamento - Pedestre;;;1;;;1;;;;;1;;1;;
22/02/2022;13:52:00;2612;AC04 - Atropelamento;105;BR-040/RJ;JF;Atropelamento - Funcionário;1;;;;;1;;;;;1;1;;;
22/02/2022;14:25:00;2615;AC03 - Acidente sem VITIMA;123;BR-040/RJ;RJ;Engavetamento;3;;;;1;;;;;;4;;;;
22/02/2022;15:08:00;2619;AC03 - Acidente sem VITIMA;103;BR-040/RJ;RJ;Colisão Traseira;1;;;;;1;;;;;2;;;;
22/02/2022;16:05:00;2626;AC02 - Acidente com VITIMA;827;BR-040/MG;RJ;Capotamento;1;;;;;;;;;;0;1;;;
22/02/2022;19:03:00;2652;AC02 - Acidente com VITIMA;102;BR-040/RJ;JF;Colisão Traseira;2;;;;;;;;;;1;1;;;
23/02/2022;06:54:00;2682;AC03 - Acidente sem VITIMA;109;BR-040/RJ;JF;Colisão Lateral;1;;1;;;;;;;;2;;;;
23/02/2022;07:10:00;2687;AC02 - Acidente com VITIMA;790;BR-040/MG;JF;Choque - Objeto Fixo;1;;;;;;;;;;0;1;;;
23/02/2022;09:02:00;2704;AC03 - Acidente sem VITIMA;83;BR-040/RJ;RJ;Colisão Lateral;2;;;;;;;;;;2;;;;
23/02/2022;09:30:00;2709;AC03 - Acidente sem VITIMA;80;BR-040/RJ;JF;Queda de Moto;;;;1;;;;;;;1;;;;
23/02/2022;10:09:00;2716;AC02 - Acidente com VITIMA;82;BR-040/RJ;RJ;Colisão Traseira;2;;;;;;;;;;0;3;;;
23/02/2022;11:34:00;2725;AC03 - Acidente sem VITIMA;77;BR-040/RJ;RJ;Choque - Objeto Fixo;1;;;;;;;;;;1;;;;
23/02/2022;12:12:00;2733;AC03 - Acidente sem VITIMA;84;BR-040/RJ;RJ;Choque - Objeto Fixo;1;;;;;;;;;;1;;;;
23/02/2022;13:13:00;2742;AC03 - Acidente sem VITIMA;99;BR-040/RJ;JF;Choque - Objeto Fixo;;;1;;;;;;;;1;;;;
23/02/2022;23:39:00;2808;AC03 - Acidente sem VITIMA;95;BR-040/RJ;JF;Colisão Lateral;;;1;;;1;;;;;2;;;;
24/02/2022;08:21:00;2836;AC03 - Acidente sem VITIMA;114;BR-040/RJ;RJ;Colisão Lateral;;;1;;;;;;;;1;;;;
24/02/2022;08:27:00;2839;AC02 - Acidente com VITIMA;113;BR-040/RJ;RJ;Colisão Lateral;1;;;;;;;;;;0;1;;;
24/02/2022;12:05:00;2859;AC02 - Acidente com VITIMA;793;BR-040/MG;JF;Queda de Moto;;;;1;;;;;;;0;1;;;
25/02/2022;07:35:00;2959;AC03 - Acidente sem VITIMA;122;BR-040/RJ;RJ;Colisão Lateral;1;;1;;;;;;;;2;;;;
25/02/2022;12:25:00;3000;AC03 - Acidente sem VITIMA;102;BR-040/RJ;RJ;Colisão Lateral;1;;1;;;;;;;;2;;;;
25/02/2022;12:33:00;3003;AC03 - Acidente sem VITIMA;52;BR-040/RJ;JF;Choque - Objeto Fixo;1;;;;;;;;;;1;;;;
25/02/2022;12:44:00;3004;AC02 - Acidente com VITIMA;117;BR-040/RJ;JF;Colisão Traseira;2;;;;;;;;;;1;1;1;;
25/02/2022;14:10:00;3015;AC02 - Acidente com VITIMA;83;BR-040/RJ;JF;Colisão Traseira;1;;1;;;;;;;;0;3;;;
25/02/2022;22:23:00;3083;AC03 - Acidente sem VITIMA;48;BR-040/RJ;JF;Choque - Objeto Fixo;;;1;;;;;;;;1;;;;
26/02/2022;06:46:00;3107;AC02 - Acidente com VITIMA;110;BR-040/RJ;RJ;Choque - Objeto Fixo;;;;1;;;;;;;0;1;;1;
26/02/2022;08:36:00;3116;AC03 - Acidente sem VITIMA;114;BR-040/RJ;RJ;Colisão Traseira;2;;;;;;;;;;2;;;;
26/02/2022;12:47:00;3149;AC03 - Acidente sem VITIMA;123;BR-040/RJ;RJ;Colisão Traseira;2;;;;;;;;;;2;;;;
26/02/2022;19:23:00;3188;AC02 - Acidente com VITIMA;796;BR-040/MG;JF;Choque - Objeto Fixo;1;;;;;;;;;;0;2;;;
27/02/2022;00:03:00;3208;AC02 - Acidente com VITIMA;118;BR-040/RJ;JF;Colisão Frontal;1;;;1;;;;;;;1;1;;;
27/02/2022;05:58:00;3213;AC03 - Acidente sem VITIMA;112;BR-040/RJ;JF;Choque - Objeto Fixo;1;;;;;;;;;;1;;;;
27/02/2022;13:40:00;3249;AC05 - Atropelamento Fatal;57;BR-040/RJ;JF;Atropelamento - Pedestre;1;;;;;1;;;;;0;1;;;1
27/02/2022;14:13:00;3259;AC02 - Acidente com VITIMA;37;BR-040/RJ;RJ;Queda de Moto;;;;1;;;;;;;0;2;;;
28/02/2022;08:01:00;3322;AC02 - Acidente com VITIMA;120;BR-040/RJ;JF;Colisão Traseira;2;;;;;1;;;;;1;2;;;
28/02/2022;09:36:00;3330;AC03 - Acidente sem VITIMA;125;BR-040/RJ;JF;Engavetamento;4;;;;;;;;;;4;;;;
28/02/2022;11:30:00;3345;AC02 - Acidente com VITIMA;790;BR-040/MG;JF;Choque - Objeto Fixo;1;;;;;;;;;;0;2;;;
28/02/2022;12:51:00;3350;AC03 - Acidente sem VITIMA;91;BR-040/RJ;JF;Choque - Objeto Fixo;1;;;;;;;;;;1;;;;
28/02/2022;12:58:00;3351;AC03 - Acidente sem VITIMA;122;BR-040/RJ;JF;Choque - Objeto Fixo;;;1;;;;;;;;1;;;;
28/02/2022;15:57:00;3378;AC03 - Acidente sem VITIMA;78;BR-040/RJ;RJ;Colisão Traseira;1;;1;;;;;;;;2;;;;
28/02/2022;19:56:00;3403;AC02 - Acidente com VITIMA;104;BR-040/RJ;RJ;Colisão Lateral;1;;;1;;;;;;;1;1;;;
01/03/2022;03:17:00;2;AC02 - Acidente com VITIMA;92;BR-040/RJ;JF;Capotamento;1;;;;;;;;;;0;2;;;
01/03/2022;09:31:00;16;AC03 - Acidente sem VITIMA;87;BR-040/RJ;RJ;Choque - Objeto Fixo;;;1;;;;;;;;1;;;;
01/03/2022;12:03:00;34;AC02 - Acidente com VITIMA;121;BR-040/RJ;RJ;Colisão Traseira;1;;;1;;;;;;;1;1;;;
01/03/2022;13:49:00;43;AC02 - Acidente com VITIMA;68;BR-040/RJ;JF;Capotamento;1;;;;;;;;;;0;1;;;
01/03/2022;16:25:00;63;AC02 - Acidente com VITIMA;113;BR-040/RJ;RJ;Choque - Objeto Fixo;1;;;;;;;;;;0;;1;;
01/03/2022;17:56:00;74;AC02 - Acidente com VITIMA;108;BR-040/RJ;RJ;Colisão Lateral;1;;;1;;;;;;;0;2;1;;
02/03/2022;10:30:00;152;AC03 - Acidente sem VITIMA;784;BR-040/MG;JF;Colisão Traseira;2;;;;;;;;;;2;;;;
02/03/2022;15:18:00;204;AC03 - Acidente sem VITIMA;86;BR-040/RJ;JF;Colisão Traseira;2;;;;;;;;;;2;;;;
02/03/2022;15:53:00;211;AC02 - Acidente com VITIMA;792;BR-040/MG;RJ;Queda de Moto;;;;1;;;;;;;0;2;;;
02/03/2022;16:08:00;213;AC02 - Acidente com VITIMA;108;BR-040/RJ;JF;Queda de Moto;;;;1;;;;;;;0;1;1;;
02/03/2022;17:31:00;234;AC03 - Acidente sem VITIMA;74;BR-040/RJ;RJ;Engavetamento;1;;;;;2;;;;;3;;;;
03/03/2022;05:31:00;275;AC02 - Acidente com VITIMA;101;BR-040/RJ;JF;Queda de Moto;;;;1;;;;;;;0;;1;;
03/03/2022;07:20:00;285;AC03 - Acidente sem VITIMA;104;BR-040/RJ;JF;Atropelamento - Animal;1;;;;;;;;;;1;;;;
03/03/2022;07:25:00;286;AC03 - Acidente sem VITIMA;9;BR-040/RJ;RJ;Choque - Objeto Fixo;1;;;;;;;;;;1;;;;
03/03/2022;09:03:00;305;AC02 - Acidente com VITIMA;801;BR-040/MG;JF;Colisão Traseira;1;;1;;;;;;;;1;2;;;
03/03/2022;15:16:00;354;AC02 - Acidente com VITIMA;94;BR-040/RJ;RJ;Choque - Objeto Fixo;1;;;;;;;;;;0;3;;;
03/03/2022;15:37:00;360;AC02 - Acidente com VITIMA;115;BR-040/RJ;JF;Colisão Lateral;1;;;1;;;;;;;1;1;;;
04/03/2022;05:12:00;412;AC02 - Acidente com VITIMA;107;BR-040/RJ;RJ;Choque - Objeto Fixo;1;;;;;;;;;;0;1;;;
04/03/2022;15:12:00;485;AC02 - Acidente com VITIMA;84;BR-040/RJ;RJ;Engavetamento;3;;1;;;1;;;;;4;4;;;
05/03/2022;00:45:00;546;AC02 - Acidente com VITIMA;67;BR-040/RJ;JF;Choque - Objeto Fixo;;;1;;;;;;;;0;1;;;
05/03/2022;08:07:00;562;AC02 - Acidente com VITIMA;109;BR-040/RJ;RJ;Queda de Moto;;;;1;;;;;;;0;1;;;
05/03/2022;08:34:00;566;AC02 - Acidente com VITIMA;785;BR-040/MG;RJ;Colisão Lateral;;2;;;;;;;;;0;2;;;
05/03/2022;09:18:00;572;AC02 - Acidente com VITIMA;803;BR-040/MG;RJ;Choque - Objeto Fixo;1;;;;;;;;;;0;3;;;
05/03/2022;13:27:00;593;AC03 - Acidente sem VITIMA;5;BR-040/RJ;JF;Choque - Objeto Fixo;1;;;;;;;;;;1;;;;
05/03/2022;13:45:00;596;AC03 - Acidente sem VITIMA;810;BR-040/MG;JF;Colisão Frontal;2;;;;;;;;;;2;;;;
05/03/2022;13:46:00;597;AC03 - Acidente sem VITIMA;118;BR-040/RJ;RJ;Colisão Traseira;1;;;;1;;;;;;2;;;;
06/03/2022;02:05:00;657;AC02 - Acidente com VITIMA;63;BR-040/RJ;JF;Queda de Moto;;;;1;;;;;;;0;;1;;
06/03/2022;04:10:00;659;AC03 - Acidente sem VITIMA;103;BR-040/RJ;RJ;Capotamento;1;;;;;;;;;;1;;;;
06/03/2022;10:24:00;681;AC03 - Acidente sem VITIMA;124;BR-040/RJ;JF;Engavetamento;3;;;;;;;;;;3;;;;
06/03/2022;12:29:00;694;AC03 - Acidente sem VITIMA;94;BR-040/RJ;RJ;Choque - Objeto Fixo;1;;;;;;;;;;1;;;;
06/03/2022;21:01:00;768;AC03 - Acidente sem VITIMA;94;BR-040/RJ;JF;Choque - Objeto Fixo;1;;;;;;;;;;1;;;;
06/03/2022;21:17:00;770;AC03 - Acidente sem VITIMA;120;BR-040/RJ;RJ;Choque - Objeto Fixo;1;;;;;;;;;;1;;;;
07/03/2022;10:09:00;821;AC02 - Acidente com VITIMA;105;BR-040/RJ;JF;Colisão Lateral;1;;;1;;;;;;;1;;1;;
07/03/2022;14:46:00;843;AC03 - Acidente sem VITIMA;102;BR-040/RJ;JF;Colisão Lateral;1;;1;;;;;;;;2;;;;
07/03/2022;15:15:00;846;AC02 - Acidente com VITIMA;43;BR-040/RJ;JF;Choque - Objeto Fixo;1;;;;;;;;;;0;2;;;
07/03/2022;15:18:00;848;AC03 - Acidente sem VITIMA;109;BR-040/RJ;JF;Colisão Traseira;1;;1;;;;;;;;2;;;;
07/03/2022;17:26:00;859;AC03 - Acidente sem VITIMA;110;BR-040/RJ;JF;Colisão Lateral;1;;;1;;;;;;;2;;;;
08/03/2022;05:03:00;897;AC03 - Acidente sem VITIMA;773;BR-040/MG;JF;Saída de Pista;1;;;;;;;;;;1;;;;
08/03/2022;09:08:00;911;AC03 - Acidente sem VITIMA;816;BR-040/MG;RJ;Colisão Lateral;1;;;1;;;;;;;2;;;;
08/03/2022;13:02:00;936;AC02 - Acidente com VITIMA;116;BR-040/RJ;RJ;Colisão Traseira;2;;;;;;;;;;1;;1;;
08/03/2022;12:59:00;937;AC03 - Acidente sem VITIMA;112;BR-040/RJ;JF;Colisão Traseira;2;;;;;;;;;;2;;;;
08/03/2022;12:15:00;938;AC03 - Acidente sem VITIMA;123;BR-040/RJ;RJ;Colisão Lateral;1;;1;;;;;;;;2;;;;
08/03/2022;13:59:00;944;AC02 - Acidente com VITIMA;61;BR-040/RJ;JF;Colisão Transversal;1;;;1;;;;;;;0;2;;;
08/03/2022;14:00:00;945;AC02 - Acidente com VITIMA;32;BR-040/RJ;JF;Tombamento;;;1;;;1;;;;;1;;;1;
09/03/2022;02:29:00;1007;AC03 - Acidente sem VITIMA;83;BR-040/RJ;JF;Saída de Pista;1;;;;;;;;;;1;;;;
09/03/2022;05:14:00;1011;AC03 - Acidente sem VITIMA;66;BR-040/RJ;JF;Choque - Objeto Fixo;1;;;;;;;;;;1;;;;
09/03/2022;08:31:00;1029;AC03 - Acidente sem VITIMA;88;BR-040/RJ;JF;Saída de Pista;1;;;;;;;;;;1;;;;
09/03/2022;13:36:00;1072;AC03 - Acidente sem VITIMA;83;BR-040/RJ;JF;Choque - Objeto Fixo;1;;;;;;;;;;1;;;;
09/03/2022;19:06:00;1101;AC02 - Acidente com VITIMA;122;BR-040/RJ;JF;Colisão Traseira;2;;;;;;;;;;1;1;;;
10/03/2022;09:41:00;1144;AC03 - Acidente sem VITIMA;117;BR-040/RJ;JF;Saída de Pista;1;;;;;;;;;;1;;;;
11/03/2022;02:36:00;1240;AC03 - Acidente sem VITIMA;824;BR-040/MG;RJ;Choque - Objeto Fixo;;;1;;;;;;;;1;;;;
11/03/2022;03:03:00;1241;AC03 - Acidente sem VITIMA;118;BR-040/RJ;JF;Colisão Traseira;2;;;;;;;;;;2;;;;
11/03/2022;07:02:00;1249;AC03 - Acidente sem VITIMA;58;BR-040/RJ;JF;Queda de Moto;;;;1;;;;;;;1;;;;
11/03/2022;13:58:00;1302;AC03 - Acidente sem VITIMA;784;BR-040/MG;RJ;Capotamento;1;;;;;;;;;;1;;;;
11/03/2022;15:53:00;1325;AC03 - Acidente sem VITIMA;85;BR-040/RJ;JF;Saída de Pista;1;;;;;;;;;;1;;;;
12/03/2022;05:03:00;1387;AC04 - Atropelamento;121;BR-040/RJ;JF;Atropelamento - Pedestre;;;;;;2;;;;;1;1;;;
12/03/2022;05:22:00;1391;AC02 - Acidente com VITIMA;121;BR-040/RJ;JF;Colisão Traseira;2;;;;;;;;;;1;1;;;
12/03/2022;05:28:00;1392;AC03 - Acidente sem VITIMA;108;BR-040/RJ;JF;Choque - Objeto Fixo;1;;;;;;;;;;1;;;;
12/03/2022;06:16:00;1395;AC02 - Acidente com VITIMA;106;BR-040/RJ;JF;Colisão Traseira;2;;;;;;;;;;0;2;;;
12/03/2022;14:59:00;1454;AC02 - Acidente com VITIMA;805;BR-040/MG;JF;Colisão Transversal;2;;;;;;;;;;0;1;4;;
12/03/2022;15:40:00;1459;AC03 - Acidente sem VITIMA;93;BR-040/RJ;RJ;Choque - Objeto Fixo;1;;;;;;;;;;1;;;;
12/03/2022;16:08:00;1462;AC03 - Acidente sem VITIMA;94;BR-040/RJ;RJ;Choque - Objeto Fixo;1;;;;;;;;;;1;;;;
12/03/2022;16:29:00;1465;AC03 - Acidente sem VITIMA;108;BR-040/RJ;JF;Colisão Traseira;2;;;;;;;;;;2;;;;
12/03/2022;16:34:00;1467;AC03 - Acidente sem VITIMA;84;BR-040/RJ;RJ;Choque - Objeto Fixo;1;;;;;;;;;;1;;;;
13/03/2022;06:01:00;1510;AC03 - Acidente sem VITIMA;49;BR-040/RJ;RJ;Choque - Objeto Fixo;1;;;;;;;;;;1;;;;
13/03/2022;12:19:00;1535;AC02 - Acidente com VITIMA;8;BR-040/RJ;JF;Queda de Moto;;;;1;;;;;;;0;;1;;
13/03/2022;19:06:00;1576;AC03 - Acidente sem VITIMA;22;BR-040/RJ;RJ;Choque - Objeto Fixo;1;;;;;;;;;;1;;;;
13/03/2022;21:05:00;1595;AC03 - Acidente sem VITIMA;103;BR-040/RJ;RJ;Colisão Traseira;2;;;;;;;;;;2;;;;
14/03/2022;03:02:00;1630;AC03 - Acidente sem VITIMA;59;BR-040/RJ;JF;Choque - Objeto Fixo;1;;;;;;;;;;1;;;;
14/03/2022;05:47:00;1639;AC02 - Acidente com VITIMA;105;BR-040/RJ;RJ;Queda de Moto;;;;1;;;;;;;0;1;;;
14/03/2022;08:29:00;1656;AC03 - Acidente sem VITIMA;796;BR-040/MG;RJ;Choque - Objeto Fixo;1;;;;;;;;;;1;;;;
14/03/2022;12:50:00;1685;AC03 - Acidente sem VITIMA;70;BR-040/RJ;RJ;Colisão Lateral;1;;1;;;;;;;;2;;;;
14/03/2022;23:00:00;1736;AC03 - Acidente sem VITIMA;75;BR-040/RJ;JF;Choque - Objeto Fixo;1;;;;;;;;;;1;;;;
15/03/2022;07:46:00;1767;AC02 - Acidente com VITIMA;801;BR-040/MG;RJ;Colisão veiculo parado acostamento;;1;1;;;;;;;;1;;1;;
15/03/2022;12:09:00;1806;AC02 - Acidente com VITIMA;84;BR-040/RJ;RJ;Queda de Moto;;;;1;;;;;;;0;1;;;
15/03/2022;17:41:00;1829;AC02 - Acidente com VITIMA;108;BR-040/RJ;JF;Choque - Objeto Fixo;1;;;;;;;;;;0;1;;;
15/03/2022;17:58:00;1831;AC03 - Acidente sem VITIMA;104;BR-040/RJ;JF;Choque - Objeto Fixo;1;;;;;;;;;;1;;;;
15/03/2022;18:42:00;1837;AC03 - Acidente sem VITIMA;87;BR-040/RJ;JF;Choque - Objeto Fixo;1;;;;;;;;;;1;;;;
15/03/2022;19:00:00;1842;AC03 - Acidente sem VITIMA;71;BR-040/RJ;JF;Choque - Objeto Fixo;1;;;;;;;;;;1;;;;
15/03/2022;20:22:00;1848;AC03 - Acidente sem VITIMA;114;BR-040/RJ;JF;Engavetamento;3;;;;;;;;;;3;;;;
15/03/2022;22:36:00;1852;AC02 - Acidente com VITIMA;117;BR-040/RJ;RJ;Queda de Moto;;;;1;;;;;;;0;1;;;
16/03/2022;01:34:00;1863;AC03 - Acidente sem VITIMA;89;BR-040/RJ;JF;Choque - Objeto Fixo;1;;;;;;;;;;1;;;;
16/03/2022;07:24:00;1882;AC02 - Acidente com VITIMA;120;BR-040/RJ;RJ;Colisão Lateral;1;;;1;;;;;;;1;;1;;
16/03/2022;08:18:00;1890;AC03 - Acidente sem VITIMA;121;BR-040/RJ;RJ;Colisão Lateral;1;;1;;;;;;;;2;;;;
16/03/2022;08:36:00;1892;AC03 - Acidente sem VITIMA;124;BR-040/RJ;JF;Engavetamento;2;;;;;1;;;;;3;;;;
16/03/2022;16:31:00;1945;AC03 - Acidente sem VITIMA;4;BR-040/RJ;JF;Colisão Lateral;2;;;;;;;;;;2;;;;
16/03/2022;18:54:00;1954;AC04 - Atropelamento;93;BR-040/RJ;JF;Atropelamento - Pedestre;;;;;;2;;;;;1;;;1;
17/03/2022;01:04:00;1979;AC03 - Acidente sem VITIMA;779;BR-040/MG;JF;Atropelamento - Animal;1;;;;;;;;;;1;;;;