data;horario;n_da_ocorrencia;tipo_de_ocorrencia;km;trecho;sentido;tipo_de_acidente;automovel;bicicleta;caminhao;moto;onibus;outros;tracao_animal;transporte_de_cargas_especiais;trator_maquinas;utilitarios;ilesos;levemente_feridos;moderadamente_feridos;gravemente_feridos;mortos
17/03/2022;06:49:00;1989;AC03 - Acidente sem VITIMA;89;BR-040/RJ;RJ;Choque - Objeto Fixo;;;1;;;;;;;;1;;;;
17/03/2022;11:03:00;2024;AC02 - Acidente com VITIMA;74;BR-040/RJ;RJ;Colisão Transversal;2;;;;;;;;;;0;6;;;
17/03/2022;17:45:00;2070;AC02 - Acidente com VITIMA;117;BR-040/RJ;JF;Colisão Lateral;1;;;1;;;;;;;1;1;;;
17/03/2022;18:37:00;2075;AC02 - Acidente com VITIMA;32;BR-040/RJ;JF;Tombamento;;;1;;;1;;;;;1;;1;;
18/03/2022;12:18:00;2129;AC02 - Acidente com VITIMA;84;BR-040/RJ;RJ;Choque - Objeto Fixo;1;;;;;;;;;;3;1;;;
18/03/2022;12:22:00;2139;AC02 - Acidente com VITIMA;84;BR-040/RJ;RJ;Choque - Objeto Fixo;1;;;;;;;;;;0;1;;;
18/03/2022;13:30:00;2143;AC02 - Acidente com VITIMA;122;BR-040/RJ;JF;Colisão Traseira;2;;;;;;;;;;1;1;;;
18/03/2022;15:23:00;2163;AC03 - Acidente sem VITIMA;112;BR-040/RJ;JF;Colisão Traseira;2;;;;;;;;;;2;;;;
18/03/2022;19:04:00;2199;AC03 - Acidente sem VITIMA;111;BR-040/RJ;JF;Colisão Traseira;1;;;;;1;;;;;2;;;;
19/03/2022;08:36:00;2245;AC03 - Acidente sem VITIMA;773;BR-040/MG;JF;Colisão Traseira;2;;;;;;;;;;2;;;;
19/03/2022;09:12:00;2248;AC02 - Acidente com VITIMA;116;BR-040/RJ;JF;Colisão Traseira;2;;;;;;;;;;1;1;;;
19/03/2022;09:34:00;2249;AC03 - Acidente sem VITIMA;804;BR-040/MG;JF;Queda de Moto;;;;1;;;;;;;1;;;;
19/03/2022;09:17:00;2254;AC03 - Acidente sem VITIMA;116;BR-040/RJ;JF;Colisão Traseira;2;;;;;;;;;;2;;;;
19/03/2022;12:15:00;2260;AC03 - Acidente sem VITIMA;803;BR-040/MG;JF;Queda de Moto;;1;;1;;;;;;;2;;;;
20/03/2022;05:31:00;2330;AC03 - Acidente sem VITIMA;115;BR-040/RJ;JF;Colisão Traseira;1;;;;1;;;;;;2;;;;
20/03/2022;05:38:00;2331;AC02 - Acidente com VITIMA;33;BR-040/RJ;JF;Choque - Objeto Fixo;1;;;;;;;;;;0;2;1;1;
20/03/2022;13:47:00;2369;AC03 - Acidente sem VITIMA;102;BR-040/RJ;JF;Colisão Transversal;1;1;;;;;;;;;2;;;;
20/03/2022;16:26:00;2382;AC03 - Acidente sem VITIMA;78;BR-040/RJ;RJ;Choque - Objeto Fixo;1;;;;;;;;;;1;;;;
20/03/2022;17:14:00;2389;AC03 - Acidente sem VITIMA;113;BR-040/RJ;JF;Colisão Traseira;1;;;;;1;;;;;2;;;;
20/03/2022;18:52:00;2399;AC02 - Acidente com VITIMA;113;BR-040/RJ;JF;Engavetamento;3;;;;;;;;;;2;1;;;
20/03/2022;19:50:00;2408;AC03 - Acidente sem VITIMA;92;BR-040/RJ;RJ;Saída de Pista;1;;;;;;;;;;1;;;;
20/03/2022;19:50:00;2409;AC03 - Acidente sem VITIMA;99;BR-040/RJ;JF;Choque - Objeto Fixo;1;;;;;;;;;;4;;;;
20/03/2022;19:57:00;2411;AC03 - Acidente sem VITIMA;91;BR-040/RJ;JF;Choque - Objeto Fixo;1;;;;;;;;;;1;;;;
20/03/2022;20:08:00;2414;AC02 - Acidente com VITIMA;68;BR-040/RJ;RJ;Choque - Objeto Fixo;1;;;;;;;;;;0;1;;;
20/03/2022;21:35:00;2423;AC03 - Acidente sem VITIMA;112;BR-040/RJ;JF;Choque - Objeto Fixo;1;;;;;;;;;;1;;;;
20/03/2022;21:35:00;2428;AC03 - Acidente sem VITIMA;112;BR-040/RJ;JF;Choque - Objeto Fixo;;;;;1;;;;;;1;;;;
20/03/2022;23:23:00;2438;AC03 - Acidente sem VITIMA;113;BR-040/RJ;RJ;Colisão Traseira;2;;;;;;;;;;2;;;;
21/03/2022;05:37:00;2455;AC02 - Acidente com VITIMA;118;BR-040/RJ;RJ;Colisão Frontal;1;;;;1;;;;;;1;3;;;
21/03/2022;06:39:00;2459;AC03 - Acidente sem VITIMA;111;BR-040/RJ;RJ;Colisão Traseira;2;;;;;;;;;;2;;;;
21/03/2022;06:55:00;2461;AC03 - Acidente sem VITIMA;80;BR-040/RJ;RJ;Choque - Objeto Fixo;1;;;;;;;;;;1;;;;
21/03/2022;07:43:00;2467;AC02 - Acidente com VITIMA;68;BR-040/RJ;RJ;Capotamento;1;;;;;;;;;;0;1;;;
21/03/2022;07:51:00;2468;AC03 - Acidente sem VITIMA;79;BR-040/RJ;RJ;Choque - Objeto Fixo;1;;;;;;;;;;1;;;;
21/03/2022;08:11:00;2473;AC03 - Acidente sem VITIMA;93;BR-040/RJ;RJ;Choque - Objeto Fixo;1;;;;;;;;;;1;;;;
21/03/2022;09:47:00;2485;AC02 - Acidente com VITIMA;92;BR-040/RJ;RJ;Saída de Pista;1;;;;;;;;;;0;1;;;
21/03/2022;09:48:00;2486;AC03 - Acidente sem VITIMA;84;BR-040/RJ;JF;Capotamento;1;;;;;;;;;;1;;;;
21/03/2022;11:46:00;2500;AC02 - Acidente com VITIMA;91;BR-040/RJ;RJ;Saída de Pista;1;;;;;;;;;;0;1;;;
21/03/2022;12:02:00;2501;AC03 - Acidente sem VITIMA;90;BR-040/RJ;JF;Saída de Pista;1;;;;;;;;;;1;;;;
21/03/2022;12:27:00;2505;AC03 - Acidente sem VITIMA;90;BR-040/RJ;JF;Choque - Objeto Fixo;1;;;;;;;;;;1;;;;
21/03/2022;13:01:00;2509;AC03 - Acidente sem VITIMA;85;BR-040/RJ;JF;Queda de Moto;;;;1;;;;;;;1;;;;
21/03/2022;14:53:00;2519;AC02 - Acidente com VITIMA;4;BR-040/RJ;JF;Saída de Pista;1;;;;;;;;;;0;;1;;
21/03/2022;15:48:00;2527;AC02 - Acidente com VITIMA;31;BR-040/RJ;JF;Choque - Objeto Fixo;1;;;;;;;;;;0;5;;;
21/03/2022;16:06:00;2530;AC02 - Acidente com VITIMA;110;BR-040/RJ;RJ;Colisão Traseira;;;1;1;;;;;;;1;;1;;
21/03/2022;20:10:00;2549;AC03 - Acidente sem VITIMA;792;BR-040/MG;JF;Atropelamento - Animal;1;;;;;;;;;;1;;;;
21/03/2022;21:16:00;2554;AC01 - Acidente com VITIMA FATAL;822;BR-040/MG;JF;Colisão Traseira;1;;1;;;;;;;;1;;;;1
21/03/2022;22:11:00;2557;AC04 - Atropelamento;62;BR-040/RJ;RJ;Atropelamento - Pedestre;1;;;;;1;;;;;1;;;1;
22/03/2022;09:29:00;2597;AC03 - Acidente sem VITIMA;102;BR-040/RJ;RJ;Colisão Traseira;2;;;;;;;;;;2;;;;
22/03/2022;11:36:00;2612;AC02 - Acidente com VITIMA;98;BR-040/RJ;RJ;Choque - Objeto Fixo;1;;;;;;;;;;0;1;;;
22/03/2022;12:01:00;2625;AC02 - Acidente com VITIMA;98;BR-040/RJ;RJ;Queda de Moto;;;;1;;;;;;;0;1;;;
22/03/2022;14:18:00;2628;AC03 - Acidente sem VITIMA;93;BR-040/RJ;RJ;Choque - Objeto Fixo;1;;;;;;;;;;1;;;;
22/03/2022;15:52:00;2636;AC02 - Acidente com VITIMA;91;BR-040/RJ;RJ;Saída de Pista;1;;;;;;;;;;0;3;;;
22/03/2022;17:17:00;2645;AC04 - Atropelamento;89;BR-040/RJ;JF;Atropelamento - Pedestre;;;1;;;1;;;;;1;1;;;
22/03/2022;19:11:00;2652;AC03 - Acidente sem VITIMA;811;BR-040/MG;JF;Atropelamento - Animal;1;;;;;;;;;;1;;;;
23/03/2022;00:40:00;2676;AC02 - Acidente com VITIMA;120;BR-040/RJ;JF;Colisão Traseira;;;1;1;;;;;;;1;;;1;
23/03/2022;03:11:00;2678;AC02 - Acidente com VITIMA;124;BR-040/RJ;JF;Colisão Traseira;1;;1;;;;;;;;1;;2;;
23/03/2022;06:17:00;2691;AC02 - Acidente com VITIMA;112;BR-040/RJ;RJ;Queda de Moto;;;;1;;;;;;;0;2;;;
23/03/2022;06:29:00;2693;AC03 - Acidente sem VITIMA;111;BR-040/RJ;RJ;Engavetamento;4;;;;;;;;;;4;;;;
23/03/2022;07:20:00;2702;AC03 - Acidente sem VITIMA;88;BR-040/RJ;JF;Choque - Objeto Fixo;1;;;;;;;;;;1;;;;
23/03/2022;07:38:00;2705;AC03 - Acidente sem VITIMA;88;BR-040/RJ;JF;Choque - Objeto Fixo;1;;;;;;;;;;1;;;;
23/03/2022;16:57:00;2769;AC03 - Acidente sem VITIMA;123;BR-040/RJ;JF;Choque - Objeto Fixo;1;;;;;;;;;;1;;;;
23/03/2022;17:22:00;2771;AC02 - Acidente com VITIMA;110;BR-040/RJ;RJ;Colisão Lateral;;1;;;1;;;;;;1;1;;;
23/03/2022;17:30:00;2776;AC03 - Acidente sem VITIMA;14;BR-040/RJ;JF;Colisão Lateral;1;;1;;;;;;;;2;;;;
24/03/2022;06:45:00;2826;AC03 - Acidente sem VITIMA;113;BR-040/RJ;RJ;Colisão Lateral;1;;;;1;;;;;;2;;;;
24/03/2022;12:08:00;2861;AC04 - Atropelamento;123;BR-040/RJ;JF;Atropelamento - Pedestre;1;;;;;1;;;;;1;;;1;
24/03/2022;22:22:00;2916;AC03 - Acidente sem VITIMA;29;BR-040/RJ;JF;Atropelamento - Animal;;;1;;;;;;;;1;;;;
25/03/2022;01:36:00;2926;AC02 - Acidente com VITIMA;124;BR-040/RJ;JF;Colisão Traseira;;;;1;;1;;;;;1;;1;;
25/03/2022;07:02:00;2942;AC02 - Acidente com VITIMA;810;BR-040/MG;RJ;Colisão Traseira;1;;1;;;;;;;;1;3;;;
25/03/2022;14:55:00;2990;AC03 - Acidente sem VITIMA;93;BR-040/RJ;JF;Colisão Traseira;2;;;;;;;;;;2;;;;
25/03/2022;18:26:00;3028;AC03 - Acidente sem VITIMA;116;BR-040/RJ;JF;Colisão Lateral;1;;1;;;;;;;;2;;;;
26/03/2022;08:09:00;3081;AC03 - Acidente sem VITIMA;112;BR-040/RJ;RJ;Colisão Lateral;2;;1;;;;;;;;3;;;;
26/03/2022;15:10:00;3129;AC03 - Acidente sem VITIMA;808;BR-040/MG;RJ;Colisão Lateral;1;;1;;;;;;;;2;;;;
26/03/2022;20:18:00;3174;AC02 - Acidente com VITIMA;110;BR-040/RJ;JF;Colisão Lateral;1;;1;;;;;;;;1;1;;;
26/03/2022;21:01:00;3178;AC02 - Acidente com VITIMA;116;BR-040/RJ;RJ;Colisão Traseira;1;;;1;;;;;;;1;3;;1;
26/03/2022;21:15:00;3181;AC02 - Acidente com VITIMA;116;BR-040/RJ;RJ;Colisão Lateral;2;;;;;;;;;;1;1;;;
26/03/2022;22:09:00;3187;AC03 - Acidente sem VITIMA;106;BR-040/RJ;JF;Choque - Objeto Fixo;2;;;;;;;;;;2;;;;
27/03/2022;00:25:00;3197;AC03 - Acidente sem VITIMA;73;BR-040/RJ;RJ;Queda de Moto;;;;1;;;;;;;1;;;;
27/03/2022;04:18:00;3205;AC03 - Acidente sem VITIMA;95;BR-040/RJ;JF;Choque - Objeto Fixo;1;;;;;;;;;;1;;;;
27/03/2022;10:20:00;3229;AC02 - Acidente com VITIMA;75;BR-040/RJ;RJ;Queda de Moto;;;;1;;;;;;;0;;2;;
27/03/2022;14:50:00;3241;AC03 - Acidente sem VITIMA;805;BR-040/MG;RJ;Choque - Objeto Fixo;1;;;;;;;;;;1;;;;
27/03/2022;14:52:00;3242;AC03 - Acidente sem VITIMA;85;BR-040/RJ;JF;Choque - Objeto Fixo;1;;;;;;;;;;1;;;;
27/03/2022;15:41:00;3251;AC02 - Acidente com VITIMA;113;BR-040/RJ;RJ;Colisão Lateral;;2;;;;1;;;;;1;2;;;
27/03/2022;15:51:00;3252;AC03 - Acidente sem VITIMA;90;BR-040/RJ;JF;Choque - Objeto Fixo;1;;;;;;;;;;1;;;;
27/03/2022;16:30:00;3258;AC03 - Acidente sem VITIMA;91;BR-040/RJ;JF;Choque - Objeto Fixo;1;;;;;;;;;;1;;;;
27/03/2022;16:34:00;3259;AC03 - Acidente sem VITIMA;116;BR-040/RJ;JF;Choque - Objeto Fixo;1;;;;;;;;;;1;;;;
27/03/2022;17:46:00;3268;AC03 - Acidente sem VITIMA;52;BR-040/RJ;RJ;Choque - Objeto Fixo;1;;;;;;;;;;1;;;;
27/03/2022;18:56:00;3276;AC02 - Acidente com VITIMA;110;BR-040/RJ;RJ;Colisão Traseira;1;;;1;;;;;;;1;1;;;
27/03/2022;19:34:00;3280;AC03 - Acidente sem VITIMA;92;BR-040/RJ;RJ;Choque - Objeto Fixo;1;;;;;;;;;;1;;;;
27/03/2022;20:38:00;3291;AC02 - Acidente com VITIMA;104;BR-040/RJ;JF;Colisão Frontal;1;1;;;;;;;;;1;1;;;
27/03/2022;21:07:00;3295;AC03 - Acidente sem VITIMA;97;BR-040/RJ;RJ;Choque - Objeto Fixo;1;;;;;;;;;;1;;;;
27/03/2022;21:31:00;3298;AC02 - Acidente com VITIMA;38;BR-040/RJ;JF;Choque - Objeto Fixo;1;;;;;;;;;;0;3;;;
28/03/2022;15:00:00;3392;AC03 - Acidente sem VITIMA;782;BR-040/MG;JF;Choque - Objeto Fixo;1;;;;;;;;;;1;;;;
28/03/2022;17:20:00;3403;AC02 - Acidente com VITIMA;786;BR-040/MG;JF;Choque - Objeto Fixo;1;;;;;;;;;;0;;1;;
29/03/2022;03:49:00;3437;AC02 - Acidente com VITIMA;15;BR-040/RJ;JF;Tombamento;;;1;;;;;;;;0;1;;;
29/03/2022;15:22:00;3494;AC02 - Acidente com VITIMA;116;BR-040/RJ;JF;Queda de Moto;;;;1;;;;;;;0;2;;;
29/03/2022;18:53:00;3513;AC03 - Acidente sem VITIMA;787;BR-040/MG;RJ;Colisão Traseira;1;;;;;1;;;;;2;;;;
29/03/2022;23:39:00;3529;AC02 - Acidente com VITIMA;119;BR-040/RJ;JF;Capotamento;1;;;;;;;;;;0;1;;;
30/03/2022;09:18:00;3557;AC02 - Acidente com VITIMA;27;BR-040/RJ;RJ;Choque - Objeto Fixo;1;;;;;;;;;;0;1;;;
30/03/2022;11:37:00;3569;AC02 - Acidente com VITIMA;109;BR-040/RJ;JF;Colisão Traseira;1;;;1;;;;;;;1;;1;;
30/03/2022;12:21:00;3573;AC03 - Acidente sem VITIMA;111;BR-040/RJ;RJ;Colisão Traseira;1;;;1;;;;;;;2;;;;
30/03/2022;15:44:00;3605;AC03 - Acidente sem VITIMA;108;BR-040/RJ;JF;Queda de Moto;;;;1;;;;;;;1;;;;
30/03/2022;22:46:00;3651;AC02 - Acidente com VITIMA;113;BR-040/RJ;JF;Capotamento;1;;;;;;;;;;0;1;;;
31/03/2022;05:14:00;3661;AC03 - Acidente sem VITIMA;83;BR-040/RJ;RJ;Tombamento;;;1;;;;;;;;1;;;;
31/03/2022;05:39:00;3662;AC03 - Acidente sem VITIMA;94;BR-040/RJ;RJ;Choque - Objeto Fixo;1;;;;;;;;;;1;;;;
31/03/2022;07:37:00;3676;AC03 - Acidente sem VITIMA;85;BR-040/RJ;JF;Capotamento;1;;;;;;;;;;1;;;;
31/03/2022;09:43:00;3687;AC02 - Acidente com VITIMA;780;BR-040/MG;RJ;Colisão Lateral;;;1;1;;;;;;;1;;1;;
31/03/2022;10:58:00;3694;AC02 - Acidente com VITIMA;108;BR-040/RJ;JF;Tombamento;;;1;;;1;;;;;1;1;;;
31/03/2022;13:39:00;3715;AC02 - Acidente com VITIMA;105;BR-040/RJ;JF;Colisão Lateral;1;;;1;;;;;;;1;1;;;
31/03/2022;15:42:00;3726;AC03 - Acidente sem VITIMA;74;BR-040/RJ;JF;Choque - Objeto Fixo;1;;;;;;;;;;1;;;;
31/03/2022;17:18:00;3740;AC03 - Acidente sem VITIMA;90;BR-040/RJ;RJ;Choque - Objeto Fixo;;;;;;;;;;1;1;;;;
01/04/2022;05:38:00;14;AC03 - Acidente sem VITIMA;123;BR-040/RJ;JF;Tombamento;3;;;;;;;;;;3;;;;
01/04/2022;09:11:00;30;AC03 - Acidente sem VITIMA;98;BR-040/RJ;RJ;Saída de Pista;1;;;;;;;;;;1;;;;
01/04/2022;09:22:00;32;AC03 - Acidente sem VITIMA;85;BR-040/RJ;JF;Choque - Objeto Fixo;1;;;;;;;;;;1;;;;
01/04/2022;12:51:00;55;AC03 - Acidente sem VITIMA;84;BR-040/RJ;RJ;Choque - Objeto Fixo;1;;;;;;;;;;1;;;;
01/04/2022;16:51:00;83;AC03 - Acidente sem VITIMA;94;BR-040/RJ;RJ;Saída de Pista;1;;;;;;;;;;1;;;;
01/04/2022;20:52:00;113;AC02 - Acidente com VITIMA;62;BR-040/RJ;RJ;Queda de Moto;;;;1;;;;;;;0;;1;;
02/04/2022;02:06:00;157;AC02 - Acidente com VITIMA;39;BR-040/RJ;JF;Queda de Moto;;;;1;;;;;;;0;1;;;
02/04/2022;04:10:00;168;AC01 - Acidente com VITIMA FATAL;116;BR-040/RJ;RJ;Colisão Traseira;1;;;1;;;;;;;1;;;;1
02/04/2022;05:13:00;170;AC03 - Acidente sem VITIMA;117;BR-040/RJ;RJ;Saída de Pista;1;;;;;;;;;;1;;;;
02/04/2022;07:17:00;175;AC03 - Acidente sem VITIMA;92;BR-040/RJ;RJ;Choque - Objeto Fixo;1;;;;;;;;;;1;;;;
02/04/2022;07:25:00;177;AC02 - Acidente com VITIMA;91;BR-040/RJ;RJ;Saída de Pista;1;;;;;;;;;;0;1;;;
02/04/2022;08:01:00;181;AC03 - Acidente sem VITIMA;93;BR-040/RJ;RJ;Choque - Objeto Fixo;1;;;;;;;;;;1;;;;
02/04/2022;08:44:00;187;AC03 - Acidente sem VITIMA;797;BR-040/MG;JF;Choque - Objeto Fixo;1;;;;;;;;;;1;;;;
02/04/2022;10:05:00;190;AC03 - Acidente sem VITIMA;91;BR-040/RJ;JF;Choque - Objeto Fixo;1;;;;;;;;;;1;;;;
02/04/2022;10:15:00;194;AC03 - Acidente sem VITIMA;91;BR-040/RJ;JF;Colisão Lateral;2;;;;;;;;;;2;;;;
02/04/2022;11:54:00;203;AC03 - Acidente sem VITIMA;103;BR-040/RJ;RJ;Choque - Objeto Fixo;1;;;;;;;;;;1;;;;
02/04/2022;12:29:00;208;AC03 - Acidente sem VITIMA;96;BR-040/RJ;RJ;Choque - Objeto Fixo;1;;;;;;;;;;1;;;;
02/04/2022;15:10:00;215;AC02 - Acidente com VITIMA;91;BR-040/RJ;RJ;Capotamento;1;;;;;;;;;;0;1;;;
02/04/2022;16:00:00;221;AC03 - Acidente sem VITIMA;92;BR-040/RJ;JF;Choque - Objeto Fixo;1;;;;;;;;;;1;;;;
02/04/2022;17:23:00;231;AC02 - Acidente com VITIMA;100;BR-040/RJ;JF;Choque - Objeto Fixo;1;;;;;;;;;;0;2;;;
02/04/2022;18:15:00;236;AC02 - Acidente com VITIMA;80;BR-040/RJ;RJ;Choque - Objeto Fixo;1;;;;;;;;;;0;2;2;;
02/04/2022;19:05:00;240;AC03 - Acidente sem VITIMA;91;BR-040/RJ;JF;Choque - Objeto Fixo;1;;;;;;;;;;1;;;;
02/04/2022;21:51:00;255;AC01 - Acidente com VITIMA FATAL;102;BR-040/RJ;JF;Queda de Moto;;;;1;;;;;;;0;;;;1
02/04/2022;23:55:00;274;AC03 - Acidente sem VITIMA;114;BR-040/RJ;RJ;Colisão Traseira;2;;;;;;;;;;2;;;;
03/04/2022;04:51:00;284;AC03 - Acidente sem VITIMA;118;BR-040/RJ;JF;Choque - Objeto Fixo;1;;;;;;;;;;1;;;;
03/04/2022;05:54:00;286;AC03 - Acidente sem VITIMA;109;BR-040/RJ;JF;Choque - Objeto Fixo;1;;;;;;;;;;1;;;;
03/04/2022;06:42:00;290;AC03 - Acidente sem VITIMA;824;BR-040/MG;RJ;Choque - Objeto Fixo;1;;;;;;;;;;1;;;;
03/04/2022;06:43:00;291;AC02 - Acidente com VITIMA;52;BR-040/RJ;JF;Capotamento;1;;;;;;;;;;0;3;;;
03/04/2022;06:54:00;292;AC03 - Acidente sem VITIMA;801;BR-040/MG;RJ;Choque - Objeto Fixo;1;;;;;;;;;;1;;;;
03/04/2022;07:47:00;294;AC03 - Acidente sem VITIMA;96;BR-040/RJ;RJ;Choque - Objeto Fixo;1;;;;;;;;;;1;;;;
03/04/2022;07:58:00;296;AC03 - Acidente sem VITIMA;52;BR-040/RJ;JF;Choque - Objeto Fixo;;;1;;;;;;;;1;;;;
03/04/2022;08:43:00;299;AC03 - Acidente sem VITIMA;92;BR-040/RJ;RJ;Choque - Objeto Fixo;1;;;;;;;;;;1;;;;
03/04/2022;09:10:00;302;AC03 - Acidente sem VITIMA;94;BR-040/RJ;RJ;Choque - Objeto Fixo;1;;;;;;;;;;1;;;;
03/04/2022;09:25:00;305;AC03 - Acidente sem VITIMA;84;BR-040/RJ;JF;Choque - Objeto Fixo;1;;;;;;;;;;1;;;;
03/04/2022;09:32:00;308;AC02 - Acidente com VITIMA;93;BR-040/RJ;RJ;Capotamento;1;;;;;;;;;;0;2;;;
03/04/2022;11:17:00;320;AC03 - Acidente sem VITIMA;92;BR-040/RJ;JF;Choque - Objeto Fixo;1;;;;;;;;;;1;;;;
03/04/2022;12:15:00;327;AC03 - Acidente sem VITIMA;92;BR-040/RJ;RJ;Choque - Objeto Fixo;1;;;;;;;;;;1;;;;
03/04/2022;12:19:00;328;AC03 - Acidente sem VITIMA;87;BR-040/RJ;JF;Choque - Objeto Fixo;1;;;;;;;;;;1;;;;
03/04/2022;13:01:00;334;AC03 - Acidente sem VITIMA;98;BR-040/RJ;RJ;Saída de Pista;1;;;;;;;;;;1;;;;
03/04/2022;13:26:00;336;AC03 - Acidente sem VITIMA;92;BR-040/RJ;RJ;Choque - Objeto Fixo;1;;;;;1;;;;;2;;;;
03/04/2022;14:29:00;341;AC02 - Acidente com VITIMA;91;BR-040/RJ;RJ;Capotamento;1;;;;;;;;;;0;1;;;
03/04/2022;15:28:00;348;AC03 - Acidente sem VITIMA;116;BR-040/RJ;JF;Choque - Objeto Fixo;1;;;;;;;;;;1;;;;
03/04/2022;16:12:00;351;AC02 - Acidente com VITIMA;112;BR-040/RJ;JF;Colisão Traseira;2;;;;;;;;;;1;;1;;
03/04/2022;16:54:00;356;AC03 - Acidente sem VITIMA;91;BR-040/RJ;RJ;Choque - Objeto Fixo;1;;;;;;;;;;1;;;;
03/04/2022;16:42:00;360;AC03 - Acidente sem VITIMA;98;BR-040/RJ;JF;Choque - Objeto Fixo;1;;;;;;;;;;1;;;;
03/04/2022;18:36:00;376;AC03 - Acidente sem VITIMA;85;BR-040/RJ;JF;Choque - Objeto Fixo;1;;;;;;;;;;1;;;;
04/04/2022;02:10:00;398;AC02 - Acidente com VITIMA;120;BR-040/RJ;RJ;Colisão Lateral;1;;;1;;;;;;;1;;1;;
04/04/2022;08:57:00;422;AC02 - Acidente com VITIMA;47;BR-040/RJ;RJ;Choque - Objeto Fixo;1;;;;;;;;;;0;1;;;
04/04/2022;08:48:00;424;AC03 - Acidente sem VITIMA;39;BR-040/RJ;JF;Choque - Objeto Fixo;1;;;;;;;;;;1;;;;
05/04/2022;01:42:00;516;AC03 - Acidente sem VITIMA;43;BR-040/RJ;RJ;Choque - Objeto Fixo;1;;;;;;;;;;1;;;;
05/04/2022;07:01:00;530;AC02 - Acidente com VITIMA;789;BR-040/MG;JF;Colisão Traseira;1;1;;;;;;;;;0;2;;;
05/04/2022;08:50:00;547;AC03 - Acidente sem VITIMA;85;BR-040/RJ;JF;Choque - Objeto Fixo;1;;;;;;;;;;1;;;;
05/04/2022;09:02:00;554;AC02 - Acidente com VITIMA;91;BR-040/RJ;JF;Choque - Objeto Fixo;1;;;;;;;;;;0;1;;;
05/04/2022;22:18:00;632;AC02 - Acidente com VITIMA;20;BR-040/RJ;JF;Choque - Objeto Fixo;1;;;;;;;;;;0;1;;;
06/04/2022;04:56:00;653;AC03 - Acidente sem VITIMA;83;BR-040/RJ;JF;Choque - Objeto Fixo;1;;;;;;;;;;1;;;;
06/04/2022;06:01:00;656;AC03 - Acidente sem VITIMA;105;BR-040/RJ;JF;Colisão Lateral;1;;1;;;;;;;;2;;;;
06/04/2022;06:39:00;659;AC03 - Acidente sem VITIMA;93;BR-040/RJ;RJ;Saída de Pista;1;;;;;;;;;;1;;;;
06/04/2022;06:39:00;660;AC02 - Acidente com VITIMA;91;BR-040/RJ;RJ;Choque - Objeto Fixo;1;;;;;;;;;;0;1;;;
06/04/2022;07:15:00;664;AC03 - Acidente sem VITIMA;93;BR-040/RJ;RJ;Choque - Objeto Fixo;1;;;;;;;;;;1;;;;
06/04/2022;07:17:00;665;AC03 - Acidente sem VITIMA;92;BR-040/RJ;RJ;Choque - Objeto Fixo;1;;;;;;;;;;1;;;;
06/04/2022;10:12:00;692;AC03 - Acidente sem VITIMA;93;BR-040/RJ;RJ;Choque - Objeto Fixo;1;;;;;;;;;;1;;;;
06/04/2022;10:23:00;694;AC03 - Acidente sem VITIMA;95;BR-040/RJ;RJ;Choque - Objeto Fixo;1;;;;;;;;;;1;;;;
06/04/2022;10:54:00;699;AC02 - Acidente com VITIMA;118;BR-040/RJ;JF;Colisão Traseira;2;;;;;;;;;;0;4;2;;
06/04/2022;13:43:00;712;AC02 - Acidente com VITIMA;790;BR-040/MG;RJ;Capotamento;1;;;;;;;;;;0;3;4;;
06/04/2022;14:51:00;718;AC02 - Acidente com VITIMA;93;BR-040/RJ;RJ;Capotamento;1;;;;;;;;;;0;2;;;
06/04/2022;15:16:00;719;AC02 - Acidente com VITIMA;11;BR-040/RJ;RJ;Choque - Objeto Fixo;1;;;;;;;;;;0;2;;;
06/04/2022;21:22:00;756;AC03 - Acidente sem VITIMA;83;BR-040/RJ;JF;Choque - Objeto Fixo;1;;;;;;;;;;1;;;;
07/04/2022;04:46:00;772;AC03 - Acidente sem VITIMA;78;BR-040/RJ;RJ;Choque - Objeto Fixo;1;;;;;;;;;;1;;;;
07/04/2022;05:25:00;775;AC03 - Acidente sem VITIMA;89;BR-040/RJ;RJ;Choque - Objeto Fixo;;;1;;;;;;;;1;;;;
07/04/2022;08:48:00;800;AC03 - Acidente sem VITIMA;780;BR-040/MG;RJ;Colisão Frontal;2;;;;;;;;;;2;;;;
07/04/2022;11:19:00;826;AC02 - Acidente com VITIMA;78;BR-040/RJ;JF;Colisão Lateral;1;;1;;;;;;;;0;3;;;
07/04/2022;13:22:00;836;AC02 - Acidente com VITIMA;111;BR-040/RJ;JF;Colisão Lateral;1;;;1;;;;;;;1;;1;;
07/04/2022;15:04:00;847;AC02 - Acidente com VITIMA;85;BR-040/RJ;RJ;Choque - Objeto Fixo;1;;;;;;;;;;0;1;;;
07/04/2022;16:07:00;853;AC03 - Acidente sem VITIMA;115;BR-040/RJ;JF;Colisão Lateral;1;;1;;;;;;;;2;;;;
08/04/2022;01:24:00;888;AC03 - Acidente sem VITIMA;14;BR-040/RJ;JF;Choque - Objeto Fixo;;;1;;;;;;;;1;;;;
08/04/2022;03:51:00;895;AC02 - Acidente com VITIMA;121;BR-040/RJ;RJ;Choque - Objeto Fixo;1;;;;;;;;;;0;1;;;
08/04/2022;07:45:00;910;AC04 - Atropelamento;124;BR-040/RJ;RJ;Atropelamento - Pedestre;1;;;1;;1;;;;;0;3;;;