data;horario;n_da_ocorrencia;tipo_de_ocorrencia;km;trecho;sentido;tipo_de_acidente;automovel;bicicleta;caminhao;moto;onibus;outros;tracao_animal;transporte_de_cargas_especiais;trator_maquinas;utilitarios;ilesos;levemente_feridos;moderadamente_feridos;gravemente_feridos;mortos
08/04/2022;17:22:00;967;AC03 - Acidente sem VITIMA;110;BR-040/RJ;JF;Colisão Traseira;1;;;;;1;;;;;2;;;;
08/04/2022;17:30:00;968;AC02 - Acidente com VITIMA;789;BR-040/MG;JF;Colisão Lateral;1;;;1;;;;;;;1;1;;;
09/04/2022;00:49:00;1007;AC03 - Acidente sem VITIMA;116;BR-040/RJ;RJ;Saída de Pista;1;;;;;;;;;;1;;;;
09/04/2022;06:05:00;1030;AC02 - Acidente com VITIMA;46;BR-040/RJ;RJ;Capotamento;1;;;;;;;;;;1;;;;
09/04/2022;06:35:00;1031;AC03 - Acidente sem VITIMA;54;BR-040/RJ;RJ;Choque - Objeto Fixo;1;;;;;;;;;;1;;;;
09/04/2022;07:51:00;1038;AC02 - Acidente com VITIMA;800;BR-040/MG;JF;Saída de Pista;1;;;;;;;;;;0;2;;;
09/04/2022;20:29:00;1126;AC02 - Acidente com VITIMA;118;BR-040/RJ;JF;Colisão Frontal;;;;1;1;;;;;;1;1;;;
09/04/2022;21:48:00;1132;AC02 - Acidente com VITIMA;5;BR-040/RJ;JF;Choque - Objeto Fixo;1;;;;;;;;;;0;1;;;
10/04/2022;06:34:00;1144;AC03 - Acidente sem VITIMA;68;BR-040/RJ;JF;Choque - Objeto Fixo;1;;;;;;;;;;1;;;;
10/04/2022;11:14:00;1175;AC03 - Acidente sem VITIMA;100;BR-040/RJ;RJ;Colisão Traseira;1;;1;;;;;;;;2;;;;
10/04/2022;11:39:00;1177;AC02 - Acidente com VITIMA;122;BR-040/RJ;JF;Colisão Lateral;;;1;1;;;;;;;1;1;;;
10/04/2022;15:10:00;1201;AC03 - Acidente sem VITIMA;826;BR-040/MG;JF;Choque - Objeto Fixo;1;;;;;;;;;;1;;;;
10/04/2022;20:18:00;1226;AC02 - Acidente com VITIMA;105;BR-040/RJ;JF;Colisão Transversal;2;;;;;;;;;;0;4;;;
10/04/2022;21:10:00;1235;AC03 - Acidente sem VITIMA;92;BR-040/RJ;JF;Choque - Objeto Fixo;1;;;;;;;;;;1;;;;
11/04/2022;11:06:00;1297;AC02 - Acidente com VITIMA;109;BR-040/RJ;JF;Colisão Traseira;1;;;1;;;;;;;1;;1;;
11/04/2022;16:32:00;1328;AC03 - Acidente sem VITIMA;121;BR-040/RJ;JF;Colisão Traseira;1;;;1;;;;;;;2;;;;
11/04/2022;17:35:00;1333;AC02 - Acidente com VITIMA;61;BR-040/RJ;JF;Saída de Pista;1;;;;;;;;;;0;1;;;
11/04/2022;18:47:00;1338;AC04 - Atropelamento;66;BR-040/RJ;RJ;Atropelamento - Pedestre;;;;1;;1;;;;;0;2;;;
12/04/2022;08:32:00;1380;AC03 - Acidente sem VITIMA;120;BR-040/RJ;RJ;Engavetamento;3;;;;;;;;;;3;;;;
12/04/2022;14:58:00;1427;AC03 - Acidente sem VITIMA;119;BR-040/RJ;JF;Colisão Traseira;1;;1;;;;;;;;2;;;;
12/04/2022;18:23:00;1462;AC02 - Acidente com VITIMA;121;BR-040/RJ;JF;Colisão Lateral;1;;;;;1;;;;;1;1;;;
12/04/2022;18:27:00;1463;AC03 - Acidente sem VITIMA;780;BR-040/MG;RJ;Engavetamento;2;;;;;;;;;;2;;;;
12/04/2022;21:04:00;1477;AC02 - Acidente com VITIMA;115;BR-040/RJ;JF;Queda de Moto;;;;1;;;;;;;0;2;;;
13/04/2022;00:03:00;1486;AC03 - Acidente sem VITIMA;94;BR-040/RJ;RJ;Saída de Pista;;;1;;;;;;;;1;;;;
13/04/2022;09:36:00;1521;AC03 - Acidente sem VITIMA;46;BR-040/RJ;JF;Colisão Lateral;2;;;;;;;;;;2;;;;
13/04/2022;12:58:00;1546;AC02 - Acidente com VITIMA;117;BR-040/RJ;RJ;Colisão Traseira;1;;1;;;;;;;;1;;1;;
13/04/2022;13:10:00;1547;AC04 - Atropelamento;82;BR-040/RJ;RJ;Atropelamento - Pedestre;;;1;;;1;;;;;1;;;1;
13/04/2022;13:44:00;1551;AC03 - Acidente sem VITIMA;101;BR-040/RJ;JF;Colisão Transversal;1;;1;;;;;;;;2;;;;
13/04/2022;14:13:00;1556;AC02 - Acidente com VITIMA;100;BR-040/RJ;RJ;Choque - Objeto Fixo;1;;;;;;;;;;0;1;1;;
13/04/2022;15:33:00;1565;AC03 - Acidente sem VITIMA;773;BR-040/MG;JF;Colisão Lateral;1;;1;;;;;;;;2;;;;
13/04/2022;15:51:00;1567;AC03 - Acidente sem VITIMA;58;BR-040/RJ;RJ;Choque - Objeto Fixo;1;;;;;;;;;;1;;;;
13/04/2022;17:04:00;1582;AC03 - Acidente sem VITIMA;56;BR-040/RJ;RJ;Choque - Objeto Fixo;1;;;;;;;;;;1;;;;
14/04/2022;05:50:00;1644;AC02 - Acidente com VITIMA;787;BR-040/MG;JF;Capotamento;1;;;;;;;;;;0;1;;;
14/04/2022;07:38:00;1652;AC03 - Acidente sem VITIMA;91;BR-040/RJ;RJ;Capotamento;1;;;;;;;;;;1;;;;
14/04/2022;08:26:00;1658;AC03 - Acidente sem VITIMA;102;BR-040/RJ;RJ;Colisão Traseira;1;;1;;;;;;;;2;;;;
14/04/2022;08:27:00;1659;AC03 - Acidente sem VITIMA;93;BR-040/RJ;RJ;Choque - Objeto Fixo;1;;;;;;;;;;1;;;;
14/04/2022;08:51:00;1662;AC03 - Acidente sem VITIMA;96;BR-040/RJ;RJ;Choque - Objeto Fixo;1;;;;;;;;;;1;;;;
14/04/2022;09:37:00;1666;AC03 - Acidente sem VITIMA;75;BR-040/RJ;RJ;Choque - Objeto Fixo;1;;;;;;;;;;1;;;;
14/04/2022;09:51:00;1670;AC03 - Acidente sem VITIMA;77;BR-040/RJ;RJ;Choque - Objeto Fixo;1;;;;;;;;;;1;;;;
14/04/2022;10:11:00;1673;AC03 - Acidente sem VITIMA;92;BR-040/RJ;RJ;Choque - Objeto Fixo;1;;;;;;;;;;1;;;;
14/04/2022;10:14:00;1674;AC02 - Acidente com VITIMA;58;BR-040/RJ;RJ;Choque - Objeto Fixo;1;;;;;;;;;;0;5;1;;
14/04/2022;10:33:00;1676;AC03 - Acidente sem VITIMA;94;BR-040/RJ;RJ;Choque - Objeto Fixo;1;;;;;;;;;;1;;;;
14/04/2022;11:04:00;1680;AC03 - Acidente sem VITIMA;100;BR-040/RJ;JF;Choque - Objeto Fixo;1;;;;;;;;;;1;;;;
14/04/2022;11:34:00;1682;AC03 - Acidente sem VITIMA;89;BR-040/RJ;JF;Choque - Objeto Fixo;1;;;;;;;;;;1;;;;
14/04/2022;12:23:00;1687;AC02 - Acidente com VITIMA;108;BR-040/RJ;JF;Tombamento;;;1;;;1;;;;;1;1;;;
14/04/2022;12:56:00;1689;AC03 - Acidente sem VITIMA;109;BR-040/RJ;JF;Colisão Lateral;1;;;;;;;;;;1;;;;
14/04/2022;16:06:00;1711;AC02 - Acidente com VITIMA;26;BR-040/RJ;JF;Choque - Objeto Fixo;1;;;;;;;;;;0;1;;;
14/04/2022;17:30:00;1718;AC02 - Acidente com VITIMA;791;BR-040/MG;JF;Colisão Traseira;2;;;;;;;;;;0;2;1;;
14/04/2022;18:28:00;1724;AC02 - Acidente com VITIMA;124;BR-040/RJ;JF;Queda de Moto;;;;1;;;;;;;0;;1;;
14/04/2022;18:40:00;1726;AC02 - Acidente com VITIMA;78;BR-040/RJ;RJ;Choque - Objeto Fixo;1;;;;;;;;;;0;1;;;
14/04/2022;21:22:00;1750;AC03 - Acidente sem VITIMA;94;BR-040/RJ;RJ;Choque - Objeto Fixo;1;;;;;;;;;;1;;;;
15/04/2022;06:40:00;1806;AC03 - Acidente sem VITIMA;91;BR-040/RJ;JF;Choque - Objeto Fixo;1;;;;;;;;;;1;;;;
15/04/2022;06:51:00;1810;AC02 - Acidente com VITIMA;93;BR-040/RJ;RJ;Capotamento;1;;;;;;;;;;0;3;;;
15/04/2022;07:19:00;1820;AC02 - Acidente com VITIMA;119;BR-040/RJ;JF;Choque - Objeto Fixo;1;;;;;;;;;;0;1;;;
15/04/2022;07:45:00;1822;AC03 - Acidente sem VITIMA;91;BR-040/RJ;RJ;Saída de Pista;1;;;;;;;;;;1;;;;
15/04/2022;07:51:00;1824;AC03 - Acidente sem VITIMA;78;BR-040/RJ;RJ;Choque - Objeto Fixo;1;;;;;;;;;;1;;;;
15/04/2022;07:59:00;1827;AC03 - Acidente sem VITIMA;84;BR-040/RJ;RJ;Capotamento;1;;;;;;;;;;1;;;;
15/04/2022;08:32:00;1833;AC03 - Acidente sem VITIMA;99;BR-040/RJ;JF;Choque - Objeto Fixo;1;;;;;;;;;;1;;;;
15/04/2022;08:40:00;1839;AC03 - Acidente sem VITIMA;21;BR-040/RJ;RJ;Capotamento;1;;;;;;;;;;1;;;;
15/04/2022;09:45:00;1842;AC03 - Acidente sem VITIMA;93;BR-040/RJ;RJ;Choque - Objeto Fixo;1;;;;;;;;;;1;;;;
15/04/2022;10:05:00;1847;AC03 - Acidente sem VITIMA;90;BR-040/RJ;RJ;Choque - Objeto Fixo;1;;;;;;;;;;1;;;;
15/04/2022;10:30:00;1850;AC03 - Acidente sem VITIMA;89;BR-040/RJ;RJ;Choque - Objeto Fixo;1;;;;;;;;;;1;;;;
15/04/2022;10:31:00;1851;AC02 - Acidente com VITIMA;92;BR-040/RJ;RJ;Choque - Objeto Fixo;1;;;;;;;;;;0;4;;;
15/04/2022;10:40:00;1852;AC02 - Acidente com VITIMA;91;BR-040/RJ;RJ;Saída de Pista;1;;;;;;;;;;0;1;;;
15/04/2022;10:56:00;1853;AC03 - Acidente sem VITIMA;74;BR-040/RJ;RJ;Choque - Objeto Fixo;1;;;;;;;;;;1;;;;
15/04/2022;11:09:00;1854;AC03 - Acidente sem VITIMA;94;BR-040/RJ;RJ;Choque - Objeto Fixo;1;;;;;;;;;;1;;;;
15/04/2022;11:25:00;1857;AC03 - Acidente sem VITIMA;84;BR-040/RJ;RJ;Choque - Objeto Fixo;1;;;;;;;;;;1;;;;
15/04/2022;10:40:00;1858;AC03 - Acidente sem VITIMA;91;BR-040/RJ;RJ;Saída de Pista;1;;;;;;;;;;1;;;;
15/04/2022;13:00:00;1866;AC03 - Acidente sem VITIMA;85;BR-040/RJ;RJ;Choque - Objeto Fixo;1;;;;;;;;;;1;;;;
15/04/2022;11:45:00;1870;AC03 - Acidente sem VITIMA;84;BR-040/RJ;RJ;Choque - Objeto Fixo;1;;;;;;;;;;1;;;;
15/04/2022;11:45:00;1873;AC03 - Acidente sem VITIMA;92;BR-040/RJ;JF;Choque - Objeto Fixo;1;;;;;;;;;;1;;;;
15/04/2022;12:20:00;1874;AC03 - Acidente sem VITIMA;91;BR-040/RJ;JF;Choque - Objeto Fixo;1;;;;;;;;;;1;;;;
15/04/2022;15:45:00;1883;AC03 - Acidente sem VITIMA;82;BR-040/RJ;RJ;Saída de Pista;1;;;;;;;;;;1;;;;
15/04/2022;15:52:00;1884;AC03 - Acidente sem VITIMA;98;BR-040/RJ;JF;Colisão Lateral;1;;;;;1;;;;;2;;;;
15/04/2022;16:07:00;1886;AC03 - Acidente sem VITIMA;77;BR-040/RJ;RJ;Choque - Objeto Fixo;1;;;;;;;;;;1;;;;
15/04/2022;21:38:00;1920;AC02 - Acidente com VITIMA;79;BR-040/RJ;RJ;Queda de Moto;;;;1;;;;;;;0;;1;;
16/04/2022;18:52:00;2015;AC02 - Acidente com VITIMA;56;BR-040/RJ;JF;Queda de Moto;;;;1;;;;;;;0;1;1;;
17/04/2022;06:49:00;2051;AC02 - Acidente com VITIMA;96;BR-040/RJ;JF;Tombamento;;;1;;;1;;;;;1;1;;;
17/04/2022;08:45:00;2058;AC03 - Acidente sem VITIMA;65;BR-040/RJ;RJ;Colisão Transversal;2;;;;;;;;;;2;;;;
17/04/2022;09:14:00;2064;AC03 - Acidente sem VITIMA;91;BR-040/RJ;JF;Choque - Objeto Fixo;1;;;;;;;;;;1;;;;
17/04/2022;10:20:00;2069;AC02 - Acidente com VITIMA;84;BR-040/RJ;JF;Choque - Objeto Fixo;1;;;;;;;;;;0;4;;;
17/04/2022;13:36:00;2087;AC02 - Acidente com VITIMA;47;BR-040/RJ;JF;Saída de Pista;1;;;;;;;;;;0;4;;;
17/04/2022;15:00:00;2096;AC03 - Acidente sem VITIMA;109;BR-040/RJ;RJ;Engavetamento;3;;;;;;;;;;3;;;;
17/04/2022;15:24:00;2101;AC04 - Atropelamento;73;BR-040/RJ;RJ;Atropelamento - Pedestre;1;;;;;1;;;;;1;;1;;
17/04/2022;15:41:00;2104;AC02 - Acidente com VITIMA;94;BR-040/RJ;RJ;Queda de Moto;;;;1;;;;;;;0;2;;;
17/04/2022;23:27:00;2146;AC02 - Acidente com VITIMA;120;BR-040/RJ;JF;Capotamento;1;;;;;;;;;;0;1;;;
18/04/2022;04:59:00;2160;AC02 - Acidente com VITIMA;92;BR-040/RJ;RJ;Capotamento;1;;;;;;;;;;0;1;;;
18/04/2022;06:10:00;2165;AC03 - Acidente sem VITIMA;122;BR-040/RJ;RJ;Colisão Traseira;;;2;;;;;;;;2;;;;
18/04/2022;06:20:00;2166;AC03 - Acidente sem VITIMA;111;BR-040/RJ;RJ;Engavetamento;3;;;;;;;;;;3;;;;
18/04/2022;07:41:00;2175;AC02 - Acidente com VITIMA;121;BR-040/RJ;RJ;Colisão Lateral;1;;;1;;;;;;;1;;1;;
18/04/2022;07:52:00;2176;AC03 - Acidente sem VITIMA;51;BR-040/RJ;RJ;Colisão Frontal;1;;;1;;;;;;;2;;;;
18/04/2022;08:36:00;2181;AC03 - Acidente sem VITIMA;120;BR-040/RJ;RJ;Colisão Lateral;1;;1;;;;;;;;2;;;;
18/04/2022;11:08:00;2202;AC02 - Acidente com VITIMA;23;BR-040/RJ;RJ;Choque - Objeto Fixo;1;;;;;;;;;;0;1;;;
18/04/2022;11:18:00;2204;AC03 - Acidente sem VITIMA;101;BR-040/RJ;JF;Capotamento;1;;;;;;;;;;1;;;;
18/04/2022;12:27:00;2213;AC02 - Acidente com VITIMA;43;BR-040/RJ;RJ;Choque - Objeto Fixo;1;;;;;;;;;;0;1;;;
18/04/2022;13:35:00;2218;AC03 - Acidente sem VITIMA;124;BR-040/RJ;RJ;Choque - Objeto Fixo;1;;;;;;;;;;1;;;;
19/04/2022;07:21:00;2299;AC02 - Acidente com VITIMA;91;BR-040/RJ;RJ;Tombamento;;;1;;;;;;;;0;;1;;
19/04/2022;08:35:00;2307;AC02 - Acidente com VITIMA;121;BR-040/RJ;RJ;Colisão Lateral;1;;;1;;;;;;;1;1;;;
19/04/2022;09:08:00;2314;AC02 - Acidente com VITIMA;77;BR-040/RJ;RJ;Tombamento;;;1;;;;;;;;0;;1;;
19/04/2022;16:23:00;2369;AC03 - Acidente sem VITIMA;113;BR-040/RJ;RJ;Colisão Traseira;1;;;;1;;;;;;2;;;;
20/04/2022;09:08:00;2439;AC02 - Acidente com VITIMA;97;BR-040/RJ;JF;Queda de Moto;;;;1;;;;;;;0;1;;;
20/04/2022;11:23:00;2459;AC03 - Acidente sem VITIMA;93;BR-040/RJ;JF;Engavetamento;3;;;;;;;;;;3;;;;
20/04/2022;16:27:00;2499;AC02 - Acidente com VITIMA;105;BR-040/RJ;JF;Colisão Traseira;1;;;1;;;;;;;1;1;;;
20/04/2022;18:16:00;2513;AC02 - Acidente com VITIMA;104;BR-040/RJ;RJ;Queda de Moto;;;;1;;;;;;;0;1;;;
21/04/2022;00:47:00;2559;AC03 - Acidente sem VITIMA;93;BR-040/RJ;JF;Choque - Objeto Fixo;1;;;;;;;;;;1;;;;
21/04/2022;00:52:00;2560;AC03 - Acidente sem VITIMA;84;BR-040/RJ;RJ;Choque - Objeto Fixo;1;;;;;;;;;;1;;;;
21/04/2022;11:10:00;2617;AC03 - Acidente sem VITIMA;94;BR-040/RJ;JF;Choque - Objeto Fixo;1;;;;;;;;;;1;;;;
21/04/2022;11:41:00;2620;AC02 - Acidente com VITIMA;103;BR-040/RJ;RJ;Colisão Lateral;;1;;;1;;;;;;1;1;;;
21/04/2022;11:45:00;2621;AC02 - Acidente com VITIMA;94;BR-040/RJ;JF;Capotamento;1;;;;;;;;;;0;1;;;
21/04/2022;13:41:00;2639;AC02 - Acidente com VITIMA;104;BR-040/RJ;RJ;Colisão Lateral;1;;;1;;;;;;;0;2;;;
21/04/2022;13:58:00;2641;AC03 - Acidente sem VITIMA;104;BR-040/RJ;JF;Colisão Traseira;2;;;;;;;;;;2;;;;
22/04/2022;10:50:00;2721;AC03 - Acidente sem VITIMA;85;BR-040/RJ;JF;Choque - Objeto Fixo;1;;;;;;;;;;1;;;;
22/04/2022;16:11:00;2753;AC03 - Acidente sem VITIMA;803;BR-040/MG;RJ;Choque - Objeto Fixo;1;;;;;;;;;;1;;;;
22/04/2022;16:58:00;2763;AC02 - Acidente com VITIMA;106;BR-040/RJ;RJ;Queda de Moto;;;;1;;;;;;;0;2;;;
22/04/2022;16:49:00;2765;AC03 - Acidente sem VITIMA;123;BR-040/RJ;JF;Colisão Traseira;1;;1;;;;;;;;2;;;;
23/04/2022;06:05:00;2809;AC03 - Acidente sem VITIMA;97;BR-040/RJ;JF;Choque - Objeto Fixo;1;;;;;;;;;;1;;;;
23/04/2022;15:29:00;2859;AC03 - Acidente sem VITIMA;86;BR-040/RJ;JF;Choque - Objeto Fixo;1;;;;;;;;;;1;;;;
23/04/2022;22:44:00;2905;AC02 - Acidente com VITIMA;123;BR-040/RJ;JF;Queda de Moto;;;;1;;;;;;;0;1;;;
24/04/2022;00:28:00;2909;AC03 - Acidente sem VITIMA;118;BR-040/RJ;JF;Colisão Traseira;1;;;1;;;;;;;2;;;;
24/04/2022;06:06:00;2919;AC03 - Acidente sem VITIMA;89;BR-040/RJ;RJ;Choque - Objeto Fixo;1;;;;;;;;;;1;;;;
24/04/2022;07:07:00;2922;AC02 - Acidente com VITIMA;106;BR-040/RJ;JF;Colisão Traseira;1;1;;;;;;;;;1;1;;;
24/04/2022;10:53:00;2943;AC02 - Acidente com VITIMA;793;BR-040/MG;RJ;Queda de Moto;;;;1;;;;;;;0;1;;;
24/04/2022;15:10:00;2963;AC04 - Atropelamento;81;BR-040/RJ;JF;Atropelamento - Pedestre;1;;;;;1;;;;;0;1;;1;
24/04/2022;23:14:00;3029;AC02 - Acidente com VITIMA;780;BR-040/MG;JF;Colisão Traseira;2;;;;;;;;;;0;3;2;;
25/04/2022;00:28:00;3036;AC03 - Acidente sem VITIMA;44;BR-040/RJ;JF;Choque - Objeto Fixo;1;;;;;;;;;;1;;;;
25/04/2022;09:47:00;3073;AC03 - Acidente sem VITIMA;123;BR-040/RJ;JF;Colisão Traseira;2;;;;;;;;;;2;;;;
25/04/2022;17:11:00;3130;AC02 - Acidente com VITIMA;122;BR-040/RJ;JF;Queda de Moto;;;;1;;;;;;;0;1;;;
25/04/2022;19:48:00;3151;AC03 - Acidente sem VITIMA;77;BR-040/RJ;JF;Colisão Traseira;2;;;;;;;;;;2;;;;
26/04/2022;04:16:00;3176;AC02 - Acidente com VITIMA;19;BR-040/RJ;RJ;Atropelamento - Animal;1;;;;;;;;;;0;;1;;
26/04/2022;07:46:00;3195;AC03 - Acidente sem VITIMA;113;BR-040/RJ;RJ;Engavetamento;3;;;;;;;;;;3;;;;
26/04/2022;10:21:00;3215;AC02 - Acidente com VITIMA;109;BR-040/RJ;RJ;Colisão Traseira;2;;;;;;;;;;0;2;;;
26/04/2022;12:17:00;3225;AC02 - Acidente com VITIMA;52;BR-040/RJ;RJ;Queda de Moto;;;;1;;;;;;;0;1;;;
27/04/2022;02:32:00;3291;AC03 - Acidente sem VITIMA;101;BR-040/RJ;JF;Choque - Objeto Fixo;1;;;;;;;;;;1;;;;
27/04/2022;05:45:00;3296;AC02 - Acidente com VITIMA;111;BR-040/RJ;RJ;Engavetamento;1;;3;;;;;;;;0;6;1;;
27/04/2022;11:51:00;3341;AC03 - Acidente sem VITIMA;806;BR-040/MG;RJ;Choque - Objeto Fixo;1;;;;;;;;;;1;;;;
27/04/2022;13:40:00;3352;AC03 - Acidente sem VITIMA;111;BR-040/RJ;RJ;Colisão Traseira;2;;;;;;;;;;2;;;;
27/04/2022;14:59:00;3362;AC02 - Acidente com VITIMA;113;BR-040/RJ;JF;Engavetamento;1;;2;;;1;;;;;3;1;;;
27/04/2022;15:37:00;3363;AC03 - Acidente sem VITIMA;121;BR-040/RJ;JF;Colisão Lateral;1;;;1;;;;;;;2;;;;
27/04/2022;18:40:00;3383;AC03 - Acidente sem VITIMA;103;BR-040/RJ;JF;Choque - Objeto Fixo;1;;;;;;;;;;1;;;;
27/04/2022;21:23:00;3397;AC03 - Acidente sem VITIMA;105;BR-040/RJ;JF;Colisão Frontal;1;;;1;;;;;;;2;;;;
28/04/2022;05:31:00;3407;AC03 - Acidente sem VITIMA;115;BR-040/RJ;RJ;Colisão Traseira;2;;;;;;;;;;2;;;;
28/04/2022;06:41:00;3408;AC02 - Acidente com VITIMA;122;BR-040/RJ;RJ;Colisão Lateral;1;;;1;;;;;;;1;1;;;
28/04/2022;07:50:00;3417;AC02 - Acidente com VITIMA;122;BR-040/RJ;RJ;Queda de Moto;1;;;1;;;;;;;1;1;;;
28/04/2022;08:16:00;3420;AC03 - Acidente sem VITIMA;34;BR-040/RJ;RJ;Colisão Traseira;1;;;;;1;;;;;2;;;;
28/04/2022;14:15:00;3459;AC02 - Acidente com VITIMA;82;BR-040/RJ;RJ;Saída de Pista;1;;;;;;;;;;0;1;;;
28/04/2022;15:07:00;3463;AC02 - Acidente com VITIMA;112;BR-040/RJ;RJ;Colisão Frontal;;1;;1;;;;;;;1;1;;;
29/04/2022;05:40:00;3561;AC03 - Acidente sem VITIMA;105;BR-040/RJ;RJ;Atropelamento - Animal;1;;;;;;;;;;1;;;;
29/04/2022;10:35:00;3591;AC02 - Acidente com VITIMA;99;BR-040/RJ;RJ;Choque - Objeto Fixo;1;;;;;;;;;;0;2;;;
29/04/2022;15:11:00;3627;AC03 - Acidente sem VITIMA;108;BR-040/RJ;JF;Colisão Traseira;1;;;;;1;;;;;2;;;;
30/04/2022;04:18:00;3696;AC03 - Acidente sem VITIMA;101;BR-040/RJ;RJ;Saída de Pista;1;;;;;;;;;;1;;;;
30/04/2022;05:01:00;3700;AC03 - Acidente sem VITIMA;113;BR-040/RJ;RJ;Choque - Objeto Fixo;1;;;;;;;;;;1;;;;
30/04/2022;06:24:00;3707;AC03 - Acidente sem VITIMA;100;BR-040/RJ;JF;Choque - Objeto Fixo;1;;;;;;;;;;1;;;;
30/04/2022;06:58:00;3709;AC03 - Acidente sem VITIMA;91;BR-040/RJ;JF;Choque - Objeto Fixo;1;;;;;;;;;;1;;;;
30/04/2022;07:37:00;3711;AC03 - Acidente sem VITIMA;91;BR-040/RJ;JF;Choque - Objeto Fixo;1;;;;;;;;;;1;;;;
30/04/2022;07:57:00;3713;AC03 - Acidente sem VITIMA;54;BR-040/RJ;JF;Choque - Objeto Fixo;1;;;;;;;;;;1;;;;
30/04/2022;10:00:00;3723;AC02 - Acidente com VITIMA;92;BR-040/RJ;RJ;Tombamento;;;1;;;1;;;;;1;1;;;
30/04/2022;09:50:00;3724;AC03 - Acidente sem VITIMA;93;BR-040/RJ;RJ;Choque - Objeto Fixo;1;;;;;;;;;;1;;;;
30/04/2022;10:17:00;3728;AC03 - Acidente sem VITIMA;113;BR-040/RJ;JF;Choque - Objeto Fixo;;;1;;;;;;;;1;;;;
30/04/2022;10:21:00;3729;AC02 - Acidente com VITIMA;93;BR-040/RJ;RJ;Queda de Moto;;;;1;;;;;;;0;;1;;
30/04/2022;11:19:00;3733;AC03 - Acidente sem VITIMA;94;BR-040/RJ;RJ;Derrapagem;1;;;;;;;;;;1;;;;
30/04/2022;11:26:00;3735;AC03 - Acidente sem VITIMA;93;BR-040/RJ;RJ;Derrapagem;;;;1;;;;;;;1;;;;
30/04/2022;10:21:00;3737;AC03 - Acidente sem VITIMA;93;BR-040/RJ;RJ;Derrapagem;1;;;;;;;;;;1;;;;
30/04/2022;11:49:00;3740;AC03 - Acidente sem VITIMA;94;BR-040/RJ;RJ;Derrapagem;1;;;;;;;;;;1;;;;
30/04/2022;11:52:00;3741;AC03 - Acidente sem VITIMA;94;BR-040/RJ;RJ;Choque - Objeto Fixo;1;;;;;;;;;;1;;;;
30/04/2022;12:06:00;3744;AC03 - Acidente sem VITIMA;100;BR-040/RJ;JF;Derrapagem;1;;;;;;;;;;1;;;;
30/04/2022;12:05:00;3745;AC03 - Acidente sem VITIMA;93;BR-040/RJ;RJ;Choque - Objeto Fixo;1;;;;;;;;;;1;;;;
30/04/2022;12:30:00;3746;AC02 - Acidente com VITIMA;110;BR-040/RJ;RJ;Capotamento;1;;;;;;;;;;0;1;;;
30/04/2022;12:30:00;3747;AC03 - Acidente sem VITIMA;91;BR-040/RJ;JF;Choque - Objeto Fixo;1;;;;;;;;;;1;;;;
30/04/2022;13:17:00;3752;AC03 - Acidente sem VITIMA;119;BR-040/RJ;RJ;Choque - Objeto Fixo;1;;;;;;;;;;1;;;;
30/04/2022;12:55:00;3754;AC03 - Acidente sem VITIMA;93;BR-040/RJ;RJ;Saída de Pista;1;;;;;;;;;;1;;;;
30/04/2022;12:35:00;3757;AC03 - Acidente sem VITIMA;93;BR-040/RJ;RJ;Choque - Objeto Fixo;1;;;;;;;;;;1;;;;
30/04/2022;14:44:00;3761;AC03 - Acidente sem VITIMA;97;BR-040/RJ;RJ;Choque - Objeto Fixo;1;;;;;;;;;;1;;;;
30/04/2022;14:58:00;3763;AC03 - Acidente sem VITIMA;96;BR-040/RJ;RJ;Choque - Objeto Fixo;1;;;;;;;;;;1;;;;
30/04/2022;15:06:00;3773;AC03 - Acidente sem VITIMA;77;BR-040/RJ;RJ;Choque - Objeto Fixo;1;;;;;;;;;;1;;;;
30/04/2022;15:20:00;3775;AC03 - Acidente sem VITIMA;90;BR-040/RJ;RJ;Choque - Objeto Fixo;1;;;;;;;;;;1;;;;
30/04/2022;16:25:00;3780;AC03 - Acidente sem VITIMA;77;BR-040/RJ;RJ;Capotamento;1;;;;;;;;;;1;;;;
30/04/2022;16:44:00;3784;AC03 - Acidente sem VITIMA;93;BR-040/RJ;RJ;Choque - Objeto Fixo;1;;;;;;;;;;1;;;;
30/04/2022;16:56:00;3786;AC03 - Acidente sem VITIMA;94;BR-040/RJ;RJ;Choque - Objeto Fixo;1;;;;;;;;;;1;;;;
30/04/2022;17:08:00;3787;AC03 - Acidente sem VITIMA;113;BR-040/RJ;JF;Choque - Objeto Fixo;1;;;;;;;;;;1;;;;
30/04/2022;17:05:00;3789;AC03 - Acidente sem VITIMA;94;BR-040/RJ;RJ;Choque - Objeto Fixo;1;;;;;;;;;;1;;;;
30/04/2022;17:23:00;3791;AC05 - Atropelamento Fatal;119;BR-040/RJ;RJ;Atropelamento - Pedestre;;;1;;;1;;;;;1;;;;1
30/04/2022;17:30:00;3792;AC02 - Acidente com VITIMA;58;BR-040/RJ;JF;Choque - Objeto Fixo;1;;;;;;;;;;0;2;;;
30/04/2022;17:15:00;3793;AC03 - Acidente sem VITIMA;94;BR-040/RJ;RJ;Choque - Objeto Fixo;1;;;;;;;;;;1;;;;
30/04/2022;17:20:00;3798;AC03 - Acidente sem VITIMA;78;BR-040/RJ;RJ;Choque - Objeto Fixo;1;;;;;;;;;;1;;;;
30/04/2022;18:50:00;3802;AC03 - Acidente sem VITIMA;90;BR-040/RJ;JF;Queda de Moto;;;;1;;;;;;;1;;;;