data;horario;n_da_ocorrencia;tipo_de_ocorrencia;km;trecho;sentido;tipo_de_acidente;automovel;bicicleta;caminhao;moto;onibus;outros;tracao_animal;transporte_de_cargas_especiais;trator_maquinas;utilitarios;ilesos;levemente_feridos;moderadamente_feridos;gravemente_feridos;mortos
30/04/2022;17:15:00;3804;AC03 - Acidente sem VITIMA;94;BR-040/RJ;RJ;Choque - Objeto Fixo;1;;;;;;;;;;1;;;;
30/04/2022;19:57:00;3808;AC03 - Acidente sem VITIMA;90;BR-040/RJ;RJ;Choque - Objeto Fixo;1;;;;;;;;;;1;;;;
30/04/2022;20:24:00;3809;AC03 - Acidente sem VITIMA;113;BR-040/RJ;RJ;Choque - Objeto Fixo;1;;;;;;;;;;1;;;;
30/04/2022;20:19:00;3812;AC03 - Acidente sem VITIMA;68;BR-040/RJ;RJ;Choque - Objeto Fixo;1;;;;;;;;;;1;;;;
30/04/2022;20:23:00;3813;AC03 - Acidente sem VITIMA;93;BR-040/RJ;RJ;Choque - Objeto Fixo;1;;;;;;;;;;1;;;;
30/04/2022;20:23:00;3814;AC03 - Acidente sem VITIMA;94;BR-040/RJ;RJ;Choque - Objeto Fixo;1;;;;;;;;;;1;;;;
30/04/2022;22:22:00;3822;AC03 - Acidente sem VITIMA;100;BR-040/RJ;JF;Choque - Objeto Fixo;1;;;;;;;;;;1;;;;
30/04/2022;22:59:00;3823;AC03 - Acidente sem VITIMA;94;BR-040/RJ;RJ;Saída de Pista;1;;;;;;;;;;1;;;;
01/05/2022;07:18:00;13;AC03 - Acidente sem VITIMA;119;BR-040/RJ;RJ;Choque - Objeto Fixo;1;;;;;;;;;;1;;;;
01/05/2022;10:46:00;34;AC03 - Acidente sem VITIMA;124;BR-040/RJ;RJ;Choque - Objeto Fixo;1;;;;;;;;;;1;;;;
01/05/2022;15:45:00;54;AC03 - Acidente sem VITIMA;93;BR-040/RJ;RJ;Colisão Traseira;2;;;;;;;;;;2;;;;
01/05/2022;16:54:00;59;AC02 - Acidente com VITIMA;111;BR-040/RJ;RJ;Queda de Moto;;;;1;;;;;;;0;1;1;;
01/05/2022;19:56:00;83;AC02 - Acidente com VITIMA;779;BR-040/MG;JF;Colisão Traseira;;1;;1;;;;;;;0;1;;1;
01/05/2022;18:55:00;86;AC03 - Acidente sem VITIMA;13;BR-040/RJ;JF;Choque - Objeto Fixo;1;;;;;;;;;;1;;;;
01/05/2022;22:00:00;97;AC02 - Acidente com VITIMA;81;BR-040/RJ;RJ;Atropelamento - Pedestre;;;;;;2;;;;;1;;1;;
02/05/2022;08:03:00;135;AC02 - Acidente com VITIMA;116;BR-040/RJ;RJ;Engavetamento;2;;1;;;;;;;;1;3;;;
02/05/2022;12:21:00;165;AC02 - Acidente com VITIMA;122;BR-040/RJ;JF;Capotamento;1;;;;;;;;;;0;1;;;
02/05/2022;13:11:00;169;AC03 - Acidente sem VITIMA;120;BR-040/RJ;JF;Colisão Lateral;2;;;;;;;;;;2;;;;
02/05/2022;16:59:00;199;AC03 - Acidente sem VITIMA;90;BR-040/RJ;RJ;Colisão Traseira;;;1;;1;;;;;;2;;;;
02/05/2022;19:26:00;216;AC04 - Atropelamento;65;BR-040/RJ;RJ;Atropelamento - Pedestre;1;;;;;1;;;;;1;;;1;
02/05/2022;23:23:00;241;AC03 - Acidente sem VITIMA;809;BR-040/MG;JF;Atropelamento - Animal;1;;;;;;;;;;1;;;;
03/05/2022;00:07:00;243;AC02 - Acidente com VITIMA;54;BR-040/RJ;RJ;Choque - Objeto Fixo;1;;;;;;;;;;0;1;;;
03/05/2022;05:59:00;259;AC02 - Acidente com VITIMA;114;BR-040/RJ;RJ;Queda de Moto;;;;1;;;;;;;0;1;1;;
03/05/2022;06:12:00;261;AC03 - Acidente sem VITIMA;114;BR-040/RJ;RJ;Colisão Traseira;1;;1;;;;;;;;2;;;;
03/05/2022;22:44:00;357;AC02 - Acidente com VITIMA;785;BR-040/MG;RJ;Saída de Pista;1;;;;;;;;;;0;1;;;
03/05/2022;23:40:00;362;AC03 - Acidente sem VITIMA;54;BR-040/RJ;JF;Colisão Lateral;1;;1;;;;;;;;2;;;;
04/05/2022;00:58:00;364;AC03 - Acidente sem VITIMA;113;BR-040/RJ;RJ;Choque - Objeto Fixo;1;;;;;;;;;;1;;;;
04/05/2022;05:50:00;375;AC02 - Acidente com VITIMA;96;BR-040/RJ;JF;Tombamento;;;1;;;1;;;;;1;1;;;
04/05/2022;06:08:00;377;AC02 - Acidente com VITIMA;99;BR-040/RJ;RJ;Colisão Lateral;2;;;;;;;;;;0;1;2;;
04/05/2022;16:54:00;452;AC03 - Acidente sem VITIMA;85;BR-040/RJ;JF;Choque - Objeto Fixo;1;;;;;;;;;;1;;;;
04/05/2022;17:17:00;455;AC03 - Acidente sem VITIMA;100;BR-040/RJ;JF;Choque - Objeto Fixo;1;;;;;;;;;;1;;;;
04/05/2022;20:14:00;470;AC03 - Acidente sem VITIMA;91;BR-040/RJ;RJ;Saída de Pista;1;;;;;;;;;;1;;;;
04/05/2022;20:49:00;472;AC02 - Acidente com VITIMA;801;BR-040/MG;JF;Saída de Pista;1;;;;;;;;;;0;;1;;
04/05/2022;21:54:00;476;AC02 - Acidente com VITIMA;121;BR-040/RJ;RJ;Colisão Traseira;;;1;1;;;;;;;1;1;;;
04/05/2022;22:51:00;479;AC03 - Acidente sem VITIMA;783;BR-040/MG;JF;Choque - Objeto Fixo;1;;;;;;;;;;1;;;;
05/05/2022;08:20:00;506;AC03 - Acidente sem VITIMA;73;BR-040/RJ;RJ;Colisão Transversal;2;;;;;;;;;;2;;;;
05/05/2022;08:42:00;510;AC03 - Acidente sem VITIMA;90;BR-040/RJ;RJ;Saída de Pista;;;1;;;;;;;;1;;;;
05/05/2022;09:58:00;522;AC03 - Acidente sem VITIMA;70;BR-040/RJ;JF;Choque - Objeto Fixo;;;1;;;;;;;;1;;;;
05/05/2022;11:23:00;529;AC03 - Acidente sem VITIMA;108;BR-040/RJ;RJ;Colisão Lateral;1;;;;;;;;;;1;;;;
05/05/2022;11:26:00;530;AC02 - Acidente com VITIMA;102;BR-040/RJ;JF;Colisão Lateral;1;;;1;;;;;;;1;2;;;
05/05/2022;12:41:00;536;AC02 - Acidente com VITIMA;113;BR-040/RJ;JF;Queda de Moto;;;;1;;;;;;;0;;;1;
05/05/2022;15:26:00;556;AC03 - Acidente sem VITIMA;121;BR-040/RJ;RJ;Colisão Traseira;2;;;;;;;;;;2;;;;
06/05/2022;00:13:00;603;AC02 - Acidente com VITIMA;0;BR-040/RJ;RJ;Tombamento;;;1;;;1;;;;;1;2;;;
06/05/2022;06:47:00;622;AC02 - Acidente com VITIMA;121;BR-040/RJ;RJ;Colisão Lateral;;;1;2;;;;;;;1;3;;;
06/05/2022;10:10:00;636;AC03 - Acidente sem VITIMA;121;BR-040/RJ;RJ;Colisão Traseira;2;;;;;;;;;;2;;;;
06/05/2022;12:31:00;651;AC03 - Acidente sem VITIMA;121;BR-040/RJ;JF;Colisão Traseira;2;;;;;;;;;;2;;;;
06/05/2022;17:50:00;699;AC02 - Acidente com VITIMA;103;BR-040/RJ;RJ;Colisão Traseira;1;;;1;;;;;;;1;1;;;
06/05/2022;19:36:00;713;AC03 - Acidente sem VITIMA;110;BR-040/RJ;JF;Colisão Traseira;2;;;;;;;;;;2;;;;
07/05/2022;02:05:00;738;AC03 - Acidente sem VITIMA;113;BR-040/RJ;JF;Colisão Traseira;2;;;;;;;;;;2;;;;
07/05/2022;02:43:00;743;AC03 - Acidente sem VITIMA;77;BR-040/RJ;JF;Tombamento;1;;;;;;;;;;1;;;;
07/05/2022;06:27:00;751;AC02 - Acidente com VITIMA;107;BR-040/RJ;JF;Colisão Lateral;1;;;1;;;;;;;1;1;;;
07/05/2022;12:25:00;785;AC03 - Acidente sem VITIMA;82;BR-040/RJ;RJ;Colisão Lateral;2;;;;;;;;;;2;;;;
07/05/2022;15:01:00;801;AC03 - Acidente sem VITIMA;81;BR-040/RJ;RJ;Choque - Objeto Fixo;1;;;;;;;;;;1;;;;
07/05/2022;16:27:00;810;AC03 - Acidente sem VITIMA;123;BR-040/RJ;RJ;Saída de Pista;1;;;;;;;;;;1;;;;
07/05/2022;16:42:00;812;AC02 - Acidente com VITIMA;82;BR-040/RJ;RJ;Colisão Lateral;2;;;;;;;;;;0;6;;;
07/05/2022;17:21:00;816;AC03 - Acidente sem VITIMA;93;BR-040/RJ;JF;Choque - Objeto Fixo;1;;;;;;;;;;1;;;;
07/05/2022;18:19:00;825;AC03 - Acidente sem VITIMA;94;BR-040/RJ;JF;Capotamento;1;;;;;;;;;;1;;;;
07/05/2022;18:25:00;827;AC03 - Acidente sem VITIMA;92;BR-040/RJ;JF;Choque - Objeto Fixo;1;;;;;;;;;;1;;;;
07/05/2022;21:29:00;836;AC03 - Acidente sem VITIMA;89;BR-040/RJ;JF;Choque - Objeto Fixo;1;;;;;;;;;;1;;;;
07/05/2022;23:38:00;843;AC03 - Acidente sem VITIMA;91;BR-040/RJ;JF;Saída de Pista;1;;;;;;;;;;1;;;;
08/05/2022;00:02:00;844;AC02 - Acidente com VITIMA;121;BR-040/RJ;JF;Saída de Pista;1;;;;;;;;;;0;1;;;
08/05/2022;00:37:00;847;AC02 - Acidente com VITIMA;66;BR-040/RJ;JF;Choque - Objeto Fixo;1;;;;;;;;;;0;1;;;
08/05/2022;01:37:00;850;AC03 - Acidente sem VITIMA;77;BR-040/RJ;RJ;Saída de Pista;1;;;;;;;;;;1;;;;
08/05/2022;05:34:00;858;AC03 - Acidente sem VITIMA;784;BR-040/MG;RJ;Choque - Objeto Fixo;1;;;;;;;;;;1;;;;
08/05/2022;09:49:00;876;AC03 - Acidente sem VITIMA;85;BR-040/RJ;JF;Choque - Objeto Fixo;1;;;;;;;;;;1;;;;
08/05/2022;11:24:00;888;AC03 - Acidente sem VITIMA;91;BR-040/RJ;JF;Choque - Objeto Fixo;1;;;;;;;;;;1;;;;
08/05/2022;12:49:00;893;AC03 - Acidente sem VITIMA;83;BR-040/RJ;RJ;Colisão Lateral;2;;;;;;;;;;2;;;;
08/05/2022;15:31:00;909;AC03 - Acidente sem VITIMA;108;BR-040/RJ;RJ;Choque - Objeto Fixo;1;;;;;;;;;;1;;;;
08/05/2022;15:41:00;912;AC03 - Acidente sem VITIMA;73;BR-040/RJ;RJ;Choque - Objeto Fixo;1;;;;;;;;;;1;;;;
08/05/2022;18:23:00;936;AC02 - Acidente com VITIMA;103;BR-040/RJ;JF;Colisão Traseira;2;;;;;;;;;;0;2;;;
08/05/2022;22:33:00;956;AC02 - Acidente com VITIMA;98;BR-040/RJ;RJ;Colisão Traseira;;;;1;;1;;;;;1;1;;;
09/05/2022;02:42:00;965;AC03 - Acidente sem VITIMA;804;BR-040/MG;JF;Saída de Pista;1;;;;;;;;;;1;;;;
09/05/2022;04:22:00;969;AC03 - Acidente sem VITIMA;43;BR-040/RJ;JF;Saída de Pista;1;;;;;;;;;;1;;;;
09/05/2022;06:00:00;974;AC03 - Acidente sem VITIMA;123;BR-040/RJ;RJ;Colisão Lateral;1;;1;;;;;;;;2;;;;
09/05/2022;06:38:00;979;AC02 - Acidente com VITIMA;111;BR-040/RJ;RJ;Colisão Traseira;1;;;1;;;;;;;1;1;;;
09/05/2022;07:04:00;981;AC03 - Acidente sem VITIMA;111;BR-040/RJ;RJ;Colisão Lateral;1;;1;;;;;;;;2;;;;
09/05/2022;07:08:00;983;AC03 - Acidente sem VITIMA;109;BR-040/RJ;RJ;Engavetamento;2;;;;1;;;;;;3;;;;
09/05/2022;08:23:00;992;AC02 - Acidente com VITIMA;80;BR-040/RJ;RJ;Tombamento;;;1;;;;;;;;0;1;;1;
10/05/2022;01:08:00;1090;AC02 - Acidente com VITIMA;825;BR-040/MG;JF;Tombamento;;;1;;;;;;;;0;1;;;
10/05/2022;04:20:00;1098;AC03 - Acidente sem VITIMA;48;BR-040/RJ;RJ;Atropelamento - Animal;1;;;;;;;;;;1;;;;
10/05/2022;04:59:00;1099;AC03 - Acidente sem VITIMA;80;BR-040/RJ;JF;Choque - Objeto Fixo;1;;;;;;;;;;1;;;;
10/05/2022;14:36:00;1158;AC02 - Acidente com VITIMA;105;BR-040/RJ;JF;Colisão Traseira;;;1;1;;;;;;;1;1;;;
10/05/2022;17:50:00;1177;AC02 - Acidente com VITIMA;113;BR-040/RJ;JF;Colisão Traseira;1;;;1;;;;;;;1;1;;;
10/05/2022;18:22:00;1179;AC04 - Atropelamento;96;BR-040/RJ;JF;Atropelamento - Pedestre;;;;;;2;;;;;1;;1;;
10/05/2022;21:34:00;1196;AC02 - Acidente com VITIMA;789;BR-040/MG;RJ;Atropelamento - Animal;;;;1;;;;;;;0;1;;;
11/05/2022;04:34:00;1209;AC02 - Acidente com VITIMA;111;BR-040/RJ;JF;Capotamento;1;;;;;;;;;;0;3;;;
11/05/2022;05:20:00;1212;AC02 - Acidente com VITIMA;104;BR-040/RJ;JF;Colisão Lateral;2;;;;;;;;;;0;2;;;
11/05/2022;09:59:00;1233;AC03 - Acidente sem VITIMA;114;BR-040/RJ;RJ;Engavetamento;2;;;;;1;;;;;3;;;;
12/05/2022;00:35:00;1294;AC03 - Acidente sem VITIMA;16;BR-040/RJ;JF;Atropelamento - Animal;1;;;;;;;;;;1;;;;
12/05/2022;06:59:00;1307;AC03 - Acidente sem VITIMA;77;BR-040/RJ;RJ;Choque - Objeto Fixo;1;;;;;;;;;;1;;;;
12/05/2022;08:08:00;1313;AC03 - Acidente sem VITIMA;93;BR-040/RJ;RJ;Colisão Transversal;2;;;;;;;;;;2;;;;
12/05/2022;09:14:00;1321;AC02 - Acidente com VITIMA;99;BR-040/RJ;RJ;Colisão Transversal;1;;;1;;;;;;;0;;2;;
12/05/2022;10:35:00;1333;AC03 - Acidente sem VITIMA;91;BR-040/RJ;RJ;Saída de Pista;1;;;;;;;;;;1;;;;
12/05/2022;10:59:00;1335;AC03 - Acidente sem VITIMA;85;BR-040/RJ;JF;Choque - Objeto Fixo;1;;;;;;;;;;1;;;;
12/05/2022;12:30:00;1341;AC02 - Acidente com VITIMA;33;BR-040/RJ;JF;Capotamento;1;;;;;;;;;;1;1;;;
12/05/2022;12:45:00;1343;AC03 - Acidente sem VITIMA;813;BR-040/MG;RJ;Colisão Traseira;2;;;;;;;;;;2;;;;
12/05/2022;14:46:00;1362;AC03 - Acidente sem VITIMA;93;BR-040/RJ;RJ;Saída de Pista;1;;;;;;;;;;1;;;;
12/05/2022;15:23:00;1367;AC03 - Acidente sem VITIMA;90;BR-040/RJ;JF;Engavetamento;5;;;;;;;;;;5;;;;
12/05/2022;18:10:00;1387;AC03 - Acidente sem VITIMA;77;BR-040/RJ;JF;Colisão Traseira;1;;;;;1;;;;;2;;;;
13/05/2022;08:48:00;1428;AC03 - Acidente sem VITIMA;44;BR-040/RJ;RJ;Choque - Objeto Fixo;1;;;;;;;;;;1;;;;
13/05/2022;15:34:00;1482;AC03 - Acidente sem VITIMA;113;BR-040/RJ;RJ;Colisão Traseira;1;;;1;;;;;;;2;;;;
13/05/2022;19:35:00;1513;AC03 - Acidente sem VITIMA;91;BR-040/RJ;JF;Choque - Objeto Fixo;1;;;;;;;;;;1;;;;
13/05/2022;19:07:00;1514;AC03 - Acidente sem VITIMA;803;BR-040/MG;JF;Derrapagem;1;;;;;;;;;;1;;;;
13/05/2022;20:12:00;1520;AC02 - Acidente com VITIMA;105;BR-040/RJ;JF;Colisão Lateral;1;;;1;;;;;;;0;2;1;;
13/05/2022;20:15:00;1522;AC02 - Acidente com VITIMA;104;BR-040/RJ;RJ;Colisão Lateral;;1;;;;1;;;;;1;1;;;
14/05/2022;04:18:00;1555;AC03 - Acidente sem VITIMA;89;BR-040/RJ;JF;Saída de Pista;1;;;;;;;;;;1;;;;
14/05/2022;05:58:00;1561;AC02 - Acidente com VITIMA;36;BR-040/RJ;RJ;Derrapagem;1;;;;;;;;;;0;1;;;
14/05/2022;09:38:00;1579;AC03 - Acidente sem VITIMA;110;BR-040/RJ;RJ;Choque - Objeto Fixo;;;1;;;;;;;;1;;;;
14/05/2022;11:27:00;1593;AC02 - Acidente com VITIMA;121;BR-040/RJ;JF;Colisão Traseira;1;;;;1;;;;;;1;1;;;
15/05/2022;11:08:00;1686;AC03 - Acidente sem VITIMA;92;BR-040/RJ;RJ;Colisão Lateral;1;;1;;;;;;;;2;;;;
15/05/2022;11:11:00;1688;AC03 - Acidente sem VITIMA;94;BR-040/RJ;RJ;Choque - Objeto Fixo;1;;;;;;;;;;1;;;;
15/05/2022;11:39:00;1690;AC03 - Acidente sem VITIMA;93;BR-040/RJ;RJ;Saída de Pista;1;;;;;;;;;;1;;;;
15/05/2022;11:42:00;1692;AC02 - Acidente com VITIMA;93;BR-040/RJ;RJ;Queda de Moto;;;;1;;;;;;;0;2;;;
15/05/2022;11:56:00;1694;AC03 - Acidente sem VITIMA;78;BR-040/RJ;RJ;Choque - Objeto Fixo;1;;;;;;;;;;1;;;;
15/05/2022;12:10:00;1696;AC03 - Acidente sem VITIMA;90;BR-040/RJ;RJ;Derrapagem;1;;;;;;;;;;1;;;;
15/05/2022;12:17:00;1698;AC03 - Acidente sem VITIMA;75;BR-040/RJ;RJ;Choque - Objeto Fixo;1;;;;;;;;;;1;;;;
15/05/2022;12:33:00;1700;AC03 - Acidente sem VITIMA;29;BR-040/RJ;RJ;Choque - Objeto Fixo;1;;;;;;;;;;1;;;;
15/05/2022;12:40:00;1701;AC03 - Acidente sem VITIMA;77;BR-040/RJ;RJ;Choque - Objeto Fixo;1;;;;;;;;;;1;;;;
15/05/2022;12:53:00;1704;AC03 - Acidente sem VITIMA;109;BR-040/RJ;JF;Choque - Objeto Fixo;1;;;;;;;;;;1;;;;
15/05/2022;12:58:00;1705;AC03 - Acidente sem VITIMA;71;BR-040/RJ;JF;Choque - Objeto Fixo;1;;;;;;;;;;1;;;;
15/05/2022;13:33:00;1706;AC02 - Acidente com VITIMA;124;BR-040/RJ;JF;Capotamento;1;;;;;;;;;;0;4;;;
15/05/2022;13:30:00;1707;AC02 - Acidente com VITIMA;77;BR-040/RJ;RJ;Capotamento;1;;;;;;;;;;0;2;;;
15/05/2022;13:37:00;1708;AC02 - Acidente com VITIMA;60;BR-040/RJ;RJ;Choque - Objeto Fixo;1;;;;;;;;;;0;2;;;
15/05/2022;14:48:00;1714;AC03 - Acidente sem VITIMA;124;BR-040/RJ;JF;Choque - Objeto Fixo;1;;;;;;;;;;1;;;;
15/05/2022;16:41:00;1726;AC03 - Acidente sem VITIMA;87;BR-040/RJ;RJ;Choque - Objeto Fixo;1;;;;;;;;;;1;;;;
15/05/2022;16:51:00;1727;AC02 - Acidente com VITIMA;86;BR-040/RJ;RJ;Choque - Objeto Fixo;1;;;;;;;;;;0;2;;;
15/05/2022;17:17:00;1730;AC03 - Acidente sem VITIMA;87;BR-040/RJ;RJ;Capotamento;1;;;;;;;;;;1;;;;
15/05/2022;17:50:00;1734;AC03 - Acidente sem VITIMA;86;BR-040/RJ;RJ;Choque - Objeto Fixo;1;;;;;;;;;;1;;;;
15/05/2022;19:02:00;1739;AC02 - Acidente com VITIMA;93;BR-040/RJ;JF;Queda de Moto;;;;1;;;;;;;0;1;;;
15/05/2022;19:25:00;1741;AC03 - Acidente sem VITIMA;789;BR-040/MG;RJ;Colisão Traseira;2;;;;;;;;;;2;;;;
15/05/2022;22:26:00;1757;AC03 - Acidente sem VITIMA;81;BR-040/RJ;JF;Choque - Objeto Fixo;1;;;;;;;;;;1;;;;
16/05/2022;00:42:00;1763;AC03 - Acidente sem VITIMA;812;BR-040/MG;RJ;Choque - Objeto Fixo;;;1;;;;;;;;1;;;;
16/05/2022;05:34:00;1769;AC03 - Acidente sem VITIMA;109;BR-040/RJ;RJ;Engavetamento;5;;;;;;;;;;5;;;;
16/05/2022;14:14:00;1829;AC02 - Acidente com VITIMA;798;BR-040/MG;RJ;Choque - Objeto Fixo;1;;;;;;;;;;0;1;;;
16/05/2022;15:25:00;1843;AC02 - Acidente com VITIMA;110;BR-040/RJ;JF;Engavetamento;3;;;;1;;;;;;2;2;;;
16/05/2022;17:59:00;1861;AC03 - Acidente sem VITIMA;113;BR-040/RJ;JF;Engavetamento;4;;;1;;;;;;;5;;;;
16/05/2022;20:00:00;1874;AC03 - Acidente sem VITIMA;96;BR-040/RJ;RJ;Choque - Objeto Fixo;1;;;;;;;;;;1;;;;
16/05/2022;20:37:00;1875;AC03 - Acidente sem VITIMA;89;BR-040/RJ;RJ;Choque - Objeto Fixo;1;;;;;;;;;;1;;;;
17/05/2022;06:36:00;1897;AC03 - Acidente sem VITIMA;85;BR-040/RJ;JF;Capotamento;1;;;;;;;;;;1;;;;
17/05/2022;13:22:00;1947;AC02 - Acidente com VITIMA;12;BR-040/RJ;RJ;Capotamento;1;;;;;;;;;;0;3;;;
17/05/2022;17:01:00;1980;AC02 - Acidente com VITIMA;111;BR-040/RJ;RJ;Colisão Lateral;1;;1;;;;;;;;1;1;;;
17/05/2022;17:39:00;1984;AC03 - Acidente sem VITIMA;85;BR-040/RJ;JF;Choque - Objeto Fixo;1;;;;;;;;;;1;;;;
17/05/2022;19:28:00;1994;AC02 - Acidente com VITIMA;113;BR-040/RJ;JF;Saída de Pista;1;;;;;;;;;;0;1;;;
18/05/2022;04:21:00;2018;AC03 - Acidente sem VITIMA;784;BR-040/MG;JF;Choque - Objeto Fixo;1;;;;;1;;;;;2;;;;
18/05/2022;07:44:00;2032;AC04 - Atropelamento;793;BR-040/MG;RJ;Atropelamento - Pedestre;;;1;;;1;;;;;1;;;1;
18/05/2022;08:30:00;2045;AC03 - Acidente sem VITIMA;106;BR-040/RJ;JF;Colisão Traseira;2;;;;;;;;;;2;;;;
18/05/2022;12:30:00;2080;AC03 - Acidente sem VITIMA;117;BR-040/RJ;JF;Colisão Traseira;2;;;;;;;;;;2;;;;
18/05/2022;17:23:00;2115;AC02 - Acidente com VITIMA;40;BR-040/RJ;JF;Colisão Lateral;;;1;1;;;;;;;0;1;1;;
18/05/2022;19:47:00;2124;AC03 - Acidente sem VITIMA;111;BR-040/RJ;RJ;Colisão Traseira;1;;1;;;;;;;;2;;;;
19/05/2022;11:59:00;2213;AC03 - Acidente sem VITIMA;90;BR-040/RJ;JF;Engavetamento;2;;;;;1;;;;;3;;;;
19/05/2022;12:07:00;2216;AC02 - Acidente com VITIMA;74;BR-040/RJ;JF;Capotamento;;;1;;;;;;;;0;1;1;;
19/05/2022;18:14:00;2249;AC02 - Acidente com VITIMA;8;BR-040/RJ;JF;Queda de Moto;;;;1;;;;;;;0;2;;;
19/05/2022;22:11:00;2272;AC02 - Acidente com VITIMA;109;BR-040/RJ;RJ;Capotamento;1;;;;;;;;;;0;2;;;
20/05/2022;00:37:00;2277;AC03 - Acidente sem VITIMA;113;BR-040/RJ;RJ;Saída de Pista;1;;;;;;;;;;1;;;;
20/05/2022;12:53:00;2346;AC03 - Acidente sem VITIMA;122;BR-040/RJ;JF;Engavetamento;3;;;;;;;;;;3;;;;
20/05/2022;15:30:00;2360;AC03 - Acidente sem VITIMA;123;BR-040/RJ;RJ;Colisão Traseira;2;;;;;;;;;;2;;;;
20/05/2022;15:50:00;2364;AC03 - Acidente sem VITIMA;91;BR-040/RJ;JF;Choque - Objeto Fixo;1;;;;;;;;;;1;;;;
20/05/2022;16:10:00;2367;AC03 - Acidente sem VITIMA;92;BR-040/RJ;RJ;Choque - Objeto Fixo;1;;;;;;;;;;1;;;;
20/05/2022;16:52:00;2377;AC03 - Acidente sem VITIMA;94;BR-040/RJ;RJ;Choque - Objeto Fixo;1;;;;;;;;;;1;;;;
20/05/2022;16:52:00;2378;AC03 - Acidente sem VITIMA;94;BR-040/RJ;RJ;Choque - Objeto Fixo;1;;;;;;;;;;1;;;;
21/05/2022;04:46:00;2431;AC02 - Acidente com VITIMA;121;BR-040/RJ;RJ;Colisão Traseira;1;;1;;;;;;;;1;1;;;
21/05/2022;10:37:00;2465;AC02 - Acidente com VITIMA;52;BR-040/RJ;JF;Queda de Moto;;;;1;;;;;;;0;1;;;
21/05/2022;11:30:00;2469;AC03 - Acidente sem VITIMA;9;BR-040/RJ;JF;Derrapagem;1;;;;;;;;;;1;;;;
21/05/2022;12:43:00;2477;AC03 - Acidente sem VITIMA;102;BR-040/RJ;RJ;Choque - Objeto Fixo;1;;;;;;;;;;1;;;;
21/05/2022;14:32:00;2486;AC03 - Acidente sem VITIMA;98;BR-040/RJ;JF;Saída de Pista;1;;;;;;;;;;1;;;;
22/05/2022;01:22:00;2522;AC03 - Acidente sem VITIMA;109;BR-040/RJ;JF;Choque - Objeto Fixo;1;;;;;;;;;;1;;;;
22/05/2022;04:03:00;2525;AC02 - Acidente com VITIMA;788;BR-040/MG;JF;Capotamento;1;;;;;;;;;;0;2;;;
22/05/2022;05:57:00;2529;AC02 - Acidente com VITIMA;123;BR-040/RJ;RJ;Colisão Traseira;1;;2;;;;;;;;0;3;;;
22/05/2022;05:57:00;2530;AC03 - Acidente sem VITIMA;123;BR-040/RJ;RJ;Colisão Traseira;1;;2;;;;;;;;3;;;;
22/05/2022;15:42:00;2587;AC02 - Acidente com VITIMA;100;BR-040/RJ;RJ;Colisão Lateral;1;;;1;;;;;;;1;2;;;
23/05/2022;03:29:00;2627;AC03 - Acidente sem VITIMA;14;BR-040/RJ;RJ;Choque - Objeto Fixo;1;;;;;;;;;;1;;;;
23/05/2022;05:06:00;2631;AC03 - Acidente sem VITIMA;822;BR-040/MG;RJ;Choque - Objeto Fixo;1;;;;;;;;;;1;;;;
23/05/2022;07:41:00;2643;AC01 - Acidente com VITIMA FATAL;788;BR-040/MG;JF;Queda de Moto;;;;1;;;;;;;0;;;;1
23/05/2022;10:40:00;2668;AC03 - Acidente sem VITIMA;815;BR-040/MG;JF;Colisão Traseira;1;;1;;;;;;;;2;;;;
23/05/2022;14:41:00;2695;AC02 - Acidente com VITIMA;118;BR-040/RJ;RJ;Queda de Moto;;;;1;;;;;;;0;1;;;
23/05/2022;18:33:00;2725;AC03 - Acidente sem VITIMA;112;BR-040/RJ;JF;Engavetamento;2;;;;;;;;;;2;;;;
23/05/2022;18:45:00;2728;AC03 - Acidente sem VITIMA;113;BR-040/RJ;JF;Engavetamento;3;;;;;;;;;;3;;;;
24/05/2022;13:26:00;2810;AC02 - Acidente com VITIMA;119;BR-040/RJ;JF;Queda de Moto;;;;1;;;;;;;0;1;;;
24/05/2022;18:15:00;2844;AC03 - Acidente sem VITIMA;18;BR-040/RJ;JF;Atropelamento - Animal;1;;;;;;;;;;1;;;;
24/05/2022;18:15:00;2846;AC03 - Acidente sem VITIMA;18;BR-040/RJ;JF;Colisão Traseira;2;;;;;;;;;;2;;;;
24/05/2022;18:15:00;2848;AC02 - Acidente com VITIMA;18;BR-040/RJ;JF;Atropelamento - Animal;1;;;;;;;;;;0;2;;;
24/05/2022;22:14:00;2862;AC03 - Acidente sem VITIMA;18;BR-040/RJ;JF;Atropelamento - Animal;;;1;;;;;;;;1;;;;
25/05/2022;01:24:00;2870;AC03 - Acidente sem VITIMA;5;BR-040/RJ;JF;Choque - Objeto Fixo;;;1;;;;;;;;1;;;;
25/05/2022;08:01:00;2891;AC02 - Acidente com VITIMA;24;BR-040/RJ;RJ;Capotamento;1;;;;;;;;;;0;1;;;
25/05/2022;08:06:00;2893;AC02 - Acidente com VITIMA;118;BR-040/RJ;RJ;Colisão Traseira;1;;;1;;;;;;;1;2;;;
25/05/2022;08:15:00;2895;AC02 - Acidente com VITIMA;121;BR-040/RJ;RJ;Engavetamento;3;;;;;;;;;;2;2;;;
25/05/2022;09:23:00;2899;AC02 - Acidente com VITIMA;825;BR-040/MG;RJ;Choque - Objeto Fixo;;;1;;;;;;;;0;;1;;