data;horario;n_da_ocorrencia;tipo_de_ocorrencia;km;trecho;sentido;tipo_de_acidente;automovel;bicicleta;caminhao;moto;onibus;outros;tracao_animal;transporte_de_cargas_especiais;trator_maquinas;utilitarios;ilesos;levemente_feridos;moderadamente_feridos;gravemente_feridos;mortos
25/05/2022;15:27:00;2949;AC03 - Acidente sem VITIMA;88;BR-040/RJ;JF;Choque - Objeto Fixo;1;;;;;;;;;;1;;;;
25/05/2022;17:03:00;2959;AC02 - Acidente com VITIMA;121;BR-040/RJ;JF;Colisão Traseira;2;;;;;;;;;;1;1;1;;
25/05/2022;18:24:00;2973;AC02 - Acidente com VITIMA;774;BR-040/MG;RJ;Capotamento;1;;;;;;;;;;0;1;;;
25/05/2022;19:17:00;2977;AC04 - Atropelamento;105;BR-040/RJ;JF;Atropelamento - Pedestre;1;;;;;1;;;;;0;1;;1;
26/05/2022;07:12:00;3013;AC03 - Acidente sem VITIMA;775;BR-040/MG;RJ;Colisão Traseira;1;;1;;;;;;;;2;;;;
27/05/2022;02:01:00;3116;AC03 - Acidente sem VITIMA;811;BR-040/MG;RJ;Atropelamento - Animal;1;;;;;;;;;;1;;;;
27/05/2022;06:33:00;3131;AC02 - Acidente com VITIMA;115;BR-040/RJ;RJ;Colisão Traseira;2;;;;;;;;;;1;1;;;
27/05/2022;08:33:00;3143;AC02 - Acidente com VITIMA;109;BR-040/RJ;JF;Queda de Moto;;;;1;;;;;;;0;1;;;
27/05/2022;08:10:00;3144;AC03 - Acidente sem VITIMA;112;BR-040/RJ;RJ;Colisão Traseira;1;;1;;;;;;;;2;;;;
27/05/2022;15:57:00;3199;AC03 - Acidente sem VITIMA;110;BR-040/RJ;JF;Engavetamento;3;;;;;;;;;;3;;;;
27/05/2022;16:32:00;3210;AC02 - Acidente com VITIMA;780;BR-040/MG;JF;Queda de Moto;;;;1;;;;;;;0;2;;;
27/05/2022;19:00:00;3225;AC02 - Acidente com VITIMA;104;BR-040/RJ;JF;Colisão Traseira;1;;;1;;;;;;;1;1;;;
27/05/2022;19:31:00;3228;AC03 - Acidente sem VITIMA;112;BR-040/RJ;JF;Engavetamento;2;;;;1;;;;;;3;;;;
28/05/2022;08:55:00;3259;AC03 - Acidente sem VITIMA;57;BR-040/RJ;JF;Colisão Traseira;2;;;;;;;;;;2;;;;
28/05/2022;09:25:00;3262;AC02 - Acidente com VITIMA;121;BR-040/RJ;JF;Colisão Traseira;1;;1;1;;;;;;;2;1;;;
28/05/2022;11:59:00;3284;AC02 - Acidente com VITIMA;101;BR-040/RJ;RJ;Queda de Moto;;;;1;;;;;;;0;1;;;
28/05/2022;14:13:00;3297;AC02 - Acidente com VITIMA;91;BR-040/RJ;RJ;Capotamento;1;;;;;;;;;;0;1;;;
28/05/2022;18:36:00;3315;AC03 - Acidente sem VITIMA;113;BR-040/RJ;RJ;Saída de Pista;1;;;;;;;;;;1;;;;
28/05/2022;18:42:00;3318;AC02 - Acidente com VITIMA;107;BR-040/RJ;JF;Queda de Moto;;;;1;;;;;;;0;2;;;
28/05/2022;19:38:00;3322;AC02 - Acidente com VITIMA;119;BR-040/RJ;JF;Colisão Traseira;;;1;1;;;;;;;1;1;;;
29/05/2022;02:29:00;3336;AC03 - Acidente sem VITIMA;90;BR-040/RJ;RJ;Choque - Objeto Fixo;1;;;;;;;;;;1;;;;
29/05/2022;03:13:00;3339;AC03 - Acidente sem VITIMA;112;BR-040/RJ;JF;Choque - Objeto Fixo;1;;;;;;;;;;1;;;;
29/05/2022;14:33:00;3378;AC03 - Acidente sem VITIMA;68;BR-040/RJ;JF;Capotamento;1;;;;;;;;;;1;;;;
29/05/2022;19:12:00;3411;AC02 - Acidente com VITIMA;784;BR-040/MG;JF;Colisão Lateral;;;;1;;;;;;;0;1;;;
30/05/2022;00:03:00;3436;AC02 - Acidente com VITIMA;24;BR-040/RJ;RJ;Tombamento;;;1;;;;;;;;0;1;;;
30/05/2022;02:30:00;3442;AC01 - Acidente com VITIMA FATAL;39;BR-040/RJ;JF;Choque - Objeto Fixo;;;1;;;1;;;;;1;;1;;1
30/05/2022;07:39:00;3460;AC02 - Acidente com VITIMA;106;BR-040/RJ;JF;Colisão Frontal;;1;;1;;;;;;;1;2;;;
31/05/2022;06:13:00;3575;AC03 - Acidente sem VITIMA;111;BR-040/RJ;RJ;Colisão Traseira;2;;;;;;;;;;2;;;;
31/05/2022;10:07:00;3606;AC02 - Acidente com VITIMA;80;BR-040/RJ;JF;Queda de Moto;;;;1;;;;;;;0;;1;;
31/05/2022;12:09:00;3625;AC02 - Acidente com VITIMA;99;BR-040/RJ;JF;Choque - Objeto Fixo;1;;;;;;;;;;0;1;;;
31/05/2022;15:41:00;3648;AC02 - Acidente com VITIMA;110;BR-040/RJ;RJ;Colisão Traseira;;;;1;1;;;;;;1;;1;;
31/05/2022;16:42:00;3653;AC03 - Acidente sem VITIMA;85;BR-040/RJ;JF;Choque - Objeto Fixo;1;;;;;;;;;;1;;;;
31/05/2022;19:22:00;3671;AC03 - Acidente sem VITIMA;78;BR-040/RJ;RJ;Choque - Objeto Fixo;1;;;;;;;;;;1;;;;
01/06/2022;08:05:00;26;AC02 - Acidente com VITIMA;75;BR-040/RJ;JF;Colisão Traseira;2;;;;;;;;;;0;2;;;
01/06/2022;09:02:00;36;AC02 - Acidente com VITIMA;38;BR-040/RJ;JF;Tombamento;;;1;;;;;;;;0;;;1;
01/06/2022;09:16:00;40;AC02 - Acidente com VITIMA;123;BR-040/RJ;RJ;Colisão Lateral;2;;;;;;;;;;0;2;;;
01/06/2022;09:20:00;42;AC02 - Acidente com VITIMA;0;BR-040/RJ;RJ;Colisão Lateral;1;;;1;;;;;;;1;1;;;
01/06/2022;10:05:00;48;AC02 - Acidente com VITIMA;69;BR-040/RJ;RJ;Engavetamento;3;;;;;;;;;;0;3;;;
01/06/2022;16:43:00;79;AC03 - Acidente sem VITIMA;121;BR-040/RJ;RJ;Engavetamento;3;;;;;;;;;;3;;;;
01/06/2022;18:29:00;92;AC02 - Acidente com VITIMA;84;BR-040/RJ;JF;Queda de Moto;;;;1;;;;;;;0;1;;;
01/06/2022;18:35:00;94;AC03 - Acidente sem VITIMA;113;BR-040/RJ;RJ;Saída de Pista;;;1;;;;;;;;1;;;;
01/06/2022;20:38:00;107;AC02 - Acidente com VITIMA;791;BR-040/MG;RJ;Queda de Moto;;;;1;;;;;;;0;2;;;
01/06/2022;22:16:00;114;AC02 - Acidente com VITIMA;124;BR-040/RJ;RJ;Tombamento;;;1;;;1;;;;;1;1;;;
02/06/2022;07:46:00;155;AC02 - Acidente com VITIMA;123;BR-040/RJ;JF;Colisão Lateral;1;1;;;;;;;;;1;1;;;
02/06/2022;10:18:00;167;AC03 - Acidente sem VITIMA;84;BR-040/RJ;JF;Choque - Objeto Fixo;1;;;;;;;;;;1;;;;
02/06/2022;15:38:00;202;AC03 - Acidente sem VITIMA;93;BR-040/RJ;JF;Choque - Objeto Fixo;1;;;;;;;;;;1;;;;
02/06/2022;15:51:00;205;AC03 - Acidente sem VITIMA;93;BR-040/RJ;RJ;Tombamento;1;;;;;;;;;;1;;;;
02/06/2022;16:11:00;206;AC02 - Acidente com VITIMA;97;BR-040/RJ;RJ;Tombamento;1;;;;;;;;;;0;1;;;
02/06/2022;15:56:00;208;AC03 - Acidente sem VITIMA;93;BR-040/RJ;RJ;Saída de Pista;1;;;;;;;;;;1;;;;
02/06/2022;16:35:00;210;AC03 - Acidente sem VITIMA;91;BR-040/RJ;RJ;Choque - Objeto Fixo;1;;;;;;;;;;1;;;;
02/06/2022;17:14:00;213;AC03 - Acidente sem VITIMA;91;BR-040/RJ;RJ;Tombamento;;;1;;;;;;;;1;;;;
02/06/2022;17:30:00;215;AC03 - Acidente sem VITIMA;97;BR-040/RJ;RJ;Colisão Lateral;1;;1;;;;;;;;2;;;;
02/06/2022;22:18:00;236;AC03 - Acidente sem VITIMA;78;BR-040/RJ;RJ;Saída de Pista;1;;;;;;;;;;1;;;;
03/06/2022;08:30:00;273;AC03 - Acidente sem VITIMA;113;BR-040/RJ;RJ;Colisão Lateral;1;;1;;;;;;;;2;;;;
03/06/2022;08:40:00;274;AC03 - Acidente sem VITIMA;84;BR-040/RJ;RJ;Choque - Objeto Fixo;1;;;;;;;;;;1;;;;
03/06/2022;09:14:00;278;AC03 - Acidente sem VITIMA;93;BR-040/RJ;RJ;Choque - Objeto Fixo;1;;;;;;;;;;1;;;;
03/06/2022;09:17:00;279;AC03 - Acidente sem VITIMA;75;BR-040/RJ;RJ;Choque - Objeto Fixo;1;;;;;;;;;;1;;;;
03/06/2022;09:57:00;282;AC03 - Acidente sem VITIMA;776;BR-040/MG;RJ;Choque - Objeto Fixo;;;1;;;;;;;;1;;;;
03/06/2022;10:35:00;287;AC03 - Acidente sem VITIMA;86;BR-040/RJ;JF;Choque - Objeto Fixo;1;;;;;;;;;;1;;;;
03/06/2022;12:24:00;298;AC02 - Acidente com VITIMA;99;BR-040/RJ;JF;Capotamento;1;;;;;;;;;;0;1;;;
03/06/2022;12:42:00;301;AC03 - Acidente sem VITIMA;117;BR-040/RJ;RJ;Choque - Objeto Fixo;1;;;;;;;;;;1;;;;
03/06/2022;12:58:00;306;AC03 - Acidente sem VITIMA;96;BR-040/RJ;RJ;Choque - Objeto Fixo;1;;;;;;;;;;1;;;;
03/06/2022;13:11:00;309;AC02 - Acidente com VITIMA;91;BR-040/RJ;RJ;Saída de Pista;1;;;;;;;;;;0;2;;;
03/06/2022;13:35:00;316;AC03 - Acidente sem VITIMA;85;BR-040/RJ;JF;Choque - Objeto Fixo;1;;;;;;;;;;1;;;;
03/06/2022;13:38:00;317;AC03 - Acidente sem VITIMA;91;BR-040/RJ;JF;Choque - Objeto Fixo;1;;;;;;;;;;1;;;;
03/06/2022;13:59:00;321;AC03 - Acidente sem VITIMA;92;BR-040/RJ;RJ;Choque - Objeto Fixo;1;;;;;;;;;;1;;;;
03/06/2022;15:29:00;322;AC03 - Acidente sem VITIMA;100;BR-040/RJ;JF;Choque - Objeto Fixo;1;;;;;;;;;;1;;;;
03/06/2022;14:21:00;324;AC02 - Acidente com VITIMA;88;BR-040/RJ;JF;Capotamento;1;;;;;;;;;;1;2;1;;
03/06/2022;14:49:00;326;AC03 - Acidente sem VITIMA;93;BR-040/RJ;RJ;Choque - Objeto Fixo;1;;;;;;;;;;1;;;;
03/06/2022;15:57:00;335;AC03 - Acidente sem VITIMA;89;BR-040/RJ;RJ;Choque - Objeto Fixo;1;;;;;;;;;;1;;;;
03/06/2022;16:13:00;340;AC03 - Acidente sem VITIMA;75;BR-040/RJ;RJ;Capotamento;1;;;;;;;;;;1;;;;
03/06/2022;18:30:00;343;AC03 - Acidente sem VITIMA;91;BR-040/RJ;JF;Tombamento;1;;;;;;;;;;1;;;;
03/06/2022;16:48:00;345;AC03 - Acidente sem VITIMA;92;BR-040/RJ;JF;Choque - Objeto Fixo;1;;;;;;;;;;1;;;;
03/06/2022;16:57:00;346;AC02 - Acidente com VITIMA;94;BR-040/RJ;RJ;Saída de Pista;1;;;;;;;;;;0;3;;;
03/06/2022;15:40:00;347;AC03 - Acidente sem VITIMA;90;BR-040/RJ;JF;Choque - Objeto Fixo;1;;;;;;;;;;1;;;;
03/06/2022;16:58:00;348;AC03 - Acidente sem VITIMA;75;BR-040/RJ;RJ;Choque - Objeto Fixo;1;;;;;;;;;;1;;;;
03/06/2022;17:25:00;352;AC03 - Acidente sem VITIMA;77;BR-040/RJ;RJ;Choque - Objeto Fixo;1;;;;;;;;;;1;;;;
03/06/2022;18:24:00;358;AC02 - Acidente com VITIMA;113;BR-040/RJ;JF;Queda de Moto;;;1;1;;;;;;;1;2;;;
03/06/2022;20:04:00;364;AC03 - Acidente sem VITIMA;122;BR-040/RJ;JF;Engavetamento;3;;;;;;;;;;3;;;;
03/06/2022;20:49:00;371;AC03 - Acidente sem VITIMA;78;BR-040/RJ;RJ;Choque - Objeto Fixo;1;;;;;;;;;;1;;;;
03/06/2022;22:35:00;381;AC03 - Acidente sem VITIMA;95;BR-040/RJ;JF;Choque - Objeto Fixo;1;;;;;;;;;;1;;;;
04/06/2022;00:26:00;388;AC03 - Acidente sem VITIMA;94;BR-040/RJ;JF;Saída de Pista;1;;;;;;;;;;1;;;;
04/06/2022;06:10:00;405;AC03 - Acidente sem VITIMA;78;BR-040/RJ;RJ;Choque - Objeto Fixo;1;;;;;;;;;;1;;;;
04/06/2022;08:04:00;414;AC03 - Acidente sem VITIMA;85;BR-040/RJ;JF;Choque - Objeto Fixo;1;;;;;;;;;;1;;;;
04/06/2022;08:11:00;415;AC03 - Acidente sem VITIMA;93;BR-040/RJ;RJ;Choque - Objeto Fixo;1;;;;;;;;;;1;;;;
04/06/2022;08:25:00;419;AC03 - Acidente sem VITIMA;92;BR-040/RJ;RJ;Tombamento;1;;;;;;;;;;1;;;;
04/06/2022;08:46:00;423;AC03 - Acidente sem VITIMA;77;BR-040/RJ;RJ;Colisão Traseira;1;;1;;;;;;;;2;;;;
04/06/2022;08:50:00;424;AC03 - Acidente sem VITIMA;91;BR-040/RJ;RJ;Choque - Objeto Fixo;1;;;;;;;;;;1;;;;
04/06/2022;09:09:00;426;AC03 - Acidente sem VITIMA;99;BR-040/RJ;JF;Choque - Objeto Fixo;1;;;;;;;;;;1;;;;
04/06/2022;09:11:00;427;AC03 - Acidente sem VITIMA;88;BR-040/RJ;JF;Choque - Objeto Fixo;1;;;;;;;;;;1;;;;
04/06/2022;10:01:00;434;AC02 - Acidente com VITIMA;41;BR-040/RJ;RJ;Queda de Moto;;;;1;;;;;;;0;1;;;
04/06/2022;10:03:00;436;AC03 - Acidente sem VITIMA;6;BR-040/RJ;RJ;Choque - Objeto Fixo;1;;;;;;;;;;1;;;;
04/06/2022;10:50:00;438;AC03 - Acidente sem VITIMA;85;BR-040/RJ;JF;Capotamento;1;;;;;;;;;;1;;;;
04/06/2022;13:26:00;450;AC03 - Acidente sem VITIMA;90;BR-040/RJ;RJ;Choque - Objeto Fixo;1;;;;;;;;;;1;;;;
04/06/2022;13:26:00;451;AC03 - Acidente sem VITIMA;91;BR-040/RJ;RJ;Choque - Objeto Fixo;1;;;;;;;;;;1;;;;
04/06/2022;13:51:00;454;AC02 - Acidente com VITIMA;807;BR-040/MG;JF;Tombamento;1;;;;;;;;;;0;4;;;
04/06/2022;14:25:00;458;AC03 - Acidente sem VITIMA;85;BR-040/RJ;JF;Choque - Objeto Fixo;1;;;;;;;;;;1;;;;
04/06/2022;14:55:00;462;AC03 - Acidente sem VITIMA;78;BR-040/RJ;RJ;Choque - Objeto Fixo;1;;;;;;;;;;1;;;;
04/06/2022;16:42:00;476;AC03 - Acidente sem VITIMA;91;BR-040/RJ;RJ;Choque - Objeto Fixo;1;;;;;;;;;;1;;;;
04/06/2022;16:58:00;478;AC03 - Acidente sem VITIMA;90;BR-040/RJ;RJ;Capotamento;1;;;;;;;;;;1;;;;
04/06/2022;18:27:00;483;AC03 - Acidente sem VITIMA;91;BR-040/RJ;RJ;Choque - Objeto Fixo;1;;;;;;;;;;1;;;;
04/06/2022;21:26:00;493;AC03 - Acidente sem VITIMA;91;BR-040/RJ;JF;Choque - Objeto Fixo;1;;;;;;;;;;1;;;;
05/06/2022;05:47:00;510;AC02 - Acidente com VITIMA;787;BR-040/MG;JF;Queda de Moto;;;;1;;;;;;;0;;;1;
05/06/2022;11:46:00;535;AC02 - Acidente com VITIMA;76;BR-040/RJ;RJ;Queda de Moto;;;;1;;;;;;;0;;1;;
05/06/2022;12:17:00;536;AC02 - Acidente com VITIMA;113;BR-040/RJ;JF;Colisão Traseira;2;;;;;;;;;;0;3;;;
05/06/2022;14:34:00;545;AC03 - Acidente sem VITIMA;84;BR-040/RJ;JF;Choque - Objeto Fixo;1;;;;;;;;;;1;;;;
05/06/2022;15:13:00;550;AC02 - Acidente com VITIMA;110;BR-040/RJ;JF;Colisão Frontal;1;1;;;;;;;;;0;4;1;;
05/06/2022;16:38:00;557;AC02 - Acidente com VITIMA;123;BR-040/RJ;RJ;Queda de Moto;1;;;1;;;;;;;1;;;1;
05/06/2022;17:24:00;564;AC02 - Acidente com VITIMA;786;BR-040/MG;JF;Tombamento;;;1;;;;;;;;0;1;;;
05/06/2022;19:01:00;576;AC03 - Acidente sem VITIMA;788;BR-040/MG;RJ;Colisão Traseira;2;;;;;;;;;;2;;;;
05/06/2022;19:12:00;579;AC02 - Acidente com VITIMA;107;BR-040/RJ;JF;Colisão Frontal;2;;;;;;;;;;0;4;;;
05/06/2022;19:42:00;583;AC03 - Acidente sem VITIMA;105;BR-040/RJ;JF;Choque - Objeto Fixo;1;;;;;;;;;;1;;;;
06/06/2022;01:28:00;605;AC02 - Acidente com VITIMA;75;BR-040/RJ;JF;Choque - Objeto Fixo;1;;;;;;;;;;0;;1;;
06/06/2022;02:00:00;606;AC03 - Acidente sem VITIMA;20;BR-040/RJ;RJ;Colisão Lateral;1;;1;;;;;;;;2;;;;
06/06/2022;07:32:00;628;AC03 - Acidente sem VITIMA;122;BR-040/RJ;RJ;Colisão Lateral;1;;1;;;;;;;;2;;;;
06/06/2022;08:01:00;633;AC03 - Acidente sem VITIMA;80;BR-040/RJ;RJ;Choque - Objeto Fixo;1;;;;;;;;;;1;;;;
06/06/2022;08:57:00;640;AC03 - Acidente sem VITIMA;113;BR-040/RJ;RJ;Colisão Lateral;1;;1;;;;;;;;2;;;;
06/06/2022;11:58:00;664;AC02 - Acidente com VITIMA;773;BR-040/MG;RJ;Choque - Objeto Fixo;1;;;;;;;;;;0;1;;;
06/06/2022;21:40:00;719;AC02 - Acidente com VITIMA;116;BR-040/RJ;RJ;Queda de Moto;;;;1;;;;;;;0;1;;;
07/06/2022;10:16:00;778;AC03 - Acidente sem VITIMA;111;BR-040/RJ;RJ;Choque - Objeto Fixo;;;1;;;;;;;;1;;;;
07/06/2022;12:23:00;797;AC02 - Acidente com VITIMA;112;BR-040/RJ;JF;Queda de Moto;;;;1;;;;;;;0;1;;;
08/06/2022;06:44:00;864;AC02 - Acidente com VITIMA;116;BR-040/RJ;RJ;Queda de Moto;;;;1;;;;;;;0;1;;;
08/06/2022;11:43:00;907;AC03 - Acidente sem VITIMA;86;BR-040/RJ;JF;Colisão Traseira;1;;;;;;;;;;1;;;;
08/06/2022;16:07:00;942;AC03 - Acidente sem VITIMA;104;BR-040/RJ;JF;Colisão Traseira;1;;1;;;;;;;;2;;;;
08/06/2022;18:18:00;957;AC03 - Acidente sem VITIMA;111;BR-040/RJ;JF;Engavetamento;3;;;;;;;;;;3;;;;
08/06/2022;20:34:00;968;AC02 - Acidente com VITIMA;91;BR-040/RJ;JF;Queda de Moto;;;;1;;;;;;;0;;1;;
08/06/2022;21:03:00;973;AC03 - Acidente sem VITIMA;81;BR-040/RJ;RJ;Choque - Objeto Fixo;1;;;;;;;;;;1;;;;
09/06/2022;06:14:00;990;AC02 - Acidente com VITIMA;783;BR-040/MG;JF;Queda de Moto;;;;1;;;;;;;0;;;1;
09/06/2022;11:09:00;1031;AC03 - Acidente sem VITIMA;123;BR-040/RJ;RJ;Colisão Traseira;;;2;;;1;;;;;3;;;;
09/06/2022;14:52:00;1052;AC03 - Acidente sem VITIMA;122;BR-040/RJ;RJ;Colisão Lateral;1;;;;;1;;;;;2;;;;
09/06/2022;14:56:00;1053;AC02 - Acidente com VITIMA;77;BR-040/RJ;RJ;Choque - Objeto Fixo;1;;;;;;;;;;0;1;;;
09/06/2022;17:39:00;1073;AC03 - Acidente sem VITIMA;96;BR-040/RJ;JF;Colisão Traseira;3;;;;;;;;;;3;;;;
09/06/2022;17:41:00;1075;AC02 - Acidente com VITIMA;119;BR-040/RJ;RJ;Queda de Moto;;;;1;;;;;;;0;1;;;
09/06/2022;20:40:00;1094;AC02 - Acidente com VITIMA;122;BR-040/RJ;RJ;Capotamento;1;;;;;;;;;;0;1;1;;
10/06/2022;00:55:00;1110;AC03 - Acidente sem VITIMA;19;BR-040/RJ;JF;Saída de Pista;1;;;;;;;;;;1;;;;
10/06/2022;02:59:00;1114;AC02 - Acidente com VITIMA;123;BR-040/RJ;JF;Capotamento;1;;;;;;;;;;0;1;;;
10/06/2022;08:02:00;1131;AC03 - Acidente sem VITIMA;100;BR-040/RJ;JF;Choque - Objeto Fixo;1;;;;;;;;;;1;;;;
10/06/2022;09:14:00;1143;AC03 - Acidente sem VITIMA;32;BR-040/RJ;JF;Choque - Objeto Fixo;1;;;;;;;;;;1;;;;
10/06/2022;18:12:00;1206;AC02 - Acidente com VITIMA;85;BR-040/RJ;RJ;Choque - Objeto Fixo;1;;;;;;;;;;0;1;;;
10/06/2022;18:45:00;1210;AC02 - Acidente com VITIMA;81;BR-040/RJ;JF;Saída de Pista;1;;;;;;;;;;0;1;;;
10/06/2022;18:59:00;1214;AC03 - Acidente sem VITIMA;93;BR-040/RJ;RJ;Saída de Pista;1;;;;;;;;;;1;;;;
10/06/2022;19:22:00;1217;AC03 - Acidente sem VITIMA;92;BR-040/RJ;RJ;Choque - Objeto Fixo;1;;;;;;;;;;1;;;;
10/06/2022;20:12:00;1222;AC03 - Acidente sem VITIMA;113;BR-040/RJ;JF;Colisão Traseira;1;;;;;2;;;;;3;;;;
11/06/2022;03:54:00;1242;AC03 - Acidente sem VITIMA;92;BR-040/RJ;RJ;Choque - Objeto Fixo;1;;;;;;;;;;1;;;;
11/06/2022;06:20:00;1250;AC02 - Acidente com VITIMA;790;BR-040/MG;JF;Atropelamento - Animal;1;;;;;;;;;;0;5;;;
11/06/2022;07:24:00;1253;AC03 - Acidente sem VITIMA;86;BR-040/RJ;JF;Choque - Objeto Fixo;1;;;;;;;;;;1;;;;
11/06/2022;07:51:00;1257;AC03 - Acidente sem VITIMA;113;BR-040/RJ;JF;Choque - Objeto Fixo;1;;;;;;;;;;1;;;;
11/06/2022;09:03:00;1266;AC03 - Acidente sem VITIMA;94;BR-040/RJ;RJ;Choque - Objeto Fixo;1;;;;;;;;;;1;;;;
11/06/2022;09:05:00;1267;AC03 - Acidente sem VITIMA;91;BR-040/RJ;RJ;Choque - Objeto Fixo;1;;;;;;;;;;1;;;;
11/06/2022;08:55:00;1268;AC03 - Acidente sem VITIMA;91;BR-040/RJ;JF;Choque - Objeto Fixo;1;;;;;;;;;;1;;;;
11/06/2022;09:30:00;1271;AC03 - Acidente sem VITIMA;99;BR-040/RJ;JF;Choque - Objeto Fixo;1;;;;;;;;;;1;;;;
11/06/2022;09:50:00;1272;AC03 - Acidente sem VITIMA;78;BR-040/RJ;RJ;Choque - Objeto Fixo;1;;;;;;;;;;1;;;;
11/06/2022;10:25:00;1275;AC02 - Acidente com VITIMA;90;BR-040/RJ;JF;Choque - Objeto Fixo;1;;;;;;;;;;0;1;;;
11/06/2022;11:16:00;1284;AC03 - Acidente sem VITIMA;92;BR-040/RJ;JF;Choque - Objeto Fixo;1;;;;;;;;;;1;;;;
11/06/2022;11:28:00;1285;AC03 - Acidente sem VITIMA;91;BR-040/RJ;RJ;Choque - Objeto Fixo;1;;;;;;;;;;1;;;;
11/06/2022;11:35:00;1287;AC03 - Acidente sem VITIMA;91;BR-040/RJ;JF;Choque - Objeto Fixo;1;;;;;;;;;;1;;;;
11/06/2022;11:35:00;1288;AC03 - Acidente sem VITIMA;122;BR-040/RJ;RJ;Choque - Objeto Fixo;2;;;;;;;;;;2;;;;
11/06/2022;12:04:00;1291;AC03 - Acidente sem VITIMA;90;BR-040/RJ;RJ;Choque - Objeto Fixo;1;;;;;;;;;;1;;;;
11/06/2022;12:11:00;1293;AC03 - Acidente sem VITIMA;78;BR-040/RJ;RJ;Choque - Objeto Fixo;1;;;;;;;;;;1;;;;
11/06/2022;12:20:00;1294;AC03 - Acidente sem VITIMA;78;BR-040/RJ;RJ;Choque - Objeto Fixo;1;;;;;;;;;;1;;;;
11/06/2022;13:50:00;1307;AC02 - Acidente com VITIMA;85;BR-040/RJ;JF;Capotamento;1;;;;;;;;;;0;1;;;
11/06/2022;15:20:00;1319;AC03 - Acidente sem VITIMA;93;BR-040/RJ;RJ;Choque - Objeto Fixo;1;;;;;;;;;;1;;;;
11/06/2022;15:58:00;1326;AC03 - Acidente sem VITIMA;93;BR-040/RJ;JF;Saída de Pista;1;;1;;;1;;;;;3;;;;
11/06/2022;16:02:00;1327;AC03 - Acidente sem VITIMA;90;BR-040/RJ;RJ;Capotamento;1;;;;;;;;;;1;;;;
11/06/2022;16:42:00;1332;AC03 - Acidente sem VITIMA;91;BR-040/RJ;RJ;Choque - Objeto Fixo;1;;;;;;;;;;1;;;;
11/06/2022;17:21:00;1337;AC03 - Acidente sem VITIMA;95;BR-040/RJ;RJ;Choque - Objeto Fixo;1;;;;;;;;;;1;;;;
11/06/2022;17:58:00;1341;AC03 - Acidente sem VITIMA;90;BR-040/RJ;RJ;Choque - Objeto Fixo;1;;;;;;;;;;1;;;;
11/06/2022;17:40:00;1343;AC03 - Acidente sem VITIMA;88;BR-040/RJ;JF;Choque - Objeto Fixo;1;;;;;;;;;;1;;;;
11/06/2022;21:08:00;1359;AC03 - Acidente sem VITIMA;99;BR-040/RJ;JF;Choque - Objeto Fixo;1;;;;;;;;;;1;;;;
11/06/2022;21:50:00;1362;AC02 - Acidente com VITIMA;70;BR-040/RJ;JF;Choque - Objeto Fixo;1;;;;;;;;;;0;1;;;
11/06/2022;22:15:00;1366;AC03 - Acidente sem VITIMA;109;BR-040/RJ;JF;Choque - Objeto Fixo;2;;;;;;;;;;2;;;;
12/06/2022;04:36:00;1386;AC03 - Acidente sem VITIMA;74;BR-040/RJ;JF;Choque - Objeto Fixo;1;;;;;;;;;;1;;;;
12/06/2022;07:17:00;1393;AC03 - Acidente sem VITIMA;91;BR-040/RJ;RJ;Choque - Objeto Fixo;1;;;;;;;;;;1;;;;
12/06/2022;07:50:00;1396;AC03 - Acidente sem VITIMA;78;BR-040/RJ;RJ;Choque - Objeto Fixo;1;;;;;;;;;;1;;;;
12/06/2022;09:49:00;1402;AC03 - Acidente sem VITIMA;84;BR-040/RJ;RJ;Choque - Objeto Fixo;1;;;;;;;;;;1;;;;
12/06/2022;10:05:00;1403;AC02 - Acidente com VITIMA;90;BR-040/RJ;RJ;Colisão Traseira;2;;;;;;;;;;0;6;;;
12/06/2022;10:22:00;1406;AC03 - Acidente sem VITIMA;91;BR-040/RJ;RJ;Choque - Objeto Fixo;1;;;;;;;;;;1;;;;
12/06/2022;10:23:00;1407;AC03 - Acidente sem VITIMA;92;BR-040/RJ;JF;Choque - Objeto Fixo;1;;;;;;;;;;1;;;;
12/06/2022;11:06:00;1410;AC03 - Acidente sem VITIMA;91;BR-040/RJ;JF;Choque - Objeto Fixo;1;;;;;;;;;;1;;;;
12/06/2022;11:24:00;1413;AC02 - Acidente com VITIMA;96;BR-040/RJ;JF;Queda de Moto;;;;1;;;;;;;0;1;;;
12/06/2022;11:32:00;1414;AC03 - Acidente sem VITIMA;91;BR-040/RJ;JF;Choque - Objeto Fixo;1;;;;;;;;;;1;;;;
12/06/2022;11:32:00;1415;AC02 - Acidente com VITIMA;90;BR-040/RJ;JF;Choque - Objeto Fixo;1;;;;;;;;;;0;1;;;
12/06/2022;12:03:00;1416;AC02 - Acidente com VITIMA;97;BR-040/RJ;JF;Queda de Moto;;;;1;;;;;;;0;2;;;
12/06/2022;12:06:00;1417;AC02 - Acidente com VITIMA;87;BR-040/RJ;JF;Choque - Objeto Fixo;1;;;;;;;;;;0;1;;;
12/06/2022;12:21:00;1424;AC03 - Acidente sem VITIMA;87;BR-040/RJ;JF;Choque - Objeto Fixo;1;;;;;;;;;;1;;;;
12/06/2022;13:17:00;1430;AC03 - Acidente sem VITIMA;85;BR-040/RJ;JF;Choque - Objeto Fixo;1;;;;;;;;;;1;;;;
12/06/2022;18:06:00;1463;AC03 - Acidente sem VITIMA;113;BR-040/RJ;RJ;Colisão Traseira;2;;;;;;;;;;2;;;;