data;horario;n_da_ocorrencia;tipo_de_ocorrencia;km;trecho;sentido;tipo_de_acidente;automovel;bicicleta;caminhao;moto;onibus;outros;tracao_animal;transporte_de_cargas_especiais;trator_maquinas;utilitarios;ilesos;levemente_feridos;moderadamente_feridos;gravemente_feridos;mortos
12/06/2022;23:46:00;1491;AC02 - Acidente com VITIMA;121;BR-040/RJ;JF;Capotamento;1;;;;;;;;;;0;1;;;
13/06/2022;01:05:00;1496;AC03 - Acidente sem VITIMA;785;BR-040/MG;JF;Choque - Objeto Fixo;1;;;;;;;;;;1;;;;
13/06/2022;01:10:00;1498;AC03 - Acidente sem VITIMA;51;BR-040/RJ;RJ;Colisão Traseira;1;;;;;1;;;;;2;;;;
13/06/2022;18:02:00;1618;AC02 - Acidente com VITIMA;805;BR-040/MG;JF;Colisão Traseira;;;2;;;;;;;;1;1;;;
13/06/2022;18:25:00;1622;AC03 - Acidente sem VITIMA;122;BR-040/RJ;JF;Engavetamento;4;;;;1;;;;;;5;;;;
13/06/2022;18:47:00;1623;AC02 - Acidente com VITIMA;791;BR-040/MG;RJ;Colisão Frontal;2;;1;;;;;;;;1;4;;;
13/06/2022;23:13:00;1642;AC03 - Acidente sem VITIMA;81;BR-040/RJ;RJ;Choque - Objeto Fixo;;;1;;;;;;;;1;;;;
14/06/2022;03:15:00;1655;AC02 - Acidente com VITIMA;98;BR-040/RJ;RJ;Capotamento;1;;;;;;;;;;0;2;;;
14/06/2022;07:01:00;1660;AC03 - Acidente sem VITIMA;90;BR-040/RJ;RJ;Choque - Objeto Fixo;1;;;;;;;;;;1;;;;
14/06/2022;07:40:00;1669;AC03 - Acidente sem VITIMA;120;BR-040/RJ;RJ;Colisão Lateral;1;;1;;;;;;;;2;;;;
14/06/2022;08:48:00;1679;AC03 - Acidente sem VITIMA;91;BR-040/RJ;RJ;Choque - Objeto Fixo;1;;;;;;;;;;1;;;;
14/06/2022;09:32:00;1685;AC03 - Acidente sem VITIMA;45;BR-040/RJ;RJ;Colisão Lateral;1;;1;;;;;;;;2;;;;
14/06/2022;10:25:00;1694;AC02 - Acidente com VITIMA;107;BR-040/RJ;RJ;Colisão Lateral;1;;;1;;;;;;;1;2;;;
14/06/2022;10:37:00;1698;AC03 - Acidente sem VITIMA;72;BR-040/RJ;JF;Capotamento;1;;;;;;;;;;1;;;;
14/06/2022;10:45:00;1703;AC03 - Acidente sem VITIMA;92;BR-040/RJ;JF;Choque - Objeto Fixo;1;;;;;;;;;;1;;;;
14/06/2022;10:48:00;1704;AC03 - Acidente sem VITIMA;77;BR-040/RJ;RJ;Choque - Objeto Fixo;1;;;;;;;;;;1;;;;
14/06/2022;10:51:00;1707;AC03 - Acidente sem VITIMA;94;BR-040/RJ;RJ;Choque - Objeto Fixo;1;;;;;;;;;;1;;;;
14/06/2022;11:08:00;1708;AC03 - Acidente sem VITIMA;72;BR-040/RJ;JF;Colisão Lateral;;;2;;;;;;;;2;;;;
14/06/2022;12:13:00;1713;AC02 - Acidente com VITIMA;90;BR-040/RJ;RJ;Choque - Objeto Fixo;1;;;;;;;;;;0;2;;;
14/06/2022;14:14:00;1728;AC03 - Acidente sem VITIMA;92;BR-040/RJ;RJ;Saída de Pista;1;;;;;;;;;;1;;;;
14/06/2022;20:37:00;1757;AC03 - Acidente sem VITIMA;91;BR-040/RJ;JF;Choque - Objeto Fixo;1;;;;;;;;;;1;;;;
15/06/2022;07:52:00;1783;AC02 - Acidente com VITIMA;24;BR-040/RJ;RJ;Tombamento;;;1;;;1;;;;;1;;1;;
15/06/2022;08:14:00;1789;AC03 - Acidente sem VITIMA;106;BR-040/RJ;RJ;Colisão Traseira;1;;;;;1;;;;;2;;;;
15/06/2022;10:48:00;1813;AC03 - Acidente sem VITIMA;120;BR-040/RJ;JF;Colisão Lateral;2;;;;;;;;;;2;;;;
15/06/2022;11:46:00;1821;AC03 - Acidente sem VITIMA;123;BR-040/RJ;JF;Colisão Traseira;;;;1;;;;;;1;2;;;;
15/06/2022;12:27:00;1824;AC03 - Acidente sem VITIMA;94;BR-040/RJ;RJ;Colisão Traseira;2;;1;;;;;;;;3;;;;
15/06/2022;16:22:00;1851;AC03 - Acidente sem VITIMA;93;BR-040/RJ;RJ;Choque - Objeto Fixo;1;;;;;;;;;;1;;;;
15/06/2022;17:04:00;1855;AC02 - Acidente com VITIMA;102;BR-040/RJ;JF;Colisão Lateral;1;;;1;;;;;;;1;1;;;
15/06/2022;17:48:00;1864;AC03 - Acidente sem VITIMA;111;BR-040/RJ;JF;Engavetamento;4;;;;;;;;;;4;;;;
15/06/2022;18:43:00;1877;AC03 - Acidente sem VITIMA;122;BR-040/RJ;JF;Engavetamento;3;;;;;;;;;;3;;;;
15/06/2022;21:25:00;1894;AC02 - Acidente com VITIMA;114;BR-040/RJ;JF;Colisão Lateral;2;;;;;;;;;;1;1;;;
15/06/2022;23:23:00;1902;AC03 - Acidente sem VITIMA;105;BR-040/RJ;JF;Saída de Pista;1;;;;;;;;;;1;;;;
16/06/2022;05:11:00;1912;AC03 - Acidente sem VITIMA;95;BR-040/RJ;JF;Choque - Objeto Fixo;1;;;;;;;;;;1;;;;
16/06/2022;06:20:00;1916;AC02 - Acidente com VITIMA;75;BR-040/RJ;RJ;Capotamento;1;;;;;;;;;;0;1;;;
16/06/2022;08:25:00;1925;AC02 - Acidente com VITIMA;79;BR-040/RJ;JF;Queda de Moto;;;;1;;;;;;;0;;;1;
16/06/2022;10:11:00;1933;AC02 - Acidente com VITIMA;72;BR-040/RJ;JF;Queda de Moto;;;;1;;;;;;;0;;1;;
16/06/2022;10:19:00;1934;AC02 - Acidente com VITIMA;109;BR-040/RJ;JF;Colisão Traseira;1;;;1;;;;;;;0;4;;;
16/06/2022;10:30:00;1936;AC03 - Acidente sem VITIMA;86;BR-040/RJ;JF;Choque - Objeto Fixo;1;;;;;1;;;;;2;;;;
16/06/2022;16:22:00;1965;AC03 - Acidente sem VITIMA;113;BR-040/RJ;JF;Choque - Objeto Fixo;1;;;;;;;;;;1;;;;
16/06/2022;16:35:00;1966;AC03 - Acidente sem VITIMA;103;BR-040/RJ;JF;Choque - Objeto Fixo;1;;;;;;;;;;1;;;;
16/06/2022;20:48:00;1982;AC02 - Acidente com VITIMA;787;BR-040/MG;JF;Capotamento;1;;;;;;;;;;0;;1;;
16/06/2022;21:43:00;1988;AC03 - Acidente sem VITIMA;100;BR-040/RJ;RJ;Saída de Pista;1;;;;;;;;;;1;;;;
17/06/2022;06:34:00;2009;AC03 - Acidente sem VITIMA;124;BR-040/RJ;JF;Colisão Lateral;1;;1;;;;;;;;2;;;;
17/06/2022;06:57:00;2012;AC02 - Acidente com VITIMA;20;BR-040/RJ;JF;Queda de Moto;;;;1;;;;;;;0;1;;;
17/06/2022;16:46:00;2077;AC03 - Acidente sem VITIMA;88;BR-040/RJ;RJ;Choque - Objeto Fixo;1;;;;;;;;;;1;;;;
17/06/2022;17:12:00;2079;AC03 - Acidente sem VITIMA;117;BR-040/RJ;RJ;Colisão Traseira;1;;1;;;;;;;;2;;;;
17/06/2022;17:21:00;2081;AC03 - Acidente sem VITIMA;111;BR-040/RJ;JF;Choque - Objeto Fixo;1;;;;;;;;;;1;;;;
17/06/2022;18:04:00;2087;AC03 - Acidente sem VITIMA;123;BR-040/RJ;JF;Colisão Lateral;1;;;1;;;;;;;2;;;;
17/06/2022;18:15:00;2089;AC02 - Acidente com VITIMA;816;BR-040/MG;JF;Queda de Moto;;;;1;;;;;;;0;1;;;
17/06/2022;18:23:00;2090;AC03 - Acidente sem VITIMA;790;BR-040/MG;JF;Atropelamento - Animal;1;;;;;;;;;;1;;;;
18/06/2022;02:55:00;2125;AC02 - Acidente com VITIMA;77;BR-040/RJ;RJ;Colisão Lateral;1;;;1;;;;;;;0;4;;;
18/06/2022;04:11:00;2127;AC03 - Acidente sem VITIMA;89;BR-040/RJ;JF;Tombamento;;;1;;;;;;;;1;;;;
18/06/2022;04:42:00;2128;AC04 - Atropelamento;105;BR-040/RJ;JF;Atropelamento - Pedestre;;;;1;;1;;;;;0;2;1;;
18/06/2022;10:05:00;2152;AC02 - Acidente com VITIMA;107;BR-040/RJ;RJ;Colisão Traseira;1;;;1;;;;;;;1;1;;;
18/06/2022;13:08:00;2170;AC02 - Acidente com VITIMA;789;BR-040/MG;RJ;Colisão Traseira;1;;;1;;;;;;;1;;1;;
18/06/2022;16:41:00;2191;AC03 - Acidente sem VITIMA;65;BR-040/RJ;RJ;Colisão Lateral;2;;;;;;;;;;2;;;;
18/06/2022;18:57:00;2206;AC03 - Acidente sem VITIMA;83;BR-040/RJ;RJ;Choque - Objeto Fixo;1;;;;;;;;;;1;;;;
18/06/2022;19:37:00;2207;AC03 - Acidente sem VITIMA;117;BR-040/RJ;JF;Queda de Moto;;;;1;;;;;;;1;;;;
18/06/2022;23:10:00;2234;AC03 - Acidente sem VITIMA;94;BR-040/RJ;RJ;Choque - Objeto Fixo;1;;;;;;;;;;1;;;;
19/06/2022;04:47:00;2254;AC03 - Acidente sem VITIMA;92;BR-040/RJ;RJ;Choque - Objeto Fixo;1;;;;;;;;;;1;;;;
19/06/2022;05:39:00;2256;AC03 - Acidente sem VITIMA;93;BR-040/RJ;RJ;Saída de Pista;1;;;;;;;;;;1;;;;
19/06/2022;07:47:00;2266;AC03 - Acidente sem VITIMA;92;BR-040/RJ;RJ;Derrapagem;1;;;;;;;;;;1;;;;
19/06/2022;08:20:00;2271;AC03 - Acidente sem VITIMA;92;BR-040/RJ;RJ;Choque - Objeto Fixo;1;;;;;;;;;;1;;;;
19/06/2022;08:24:00;2272;AC03 - Acidente sem VITIMA;92;BR-040/RJ;JF;Choque - Objeto Fixo;1;;;;;;;;;;1;;;;
19/06/2022;09:56:00;2276;AC03 - Acidente sem VITIMA;78;BR-040/RJ;RJ;Choque - Objeto Fixo;1;;;;;;;;;;1;;;;
19/06/2022;10:07:00;2279;AC03 - Acidente sem VITIMA;91;BR-040/RJ;JF;Choque - Objeto Fixo;1;;;;;;;;;;1;;;;
19/06/2022;10:52:00;2285;AC03 - Acidente sem VITIMA;90;BR-040/RJ;RJ;Choque - Objeto Fixo;1;;;;;;;;;;1;;;;
19/06/2022;10:40:00;2286;AC03 - Acidente sem VITIMA;59;BR-040/RJ;RJ;Choque - Objeto Fixo;1;;;;;;;;;;1;;;;
19/06/2022;11:00:00;2288;AC02 - Acidente com VITIMA;799;BR-040/MG;JF;Tombamento;1;;;;;;;;;;0;;1;;
19/06/2022;10:07:00;2290;AC03 - Acidente sem VITIMA;91;BR-040/RJ;JF;Choque - Objeto Fixo;1;;;;;;;;;;1;;;;
19/06/2022;11:29:00;2291;AC03 - Acidente sem VITIMA;88;BR-040/RJ;JF;Choque - Objeto Fixo;1;;;;;;;;;;1;;;;
19/06/2022;11:11:00;2292;AC03 - Acidente sem VITIMA;100;BR-040/RJ;JF;Choque - Objeto Fixo;1;;;;;;;;;;1;;;;
19/06/2022;11:32:00;2293;AC02 - Acidente com VITIMA;92;BR-040/RJ;RJ;Capotamento;1;;;;;;;;;;0;2;;;
19/06/2022;12:10:00;2295;AC02 - Acidente com VITIMA;90;BR-040/RJ;JF;Capotamento;1;;;;;;;;;;0;1;;;
19/06/2022;12:30:00;2298;AC02 - Acidente com VITIMA;100;BR-040/RJ;JF;Choque - Objeto Fixo;1;;;;;;;;;;0;1;;;
19/06/2022;12:34:00;2299;AC03 - Acidente sem VITIMA;90;BR-040/RJ;RJ;Choque - Objeto Fixo;1;;;;;;;;;;1;;;;
19/06/2022;12:34:00;2301;AC03 - Acidente sem VITIMA;90;BR-040/RJ;RJ;Saída de Pista;1;;;;;;;;;;1;;;;
19/06/2022;13:48:00;2307;AC03 - Acidente sem VITIMA;93;BR-040/RJ;RJ;Choque - Objeto Fixo;1;;;;;;;;;;1;;;;
19/06/2022;14:06:00;2308;AC02 - Acidente com VITIMA;93;BR-040/RJ;JF;Choque - Objeto Fixo;1;;;;;;;;;;0;3;;;
19/06/2022;14:10:00;2309;AC03 - Acidente sem VITIMA;90;BR-040/RJ;RJ;Choque - Objeto Fixo;1;;;;;;;;;;1;;;;
19/06/2022;14:18:00;2310;AC02 - Acidente com VITIMA;100;BR-040/RJ;JF;Saída de Pista;1;;;;;;;;;;0;1;;;
19/06/2022;14:30:00;2313;AC02 - Acidente com VITIMA;93;BR-040/RJ;RJ;Choque - Objeto Fixo;1;;1;;;;;;;;0;2;;;
19/06/2022;15:09:00;2316;AC02 - Acidente com VITIMA;97;BR-040/RJ;RJ;Choque - Objeto Fixo;1;;;;;;;;;;0;3;;;
19/06/2022;15:51:00;2322;AC03 - Acidente sem VITIMA;93;BR-040/RJ;JF;Colisão Lateral;2;;;;;;;;;;2;;;;
19/06/2022;15:59:00;2325;AC02 - Acidente com VITIMA;93;BR-040/RJ;JF;Saída de Pista;1;;;;;;;;;;0;2;;;
19/06/2022;16:15:00;2329;AC03 - Acidente sem VITIMA;91;BR-040/RJ;JF;Choque - Objeto Fixo;1;;;;;;;;;;1;;;;
19/06/2022;16:52:00;2332;AC02 - Acidente com VITIMA;100;BR-040/RJ;JF;Derrapagem;1;;;;;;;;;;0;1;;;
19/06/2022;17:02:00;2334;AC03 - Acidente sem VITIMA;85;BR-040/RJ;RJ;Saída de Pista;1;;;;;;;;;;1;;;;
19/06/2022;16:54:00;2335;AC03 - Acidente sem VITIMA;90;BR-040/RJ;JF;Saída de Pista;1;;;;;;;;;;1;;;;
19/06/2022;17:15:00;2343;AC03 - Acidente sem VITIMA;93;BR-040/RJ;RJ;Choque - Objeto Fixo;1;;;;;;;;;;1;;;;
19/06/2022;18:26:00;2346;AC03 - Acidente sem VITIMA;94;BR-040/RJ;RJ;Choque - Objeto Fixo;1;;;;;;;;;;1;;;;
19/06/2022;18:57:00;2349;AC03 - Acidente sem VITIMA;80;BR-040/RJ;RJ;Choque - Objeto Fixo;1;;;;;;;;;;1;;;;
19/06/2022;18:59:00;2350;AC03 - Acidente sem VITIMA;97;BR-040/RJ;RJ;Choque - Objeto Fixo;1;;;;;;;;;;1;;;;
19/06/2022;19:35:00;2353;AC03 - Acidente sem VITIMA;84;BR-040/RJ;JF;Choque - Objeto Fixo;1;;;;;;;;;;1;;;;
19/06/2022;20:35:00;2364;AC03 - Acidente sem VITIMA;99;BR-040/RJ;JF;Choque - Objeto Fixo;1;;;;;;;;;;1;;;;
20/06/2022;02:03:00;2382;AC02 - Acidente com VITIMA;824;BR-040/MG;RJ;Choque - Objeto Fixo;;;1;;;;;;;;0;;1;2;
20/06/2022;10:11:00;2414;AC03 - Acidente sem VITIMA;76;BR-040/RJ;RJ;Colisão Traseira;2;;;;;;;;;;2;;;;
20/06/2022;15:35:00;2450;AC03 - Acidente sem VITIMA;816;BR-040/MG;RJ;Colisão Traseira;2;;;;;;;;;;2;;;;
21/06/2022;02:50:00;2491;AC02 - Acidente com VITIMA;90;BR-040/RJ;RJ;Saída de Pista;;;1;;;;;;;;0;1;;;
21/06/2022;06:44:00;2500;AC02 - Acidente com VITIMA;108;BR-040/RJ;RJ;Colisão Traseira;2;;;1;;;;;;;2;1;;;
21/06/2022;06:54:00;2501;AC05 - Atropelamento Fatal;799;BR-040/MG;JF;Atropelamento - Pedestre;;;;;;2;;;;;1;;;;1
21/06/2022;08:16:00;2512;AC02 - Acidente com VITIMA;104;BR-040/RJ;JF;Colisão Transversal;2;;;;;;;;;;0;2;;;
21/06/2022;12:35:00;2539;AC02 - Acidente com VITIMA;85;BR-040/RJ;JF;Choque - Objeto Fixo;1;;;;;1;;;;;1;1;;;
21/06/2022;14:16:00;2549;AC02 - Acidente com VITIMA;91;BR-040/RJ;RJ;Saída de Pista;1;;;;;;;;;;1;1;;;
21/06/2022;18:43:00;2571;AC02 - Acidente com VITIMA;101;BR-040/RJ;RJ;Queda de Moto;;;;1;;;;;;;0;1;1;;
21/06/2022;23:41:00;2591;AC02 - Acidente com VITIMA;103;BR-040/RJ;JF;Choque - Objeto Fixo;1;;;;;;;;;;0;;1;;
22/06/2022;00:37:00;2594;AC03 - Acidente sem VITIMA;784;BR-040/MG;JF;Choque - Objeto Fixo;;;;;;1;;;;;1;;;;
22/06/2022;05:31:00;2608;AC03 - Acidente sem VITIMA;116;BR-040/RJ;RJ;Saída de Pista;;;1;;;;;;;;1;;;;
22/06/2022;06:45:00;2617;AC02 - Acidente com VITIMA;111;BR-040/RJ;RJ;Colisão Traseira;1;;;1;;;;;;;1;2;;;
22/06/2022;11:55:00;2660;AC03 - Acidente sem VITIMA;104;BR-040/RJ;RJ;Colisão Traseira;2;;1;;;;;;;;3;;;;
22/06/2022;12:13:00;2663;AC03 - Acidente sem VITIMA;123;BR-040/RJ;RJ;Colisão Traseira;2;;1;;;;;;;;3;;;;
22/06/2022;14:04:00;2668;AC03 - Acidente sem VITIMA;105;BR-040/RJ;JF;Choque - Objeto Fixo;1;;;;;;;;;;1;;;;
23/06/2022;02:58:00;2733;AC03 - Acidente sem VITIMA;113;BR-040/RJ;JF;Choque - Objeto Fixo;1;;;;;;;;;;1;;;;
23/06/2022;12:59:00;2787;AC02 - Acidente com VITIMA;8;BR-040/RJ;JF;Choque - Objeto Fixo;1;;;;;;;;;;0;1;;;
23/06/2022;18:51:00;2826;AC03 - Acidente sem VITIMA;83;BR-040/RJ;JF;Colisão Lateral;;;;;;1;;;;;1;;;;
23/06/2022;19:47:00;2829;AC03 - Acidente sem VITIMA;83;BR-040/RJ;JF;Colisão Lateral;1;;;;;;;;;;1;;;;
24/06/2022;15:02:00;2922;AC03 - Acidente sem VITIMA;101;BR-040/RJ;JF;Colisão Transversal;1;;1;;;;;;;;2;;;;
24/06/2022;16:14:00;2936;AC02 - Acidente com VITIMA;118;BR-040/RJ;RJ;Queda de Moto;;;;1;;;;;;;0;1;;;
24/06/2022;16:38:00;2941;AC02 - Acidente com VITIMA;30;BR-040/RJ;JF;Tombamento;1;;;;;;;;;;0;1;;;
24/06/2022;21:16:00;2975;AC02 - Acidente com VITIMA;113;BR-040/RJ;JF;Engavetamento;4;;;;;;;;;;2;2;1;;
25/06/2022;03:23:00;2996;AC03 - Acidente sem VITIMA;106;BR-040/RJ;JF;Choque - Objeto Fixo;1;;;;;;;;;;1;;;;
25/06/2022;06:31:00;3006;AC03 - Acidente sem VITIMA;31;BR-040/RJ;RJ;Choque - Objeto Fixo;1;;;;;;;;;;1;;;;
25/06/2022;06:40:00;3008;AC03 - Acidente sem VITIMA;816;BR-040/MG;JF;Choque - Objeto Fixo;1;;;;;;;;;;1;;;;
25/06/2022;10:15:00;3028;AC02 - Acidente com VITIMA;97;BR-040/RJ;JF;Queda de Moto;;;;1;;;;;;;0;;;1;
26/06/2022;00:08:00;3094;AC03 - Acidente sem VITIMA;75;BR-040/RJ;RJ;Choque - Objeto Fixo;1;;;;;;;;;;1;;;;
26/06/2022;01:01:00;3096;AC02 - Acidente com VITIMA;108;BR-040/RJ;JF;Capotamento;1;;;;;;;;;;0;2;;;
26/06/2022;01:42:00;3099;AC02 - Acidente com VITIMA;91;BR-040/RJ;RJ;Saída de Pista;1;;;;;;;;;;0;1;1;;
26/06/2022;01:50:00;3100;AC03 - Acidente sem VITIMA;113;BR-040/RJ;JF;Derrapagem;1;;;;;;;;;;1;;;;
26/06/2022;01:59:00;3101;AC02 - Acidente com VITIMA;88;BR-040/RJ;RJ;Queda de Moto;;;;1;;;;;;;0;;1;;
26/06/2022;02:01:00;3102;AC02 - Acidente com VITIMA;122;BR-040/RJ;JF;Colisão Traseira;2;;;;;;;;;;0;2;;;
26/06/2022;05:38:00;3108;AC03 - Acidente sem VITIMA;779;BR-040/MG;RJ;Saída de Pista;1;;;;;;;;;;1;;;;
26/06/2022;08:02:00;3116;AC03 - Acidente sem VITIMA;87;BR-040/RJ;RJ;Saída de Pista;1;;;;;;;;;;1;;;;
26/06/2022;07:47:00;3117;AC03 - Acidente sem VITIMA;66;BR-040/RJ;RJ;Choque - Objeto Fixo;1;;;;;;;;;;1;;;;
26/06/2022;08:53:00;3122;AC03 - Acidente sem VITIMA;787;BR-040/MG;JF;Choque - Objeto Fixo;1;;;;;;;;;;1;;;;
26/06/2022;10:00:00;3128;AC03 - Acidente sem VITIMA;93;BR-040/RJ;RJ;Choque - Objeto Fixo;1;;;;;;;;;;1;;;;
26/06/2022;10:27:00;3130;AC03 - Acidente sem VITIMA;90;BR-040/RJ;JF;Choque - Objeto Fixo;1;;;;;;;;;;1;;;;
26/06/2022;10:34:00;3131;AC02 - Acidente com VITIMA;97;BR-040/RJ;RJ;Capotamento;1;;;;;;;;;;0;2;;;
26/06/2022;10:40:00;3132;AC03 - Acidente sem VITIMA;90;BR-040/RJ;RJ;Choque - Objeto Fixo;1;;;;;;;;;;1;;;;
26/06/2022;11:04:00;3134;AC02 - Acidente com VITIMA;91;BR-040/RJ;RJ;Capotamento;1;;;;;;;;;;0;1;;;
26/06/2022;11:14:00;3137;AC03 - Acidente sem VITIMA;30;BR-040/RJ;RJ;Choque - Objeto Fixo;1;;;;;;;;;;1;;;;
26/06/2022;11:41:00;3141;AC02 - Acidente com VITIMA;74;BR-040/RJ;RJ;Tombamento;1;;;;;;;;;;0;4;;;
26/06/2022;13:41:00;3160;AC03 - Acidente sem VITIMA;92;BR-040/RJ;RJ;Choque - Objeto Fixo;1;;;;;;;;;;1;;;;
26/06/2022;12:27:00;3164;AC03 - Acidente sem VITIMA;90;BR-040/RJ;JF;Choque - Objeto Fixo;1;;;;;;;;;;1;;;;
26/06/2022;14:07:00;3165;AC03 - Acidente sem VITIMA;93;BR-040/RJ;RJ;Choque - Objeto Fixo;1;;;;;;;;;;1;;;;
26/06/2022;14:14:00;3167;AC03 - Acidente sem VITIMA;91;BR-040/RJ;RJ;Choque - Objeto Fixo;1;;;;;;;;;;1;;;;
26/06/2022;14:24:00;3168;AC02 - Acidente com VITIMA;25;BR-040/RJ;RJ;Queda de Moto;;;;1;;;;;;;0;1;1;;
26/06/2022;14:33:00;3170;AC03 - Acidente sem VITIMA;102;BR-040/RJ;JF;Colisão Lateral;2;;;;;;;;;;2;;;;
26/06/2022;14:41:00;3171;AC03 - Acidente sem VITIMA;91;BR-040/RJ;RJ;Choque - Objeto Fixo;1;;;;;;;;;;1;;;;
26/06/2022;14:51:00;3172;AC02 - Acidente com VITIMA;84;BR-040/RJ;RJ;Saída de Pista;1;;;;;;;;;;0;3;;;
26/06/2022;15:23:00;3174;AC03 - Acidente sem VITIMA;87;BR-040/RJ;RJ;Choque - Objeto Fixo;1;;;;;;;;;;1;;;;
26/06/2022;15:22:00;3176;AC03 - Acidente sem VITIMA;90;BR-040/RJ;RJ;Choque - Objeto Fixo;1;;;;;;;;;;1;;;;
26/06/2022;15:28:00;3177;AC02 - Acidente com VITIMA;784;BR-040/MG;RJ;Colisão Lateral;1;;;1;;;;;;;0;1;2;;
26/06/2022;16:19:00;3182;AC02 - Acidente com VITIMA;84;BR-040/RJ;RJ;Choque - Objeto Fixo;1;;;;;;;;;;0;4;;;
26/06/2022;16:21:00;3183;AC03 - Acidente sem VITIMA;72;BR-040/RJ;JF;Choque - Objeto Fixo;1;;;;;;;;;;1;;;;
26/06/2022;16:57:00;3186;AC02 - Acidente com VITIMA;120;BR-040/RJ;RJ;Capotamento;1;;;;;;;;;;0;1;;;
26/06/2022;17:17:00;3189;AC02 - Acidente com VITIMA;84;BR-040/RJ;JF;Choque - Objeto Fixo;1;;;;;;;;;;0;2;;;
26/06/2022;17:25:00;3193;AC03 - Acidente sem VITIMA;76;BR-040/RJ;RJ;Choque - Objeto Fixo;1;;;;;;;;;;1;;;;
26/06/2022;17:56:00;3195;AC02 - Acidente com VITIMA;80;BR-040/RJ;RJ;Choque - Objeto Fixo;1;;;;;;;;;;0;3;;;
26/06/2022;18:30:00;3198;AC02 - Acidente com VITIMA;112;BR-040/RJ;JF;Colisão Traseira;2;;;;;;;;;;1;1;;;
26/06/2022;19:15:00;3203;AC03 - Acidente sem VITIMA;74;BR-040/RJ;JF;Choque - Objeto Fixo;1;;;;;;;;;;1;;;;
26/06/2022;19:54:00;3205;AC02 - Acidente com VITIMA;68;BR-040/RJ;JF;Choque - Objeto Fixo;1;;;;;;;;;;0;1;;;
26/06/2022;20:17:00;3210;AC03 - Acidente sem VITIMA;68;BR-040/RJ;JF;Colisão Traseira;2;;;;;;;;;;2;;;;
26/06/2022;22:00:00;3215;AC03 - Acidente sem VITIMA;108;BR-040/RJ;JF;Choque - Objeto Fixo;1;;;;;;;;;;1;;;;
26/06/2022;22:07:00;3216;AC02 - Acidente com VITIMA;92;BR-040/RJ;RJ;Capotamento;1;;;;;;;;;;0;3;;;
26/06/2022;23:58:00;3223;AC02 - Acidente com VITIMA;96;BR-040/RJ;JF;Choque - Objeto Fixo;1;;;;;;;;;;0;2;;;
27/06/2022;00:41:00;3228;AC03 - Acidente sem VITIMA;91;BR-040/RJ;RJ;Saída de Pista;1;;;;;;;;;;1;;;;
27/06/2022;08:06:00;3249;AC02 - Acidente com VITIMA;118;BR-040/RJ;JF;Queda de Moto;;;;1;;;;;;;0;1;;;
27/06/2022;14:22:00;3289;AC02 - Acidente com VITIMA;114;BR-040/RJ;RJ;Choque - Objeto Fixo;1;;;;;;;;;;0;1;;;
28/06/2022;05:47:00;3345;AC02 - Acidente com VITIMA;39;BR-040/RJ;JF;Colisão Traseira;;;2;;;1;;;;;0;2;1;;
28/06/2022;06:37:00;3348;AC02 - Acidente com VITIMA;122;BR-040/RJ;RJ;Colisão Traseira;1;;;1;;;;;;;1;1;;;
28/06/2022;11:54:00;3385;AC03 - Acidente sem VITIMA;71;BR-040/RJ;RJ;Choque - Objeto Fixo;1;;;;;;;;;;1;;;;
28/06/2022;13:50:00;3397;AC03 - Acidente sem VITIMA;85;BR-040/RJ;RJ;Colisão Lateral;;;1;1;;;;;;;2;;;;
28/06/2022;19:20:00;3431;AC03 - Acidente sem VITIMA;792;BR-040/MG;JF;Atropelamento - Animal;1;;;;;;;;;;1;;;;
29/06/2022;05:38:00;3458;AC02 - Acidente com VITIMA;122;BR-040/RJ;RJ;Colisão Traseira;1;;;1;;;;;;;1;1;;;
29/06/2022;06:06:00;3460;AC02 - Acidente com VITIMA;105;BR-040/RJ;JF;Colisão Frontal;2;;;;;;;;;;0;2;;;
29/06/2022;07:19:00;3465;AC02 - Acidente com VITIMA;122;BR-040/RJ;RJ;Colisão Lateral;;;;2;;;;;;;0;2;;1;
29/06/2022;17:30:00;3537;AC02 - Acidente com VITIMA;121;BR-040/RJ;JF;Colisão Lateral;1;;;1;;;;;;;1;1;;;
29/06/2022;18:30:00;3544;AC03 - Acidente sem VITIMA;20;BR-040/RJ;RJ;Colisão Lateral;1;;;;;;;;;;1;;;;
29/06/2022;21:45:00;3561;AC03 - Acidente sem VITIMA;7;BR-040/RJ;JF;Atropelamento - Animal;1;;;;;;;;;;1;;;;
30/06/2022;07:02:00;3587;AC03 - Acidente sem VITIMA;84;BR-040/RJ;JF;Colisão Lateral;1;;1;;;;;;;;2;;;;
30/06/2022;08:31:00;3600;AC03 - Acidente sem VITIMA;92;BR-040/RJ;JF;Choque - Objeto Fixo;1;;;;;;;;;;1;;;;
30/06/2022;08:33:00;3601;AC02 - Acidente com VITIMA;117;BR-040/RJ;RJ;Engavetamento;1;;;;2;;;;;;1;4;2;;
30/06/2022;09:46:00;3606;AC03 - Acidente sem VITIMA;111;BR-040/RJ;JF;Colisão Traseira;1;;1;;;;;;;;2;;;;
30/06/2022;17:40:00;3658;AC02 - Acidente com VITIMA;810;BR-040/MG;JF;Queda de Moto;;;;1;;;;;;;0;2;;;
30/06/2022;21:15:00;3667;AC03 - Acidente sem VITIMA;813;BR-040/MG;RJ;Colisão Traseira;;;2;;;;;;;;2;;;;